date,location_id,location_name,latitude,longitude,precipitation_mm,temperature_mean_c,temperature_max_c,temperature_min_c,relative_humidity_pct,wind_speed_ms,climate_source,usd_brl,fx_source,brent_usd_bbl,oil_source,ndvi,ndvi_source,soil_moisture_m3m3,soil_moisture_source,month,quarter,soy_planting_window,soy_harvest_window,precipitation_mm_lag_1,precipitation_mm_lag_2,precipitation_mm_lag_3,precipitation_mm_rolling_mean_3,temperature_mean_c_lag_1,temperature_mean_c_lag_2,temperature_mean_c_lag_3,temperature_mean_c_rolling_mean_3,relative_humidity_pct_lag_1,relative_humidity_pct_lag_2,relative_humidity_pct_lag_3,relative_humidity_pct_rolling_mean_3,wind_speed_ms_lag_1,wind_speed_ms_lag_2,wind_speed_ms_lag_3,wind_speed_ms_rolling_mean_3,ndvi_lag_1,ndvi_lag_2,ndvi_lag_3,ndvi_rolling_mean_3,soil_moisture_m3m3_lag_1,soil_moisture_m3m3_lag_2,soil_moisture_m3m3_lag_3,soil_moisture_m3m3_rolling_mean_3,usd_brl_lag_1,usd_brl_lag_2,usd_brl_lag_3,usd_brl_rolling_mean_3,brent_usd_bbl_lag_1,brent_usd_bbl_lag_2,brent_usd_bbl_lag_3,brent_usd_bbl_rolling_mean_3,precipitation_mm_month_anomaly,temperature_mean_c_month_anomaly,ndvi_month_anomaly,soil_moisture_m3m3_month_anomaly,usd_brl_month_anomaly,brent_usd_bbl_month_anomaly,soy_price_brl_bag,soy_price_usd_bag,target_source,target_series_name,soy_price_brl_bag_next_month,soy_price_usd_bag_next_month
2006-04-01,sorriso_mt,"Sorriso, MT",-12.5425,-55.7211,259.5,24.109,28.5,19.89,91.672333,0.088,NASA_POWER,2.129289,BCB_PTAX,70.26,EIA,0.4761,AppEEARS:MOD13Q1.061:_250m_16_days_NDVI,,,4,2,0,1,,,,,,,,,,,,,,,,,,,,,,,,,,,,,,,,,,,,,,,27.020556,12.703333,CEPEA,CEPEA/ESALQ - Paranaguá,28.682727,13.150909
2006-05-01,sorriso_mt,"Sorriso, MT",-12.5425,-55.7211,24.73,21.426774,27.67,13.24,87.965806,0.063871,NASA_POWER,2.1781,BCB_PTAX,69.776957,EIA,0.44445,AppEEARS:MOD13Q1.061:_250m_16_days_NDVI,,,5,2,0,0,259.5,,,259.5,24.109,,,24.109,91.672333,,,91.672333,0.088,,,0.088,0.4761,,,0.4761,,,,,2.129289,,,2.129289,70.26,,,70.26,,,,,,,28.682727,13.150909,CEPEA,CEPEA/ESALQ - Paranaguá,29.411579,13.104211
2006-06-01,sorriso_mt,"Sorriso, MT",-12.5425,-55.7211,0.09,21.644333,29.46,14.67,82.906333,0.223667,NASA_POWER,2.24829,BCB_PTAX,68.555909,EIA,0.40665,AppEEARS:MOD13Q1.061:_250m_16_days_NDVI,,,6,2,0,0,24.73,259.5,,142.115,21.426774,24.109,,22.767887,87.965806,91.672333,,89.819069,0.063871,0.088,,0.075935,0.44445,0.4761,,0.460275,,,,,2.1781,2.129289,,2.153695,69.776957,70.26,,70.018479,,,,,,,29.411579,13.104211,CEPEA,CEPEA/ESALQ - Paranaguá,29.599524,13.514286
2006-07-01,sorriso_mt,"Sorriso, MT",-12.5425,-55.7211,2.92,23.855161,35.8,12.53,59.341935,0.234839,NASA_POWER,2.189281,BCB_PTAX,73.674286,EIA,0.3907,AppEEARS:MOD13Q1.061:_250m_16_days_NDVI,,,7,3,0,0,0.09,24.73,259.5,94.773333,21.644333,21.426774,24.109,22.393369,82.906333,87.965806,91.672333,87.514824,0.223667,0.063871,0.088,0.125179,0.40665,0.44445,0.4761,0.4424,,,,,2.24829,2.1781,2.129289,2.185226,68.555909,69.776957,70.26,69.530955,,,,,,,29.599524,13.514286,CEPEA,CEPEA/ESALQ - Paranaguá,28.912609,13.404348
2006-08-01,sorriso_mt,"Sorriso, MT",-12.5425,-55.7211,1.49,27.610968,37.94,17.01,45.51,0.185484,NASA_POWER,2.155883,BCB_PTAX,73.230435,EIA,0.3878,AppEEARS:MOD13Q1.061:_250m_16_days_NDVI,,,8,3,0,0,2.92,0.09,24.73,9.246667,23.855161,21.644333,21.426774,22.308756,59.341935,82.906333,87.965806,76.738025,0.234839,0.223667,0.063871,0.174126,0.3907,0.40665,0.44445,0.413933,,,,,2.189281,2.24829,2.1781,2.205224,73.674286,68.555909,69.776957,70.669051,,,,,,,28.912609,13.404348,CEPEA,CEPEA/ESALQ - Paranaguá,29.099,13.42
2006-09-01,sorriso_mt,"Sorriso, MT",-12.5425,-55.7211,74.79,28.172667,38.73,16.36,54.274667,0.093,NASA_POWER,2.168745,BCB_PTAX,61.958571,EIA,0.42915,AppEEARS:MOD13Q1.061:_250m_16_days_NDVI,,,9,3,1,0,1.49,2.92,0.09,1.5,27.610968,23.855161,21.644333,24.370154,45.51,59.341935,82.906333,62.586089,0.185484,0.234839,0.223667,0.214663,0.3878,0.3907,0.40665,0.39505,,,,,2.155883,2.189281,2.24829,2.197818,73.230435,73.674286,68.555909,71.82021,,,,,,,29.099,13.42,CEPEA,CEPEA/ESALQ - Paranaguá,32.12619,14.961905
2006-10-01,sorriso_mt,"Sorriso, MT",-12.5425,-55.7211,234.12,26.12129,36.4,20.33,80.953871,0.071935,NASA_POWER,2.148281,BCB_PTAX,57.808182,EIA,0.4454,AppEEARS:MOD13Q1.061:_250m_16_days_NDVI,,,10,4,1,0,74.79,1.49,2.92,26.4,28.172667,27.610968,23.855161,26.546265,54.274667,45.51,59.341935,53.042201,0.093,0.185484,0.234839,0.171108,0.42915,0.3878,0.3907,0.40255,,,,,2.168745,2.155883,2.189281,2.171303,61.958571,73.230435,73.674286,69.621097,,,,,,,32.12619,14.961905,CEPEA,CEPEA/ESALQ - Paranaguá,34.3715,15.9235
2006-11-01,sorriso_mt,"Sorriso, MT",-12.5425,-55.7211,120.53,25.781667,34.53,19.25,80.583,0.091,NASA_POWER,2.1579,BCB_PTAX,58.761364,EIA,0.45415,AppEEARS:MOD13Q1.061:_250m_16_days_NDVI,,,11,4,1,0,234.12,74.79,1.49,103.466667,26.12129,28.172667,27.610968,27.301642,80.953871,54.274667,45.51,60.246179,0.071935,0.093,0.185484,0.116806,0.4454,0.42915,0.3878,0.420783,,,,,2.148281,2.168745,2.155883,2.157636,57.808182,61.958571,73.230435,64.332396,,,,,,,34.3715,15.9235,CEPEA,CEPEA/ESALQ - Paranaguá,33.314211,15.497368
2006-12-01,sorriso_mt,"Sorriso, MT",-12.5425,-55.7211,475.9,24.740968,29.59,20.82,91.305806,0.123548,NASA_POWER,2.14992,BCB_PTAX,68.390435,EIA,0.33765,AppEEARS:MOD13Q1.061:_250m_16_days_NDVI,,,12,4,1,0,120.53,234.12,74.79,143.146667,25.781667,26.12129,28.172667,26.691875,80.583,80.953871,54.274667,71.937179,0.091,0.071935,0.093,0.085312,0.45415,0.4454,0.42915,0.4429,,,,,2.1579,2.148281,2.168745,2.158309,58.761364,57.808182,61.958571,59.509372,,,,,,,33.314211,15.497368,CEPEA,CEPEA/ESALQ - Paranaguá,33.676364,15.747273
2007-01-01,sorriso_mt,"Sorriso, MT",-12.5425,-55.7211,225.35,25.100323,29.88,20.77,90.239677,0.128065,NASA_POWER,2.138477,BCB_PTAX,53.681429,EIA,0.4839,AppEEARS:MOD13Q1.061:_250m_16_days_NDVI,,,1,1,0,1,475.9,120.53,234.12,276.85,24.740968,25.781667,26.12129,25.547975,91.305806,80.583,80.953871,84.280892,0.123548,0.091,0.071935,0.095494,0.33765,0.45415,0.4454,0.4124,,,,,2.14992,2.1579,2.148281,2.152034,68.390435,58.761364,57.808182,61.653327,,,,,,,33.676364,15.747273,CEPEA,CEPEA/ESALQ - Paranaguá,34.709444,16.549444
2007-02-01,sorriso_mt,"Sorriso, MT",-12.5425,-55.7211,458.79,24.164286,29.58,20.29,92.1425,0.0875,NASA_POWER,2.09625,BCB_PTAX,57.555789,EIA,0.4324,AppEEARS:MOD13Q1.061:_250m_16_days_NDVI,,,2,1,0,1,225.35,475.9,120.53,273.926667,25.100323,24.740968,25.781667,25.207653,90.239677,91.305806,80.583,87.376161,0.128065,0.123548,0.091,0.114204,0.4839,0.33765,0.45415,0.425233,,,,,2.138477,2.14992,2.1579,2.148766,53.681429,68.390435,58.761364,60.277743,,,,,,,34.709444,16.549444,CEPEA,CEPEA/ESALQ - Paranaguá,34.005909,16.287273
2007-03-01,sorriso_mt,"Sorriso, MT",-12.5425,-55.7211,149.08,24.570968,29.52,20.29,89.131613,0.115161,NASA_POWER,2.088677,BCB_PTAX,62.050455,EIA,0.4952,AppEEARS:MOD13Q1.061:_250m_16_days_NDVI,,,3,1,0,1,458.79,225.35,475.9,386.68,24.164286,25.100323,24.740968,24.668526,92.1425,90.239677,91.305806,91.229328,0.0875,0.128065,0.123548,0.113038,0.4324,0.4839,0.33765,0.417983,,,,,2.09625,2.138477,2.14992,2.128216,57.555789,53.681429,68.390435,59.875884,,,,,,,34.005909,16.287273,CEPEA,CEPEA/ESALQ - Paranaguá,31.956,15.724
2007-04-01,sorriso_mt,"Sorriso, MT",-12.5425,-55.7211,81.07,24.753333,29.37,19.38,89.245,0.120333,NASA_POWER,2.032035,BCB_PTAX,67.485789,EIA,0.49485,AppEEARS:MOD13Q1.061:_250m_16_days_NDVI,,,4,2,0,1,149.08,458.79,225.35,277.74,24.570968,24.164286,25.100323,24.611859,89.131613,92.1425,90.239677,90.504597,0.115161,0.0875,0.128065,0.110242,0.4952,0.4324,0.4839,0.4705,,,,,2.088677,2.09625,2.138477,2.107801,62.050455,57.555789,53.681429,57.762558,-178.43,0.644333,0.01875,,-0.097254,-2.774211,31.956,15.724,CEPEA,CEPEA/ESALQ - Paranaguá,32.123636,16.228636
2007-05-01,sorriso_mt,"Sorriso, MT",-12.5425,-55.7211,54.28,22.773871,28.67,13.73,86.352581,0.106129,NASA_POWER,1.981614,BCB_PTAX,67.212273,EIA,0.4701,AppEEARS:MOD13Q1.061:_250m_16_days_NDVI,,,5,2,0,0,81.07,149.08,458.79,229.646667,24.753333,24.570968,24.164286,24.496196,89.245,89.131613,92.1425,90.173038,0.120333,0.115161,0.0875,0.107665,0.49485,0.4952,0.4324,0.47415,,,,,2.032035,2.088677,2.09625,2.072321,67.485789,62.050455,57.555789,62.364011,29.55,1.347097,0.02565,,-0.196486,-2.564684,32.123636,16.228636,CEPEA,CEPEA/ESALQ - Paranaguá,32.943,17.045
2007-06-01,sorriso_mt,"Sorriso, MT",-12.5425,-55.7211,4.82,23.527,32.42,15.12,66.846333,0.189,NASA_POWER,1.93187,BCB_PTAX,71.045714,EIA,0.42725,AppEEARS:MOD13Q1.061:_250m_16_days_NDVI,,,6,2,0,0,54.28,81.07,149.08,94.81,22.773871,24.753333,24.570968,24.032724,86.352581,89.245,89.131613,88.243065,0.106129,0.120333,0.115161,0.113874,0.4701,0.49485,0.4952,0.486717,,,,,1.981614,2.032035,2.088677,2.034109,67.212273,67.485789,62.050455,65.582839,4.73,1.882667,0.0206,,-0.31642,2.489805,32.943,17.045,CEPEA,CEPEA/ESALQ - Paranaguá,33.651818,17.873636
2007-07-01,sorriso_mt,"Sorriso, MT",-12.5425,-55.7211,38.58,24.618065,35.7,13.98,57.043871,0.156129,NASA_POWER,1.882818,BCB_PTAX,76.93,EIA,0.4047,AppEEARS:MOD13Q1.061:_250m_16_days_NDVI,,,7,3,0,0,4.82,54.28,81.07,46.723333,23.527,22.773871,24.753333,23.684735,66.846333,86.352581,89.245,80.814638,0.189,0.106129,0.120333,0.138487,0.42725,0.4701,0.49485,0.464067,,,,,1.93187,1.981614,2.032035,1.98184,71.045714,67.212273,67.485789,68.581259,35.66,0.762904,0.014,,-0.306463,3.255714,33.651818,17.873636,CEPEA,CEPEA/ESALQ - Paranaguá,37.106087,18.894348
2007-08-01,sorriso_mt,"Sorriso, MT",-12.5425,-55.7211,0.62,26.102581,37.26,14.51,39.624194,0.161935,NASA_POWER,1.966013,BCB_PTAX,70.76087,EIA,0.3803,AppEEARS:MOD13Q1.061:_250m_16_days_NDVI,,,8,3,0,0,38.58,4.82,54.28,32.56,24.618065,23.527,22.773871,23.639645,57.043871,66.846333,86.352581,70.080928,0.156129,0.189,0.106129,0.150419,0.4047,0.42725,0.4701,0.434017,,,,,1.882818,1.93187,1.981614,1.932101,76.93,71.045714,67.212273,71.729329,-0.87,-1.508387,-0.0075,,-0.18987,-2.469565,37.106087,18.894348,CEPEA,CEPEA/ESALQ - Paranaguá,41.301579,21.772632
2007-09-01,sorriso_mt,"Sorriso, MT",-12.5425,-55.7211,15.05,28.892333,38.94,19.35,37.623,0.156,NASA_POWER,1.899579,BCB_PTAX,77.173158,EIA,0.3984,AppEEARS:MOD13Q1.061:_250m_16_days_NDVI,,,9,3,1,0,0.62,38.58,4.82,14.673333,26.102581,24.618065,23.527,24.749215,39.624194,57.043871,66.846333,54.504799,0.161935,0.156129,0.189,0.169021,0.3803,0.4047,0.42725,0.404083,,,,,1.966013,1.882818,1.93187,1.9269,70.76087,76.93,71.045714,72.912195,-59.74,0.719666,-0.03075,,-0.269166,15.214587,41.301579,21.772632,CEPEA,CEPEA/ESALQ - Paranaguá,42.197273,23.444545
2007-10-01,sorriso_mt,"Sorriso, MT",-12.5425,-55.7211,129.2,28.051935,39.13,20.65,64.49871,0.062903,NASA_POWER,1.801041,BCB_PTAX,82.34,EIA,0.4182,AppEEARS:MOD13Q1.061:_250m_16_days_NDVI,,,10,4,1,0,15.05,0.62,38.58,18.083333,28.892333,26.102581,24.618065,26.53766,37.623,39.624194,57.043871,44.763688,0.156,0.161935,0.156129,0.158021,0.3984,0.3803,0.4047,0.394467,,,,,1.899579,1.966013,1.882818,1.916137,77.173158,70.76087,76.93,74.954676,-104.92,1.930645,-0.0272,,-0.34724,24.531818,42.197273,23.444545,CEPEA,CEPEA/ESALQ - Paranaguá,42.96,24.2595
2007-11-01,sorriso_mt,"Sorriso, MT",-12.5425,-55.7211,320.36,25.349667,33.25,20.79,85.927667,0.080667,NASA_POWER,1.769925,BCB_PTAX,92.414286,EIA,0.43935,AppEEARS:MOD13Q1.061:_250m_16_days_NDVI,,,11,4,1,0,129.2,15.05,0.62,48.29,28.051935,28.892333,26.102581,27.682283,64.49871,37.623,39.624194,47.248635,0.062903,0.156,0.161935,0.126946,0.4182,0.3984,0.3803,0.398967,,,,,1.801041,1.899579,1.966013,1.888878,82.34,77.173158,70.76087,76.758009,199.83,-0.432,-0.0148,,-0.387975,33.652922,42.96,24.2595,CEPEA,CEPEA/ESALQ - Paranaguá,44.029444,24.655556
2007-12-01,sorriso_mt,"Sorriso, MT",-12.5425,-55.7211,236.9,24.495161,29.79,20.41,89.89871,0.103226,NASA_POWER,1.785985,BCB_PTAX,81.003182,EIA,0.4368,AppEEARS:MOD13Q1.061:_250m_16_days_NDVI,,,12,4,1,0,320.36,129.2,15.05,154.87,25.349667,28.051935,28.892333,27.431312,85.927667,64.49871,37.623,62.683126,0.080667,0.062903,0.156,0.099857,0.43935,0.4182,0.3984,0.41865,,,,,1.769925,1.801041,1.899579,1.823515,92.414286,82.34,77.173158,83.975815,-239.0,-0.245807,0.09915,,-0.363935,12.612747,44.029444,24.655556,CEPEA,CEPEA/ESALQ - Paranaguá,47.927727,27.02
2008-01-01,sorriso_mt,"Sorriso, MT",-12.5425,-55.7211,439.72,24.194194,29.56,20.55,90.772258,0.13,NASA_POWER,1.774259,BCB_PTAX,91.300556,EIA,0.45995,AppEEARS:MOD13Q1.061:_250m_16_days_NDVI,,,1,1,0,1,236.9,320.36,129.2,228.82,24.495161,25.349667,28.051935,25.965588,89.89871,85.927667,64.49871,80.108362,0.103226,0.080667,0.062903,0.082265,0.4368,0.43935,0.4182,0.43145,,,,,1.785985,1.769925,1.801041,1.78565,81.003182,92.414286,82.34,85.252489,214.37,-0.906129,-0.02395,,-0.364218,37.619127,47.927727,27.02,CEPEA,CEPEA/ESALQ - Paranaguá,49.993684,28.958421
2008-02-01,sorriso_mt,"Sorriso, MT",-12.5425,-55.7211,298.22,24.115517,28.89,20.67,90.635517,0.107931,NASA_POWER,1.727742,BCB_PTAX,94.9865,EIA,0.49555,AppEEARS:MOD13Q1.061:_250m_16_days_NDVI,,,2,1,0,1,439.72,236.9,320.36,332.326667,24.194194,24.495161,25.349667,24.679674,90.772258,89.89871,85.927667,88.866212,0.13,0.103226,0.080667,0.104631,0.45995,0.4368,0.43935,0.445367,,,,,1.774259,1.785985,1.769925,1.776723,91.300556,81.003182,92.414286,88.239341,-160.57,-0.048769,0.06315,,-0.368508,37.430711,49.993684,28.958421,CEPEA,CEPEA/ESALQ - Paranaguá,48.061,28.155
2008-03-01,sorriso_mt,"Sorriso, MT",-12.5425,-55.7211,231.28,24.244839,29.19,19.94,90.784194,0.100968,NASA_POWER,1.70758,BCB_PTAX,103.6355,EIA,0.4864,AppEEARS:MOD13Q1.061:_250m_16_days_NDVI,,,3,1,0,1,298.22,439.72,236.9,324.946667,24.115517,24.194194,24.495161,24.268291,90.635517,90.772258,89.89871,90.435495,0.107931,0.13,0.103226,0.113719,0.49555,0.45995,0.4368,0.4641,,,,,1.727742,1.774259,1.785985,1.762662,94.9865,91.300556,81.003182,89.096746,82.2,-0.326129,-0.0088,,-0.381097,41.585045,48.061,28.155,CEPEA,CEPEA/ESALQ - Paranaguá,46.722381,27.700952
2008-04-01,sorriso_mt,"Sorriso, MT",-12.5425,-55.7211,92.81,23.966667,28.89,18.63,90.721667,0.125667,NASA_POWER,1.688929,BCB_PTAX,109.071364,EIA,0.4863,AppEEARS:MOD13Q1.061:_250m_16_days_NDVI,,,4,2,0,1,231.28,298.22,439.72,323.073333,24.244839,24.115517,24.194194,24.18485,90.784194,90.635517,90.772258,90.730656,0.100968,0.107931,0.13,0.112966,0.4864,0.49555,0.45995,0.480633,,,,,1.70758,1.727742,1.774259,1.736527,103.6355,94.9865,91.300556,96.640852,-77.475,-0.4645,0.000825,,-0.391733,40.198469,46.722381,27.700952,CEPEA,CEPEA/ESALQ - Paranaguá,46.654,28.119
2008-05-01,sorriso_mt,"Sorriso, MT",-12.5425,-55.7211,11.91,22.540323,28.19,15.13,88.288387,0.063548,NASA_POWER,1.660535,BCB_PTAX,122.797143,EIA,0.4537,AppEEARS:MOD13Q1.061:_250m_16_days_NDVI,,,5,2,0,0,92.81,231.28,298.22,207.436667,23.966667,24.244839,24.115517,24.109008,90.721667,90.784194,90.635517,90.713793,0.125667,0.100968,0.107931,0.111522,0.4863,0.4864,0.49555,0.489417,,,,,1.688929,1.70758,1.727742,1.708084,109.071364,103.6355,94.9865,102.564455,-27.595,0.44,-0.003575,,-0.419322,54.302528,46.654,28.119,CEPEA,CEPEA/ESALQ - Paranaguá,52.353333,32.358571
2008-06-01,sorriso_mt,"Sorriso, MT",-12.5425,-55.7211,17.44,21.833667,29.61,15.37,83.993,0.098667,NASA_POWER,1.618857,BCB_PTAX,132.322381,EIA,0.42065,AppEEARS:MOD13Q1.061:_250m_16_days_NDVI,,,6,2,0,0,11.91,92.81,231.28,112.0,22.540323,23.966667,24.244839,23.583943,88.288387,90.721667,90.784194,89.931416,0.063548,0.125667,0.100968,0.096728,0.4537,0.4863,0.4864,0.475467,,,,,1.660535,1.688929,1.70758,1.685681,122.797143,109.071364,103.6355,111.834669,14.985,-0.752,0.0037,,-0.471223,62.521569,52.353333,32.358571,CEPEA,CEPEA/ESALQ - Paranaguá,52.961739,33.277391
2008-07-01,sorriso_mt,"Sorriso, MT",-12.5425,-55.7211,0.33,23.588065,34.74,13.45,56.448387,0.06129,NASA_POWER,1.591413,BCB_PTAX,132.718182,EIA,0.3619,AppEEARS:MOD13Q1.061:_250m_16_days_NDVI,,,7,3,0,0,17.44,11.91,92.81,40.72,21.833667,22.540323,23.966667,22.780219,83.993,88.288387,90.721667,87.667685,0.098667,0.063548,0.125667,0.095961,0.42065,0.4537,0.4863,0.45355,,,,,1.618857,1.660535,1.688929,1.656107,132.322381,122.797143,109.071364,121.396963,-20.42,-0.648548,-0.0358,,-0.444636,57.416039,52.961739,33.277391,CEPEA,CEPEA/ESALQ - Paranaguá,46.838571,29.039048
2008-08-01,sorriso_mt,"Sorriso, MT",-12.5425,-55.7211,3.02,27.095484,38.19,17.01,40.265484,0.085806,NASA_POWER,1.612314,BCB_PTAX,113.243333,EIA,0.36105,AppEEARS:MOD13Q1.061:_250m_16_days_NDVI,,,8,3,0,0,0.33,17.44,11.91,9.893333,23.588065,21.833667,22.540323,22.654018,56.448387,83.993,88.288387,76.243258,0.06129,0.098667,0.063548,0.074502,0.3619,0.42065,0.4537,0.412083,,,,,1.591413,1.618857,1.660535,1.623602,132.718182,132.322381,122.797143,129.279235,1.965,0.238709,-0.023,,-0.448634,41.24768,46.838571,29.039048,CEPEA,CEPEA/ESALQ - Paranaguá,48.140909,26.798636
2008-09-01,sorriso_mt,"Sorriso, MT",-12.5425,-55.7211,56.32,28.884,39.81,18.54,46.138333,0.100667,NASA_POWER,1.799568,BCB_PTAX,97.234762,EIA,0.40145,AppEEARS:MOD13Q1.061:_250m_16_days_NDVI,,,9,3,1,0,3.02,0.33,17.44,6.93,27.095484,23.588065,21.833667,24.172405,40.265484,56.448387,83.993,60.235624,0.085806,0.06129,0.098667,0.081921,0.36105,0.3619,0.42065,0.3812,,,,,1.612314,1.591413,1.618857,1.607528,113.243333,132.718182,132.322381,126.094632,11.4,0.3515,-0.012325,,-0.234594,27.668897,48.140909,26.798636,CEPEA,CEPEA/ESALQ - Paranaguá,46.653478,21.433913
2008-10-01,sorriso_mt,"Sorriso, MT",-12.5425,-55.7211,167.06,28.111935,39.86,19.81,64.605484,0.100968,NASA_POWER,2.172852,BCB_PTAX,71.582174,EIA,0.41445,AppEEARS:MOD13Q1.061:_250m_16_days_NDVI,,,10,4,1,0,56.32,3.02,0.33,19.89,28.884,27.095484,23.588065,26.522516,46.138333,40.265484,56.448387,47.617401,0.100667,0.085806,0.06129,0.082588,0.40145,0.36105,0.3619,0.3748,,,,,1.799568,1.612314,1.591413,1.667765,97.234762,113.243333,132.718182,114.398759,-14.6,1.025322,-0.01735,,0.198191,1.508083,46.653478,21.433913,CEPEA,CEPEA/ESALQ - Paranaguá,47.3205,20.8315
2008-11-01,sorriso_mt,"Sorriso, MT",-12.5425,-55.7211,321.2,25.279667,33.36,21.06,87.267,0.086,NASA_POWER,2.26629,BCB_PTAX,52.452632,EIA,0.4408,AppEEARS:MOD13Q1.061:_250m_16_days_NDVI,,,11,4,1,0,167.06,56.32,3.02,75.466667,28.111935,28.884,27.095484,28.030473,64.605484,46.138333,40.265484,50.336434,0.100968,0.100667,0.085806,0.095814,0.41445,0.40145,0.36105,0.392317,,,,,2.172852,1.799568,1.612314,1.861578,71.582174,97.234762,113.243333,94.02009,100.755,-0.286,-0.00595,,0.302377,-23.135193,47.3205,20.8315,CEPEA,CEPEA/ESALQ - Paranaguá,46.732,19.4745
2008-12-01,sorriso_mt,"Sorriso, MT",-12.5425,-55.7211,222.84,24.294194,29.45,19.85,90.710323,0.096129,NASA_POWER,2.394414,BCB_PTAX,47.06087,EIA,0.4712,AppEEARS:MOD13Q1.061:_250m_16_days_NDVI,,,12,4,1,0,321.2,167.06,56.32,181.526667,25.279667,28.111935,28.884,27.425201,87.267,64.605484,46.138333,66.003606,0.086,0.100968,0.100667,0.095878,0.4408,0.41445,0.40145,0.4189,,,,,2.26629,2.172852,1.799568,2.07957,52.452632,71.582174,97.234762,73.756523,-133.56,-0.32387,0.083975,,0.426462,-27.635939,46.732,19.4745,CEPEA,CEPEA/ESALQ - Paranaguá,51.017619,22.08381
2009-01-01,sorriso_mt,"Sorriso, MT",-12.5425,-55.7211,218.29,24.586774,29.85,19.02,89.672258,0.112258,NASA_POWER,2.307443,BCB_PTAX,43.465789,EIA,0.4528,AppEEARS:MOD13Q1.061:_250m_16_days_NDVI,,,1,1,0,1,222.84,321.2,167.06,237.033333,24.294194,25.279667,28.111935,25.895265,90.710323,87.267,64.605484,80.860936,0.096129,0.086,0.100968,0.094366,0.4712,0.4408,0.41445,0.44215,,,,,2.394414,2.26629,2.172852,2.277852,47.06087,52.452632,71.582174,57.031892,-114.245,-0.060484,-0.019125,,0.351075,-29.025204,51.017619,22.08381,CEPEA,CEPEA/ESALQ - Paranaguá,49.236111,21.303889
2009-02-01,sorriso_mt,"Sorriso, MT",-12.5425,-55.7211,314.04,24.327143,29.98,20.75,90.428214,0.148929,NASA_POWER,2.312672,BCB_PTAX,43.324737,EIA,0.4608,AppEEARS:MOD13Q1.061:_250m_16_days_NDVI,,,2,1,0,1,218.29,222.84,321.2,254.11,24.586774,24.294194,25.279667,24.720212,89.672258,90.710323,87.267,89.216527,0.112258,0.096129,0.086,0.098129,0.4528,0.4712,0.4408,0.454933,,,,,2.307443,2.394414,2.26629,2.322716,43.465789,47.06087,52.452632,47.659764,-64.465,0.187241,-0.003175,,0.400676,-32.946408,49.236111,21.303889,CEPEA,CEPEA/ESALQ - Paranaguá,47.665,20.621818
2009-03-01,sorriso_mt,"Sorriso, MT",-12.5425,-55.7211,160.88,24.663548,30.25,19.94,90.274516,0.114839,NASA_POWER,2.313836,BCB_PTAX,46.540455,EIA,0.30335,AppEEARS:MOD13Q1.061:_250m_16_days_NDVI,,,3,1,0,1,314.04,218.29,222.84,251.723333,24.327143,24.586774,24.294194,24.402704,90.428214,89.672258,90.710323,90.270265,0.148929,0.112258,0.096129,0.119105,0.4608,0.4528,0.4712,0.4616,,,,,2.312672,2.307443,2.394414,2.338176,43.324737,43.465789,47.06087,44.617132,-29.3,0.255645,-0.18745,,0.415707,-36.302522,47.665,20.621818,CEPEA,CEPEA/ESALQ - Paranaguá,50.1605,22.754
2009-04-01,sorriso_mt,"Sorriso, MT",-12.5425,-55.7211,87.88,24.271667,28.6,20.0,91.169333,0.116,NASA_POWER,2.20585,BCB_PTAX,50.181905,EIA,0.4787,AppEEARS:MOD13Q1.061:_250m_16_days_NDVI,,,4,2,0,1,160.88,314.04,218.29,231.07,24.663548,24.327143,24.586774,24.525822,90.274516,90.428214,89.672258,90.124996,0.114839,0.148929,0.112258,0.125342,0.30335,0.4608,0.4528,0.40565,,,,,2.313836,2.312672,2.307443,2.311317,46.540455,43.324737,43.465789,44.44366,-56.58,-0.004666,-0.00705,,0.255766,-32.090479,50.1605,22.754,CEPEA,CEPEA/ESALQ - Paranaguá,52.781,25.614
2009-05-01,sorriso_mt,"Sorriso, MT",-12.5425,-55.7211,22.66,23.359677,28.19,16.5,89.873226,0.086774,NASA_POWER,2.060905,BCB_PTAX,57.3025,EIA,0.4666,AppEEARS:MOD13Q1.061:_250m_16_days_NDVI,,,5,2,0,0,87.88,160.88,314.04,187.6,24.271667,24.663548,24.327143,24.420786,91.169333,90.274516,90.428214,90.624021,0.116,0.114839,0.148929,0.126589,0.4787,0.30335,0.4608,0.414283,,,,,2.20585,2.313836,2.312672,2.277453,50.181905,46.540455,43.324737,46.682366,-7.646667,1.112688,0.010517,,0.120822,-29.292958,52.781,25.614,CEPEA,CEPEA/ESALQ - Paranaguá,52.368095,26.729048
2009-06-01,sorriso_mt,"Sorriso, MT",-12.5425,-55.7211,30.9,22.934667,31.43,14.09,81.429667,0.056,NASA_POWER,1.957557,BCB_PTAX,68.609545,EIA,0.4403,AppEEARS:MOD13Q1.061:_250m_16_days_NDVI,,,6,2,0,0,22.66,87.88,160.88,90.473333,23.359677,24.271667,24.663548,24.098297,89.873226,91.169333,90.274516,90.439025,0.086774,0.116,0.114839,0.105871,0.4666,0.4787,0.30335,0.416217,,,,,2.060905,2.20585,2.313836,2.19353,57.3025,50.181905,46.540455,51.34162,23.45,0.599667,0.022117,,0.024551,-22.03179,52.368095,26.729048,CEPEA,CEPEA/ESALQ - Paranaguá,49.935217,25.855217
2009-07-01,sorriso_mt,"Sorriso, MT",-12.5425,-55.7211,3.12,24.817097,34.8,15.09,64.327742,0.076452,NASA_POWER,1.932752,BCB_PTAX,64.435455,EIA,0.3878,AppEEARS:MOD13Q1.061:_250m_16_days_NDVI,,,7,3,0,0,30.9,22.66,87.88,47.146667,22.934667,23.359677,24.271667,23.522004,81.429667,89.873226,91.169333,87.490742,0.056,0.086774,0.116,0.086258,0.4403,0.4666,0.4787,0.461867,,,,,1.957557,2.060905,2.20585,2.074771,68.609545,57.3025,50.181905,58.697983,-10.823333,0.796667,0.002033,,0.044915,-30.005368,49.935217,25.855217,CEPEA,CEPEA/ESALQ - Paranaguá,50.058095,27.117143
2009-08-01,sorriso_mt,"Sorriso, MT",-12.5425,-55.7211,43.79,26.759677,36.83,16.48,54.430323,0.099032,NASA_POWER,1.845181,BCB_PTAX,72.508571,EIA,0.36615,AppEEARS:MOD13Q1.061:_250m_16_days_NDVI,,,8,3,0,0,3.12,30.9,22.66,18.893333,24.817097,22.934667,23.359677,23.703814,64.327742,81.429667,89.873226,78.543545,0.076452,0.056,0.086774,0.073075,0.3878,0.4403,0.4666,0.431567,,,,,1.932752,1.957557,2.060905,1.983738,64.435455,68.609545,57.3025,63.449167,42.08,-0.176667,-0.010233,,-0.066222,-13.236308,50.058095,27.117143,CEPEA,CEPEA/ESALQ - Paranaguá,46.266667,25.427619
2009-09-01,sorriso_mt,"Sorriso, MT",-12.5425,-55.7211,79.51,27.938667,38.1,19.7,66.252667,0.077667,NASA_POWER,1.819795,BCB_PTAX,67.64619,EIA,0.42105,AppEEARS:MOD13Q1.061:_250m_16_days_NDVI,,,9,3,1,0,43.79,3.12,30.9,25.936667,26.759677,24.817097,22.934667,24.837147,54.430323,64.327742,81.429667,66.729244,0.099032,0.076452,0.056,0.077161,0.36615,0.3878,0.4403,0.398083,,,,,1.845181,1.932752,1.957557,1.91183,72.508571,64.435455,68.609545,68.517857,30.79,-0.711,0.011383,,-0.136169,-11.14264,46.266667,25.427619,CEPEA,CEPEA/ESALQ - Paranaguá,43.962381,25.309048
2009-10-01,sorriso_mt,"Sorriso, MT",-12.5425,-55.7211,124.61,27.371935,37.13,20.86,71.437419,0.06871,NASA_POWER,1.738419,BCB_PTAX,72.769545,EIA,0.4461,AppEEARS:MOD13Q1.061:_250m_16_days_NDVI,,,10,4,1,0,79.51,43.79,3.12,42.14,27.938667,26.759677,24.817097,26.505147,66.252667,54.430323,64.327742,61.670244,0.077667,0.099032,0.076452,0.084384,0.42105,0.36615,0.3878,0.391667,,,,,1.819795,1.845181,1.932752,1.865909,67.64619,72.508571,64.435455,68.196739,-52.183333,-0.056452,0.020083,,-0.302306,2.19276,43.962381,25.309048,CEPEA,CEPEA/ESALQ - Paranaguá,42.012,24.3145
2009-11-01,sorriso_mt,"Sorriso, MT",-12.5425,-55.7211,270.44,25.701667,32.85,20.23,83.565,0.085,NASA_POWER,1.72616,BCB_PTAX,76.662,EIA,0.5286,AppEEARS:MOD13Q1.061:_250m_16_days_NDVI,,,11,4,1,0,124.61,79.51,43.79,82.636667,27.371935,27.938667,26.759677,27.35676,71.437419,66.252667,54.430323,64.040136,0.06871,0.077667,0.099032,0.081803,0.4461,0.42105,0.36615,0.4111,,,,,1.738419,1.819795,1.845181,1.801132,72.769545,67.64619,72.508571,70.974769,16.41,0.231333,0.083833,,-0.338545,8.785906,42.012,24.3145,CEPEA,CEPEA/ESALQ - Paranaguá,41.386,23.639
2009-12-01,sorriso_mt,"Sorriso, MT",-12.5425,-55.7211,224.24,24.384839,29.63,20.41,90.335484,0.08129,NASA_POWER,1.750314,BCB_PTAX,73.848333,EIA,0.30045,AppEEARS:MOD13Q1.061:_250m_16_days_NDVI,,,12,4,1,0,270.44,124.61,79.51,158.186667,25.701667,27.371935,27.938667,27.00409,83.565,71.437419,66.252667,73.751695,0.085,0.06871,0.077667,0.077126,0.5286,0.4461,0.42105,0.46525,,,,,1.72616,1.738419,1.819795,1.761458,76.662,72.769545,67.64619,72.359245,-87.64,-0.125269,-0.114767,,-0.359792,8.363504,41.386,23.639,CEPEA,CEPEA/ESALQ - Paranaguá,40.2165,22.587
2010-01-01,sorriso_mt,"Sorriso, MT",-12.5425,-55.7211,330.87,24.580645,29.66,20.37,92.210968,0.068065,NASA_POWER,1.77982,BCB_PTAX,76.167368,EIA,0.35945,AppEEARS:MOD13Q1.061:_250m_16_days_NDVI,,,1,1,0,1,224.24,270.44,124.61,206.43,24.384839,25.701667,27.371935,25.81948,90.335484,83.565,71.437419,81.779301,0.08129,0.085,0.06871,0.078333,0.30045,0.5286,0.4461,0.42505,,,,,1.750314,1.72616,1.738419,1.738298,73.848333,76.662,72.769545,74.426626,36.416667,-0.046452,-0.1061,,-0.293573,13.351443,40.2165,22.587,CEPEA,CEPEA/ESALQ - Paranaguá,38.241111,20.777778
2010-02-01,sorriso_mt,"Sorriso, MT",-12.5425,-55.7211,303.34,25.102143,30.53,21.19,90.090714,0.072857,NASA_POWER,1.841633,BCB_PTAX,73.752105,EIA,0.4506,AppEEARS:MOD13Q1.061:_250m_16_days_NDVI,,,2,1,0,1,330.87,224.24,270.44,275.183333,24.580645,24.384839,25.701667,24.88905,92.210968,90.335484,83.565,88.703817,0.068065,0.08129,0.085,0.078118,0.35945,0.30045,0.5286,0.396167,,,,,1.77982,1.750314,1.72616,1.752098,76.167368,73.848333,76.662,75.559234,-53.676667,0.899828,-0.012317,,-0.203922,8.463096,38.241111,20.777778,CEPEA,CEPEA/ESALQ - Paranaguá,37.383913,20.92913
2010-03-01,sorriso_mt,"Sorriso, MT",-12.5425,-55.7211,280.96,25.00129,30.1,20.93,91.16,0.108065,NASA_POWER,1.785843,BCB_PTAX,78.827391,EIA,0.4596,AppEEARS:MOD13Q1.061:_250m_16_days_NDVI,,,3,1,0,1,303.34,330.87,224.24,286.15,25.102143,24.580645,24.384839,24.689209,90.090714,92.210968,90.335484,90.879055,0.072857,0.068065,0.08129,0.074071,0.4506,0.35945,0.30045,0.370167,,,,,1.841633,1.77982,1.750314,1.790589,73.752105,76.167368,73.848333,74.589269,100.546667,0.508172,0.031283,,-0.250855,8.085254,37.383913,20.92913,CEPEA,CEPEA/ESALQ - Paranaguá,37.434,21.302
2010-04-01,sorriso_mt,"Sorriso, MT",-12.5425,-55.7211,38.13,24.588,29.99,17.1,88.919,0.071667,NASA_POWER,1.75657,BCB_PTAX,84.817619,EIA,0.45485,AppEEARS:MOD13Q1.061:_250m_16_days_NDVI,,,4,2,0,1,280.96,303.34,330.87,305.056667,25.00129,25.102143,24.580645,24.894693,91.16,90.090714,92.210968,91.153894,0.108065,0.072857,0.068065,0.082996,0.4596,0.4506,0.35945,0.423217,,,,,1.785843,1.841633,1.77982,1.802432,78.827391,73.752105,76.167368,76.248955,-92.185,0.312833,-0.029138,,-0.257456,10.567855,37.434,21.302,CEPEA,CEPEA/ESALQ - Paranaguá,38.397619,21.145238
2010-05-01,sorriso_mt,"Sorriso, MT",-12.5425,-55.7211,45.05,23.083226,29.8,11.27,85.739677,0.086452,NASA_POWER,1.81319,BCB_PTAX,75.9455,EIA,0.41995,AppEEARS:MOD13Q1.061:_250m_16_days_NDVI,,,5,2,0,0,38.13,280.96,303.34,207.476667,24.588,25.00129,25.102143,24.897144,88.919,91.16,90.090714,90.056571,0.071667,0.108065,0.072857,0.084196,0.45485,0.4596,0.4506,0.455017,,,,,1.75657,1.785843,1.841633,1.794682,84.817619,78.827391,73.752105,79.132372,16.655,0.558065,-0.038763,,-0.157099,-3.326718,38.397619,21.145238,CEPEA,CEPEA/ESALQ - Paranaguá,38.908095,21.508571
2010-06-01,sorriso_mt,"Sorriso, MT",-12.5425,-55.7211,0.31,24.212667,33.33,16.21,67.673667,0.142,NASA_POWER,1.806529,BCB_PTAX,74.760909,EIA,0.38195,AppEEARS:MOD13Q1.061:_250m_16_days_NDVI,,,6,2,0,0,45.05,38.13,280.96,121.38,23.083226,24.588,25.00129,24.224172,85.739677,88.919,91.16,88.606226,0.086452,0.071667,0.108065,0.088728,0.41995,0.45485,0.4596,0.4448,,,,,1.81319,1.75657,1.785843,1.785201,75.9455,84.817619,78.827391,79.863503,-13.0025,1.72775,-0.041763,,-0.132614,-10.372478,38.908095,21.508571,CEPEA,CEPEA/ESALQ - Paranaguá,41.365909,23.370455
2010-07-01,sorriso_mt,"Sorriso, MT",-12.5425,-55.7211,2.3,25.143871,35.44,13.2,54.533548,0.171613,NASA_POWER,1.769636,BCB_PTAX,75.58,EIA,0.341,AppEEARS:MOD13Q1.061:_250m_16_days_NDVI,,,7,3,0,0,0.31,45.05,38.13,27.83,24.212667,23.083226,24.588,23.961298,67.673667,85.739677,88.919,80.777448,0.142,0.086452,0.071667,0.10004,0.38195,0.41995,0.45485,0.418917,,,,,1.806529,1.81319,1.75657,1.792096,74.760909,75.9455,84.817619,78.508009,-8.9375,0.924274,-0.045275,,-0.12943,-11.359481,41.365909,23.370455,CEPEA,CEPEA/ESALQ - Paranaguá,43.834545,24.909545
2010-08-01,sorriso_mt,"Sorriso, MT",-12.5425,-55.7211,0.01,26.59129,39.06,16.03,36.054839,0.150968,NASA_POWER,1.759564,BCB_PTAX,77.039545,EIA,0.33465,AppEEARS:MOD13Q1.061:_250m_16_days_NDVI,,,8,3,0,0,2.3,0.31,45.05,15.886667,25.143871,24.212667,23.083226,24.146588,54.533548,67.673667,85.739677,69.315631,0.171613,0.142,0.086452,0.133355,0.341,0.38195,0.41995,0.380967,,,,,1.769636,1.806529,1.81319,1.796452,75.58,74.760909,75.9455,75.428803,-12.22,-0.300887,-0.039175,,-0.135284,-5.396257,43.834545,24.909545,CEPEA,CEPEA/ESALQ - Paranaguá,44.748095,26.034762
2010-09-01,sorriso_mt,"Sorriso, MT",-12.5425,-55.7211,2.62,30.429667,40.48,19.87,31.050333,0.135,NASA_POWER,1.71871,BCB_PTAX,77.840476,EIA,0.3394,AppEEARS:MOD13Q1.061:_250m_16_days_NDVI,,,9,3,1,0,0.01,2.3,0.31,0.873333,26.59129,25.143871,24.212667,25.315943,36.054839,54.533548,67.673667,52.754018,0.150968,0.171613,0.142,0.15486,0.33465,0.341,0.38195,0.352533,,,,,1.759564,1.769636,1.806529,1.778576,77.039545,75.58,74.760909,75.793485,-53.7975,1.95775,-0.073112,,-0.203212,1.837306,44.748095,26.034762,CEPEA,CEPEA/ESALQ - Paranaguá,45.7215,27.1435
2010-10-01,sorriso_mt,"Sorriso, MT",-12.5425,-55.7211,189.81,27.627097,38.26,21.59,70.705161,0.074516,NASA_POWER,1.6835,BCB_PTAX,82.664762,EIA,0.306,AppEEARS:MOD13Q1.061:_250m_16_days_NDVI,,,10,4,1,0,2.62,0.01,2.3,1.643333,30.429667,26.59129,25.143871,27.388276,31.050333,36.054839,54.533548,40.54624,0.135,0.150968,0.171613,0.152527,0.3394,0.33465,0.341,0.33835,,,,,1.71871,1.759564,1.769636,1.749303,77.840476,77.039545,75.58,76.820007,26.0625,0.212823,-0.125038,,-0.281648,11.539787,45.7215,27.1435,CEPEA,CEPEA/ESALQ - Paranaguá,49.173,28.6935
2010-11-01,sorriso_mt,"Sorriso, MT",-12.5425,-55.7211,189.35,25.04,31.13,20.66,86.791,0.073,NASA_POWER,1.71333,BCB_PTAX,85.274762,EIA,0.4094,AppEEARS:MOD13Q1.061:_250m_16_days_NDVI,,,11,4,1,0,189.81,2.62,0.01,64.146667,27.627097,30.429667,26.59129,28.216018,70.705161,31.050333,36.054839,45.936778,0.074516,0.135,0.150968,0.120161,0.306,0.3394,0.33465,0.326683,,,,,1.6835,1.71871,1.759564,1.720591,82.664762,77.840476,77.039545,79.181594,-68.7825,-0.488167,-0.056325,,-0.266739,15.202192,49.173,28.6935,CEPEA,CEPEA/ESALQ - Paranaguá,49.59,29.26
2010-12-01,sorriso_mt,"Sorriso, MT",-12.5425,-55.7211,233.87,24.230645,30.31,17.25,89.535161,0.102581,NASA_POWER,1.693413,BCB_PTAX,91.446818,EIA,0.3709,AppEEARS:MOD13Q1.061:_250m_16_days_NDVI,,,12,4,1,0,189.35,189.81,2.62,127.26,25.04,27.627097,30.429667,27.698921,86.791,70.705161,31.050333,62.848831,0.073,0.074516,0.135,0.094172,0.4094,0.306,0.3394,0.3516,,,,,1.71333,1.6835,1.71871,1.70518,85.274762,82.664762,77.840476,81.926667,-56.1,-0.248145,-0.015625,,-0.326745,23.871113,49.59,29.26,CEPEA,CEPEA/ESALQ - Paranaguá,50.779524,30.299048
2011-01-01,sorriso_mt,"Sorriso, MT",-12.5425,-55.7211,280.41,24.014516,29.32,20.1,91.647419,0.10871,NASA_POWER,1.674914,BCB_PTAX,96.5235,EIA,0.39085,AppEEARS:MOD13Q1.061:_250m_16_days_NDVI,,,1,1,0,1,233.87,189.35,189.81,204.343333,24.230645,25.04,27.627097,25.632581,89.535161,86.791,70.705161,82.343774,0.102581,0.073,0.074516,0.083366,0.3709,0.4094,0.306,0.3621,,,,,1.693413,1.71333,1.6835,1.696748,91.446818,85.274762,82.664762,86.462114,-23.1475,-0.600968,-0.048175,,-0.325086,30.369715,50.779524,30.299048,CEPEA,CEPEA/ESALQ - Paranaguá,51.3895,30.803
2011-02-01,sorriso_mt,"Sorriso, MT",-12.5425,-55.7211,347.35,23.860714,29.05,19.95,91.920357,0.093571,NASA_POWER,1.66799,BCB_PTAX,103.716316,EIA,0.31485,AppEEARS:MOD13Q1.061:_250m_16_days_NDVI,,,2,1,0,1,280.41,233.87,189.35,234.543333,24.014516,24.230645,25.04,24.428387,91.647419,89.535161,86.791,89.324527,0.10871,0.102581,0.073,0.094764,0.39085,0.3709,0.4094,0.390383,,,,,1.674914,1.693413,1.71333,1.693886,96.5235,91.446818,85.274762,91.081693,3.7525,-0.566558,-0.144988,,-0.326584,36.311533,51.3895,30.803,CEPEA,CEPEA/ESALQ - Paranaguá,49.544762,29.858095
2011-03-01,sorriso_mt,"Sorriso, MT",-12.5425,-55.7211,206.37,24.300645,28.95,20.78,91.28129,0.087419,NASA_POWER,1.6591,BCB_PTAX,114.643478,EIA,0.4433,AppEEARS:MOD13Q1.061:_250m_16_days_NDVI,,,3,1,0,1,347.35,280.41,233.87,287.21,23.860714,24.014516,24.230645,24.035292,91.920357,91.647419,89.535161,91.034312,0.093571,0.10871,0.102581,0.101621,0.31485,0.39085,0.3709,0.358867,,,,,1.66799,1.674914,1.693413,1.678772,103.716316,96.5235,91.446818,97.228878,0.82,-0.319516,0.007162,,-0.314884,41.880028,49.544762,29.858095,CEPEA,CEPEA/ESALQ - Paranaguá,47.188421,29.758947
2011-04-01,sorriso_mt,"Sorriso, MT",-12.5425,-55.7211,102.35,24.311,28.86,20.01,90.567,0.105,NASA_POWER,1.586447,BCB_PTAX,123.258889,EIA,0.46835,AppEEARS:MOD13Q1.061:_250m_16_days_NDVI,,,4,2,0,1,206.37,347.35,280.41,278.043333,24.300645,23.860714,24.014516,24.058625,91.28129,91.920357,91.647419,91.616355,0.087419,0.093571,0.10871,0.096567,0.4433,0.31485,0.39085,0.383,,,,,1.6591,1.66799,1.674914,1.667335,114.643478,103.716316,96.5235,104.961098,-9.528,-0.026733,-0.00981,,-0.376088,46.895554,47.188421,29.758947,CEPEA,CEPEA/ESALQ - Paranaguá,47.83,29.655909
2011-05-01,sorriso_mt,"Sorriso, MT",-12.5425,-55.7211,1.78,22.948065,28.61,15.27,87.897097,0.070968,NASA_POWER,1.613491,BCB_PTAX,114.989048,EIA,0.4153,AppEEARS:MOD13Q1.061:_250m_16_days_NDVI,,,5,2,0,0,102.35,206.37,347.35,218.69,24.311,24.300645,23.860714,24.157453,90.567,91.28129,91.920357,91.256216,0.105,0.087419,0.093571,0.09533,0.46835,0.4433,0.31485,0.408833,,,,,1.586447,1.6591,1.66799,1.637846,123.258889,114.643478,103.716316,113.872894,-29.946,0.311291,-0.03566,,-0.325378,36.382173,47.83,29.655909,CEPEA,CEPEA/ESALQ - Paranaguá,47.879524,30.156667
2011-06-01,sorriso_mt,"Sorriso, MT",-12.5425,-55.7211,12.44,22.873,31.52,13.56,78.042333,0.129667,NASA_POWER,1.587043,BCB_PTAX,113.833182,EIA,0.39385,AppEEARS:MOD13Q1.061:_250m_16_days_NDVI,,,6,2,0,0,1.78,102.35,206.37,103.5,22.948065,24.311,24.300645,23.853237,87.897097,90.567,91.28129,89.915129,0.070968,0.105,0.087419,0.087796,0.4153,0.46835,0.4433,0.442317,,,,,1.613491,1.586447,1.6591,1.619679,114.989048,123.258889,114.643478,117.630472,1.728,0.042533,-0.02151,,-0.325578,30.77429,47.879524,30.156667,CEPEA,CEPEA/ESALQ - Paranaguá,48.502381,31.025714
2011-07-01,sorriso_mt,"Sorriso, MT",-12.5425,-55.7211,0.03,24.830645,34.88,15.51,58.456129,0.149032,NASA_POWER,1.563938,BCB_PTAX,116.9735,EIA,0.34995,AppEEARS:MOD13Q1.061:_250m_16_days_NDVI,,,7,3,0,0,12.44,1.78,102.35,38.856667,22.873,22.948065,24.311,23.377355,78.042333,87.897097,90.567,85.502143,0.129667,0.070968,0.105,0.101878,0.39385,0.4153,0.46835,0.425833,,,,,1.587043,1.613491,1.586447,1.59566,113.833182,114.989048,123.258889,117.360373,-9.42,0.426193,-0.02727,,-0.309242,32.305915,48.502381,31.025714,CEPEA,CEPEA/ESALQ - Paranaguá,49.383478,30.954348
2011-08-01,sorriso_mt,"Sorriso, MT",-12.5425,-55.7211,0.64,27.790645,38.84,15.34,42.385484,0.157742,NASA_POWER,1.597009,BCB_PTAX,110.219545,EIA,0.3412,AppEEARS:MOD13Q1.061:_250m_16_days_NDVI,,,8,3,0,0,0.03,12.44,1.78,4.75,24.830645,22.873,22.948065,23.55057,58.456129,78.042333,87.897097,74.79852,0.149032,0.129667,0.070968,0.116556,0.34995,0.39385,0.4153,0.386367,,,,,1.563938,1.587043,1.613491,1.588157,116.9735,113.833182,114.989048,115.265243,-9.146,0.958645,-0.02479,,-0.270782,28.862994,49.383478,30.954348,CEPEA,CEPEA/ESALQ - Paranaguá,51.936667,29.681905
2011-09-01,sorriso_mt,"Sorriso, MT",-12.5425,-55.7211,42.22,30.180333,40.76,20.47,38.046333,0.083667,NASA_POWER,1.749776,BCB_PTAX,112.83381,EIA,0.38605,AppEEARS:MOD13Q1.061:_250m_16_days_NDVI,,,9,3,1,0,0.64,0.03,12.44,4.37,27.790645,24.830645,22.873,25.164763,42.385484,58.456129,78.042333,59.627982,0.157742,0.149032,0.129667,0.14548,0.3412,0.34995,0.39385,0.361667,,,,,1.597009,1.563938,1.587043,1.582663,110.219545,116.9735,113.833182,113.675409,-3.438,1.316866,-0.01184,,-0.131503,36.463179,51.936667,29.681905,CEPEA,CEPEA/ESALQ - Paranaguá,48.4685,27.405
2011-10-01,sorriso_mt,"Sorriso, MT",-12.5425,-55.7211,158.83,26.451935,35.23,20.95,76.671613,0.072903,NASA_POWER,1.77257,BCB_PTAX,109.55,EIA,0.3938,AppEEARS:MOD13Q1.061:_250m_16_days_NDVI,,,10,4,1,0,42.22,0.64,0.03,14.296667,30.180333,27.790645,24.830645,27.600541,38.046333,42.385484,58.456129,46.295982,0.083667,0.157742,0.149032,0.130147,0.38605,0.3412,0.34995,0.359067,,,,,1.749776,1.597009,1.563938,1.636908,112.83381,110.219545,116.9735,113.342285,-10.13,-1.004903,-0.01223,,-0.136249,36.117067,48.4685,27.405,CEPEA,CEPEA/ESALQ - Paranaguá,47.7365,26.672
2011-11-01,sorriso_mt,"Sorriso, MT",-12.5425,-55.7211,184.54,25.238,32.18,20.78,84.735333,0.067,NASA_POWER,1.79049,BCB_PTAX,110.768095,EIA,0.5024,AppEEARS:MOD13Q1.061:_250m_16_days_NDVI,,,11,4,1,0,158.83,42.22,0.64,67.23,26.451935,30.180333,27.790645,28.140971,76.671613,38.046333,42.385484,52.36781,0.072903,0.083667,0.157742,0.104771,0.3938,0.38605,0.3412,0.373683,,,,,1.77257,1.749776,1.597009,1.706452,109.55,112.83381,110.219545,110.867785,-59.836,-0.192534,0.04794,,-0.136231,37.655086,47.7365,26.672,CEPEA,CEPEA/ESALQ - Paranaguá,47.699048,25.942381
2011-12-01,sorriso_mt,"Sorriso, MT",-12.5425,-55.7211,220.6,24.666129,30.48,20.62,88.95871,0.085806,NASA_POWER,1.836886,BCB_PTAX,108.616667,EIA,0.3279,AppEEARS:MOD13Q1.061:_250m_16_days_NDVI,,,12,4,1,0,184.54,158.83,42.22,128.53,25.238,26.451935,30.180333,27.290089,84.735333,76.671613,38.046333,66.484426,0.067,0.072903,0.083667,0.074523,0.5024,0.3938,0.38605,0.427417,,,,,1.79049,1.77257,1.749776,1.770945,110.768095,109.55,112.83381,111.050635,-58.15,0.236968,-0.0555,,-0.117923,36.266739,47.699048,25.942381,CEPEA,CEPEA/ESALQ - Paranaguá,49.552273,27.714545
2012-01-01,sorriso_mt,"Sorriso, MT",-12.5425,-55.7211,301.29,23.892258,29.31,19.79,92.327419,0.075484,NASA_POWER,1.789682,BCB_PTAX,110.686,EIA,0.50625,AppEEARS:MOD13Q1.061:_250m_16_days_NDVI,,,1,1,0,1,220.6,184.54,158.83,187.99,24.666129,25.238,26.451935,25.452021,88.95871,84.735333,76.671613,83.455219,0.085806,0.067,0.072903,0.075236,0.3279,0.5024,0.3938,0.408033,,,,,1.836886,1.79049,1.77257,1.799982,108.616667,110.768095,109.55,109.644921,2.362,-0.603032,0.07686,,-0.145301,38.458272,49.552273,27.714545,CEPEA,CEPEA/ESALQ - Paranaguá,49.324211,28.723684
2012-02-01,sorriso_mt,"Sorriso, MT",-12.5425,-55.7211,269.78,24.077241,29.6,19.85,89.139655,0.118621,NASA_POWER,1.718395,BCB_PTAX,119.327,EIA,0.43065,AppEEARS:MOD13Q1.061:_250m_16_days_NDVI,,,2,1,0,1,301.29,220.6,184.54,235.476667,23.892258,24.666129,25.238,24.598796,92.327419,88.95871,84.735333,88.673821,0.075484,0.085806,0.067,0.076097,0.50625,0.3279,0.5024,0.445517,,,,,1.789682,1.836886,1.79049,1.805686,110.686,108.616667,110.768095,110.023587,-74.568,-0.23672,-0.00019,,-0.210862,44.659911,49.324211,28.723684,CEPEA,CEPEA/ESALQ - Paranaguá,54.926818,30.609545
2012-03-01,sorriso_mt,"Sorriso, MT",-12.5425,-55.7211,226.77,24.410323,29.16,19.44,89.312258,0.160645,NASA_POWER,1.795309,BCB_PTAX,125.445455,EIA,0.45515,AppEEARS:MOD13Q1.061:_250m_16_days_NDVI,,,3,1,0,1,269.78,301.29,220.6,263.89,24.077241,23.892258,24.666129,24.211876,89.139655,92.327419,88.95871,90.141928,0.118621,0.075484,0.085806,0.093304,0.43065,0.50625,0.3279,0.4216,,,,,1.718395,1.789682,1.836886,1.781654,119.327,110.686,108.616667,112.876556,21.056,-0.145935,0.01758,,-0.115698,44.305999,54.926818,30.609545,CEPEA,CEPEA/ESALQ - Paranaguá,60.345,32.5055
2012-04-01,sorriso_mt,"Sorriso, MT",-12.5425,-55.7211,94.89,24.634,29.71,19.64,90.323667,0.132667,NASA_POWER,1.854835,BCB_PTAX,119.421667,EIA,0.43105,AppEEARS:MOD13Q1.061:_250m_16_days_NDVI,,,4,2,0,1,226.77,269.78,301.29,265.946667,24.410323,24.077241,23.892258,24.126607,89.312258,89.139655,92.327419,90.259777,0.160645,0.118621,0.075484,0.11825,0.45515,0.43065,0.50625,0.464017,,,,,1.795309,1.718395,1.789682,1.767795,125.445455,119.327,110.686,118.486152,-15.4,0.300722,-0.045475,,-0.045018,35.242406,60.345,32.5055,CEPEA,CEPEA/ESALQ - Paranaguá,63.788636,32.135909
2012-05-01,sorriso_mt,"Sorriso, MT",-12.5425,-55.7211,47.64,23.271613,28.31,17.24,88.36,0.134839,NASA_POWER,1.985991,BCB_PTAX,110.339524,EIA,0.40065,AppEEARS:MOD13Q1.061:_250m_16_days_NDVI,,,5,2,0,0,94.89,226.77,269.78,197.146667,24.634,24.410323,24.077241,24.373855,90.323667,89.312258,89.139655,89.59186,0.132667,0.160645,0.118621,0.137311,0.43105,0.45515,0.43065,0.43895,,,,,1.854835,1.795309,1.718395,1.789513,119.421667,125.445455,119.327,121.398041,20.905,0.582957,-0.044367,,0.101352,25.668954,63.788636,32.135909,CEPEA,CEPEA/ESALQ - Paranaguá,68.05,33.1825
2012-06-01,sorriso_mt,"Sorriso, MT",-12.5425,-55.7211,21.46,23.572,31.06,15.81,83.424,0.128,NASA_POWER,2.049195,BCB_PTAX,95.155714,EIA,0.3926,AppEEARS:MOD13Q1.061:_250m_16_days_NDVI,,,6,2,0,0,47.64,94.89,226.77,123.1,23.271613,24.634,24.410323,24.105312,88.36,90.323667,89.312258,89.331975,0.134839,0.132667,0.160645,0.142717,0.40065,0.43105,0.45515,0.42895,,,,,1.985991,1.854835,1.795309,1.878712,110.339524,119.421667,125.445455,118.402215,10.46,0.734444,-0.019175,,0.190837,6.967774,68.05,33.1825,CEPEA,CEPEA/ESALQ - Paranaguá,79.355909,39.100455
2012-07-01,sorriso_mt,"Sorriso, MT",-12.5425,-55.7211,0.0,24.354839,34.97,14.99,60.749677,0.108387,NASA_POWER,2.028736,BCB_PTAX,102.618571,EIA,0.3629,AppEEARS:MOD13Q1.061:_250m_16_days_NDVI,,,7,3,0,0,21.46,47.64,94.89,54.663333,23.572,23.271613,24.634,23.825871,83.424,88.36,90.323667,87.369222,0.128,0.134839,0.132667,0.131835,0.3926,0.40065,0.43105,0.4081,,,,,2.049195,1.985991,1.854835,1.96334,95.155714,110.339524,119.421667,108.305635,-7.88,-0.120645,-0.009775,,0.207096,12.566667,79.355909,39.100455,CEPEA,CEPEA/ESALQ - Paranaguá,85.575217,42.197826
2012-08-01,sorriso_mt,"Sorriso, MT",-12.5425,-55.7211,0.0,26.962581,38.66,15.94,40.978065,0.16871,NASA_POWER,2.029443,BCB_PTAX,113.356087,EIA,0.32755,AppEEARS:MOD13Q1.061:_250m_16_days_NDVI,,,8,3,0,0,0.0,21.46,47.64,23.033333,24.354839,23.572,23.271613,23.732817,60.749677,83.424,88.36,77.511226,0.108387,0.128,0.134839,0.123742,0.3629,0.3926,0.40065,0.385383,,,,,2.028736,2.049195,1.985991,2.021307,102.618571,95.155714,110.339524,102.704603,-8.261667,-0.029193,-0.034308,,0.206782,27.189037,85.575217,42.197826,CEPEA,CEPEA/ESALQ - Paranaguá,86.823158,42.827895
2012-09-01,sorriso_mt,"Sorriso, MT",-12.5425,-55.7211,80.99,29.118333,40.22,18.27,45.431667,0.152,NASA_POWER,2.028079,BCB_PTAX,112.863684,EIA,0.36725,AppEEARS:MOD13Q1.061:_250m_16_days_NDVI,,,9,3,1,0,0.0,0.0,21.46,7.153333,26.962581,24.354839,23.572,24.96314,40.978065,60.749677,83.424,61.717247,0.16871,0.108387,0.128,0.135032,0.32755,0.3629,0.3926,0.361017,,,,,2.029443,2.028736,2.049195,2.035791,113.356087,102.618571,95.155714,103.710124,35.905,0.035389,-0.028667,,0.168717,30.415856,86.823158,42.827895,CEPEA,CEPEA/ESALQ - Paranaguá,75.73,37.313636
2012-10-01,sorriso_mt,"Sorriso, MT",-12.5425,-55.7211,109.98,27.531613,37.7,20.99,70.770968,0.065484,NASA_POWER,2.029845,BCB_PTAX,111.71087,EIA,0.3913,AppEEARS:MOD13Q1.061:_250m_16_days_NDVI,,,10,4,1,0,80.99,0.0,0.0,26.996667,29.118333,26.962581,24.354839,26.811918,45.431667,40.978065,60.749677,49.053136,0.152,0.16871,0.108387,0.143032,0.36725,0.32755,0.3629,0.352567,,,,,2.028079,2.029443,2.028736,2.028753,112.863684,113.356087,102.618571,109.612781,-57.291667,0.242258,-0.012692,,0.143734,32.258426,75.73,37.313636,CEPEA,CEPEA/ESALQ - Paranaguá,75.73,36.579
2012-11-01,sorriso_mt,"Sorriso, MT",-12.5425,-55.7211,190.78,25.477333,34.05,20.92,84.567333,0.081,NASA_POWER,2.06775,BCB_PTAX,109.058571,EIA,0.3413,AppEEARS:MOD13Q1.061:_250m_16_days_NDVI,,,11,4,1,0,109.98,80.99,0.0,63.656667,27.531613,29.118333,26.962581,27.870842,70.770968,45.431667,40.978065,52.393567,0.065484,0.152,0.16871,0.128731,0.3913,0.36725,0.32755,0.362033,,,,,2.029845,2.028079,2.029443,2.029122,111.71087,112.863684,113.356087,112.643547,-43.623333,0.078888,-0.12115,,0.163734,29.669714,75.73,36.579,CEPEA,CEPEA/ESALQ - Paranaguá,75.73,36.413889
2012-12-01,sorriso_mt,"Sorriso, MT",-12.5425,-55.7211,123.64,25.640323,34.03,20.48,81.422903,0.082581,NASA_POWER,2.077835,BCB_PTAX,109.304783,EIA,0.39995,AppEEARS:MOD13Q1.061:_250m_16_days_NDVI,,,12,4,1,0,190.78,109.98,80.99,127.25,25.477333,27.531613,29.118333,27.37576,84.567333,70.770968,45.431667,66.923323,0.081,0.065484,0.152,0.099495,0.3413,0.3913,0.36725,0.366617,,,,,2.06775,2.029845,2.028079,2.041891,109.058571,111.71087,112.863684,111.211042,-145.418333,1.171667,0.0258,,0.14268,30.910399,75.73,36.413889,CEPEA,CEPEA/ESALQ - Paranaguá,71.992727,35.462727
2013-01-01,sorriso_mt,"Sorriso, MT",-12.5425,-55.7211,191.94,25.377742,34.16,20.68,85.465806,0.074839,NASA_POWER,2.031077,BCB_PTAX,112.976111,EIA,0.39905,AppEEARS:MOD13Q1.061:_250m_16_days_NDVI,,,1,1,0,1,123.64,190.78,109.98,141.466667,25.640323,25.477333,27.531613,26.216423,81.422903,84.567333,70.770968,78.920401,0.082581,0.081,0.065484,0.076355,0.39995,0.3413,0.3913,0.377517,,,,,2.077835,2.06775,2.029845,2.058477,109.304783,109.058571,111.71087,110.024741,-107.381667,0.982957,-0.04315,,0.120311,34.338671,71.992727,35.462727,CEPEA,CEPEA/ESALQ - Paranaguá,64.007778,32.427778
2013-02-01,sorriso_mt,"Sorriso, MT",-12.5425,-55.7211,331.35,24.447143,29.53,19.55,89.815357,0.1175,NASA_POWER,1.97325,BCB_PTAX,116.050526,EIA,0.43555,AppEEARS:MOD13Q1.061:_250m_16_days_NDVI,,,2,1,0,1,191.94,123.64,190.78,168.786667,25.377742,25.640323,25.477333,25.498466,85.465806,81.422903,84.567333,83.818681,0.074839,0.082581,0.081,0.079473,0.39905,0.39995,0.3413,0.3801,,,,,2.031077,2.077835,2.06775,2.058887,112.976111,109.304783,109.058571,110.446488,-0.57,0.172636,0.004742,,0.079136,33.940118,64.007778,32.427778,CEPEA,CEPEA/ESALQ - Paranaguá,61.838,31.153
2013-03-01,sorriso_mt,"Sorriso, MT",-12.5425,-55.7211,202.8,24.754516,30.06,20.95,90.959677,0.109677,NASA_POWER,1.98284,BCB_PTAX,108.474,EIA,0.4749,AppEEARS:MOD13Q1.061:_250m_16_days_NDVI,,,3,1,0,1,331.35,191.94,123.64,215.643333,24.447143,25.377742,25.640323,25.155069,89.815357,85.465806,81.422903,85.568022,0.1175,0.074839,0.082581,0.09164,0.43555,0.39905,0.39995,0.411517,,,,,1.97325,2.031077,2.077835,2.027387,116.050526,112.976111,109.304783,112.77714,-6.423333,0.222581,0.0344,,0.091116,19.950211,61.838,31.153,CEPEA,CEPEA/ESALQ - Paranaguá,59.449545,29.683636
2013-04-01,sorriso_mt,"Sorriso, MT",-12.5425,-55.7211,210.0,24.155667,29.32,19.21,91.091333,0.100333,NASA_POWER,2.002214,BCB_PTAX,102.248182,EIA,0.45045,AppEEARS:MOD13Q1.061:_250m_16_days_NDVI,,,4,2,0,1,202.8,331.35,191.94,242.03,24.754516,24.447143,25.377742,24.8598,90.959677,89.815357,85.465806,88.746947,0.109677,0.1175,0.074839,0.100672,0.4749,0.43555,0.39905,0.4365,,,,,1.98284,1.97325,2.031077,1.995722,108.474,116.050526,112.976111,112.500212,101.91,-0.220571,-0.019579,,0.108792,13.034292,59.449545,29.683636,CEPEA,CEPEA/ESALQ - Paranaguá,61.887619,30.348095
2013-05-01,sorriso_mt,"Sorriso, MT",-12.5425,-55.7211,47.61,23.967419,29.8,18.01,86.881935,0.110323,NASA_POWER,2.034843,BCB_PTAX,102.558636,EIA,0.4176,AppEEARS:MOD13Q1.061:_250m_16_days_NDVI,,,5,2,0,0,210.0,202.8,331.35,248.05,24.155667,24.754516,24.447143,24.452442,91.091333,90.959677,89.815357,90.622122,0.100333,0.109677,0.1175,0.10917,0.45045,0.4749,0.43555,0.453633,,,,,2.002214,1.98284,1.97325,1.986101,102.248182,108.474,116.050526,108.924236,17.888571,1.195483,-0.021079,,0.135725,14.221072,61.887619,30.348095,CEPEA,CEPEA/ESALQ - Paranaguá,68.724,31.607
2013-06-01,sorriso_mt,"Sorriso, MT",-12.5425,-55.7211,2.71,24.922333,33.6,16.8,75.748333,0.13,NASA_POWER,2.172955,BCB_PTAX,102.9195,EIA,0.43555,AppEEARS:MOD13Q1.061:_250m_16_days_NDVI,,,6,2,0,0,47.61,210.0,202.8,153.47,23.967419,24.155667,24.754516,24.292534,86.881935,91.091333,90.959677,89.644315,0.110323,0.100333,0.109677,0.106778,0.4176,0.45045,0.4749,0.44765,,,,,2.034843,2.002214,1.98284,2.006632,102.558636,102.248182,108.474,104.426939,-9.784286,1.979857,0.026514,,0.287335,13.736164,68.724,31.607,CEPEA,CEPEA/ESALQ - Paranaguá,69.318696,30.778696
2013-07-01,sorriso_mt,"Sorriso, MT",-12.5425,-55.7211,3.3,25.315806,35.78,13.29,55.720645,0.124839,NASA_POWER,2.25217,BCB_PTAX,107.933182,EIA,0.36835,AppEEARS:MOD13Q1.061:_250m_16_days_NDVI,,,7,3,0,0,2.71,47.61,210.0,86.773333,24.922333,23.967419,24.155667,24.348473,75.748333,86.881935,91.091333,84.573867,0.13,0.110323,0.100333,0.113552,0.43555,0.4176,0.45045,0.434533,,,,,2.172955,2.034843,2.002214,2.070004,102.9195,102.558636,102.248182,102.575439,-3.454286,0.857557,-0.002929,,0.400945,16.08604,69.318696,30.778696,CEPEA,CEPEA/ESALQ - Paranaguá,69.884091,29.777273
2013-08-01,sorriso_mt,"Sorriso, MT",-12.5425,-55.7211,0.14,27.10871,37.97,15.66,39.313871,0.153548,NASA_POWER,2.342191,BCB_PTAX,111.280455,EIA,0.3285,AppEEARS:MOD13Q1.061:_250m_16_days_NDVI,,,8,3,0,0,3.3,2.71,47.61,17.873333,25.315806,24.922333,23.967419,24.735186,55.720645,75.748333,86.881935,72.783638,0.124839,0.13,0.110323,0.121721,0.36835,0.43555,0.4176,0.407167,,,,,2.25217,2.172955,2.034843,2.153323,107.933182,102.9195,102.558636,104.470439,-6.941429,0.121106,-0.028457,,0.48999,21.229257,69.884091,29.777273,CEPEA,CEPEA/ESALQ - Paranaguá,73.469524,32.420476
2013-09-01,sorriso_mt,"Sorriso, MT",-12.5425,-55.7211,31.2,28.793333,39.37,19.9,50.796333,0.108,NASA_POWER,2.27051,BCB_PTAX,111.5965,EIA,0.38905,AppEEARS:MOD13Q1.061:_250m_16_days_NDVI,,,9,3,1,0,0.14,3.3,2.71,2.05,27.10871,25.315806,24.922333,25.782283,39.313871,55.720645,75.748333,56.927616,0.153548,0.124839,0.13,0.136129,0.3285,0.36835,0.43555,0.377467,,,,,2.342191,2.25217,2.172955,2.255772,111.280455,107.933182,102.9195,107.377712,-19.014286,-0.294667,-0.002771,,0.387045,24.80355,73.469524,32.420476,CEPEA,CEPEA/ESALQ - Paranaguá,73.83913,33.696522
2013-10-01,sorriso_mt,"Sorriso, MT",-12.5425,-55.7211,185.42,26.336129,35.97,19.24,75.729355,0.066452,NASA_POWER,2.188648,BCB_PTAX,109.076522,EIA,0.4071,AppEEARS:MOD13Q1.061:_250m_16_days_NDVI,,,10,4,1,0,31.2,0.14,3.3,11.546667,28.793333,27.10871,25.315806,27.072616,50.796333,39.313871,55.720645,48.610283,0.108,0.153548,0.124839,0.128796,0.38905,0.3285,0.36835,0.361967,,,,,2.27051,2.342191,2.25217,2.28829,111.5965,111.280455,107.933182,110.270046,26.332857,-0.987834,0.004921,,0.282004,25.015732,73.83913,33.696522,CEPEA,CEPEA/ESALQ - Paranaguá,76.35,33.2105
2013-11-01,sorriso_mt,"Sorriso, MT",-12.5425,-55.7211,194.08,24.866667,33.83,20.52,85.541333,0.081667,NASA_POWER,2.29535,BCB_PTAX,107.792,EIA,0.4285,AppEEARS:MOD13Q1.061:_250m_16_days_NDVI,,,11,4,1,0,185.42,31.2,0.14,72.253333,26.336129,28.793333,27.10871,27.412724,75.729355,50.796333,39.313871,55.279853,0.066452,0.108,0.153548,0.109333,0.4071,0.38905,0.3285,0.374883,,,,,2.188648,2.27051,2.342191,2.267116,109.076522,111.5965,111.280455,110.651159,-34.091429,-0.543047,-0.016643,,0.367944,24.164613,76.35,33.2105,CEPEA,CEPEA/ESALQ - Paranaguá,77.25,32.903684
2013-12-01,sorriso_mt,"Sorriso, MT",-12.5425,-55.7211,273.41,24.316774,29.76,20.47,92.000323,0.081613,NASA_POWER,2.345486,BCB_PTAX,101.286087,EIA,0.4823,AppEEARS:MOD13Q1.061:_250m_16_days_NDVI,,,12,4,1,0,194.08,185.42,31.2,136.9,24.866667,26.336129,28.793333,26.665376,85.541333,75.729355,50.796333,70.689007,0.081667,0.066452,0.108,0.085373,0.4285,0.4071,0.38905,0.408217,,,,,2.29535,2.188648,2.27051,2.251503,107.792,109.076522,111.5965,109.488341,25.125714,-0.319263,0.104464,,0.389948,18.475932,77.25,32.903684,CEPEA,CEPEA/ESALQ - Paranaguá,72.291818,30.344545
2014-01-01,sorriso_mt,"Sorriso, MT",-12.5425,-55.7211,77.94,24.016774,29.25,18.35,87.793871,0.119677,NASA_POWER,2.382209,BCB_PTAX,108.204,EIA,0.46395,AppEEARS:MOD13Q1.061:_250m_16_days_NDVI,,,1,1,0,1,273.41,194.08,185.42,217.636667,24.316774,24.866667,26.336129,25.17319,92.000323,85.541333,75.729355,84.42367,0.081613,0.081667,0.066452,0.076577,0.4823,0.4285,0.4071,0.4393,,,,,2.345486,2.29535,2.188648,2.276495,101.286087,107.792,109.076522,106.051536,-206.041429,-0.518433,0.027914,,0.454256,24.661035,72.291818,30.344545,CEPEA,CEPEA/ESALQ - Paranaguá,69.713,29.2865
2014-02-01,sorriso_mt,"Sorriso, MT",-12.5425,-55.7211,242.04,24.061071,29.6,19.97,89.163571,0.096786,NASA_POWER,2.38368,BCB_PTAX,108.900526,EIA,0.4376,AppEEARS:MOD13Q1.061:_250m_16_days_NDVI,,,2,1,0,1,77.94,273.41,194.08,181.81,24.016774,24.316774,24.866667,24.400072,87.793871,92.000323,85.541333,88.445176,0.119677,0.081613,0.081667,0.094319,0.46395,0.4823,0.4285,0.45825,,,,,2.382209,2.345486,2.29535,2.341015,108.204,101.286087,107.792,105.760696,-89.798571,-0.238099,0.006114,,0.478261,21.94153,69.713,29.2865,CEPEA,CEPEA/ESALQ - Paranaguá,72.269474,31.063158
2014-03-01,sorriso_mt,"Sorriso, MT",-12.5425,-55.7211,138.11,24.549355,29.18,20.48,89.78,0.131613,NASA_POWER,2.326089,BCB_PTAX,107.480952,EIA,0.45145,AppEEARS:MOD13Q1.061:_250m_16_days_NDVI,,,3,1,0,1,242.04,77.94,273.41,197.796667,24.061071,24.016774,24.316774,24.13154,89.163571,87.793871,92.000323,89.652588,0.096786,0.119677,0.081613,0.099359,0.4376,0.46395,0.4823,0.461283,,,,,2.38368,2.382209,2.345486,2.370458,108.900526,108.204,101.286087,106.130204,-70.195714,-0.014378,0.006036,,0.421348,16.107133,72.269474,31.063158,CEPEA,CEPEA/ESALQ - Paranaguá,71.111,31.847
2014-04-01,sorriso_mt,"Sorriso, MT",-12.5425,-55.7211,87.19,24.601,29.43,19.68,89.749333,0.138667,NASA_POWER,2.23277,BCB_PTAX,107.755238,EIA,0.4242,AppEEARS:MOD13Q1.061:_250m_16_days_NDVI,,,4,2,0,1,138.11,242.04,77.94,152.696667,24.549355,24.061071,24.016774,24.209067,89.78,89.163571,87.793871,88.912481,0.131613,0.096786,0.119677,0.116025,0.45145,0.4376,0.46395,0.451,,,,,2.326089,2.38368,2.382209,2.363993,107.480952,108.900526,108.204,108.195159,-33.63875,0.252333,-0.043381,,0.325749,16.912061,71.111,31.847,CEPEA,CEPEA/ESALQ - Paranaguá,70.742857,31.840476
2014-05-01,sorriso_mt,"Sorriso, MT",-12.5425,-55.7211,11.9,25.215806,33.55,16.1,75.622581,0.078065,NASA_POWER,2.220881,BCB_PTAX,109.539091,EIA,0.41545,AppEEARS:MOD13Q1.061:_250m_16_days_NDVI,,,5,2,0,0,87.19,138.11,242.04,155.78,24.601,24.549355,24.061071,24.403809,89.749333,89.78,89.163571,89.564301,0.138667,0.131613,0.096786,0.122355,0.4242,0.45145,0.4376,0.43775,,,,,2.23277,2.326089,2.38368,2.31418,107.755238,107.480952,108.900526,108.045572,-20.0575,2.294435,-0.020594,,0.304797,19.423893,70.742857,31.840476,CEPEA,CEPEA/ESALQ - Paranaguá,70.858,31.6945
2014-06-01,sorriso_mt,"Sorriso, MT",-12.5425,-55.7211,19.48,25.448,34.72,15.87,66.562667,0.104,NASA_POWER,2.23547,BCB_PTAX,111.795238,EIA,0.3989,AppEEARS:MOD13Q1.061:_250m_16_days_NDVI,,,6,2,0,0,11.9,87.19,138.11,79.066667,25.215806,24.601,24.549355,24.78872,75.622581,89.749333,89.78,85.050638,0.078065,0.138667,0.131613,0.116115,0.41545,0.4242,0.45145,0.430367,,,,,2.220881,2.23277,2.326089,2.259913,109.539091,107.755238,107.480952,108.258427,8.20875,2.258042,-0.01345,,0.313933,20.894881,70.858,31.6945,CEPEA,CEPEA/ESALQ - Paranaguá,67.297826,30.253913
2014-07-01,sorriso_mt,"Sorriso, MT",-12.5425,-55.7211,2.78,26.368065,36.3,14.96,52.388387,0.119355,NASA_POWER,2.224648,BCB_PTAX,106.768182,EIA,0.35255,AppEEARS:MOD13Q1.061:_250m_16_days_NDVI,,,7,3,0,0,19.48,11.9,87.19,39.523333,25.448,25.215806,24.601,25.088269,66.562667,75.622581,89.749333,77.311527,0.104,0.078065,0.138667,0.106911,0.3989,0.41545,0.4242,0.41285,,,,,2.23547,2.220881,2.23277,2.229707,111.795238,109.539091,107.755238,109.696522,-3.5425,1.802621,-0.018362,,0.323305,12.910285,67.297826,30.253913,CEPEA,CEPEA/ESALQ - Paranaguá,67.105714,29.58619
2014-08-01,sorriso_mt,"Sorriso, MT",-12.5425,-55.7211,4.1,28.609032,38.47,17.06,36.102258,0.139355,NASA_POWER,2.268029,BCB_PTAX,101.608095,EIA,0.38615,AppEEARS:MOD13Q1.061:_250m_16_days_NDVI,,,8,3,0,0,2.78,19.48,11.9,11.386667,26.368065,25.448,25.215806,25.67729,52.388387,66.562667,75.622581,64.857878,0.119355,0.104,0.078065,0.100473,0.35255,0.3989,0.41545,0.388967,,,,,2.224648,2.23547,2.220881,2.227,106.768182,111.795238,109.539091,109.367504,-2.11375,1.60629,0.03275,,0.354579,8.90324,67.105714,29.58619,CEPEA,CEPEA/ESALQ - Paranaguá,63.063182,27.043636
2014-09-01,sorriso_mt,"Sorriso, MT",-12.5425,-55.7211,64.43,29.507,39.32,20.9,51.589667,0.103333,NASA_POWER,2.332868,BCB_PTAX,97.091429,EIA,0.3632,AppEEARS:MOD13Q1.061:_250m_16_days_NDVI,,,9,3,1,0,4.1,2.78,19.48,8.786667,28.609032,26.368065,25.448,26.808366,36.102258,52.388387,66.562667,51.684437,0.139355,0.119355,0.104,0.120903,0.38615,0.35255,0.3989,0.3792,,,,,2.268029,2.224648,2.23547,2.242716,101.608095,106.768182,111.795238,106.723838,16.5925,0.455833,-0.028275,,0.401023,7.198035,63.063182,27.043636,CEPEA,CEPEA/ESALQ - Paranaguá,61.17,24.978261
2014-10-01,sorriso_mt,"Sorriso, MT",-12.5425,-55.7211,50.87,29.583548,41.42,21.73,54.841613,0.087742,NASA_POWER,2.448261,BCB_PTAX,87.425217,EIA,0.3876,AppEEARS:MOD13Q1.061:_250m_16_days_NDVI,,,10,4,1,0,64.43,4.1,2.78,23.77,29.507,28.609032,26.368065,28.161366,51.589667,36.102258,52.388387,46.693437,0.103333,0.139355,0.119355,0.120681,0.3632,0.38615,0.35255,0.3673,,,,,2.332868,2.268029,2.224648,2.275182,97.091429,101.608095,106.768182,101.822569,-111.50875,2.383064,-0.015194,,0.506367,0.23746,61.17,24.978261,CEPEA,CEPEA/ESALQ - Paranaguá,61.17,23.9705
2014-11-01,sorriso_mt,"Sorriso, MT",-12.5425,-55.7211,109.09,27.239333,37.47,21.34,72.538333,0.052,NASA_POWER,2.548365,BCB_PTAX,79.437895,EIA,0.4278,AppEEARS:MOD13Q1.061:_250m_16_days_NDVI,,,11,4,1,0,50.87,64.43,4.1,39.8,29.583548,29.507,28.609032,29.233193,54.841613,51.589667,36.102258,47.511179,0.087742,0.103333,0.139355,0.110143,0.3876,0.3632,0.38615,0.378983,,,,,2.448261,2.332868,2.268029,2.349719,87.425217,97.091429,101.608095,95.374914,-114.82,1.8975,-0.015262,,0.574966,-7.210069,61.17,23.9705,CEPEA,CEPEA/ESALQ - Paranaguá,61.17,23.163
2014-12-01,sorriso_mt,"Sorriso, MT",-12.5425,-55.7211,270.42,24.708387,31.59,20.45,89.151935,0.073871,NASA_POWER,2.639364,BCB_PTAX,58.644783,EIA,0.4766,AppEEARS:MOD13Q1.061:_250m_16_days_NDVI,,,12,4,1,0,109.09,50.87,64.43,74.796667,27.239333,29.583548,29.507,28.776627,72.538333,54.841613,51.589667,59.656538,0.052,0.087742,0.103333,0.081025,0.4278,0.3876,0.3632,0.392867,,,,,2.548365,2.448261,2.332868,2.443165,79.437895,87.425217,97.091429,87.984847,18.995,0.112258,0.085706,,0.635082,-26.474864,61.17,23.163,CEPEA,CEPEA/ESALQ - Paranaguá,61.143333,23.20381
2015-01-01,sorriso_mt,"Sorriso, MT",-12.5425,-55.7211,63.59,25.50129,34.65,20.65,80.528065,0.074516,NASA_POWER,2.634229,BCB_PTAX,47.358421,EIA,0.434,AppEEARS:MOD13Q1.061:_250m_16_days_NDVI,,,1,1,0,1,270.42,109.09,50.87,143.46,24.708387,27.239333,29.583548,27.177089,89.151935,72.538333,54.841613,72.177294,0.073871,0.052,0.087742,0.071204,0.4766,0.4278,0.3876,0.430667,,,,,2.639364,2.548365,2.448261,2.54533,58.644783,79.437895,87.425217,75.169298,-194.63625,1.030887,-0.005525,,0.649494,-39.267173,61.143333,23.20381,CEPEA,CEPEA/ESALQ - Paranaguá,63.717778,22.617778
2015-02-01,sorriso_mt,"Sorriso, MT",-12.5425,-55.7211,95.69,25.700714,34.43,19.97,79.1575,0.062143,NASA_POWER,2.81645,BCB_PTAX,58.0955,EIA,0.5558,AppEEARS:MOD13Q1.061:_250m_16_days_NDVI,,,2,1,0,1,63.59,270.42,109.09,147.7,25.50129,24.708387,27.239333,25.816337,80.528065,89.151935,72.538333,80.739444,0.074516,0.073871,0.052,0.066796,0.434,0.4766,0.4278,0.446133,,,,,2.634229,2.639364,2.548365,2.607319,47.358421,58.644783,79.437895,61.8137,-224.92375,1.431307,0.12355,,0.851248,-31.606187,63.717778,22.617778,CEPEA,CEPEA/ESALQ - Paranaguá,67.900455,21.61
2015-03-01,sorriso_mt,"Sorriso, MT",-12.5425,-55.7211,36.51,26.804839,36.07,20.76,73.054839,0.05,NASA_POWER,3.139477,BCB_PTAX,55.885455,EIA,0.35685,AppEEARS:MOD13Q1.061:_250m_16_days_NDVI,0.2657,AppEEARS:SPL3SMP_E.006:Soil_Moisture_Retrieval_Data_PM_soil_moisture_pm,3,1,0,1,95.69,63.59,270.42,143.233333,25.700714,25.50129,24.708387,25.303464,79.1575,80.528065,89.151935,82.945833,0.062143,0.074516,0.073871,0.070177,0.5558,0.434,0.4766,0.4888,,,,,2.81645,2.634229,2.639364,2.696681,58.0955,47.358421,58.644783,54.699568,-163.02125,2.242903,-0.089319,,1.182068,-37.501756,67.900455,21.61,CEPEA,CEPEA/ESALQ - Paranaguá,69.526,22.861
2015-04-01,sorriso_mt,"Sorriso, MT",-12.5425,-55.7211,90.3,26.171333,34.45,20.91,78.767333,0.092333,NASA_POWER,3.04322,BCB_PTAX,59.524286,EIA,0.4552,AppEEARS:MOD13Q1.061:_250m_16_days_NDVI,0.249542,AppEEARS:SPL3SMP_E.006:Soil_Moisture_Retrieval_Data_PM_soil_moisture_pm,4,2,0,1,36.51,95.69,63.59,65.263333,26.804839,25.700714,25.50129,26.002281,73.054839,79.1575,80.528065,77.580135,0.05,0.062143,0.074516,0.06222,0.35685,0.5558,0.434,0.448883,0.2657,,,0.2657,3.139477,2.81645,2.634229,2.863385,55.885455,58.0955,47.358421,53.779792,-26.791111,1.794629,-0.007561,,1.100005,-33.198009,69.526,22.861,CEPEA,CEPEA/ESALQ - Paranaguá,66.6085,21.7565
2015-05-01,sorriso_mt,"Sorriso, MT",-12.5425,-55.7211,27.73,26.283226,34.88,19.53,71.436129,0.065161,NASA_POWER,3.061715,BCB_PTAX,64.075,EIA,0.45035,AppEEARS:MOD13Q1.061:_250m_16_days_NDVI,0.196459,AppEEARS:SPL3SMP_E.006:Soil_Moisture_Retrieval_Data_PM_soil_moisture_pm,5,2,0,0,90.3,36.51,95.69,74.166667,26.171333,26.804839,25.700714,26.225629,78.767333,73.054839,79.1575,76.993224,0.092333,0.05,0.062143,0.068159,0.4552,0.35685,0.5558,0.45595,0.249542,0.2657,,0.257621,3.04322,3.139477,2.81645,2.999716,59.524286,55.885455,58.0955,57.83508,-1.998889,3.106918,0.016594,,1.111765,-28.198408,66.6085,21.7565,CEPEA,CEPEA/ESALQ - Paranaguá,67.876667,21.828571
2015-06-01,sorriso_mt,"Sorriso, MT",-12.5425,-55.7211,1.54,27.019333,35.48,18.79,54.832,0.108,NASA_POWER,3.111738,BCB_PTAX,61.477727,EIA,0.3669,AppEEARS:MOD13Q1.061:_250m_16_days_NDVI,0.157988,AppEEARS:SPL3SMP_E.006:Soil_Moisture_Retrieval_Data_PM_soil_moisture_pm,6,2,0,0,27.73,90.3,36.51,51.513333,26.283226,26.171333,26.804839,26.419799,71.436129,78.767333,73.054839,74.419434,0.065161,0.092333,0.05,0.069165,0.45035,0.4552,0.35685,0.4208,0.196459,0.249542,0.2657,0.237234,3.061715,3.04322,3.139477,3.081471,64.075,59.524286,55.885455,59.828247,-10.643333,3.578481,-0.043956,,1.15532,-31.744283,67.876667,21.828571,CEPEA,CEPEA/ESALQ - Paranaguá,72.892609,22.610435
2015-07-01,sorriso_mt,"Sorriso, MT",-12.5425,-55.7211,0.74,27.444839,36.66,17.31,41.933548,0.134839,NASA_POWER,3.223143,BCB_PTAX,56.561304,EIA,0.40795,AppEEARS:MOD13Q1.061:_250m_16_days_NDVI,0.174174,AppEEARS:SPL3SMP_E.006:Soil_Moisture_Retrieval_Data_PM_soil_moisture_pm,7,3,0,0,1.54,27.73,90.3,39.856667,27.019333,26.283226,26.171333,26.491297,54.832,71.436129,78.767333,68.345154,0.108,0.065161,0.092333,0.088498,0.3669,0.45035,0.4552,0.42415,0.157988,0.196459,0.249542,0.20133,3.111738,3.061715,3.04322,3.072224,61.477727,64.075,59.524286,61.692338,-5.188889,2.679104,0.039078,,1.285877,-38.731069,72.892609,22.610435,CEPEA,CEPEA/ESALQ - Paranaguá,77.329524,22.01619
2015-08-01,sorriso_mt,"Sorriso, MT",-12.5425,-55.7211,2.04,29.485806,39.93,18.2,30.706129,0.140645,NASA_POWER,3.514305,BCB_PTAX,46.515,EIA,0.38215,AppEEARS:MOD13Q1.061:_250m_16_days_NDVI,0.141264,AppEEARS:SPL3SMP_E.006:Soil_Moisture_Retrieval_Data_PM_soil_moisture_pm,8,3,0,0,0.74,1.54,27.73,10.003333,27.444839,27.019333,26.283226,26.915799,41.933548,54.832,71.436129,56.067226,0.134839,0.108,0.065161,0.102667,0.40795,0.3669,0.45035,0.4084,0.174174,0.157988,0.196459,0.176207,3.223143,3.111738,3.061715,3.132199,56.561304,61.477727,64.075,60.704677,-3.938889,2.304587,0.025111,,1.561458,-47.179104,77.329524,22.01619,CEPEA,CEPEA/ESALQ - Paranaguá,81.345238,20.832857
2015-09-01,sorriso_mt,"Sorriso, MT",-12.5425,-55.7211,2.69,32.191667,40.77,22.0,32.814667,0.126333,NASA_POWER,3.906457,BCB_PTAX,47.623182,EIA,0.3449,AppEEARS:MOD13Q1.061:_250m_16_days_NDVI,0.150235,AppEEARS:SPL3SMP_E.006:Soil_Moisture_Retrieval_Data_PM_soil_moisture_pm,9,3,1,0,2.04,0.74,1.54,1.44,29.485806,27.444839,27.019333,27.983326,30.706129,41.933548,54.832,42.490559,0.140645,0.134839,0.108,0.127828,0.38215,0.40795,0.3669,0.385667,0.141264,0.174174,0.157988,0.157809,3.514305,3.223143,3.111738,3.283062,46.515,56.561304,61.477727,54.851344,-46.991111,3.089852,-0.043433,,1.930054,-43.069994,81.345238,20.832857,CEPEA,CEPEA/ESALQ - Paranaguá,81.977619,21.137619
2015-10-01,sorriso_mt,"Sorriso, MT",-12.5425,-55.7211,89.5,30.601613,41.79,21.7,52.306774,0.073548,NASA_POWER,3.880138,BCB_PTAX,48.43,EIA,0.3817,AppEEARS:MOD13Q1.061:_250m_16_days_NDVI,0.213546,AppEEARS:SPL3SMP_E.006:Soil_Moisture_Retrieval_Data_PM_soil_moisture_pm,10,4,1,0,2.69,2.04,0.74,1.823333,32.191667,29.485806,27.444839,29.707437,32.814667,30.706129,41.933548,35.151448,0.126333,0.140645,0.134839,0.133939,0.3449,0.38215,0.40795,0.378333,0.150235,0.141264,0.174174,0.155224,3.906457,3.514305,3.223143,3.547968,47.623182,46.515,56.561304,50.233162,-60.488889,3.136344,-0.019406,,1.881981,-38.784141,81.977619,21.137619,CEPEA,CEPEA/ESALQ - Paranaguá,79.973,21.1735
2015-11-01,sorriso_mt,"Sorriso, MT",-12.5425,-55.7211,84.4,28.740667,38.39,21.89,68.101333,0.044333,NASA_POWER,3.77646,BCB_PTAX,44.267619,EIA,0.383,AppEEARS:MOD13Q1.061:_250m_16_days_NDVI,0.242645,AppEEARS:SPL3SMP_E.006:Soil_Moisture_Retrieval_Data_PM_soil_moisture_pm,11,4,1,0,89.5,2.69,2.04,31.41,30.601613,32.191667,29.485806,30.759695,52.306774,32.814667,30.706129,38.60919,0.073548,0.126333,0.140645,0.113509,0.3817,0.3449,0.38215,0.369583,0.213546,0.150235,0.141264,0.168348,3.880138,3.906457,3.514305,3.766967,48.43,47.623182,46.515,47.522727,-126.752222,3.188,-0.058367,,1.739176,-41.579226,79.973,21.1735,CEPEA,CEPEA/ESALQ - Paranaguá,80.758,20.8805
2015-12-01,sorriso_mt,"Sorriso, MT",-12.5425,-55.7211,150.76,28.145161,38.19,21.56,70.357742,0.074194,NASA_POWER,3.871136,BCB_PTAX,38.329444,EIA,0.398,AppEEARS:MOD13Q1.061:_250m_16_days_NDVI,0.233118,AppEEARS:SPL3SMP_E.006:Soil_Moisture_Retrieval_Data_PM_soil_moisture_pm,12,4,1,0,84.4,89.5,2.69,58.863333,28.740667,30.601613,32.191667,30.511316,68.101333,52.306774,32.814667,51.074258,0.044333,0.073548,0.126333,0.081405,0.383,0.3817,0.3449,0.369867,0.242645,0.213546,0.150235,0.202142,3.77646,3.880138,3.906457,3.854352,44.267619,48.43,47.623182,46.7736,-102.775556,3.536559,-0.002417,,1.79629,-43.848551,80.758,20.8805,CEPEA,CEPEA/ESALQ - Paranaguá,82.746,20.415
2016-01-01,sorriso_mt,"Sorriso, MT",-12.5425,-55.7211,204.02,25.379355,32.15,21.65,89.444839,0.051613,NASA_POWER,4.05235,BCB_PTAX,30.6995,EIA,0.3651,AppEEARS:MOD13Q1.061:_250m_16_days_NDVI,0.27176,AppEEARS:SPL3SMP_E.006:Soil_Moisture_Retrieval_Data_PM_soil_moisture_pm,1,1,0,1,150.76,84.4,89.5,108.22,28.145161,28.740667,30.601613,29.16248,70.357742,68.101333,52.306774,63.588616,0.074194,0.044333,0.073548,0.064025,0.398,0.383,0.3817,0.387567,0.233118,0.242645,0.213546,0.22977,3.871136,3.77646,3.880138,3.842578,38.329444,44.267619,48.43,43.675688,-32.58,0.794409,-0.073811,,1.995449,-51.563075,82.746,20.415,CEPEA,CEPEA/ESALQ - Paranaguá,77.829474,19.592105
2016-02-01,sorriso_mt,"Sorriso, MT",-12.5425,-55.7211,53.38,27.336552,36.59,21.23,74.567241,0.043793,NASA_POWER,3.973742,BCB_PTAX,32.1815,EIA,0.43285,AppEEARS:MOD13Q1.061:_250m_16_days_NDVI,0.27083,AppEEARS:SPL3SMP_E.006:Soil_Moisture_Retrieval_Data_PM_soil_moisture_pm,2,1,0,1,204.02,150.76,84.4,146.393333,25.379355,28.145161,28.740667,27.421728,89.444839,70.357742,68.101333,75.967971,0.051613,0.074194,0.044333,0.056713,0.3651,0.398,0.383,0.382033,0.27176,0.233118,0.242645,0.249174,4.05235,3.871136,3.77646,3.899982,30.6995,38.329444,44.267619,37.765521,-242.242222,2.908111,-0.013128,,1.913957,-54.008389,77.829474,19.592105,CEPEA,CEPEA/ESALQ - Paranaguá,74.527727,20.169545
2016-03-01,sorriso_mt,"Sorriso, MT",-12.5425,-55.7211,170.29,26.037419,34.68,21.24,84.849032,0.084839,NASA_POWER,3.703918,BCB_PTAX,38.210455,EIA,0.47565,AppEEARS:MOD13Q1.061:_250m_16_days_NDVI,0.257557,AppEEARS:SPL3SMP_E.006:Soil_Moisture_Retrieval_Data_PM_soil_moisture_pm,3,1,0,1,53.38,204.02,150.76,136.053333,27.336552,25.379355,28.145161,26.953689,74.567241,89.444839,70.357742,78.123274,0.043793,0.051613,0.074194,0.056533,0.43285,0.3651,0.398,0.39865,0.27083,0.27176,0.233118,0.258569,3.973742,4.05235,3.871136,3.965743,32.1815,30.6995,38.329444,33.736815,-11.127778,1.226272,0.039406,-0.008143,1.615168,-51.009894,74.527727,20.169545,CEPEA,CEPEA/ESALQ - Paranaguá,78.0425,21.9805
2016-04-01,sorriso_mt,"Sorriso, MT",-12.5425,-55.7211,35.98,27.013667,35.48,15.78,71.404667,0.069,NASA_POWER,3.565845,BCB_PTAX,41.583333,EIA,0.4203,AppEEARS:MOD13Q1.061:_250m_16_days_NDVI,0.192732,AppEEARS:SPL3SMP_E.006:Soil_Moisture_Retrieval_Data_PM_soil_moisture_pm,4,2,0,1,170.29,53.38,204.02,142.563333,26.037419,27.336552,25.379355,26.251109,84.849032,74.567241,89.444839,82.953704,0.084839,0.043793,0.051613,0.060082,0.47565,0.43285,0.3651,0.424533,0.257557,0.27083,0.27176,0.266716,3.703918,3.973742,4.05235,3.910003,38.210455,32.1815,30.6995,33.697152,-78.432,2.4575,-0.041705,-0.05681,1.512629,-47.819161,78.0425,21.9805,CEPEA,CEPEA/ESALQ - Paranaguá,86.425238,24.432857
2016-05-01,sorriso_mt,"Sorriso, MT",-12.5425,-55.7211,0.72,28.127742,36.98,17.53,59.529355,0.087097,NASA_POWER,3.53929,BCB_PTAX,46.742381,EIA,0.42165,AppEEARS:MOD13Q1.061:_250m_16_days_NDVI,0.164857,AppEEARS:SPL3SMP_E.006:Soil_Moisture_Retrieval_Data_PM_soil_moisture_pm,5,2,0,0,35.98,170.29,53.38,86.55,27.013667,26.037419,27.336552,26.795879,71.404667,84.849032,74.567241,76.940313,0.069,0.084839,0.043793,0.065877,0.4203,0.47565,0.43285,0.442933,0.192732,0.257557,0.27083,0.240373,3.565845,3.703918,3.973742,3.747835,41.583333,38.210455,32.1815,37.325096,-28.809,4.640742,-0.013765,-0.031602,1.478164,-42.711186,86.425238,24.432857,CEPEA,CEPEA/ESALQ - Paranaguá,95.188182,27.857727
2016-06-01,sorriso_mt,"Sorriso, MT",-12.5425,-55.7211,18.69,26.866333,36.64,17.64,49.822667,0.086667,NASA_POWER,3.424477,BCB_PTAX,48.247273,EIA,0.3707,AppEEARS:MOD13Q1.061:_250m_16_days_NDVI,0.151966,AppEEARS:SPL3SMP_E.006:Soil_Moisture_Retrieval_Data_PM_soil_moisture_pm,6,2,0,0,0.72,35.98,170.29,68.996667,28.127742,27.013667,26.037419,27.059609,59.529355,71.404667,84.849032,71.927685,0.087097,0.069,0.084839,0.080312,0.42165,0.4203,0.47565,0.4392,0.164857,0.192732,0.257557,0.205049,3.53929,3.565845,3.703918,3.603018,46.742381,41.583333,38.210455,42.178723,7.571,3.067633,-0.03576,-0.006022,1.352527,-41.800309,95.188182,27.857727,CEPEA,CEPEA/ESALQ - Paranaguá,87.464286,26.691905
2016-07-01,sorriso_mt,"Sorriso, MT",-12.5425,-55.7211,0.0,27.182258,36.92,18.26,32.636129,0.135806,NASA_POWER,3.275567,BCB_PTAX,44.951905,EIA,0.33395,AppEEARS:MOD13Q1.061:_250m_16_days_NDVI,0.128293,AppEEARS:SPL3SMP_E.006:Soil_Moisture_Retrieval_Data_PM_soil_moisture_pm,7,3,0,0,18.69,0.72,35.98,18.463333,26.866333,28.127742,27.013667,27.335914,49.822667,59.529355,71.404667,60.25223,0.086667,0.087097,0.069,0.080921,0.3707,0.42165,0.4203,0.404217,0.151966,0.164857,0.192732,0.169852,3.424477,3.53929,3.565845,3.509871,48.247273,46.742381,41.583333,45.524329,-5.41,2.148613,-0.03883,-0.045881,1.209713,-46.467361,87.464286,26.691905,CEPEA,CEPEA/ESALQ - Paranaguá,81.692174,25.469565
2016-08-01,sorriso_mt,"Sorriso, MT",-12.5425,-55.7211,43.42,28.205806,38.99,17.22,40.846774,0.129677,NASA_POWER,3.209661,BCB_PTAX,45.843043,EIA,0.3505,AppEEARS:MOD13Q1.061:_250m_16_days_NDVI,0.163027,AppEEARS:SPL3SMP_E.006:Soil_Moisture_Retrieval_Data_PM_soil_moisture_pm,8,3,0,0,0.0,18.69,0.72,6.47,27.182258,26.866333,28.127742,27.392111,32.636129,49.822667,59.529355,47.329384,0.135806,0.086667,0.087097,0.10319,0.33395,0.3707,0.42165,0.375433,0.128293,0.151966,0.164857,0.148372,3.275567,3.424477,3.53929,3.413111,44.951905,48.247273,46.742381,46.647186,37.835,0.794129,-0.00905,0.021763,1.100668,-43.133151,81.692174,25.469565,CEPEA,CEPEA/ESALQ - Paranaguá,79.5,24.430952
2016-09-01,sorriso_mt,"Sorriso, MT",-12.5425,-55.7211,97.54,27.961333,39.57,19.05,59.058667,0.098,NASA_POWER,3.256371,BCB_PTAX,46.567727,EIA,0.36085,AppEEARS:MOD13Q1.061:_250m_16_days_NDVI,0.228193,AppEEARS:SPL3SMP_E.006:Soil_Moisture_Retrieval_Data_PM_soil_moisture_pm,9,3,1,0,43.42,0.0,18.69,20.703333,28.205806,27.182258,26.866333,27.418132,40.846774,32.636129,49.822667,41.101857,0.129677,0.135806,0.086667,0.117383,0.3505,0.33395,0.3707,0.351717,0.163027,0.128293,0.151966,0.147762,3.209661,3.275567,3.424477,3.303235,45.843043,44.951905,48.247273,46.347407,52.558,-1.449467,-0.02314,0.077958,1.086962,-39.818449,79.5,24.430952,CEPEA,CEPEA/ESALQ - Paranaguá,76.7035,24.0995
2016-10-01,sorriso_mt,"Sorriso, MT",-12.5425,-55.7211,116.81,27.494516,39.02,20.05,68.262903,0.07871,NASA_POWER,3.185845,BCB_PTAX,49.522381,EIA,0.3882,AppEEARS:MOD13Q1.061:_250m_16_days_NDVI,0.244456,AppEEARS:SPL3SMP_E.006:Soil_Moisture_Retrieval_Data_PM_soil_moisture_pm,10,4,1,0,97.54,43.42,0.0,46.986667,27.961333,28.205806,27.182258,27.783132,59.058667,40.846774,32.636129,44.180523,0.098,0.129677,0.135806,0.121161,0.36085,0.3505,0.33395,0.348433,0.228193,0.163027,0.128293,0.173171,3.256371,3.209661,3.275567,3.2472,46.567727,45.843043,44.951905,45.787558,-27.13,-0.284387,-0.010965,0.03091,0.99949,-33.813346,76.7035,24.0995,CEPEA,CEPEA/ESALQ - Paranaguá,78.2725,23.4445
2016-11-01,sorriso_mt,"Sorriso, MT",-12.5425,-55.7211,178.09,25.532333,33.75,21.57,84.462333,0.087667,NASA_POWER,3.34203,BCB_PTAX,44.734091,EIA,0.4341,AppEEARS:MOD13Q1.061:_250m_16_days_NDVI,0.245042,AppEEARS:SPL3SMP_E.006:Soil_Moisture_Retrieval_Data_PM_soil_moisture_pm,11,4,1,0,116.81,97.54,43.42,85.923333,27.494516,27.961333,28.205806,27.887218,68.262903,59.058667,40.846774,56.056115,0.07871,0.098,0.129677,0.102129,0.3882,0.36085,0.3505,0.366517,0.244456,0.228193,0.163027,0.211892,3.185845,3.256371,3.209661,3.217292,49.522381,46.567727,45.843043,47.31105,-20.387,-0.339134,-0.00143,0.002397,1.130828,-36.954831,78.2725,23.4445,CEPEA,CEPEA/ESALQ - Paranaguá,78.429048,23.392857
2016-12-01,sorriso_mt,"Sorriso, MT",-12.5425,-55.7211,228.81,24.885806,32.69,20.01,87.266129,0.114516,NASA_POWER,3.352268,BCB_PTAX,53.3085,EIA,0.41185,AppEEARS:MOD13Q1.061:_250m_16_days_NDVI,0.262051,AppEEARS:SPL3SMP_E.006:Soil_Moisture_Retrieval_Data_PM_soil_moisture_pm,12,4,1,0,178.09,116.81,97.54,130.813333,25.532333,27.494516,27.961333,26.996061,84.462333,68.262903,59.058667,70.594634,0.087667,0.07871,0.098,0.088126,0.4341,0.3882,0.36085,0.394383,0.245042,0.244456,0.228193,0.23923,3.34203,3.185845,3.256371,3.261415,44.734091,49.522381,46.567727,46.9414,-14.448,-0.076452,0.011675,0.028933,1.097793,-24.48464,78.429048,23.392857,CEPEA,CEPEA/ESALQ - Paranaguá,76.033636,23.802727
2017-01-01,sorriso_mt,"Sorriso, MT",-12.5425,-55.7211,176.29,24.44129,30.33,20.57,90.059677,0.103226,NASA_POWER,3.196609,BCB_PTAX,54.576667,EIA,0.43555,AppEEARS:MOD13Q1.061:_250m_16_days_NDVI,0.278166,AppEEARS:SPL3SMP_E.006:Soil_Moisture_Retrieval_Data_PM_soil_moisture_pm,1,1,0,1,228.81,178.09,116.81,174.57,24.885806,25.532333,27.494516,25.970885,87.266129,84.462333,68.262903,79.997122,0.114516,0.087667,0.07871,0.093631,0.41185,0.4341,0.3882,0.411383,0.262051,0.245042,0.244456,0.250516,3.352268,3.34203,3.185845,3.293381,53.3085,44.734091,49.522381,49.188324,-57.052,-0.223097,0.00402,0.006406,0.940163,-22.5296,76.033636,23.802727,CEPEA,CEPEA/ESALQ - Paranaguá,73.861667,23.811667
2017-02-01,sorriso_mt,"Sorriso, MT",-12.5425,-55.7211,249.09,23.987143,28.98,20.02,91.248214,0.102143,NASA_POWER,3.104194,BCB_PTAX,54.8695,EIA,0.3972,AppEEARS:MOD13Q1.061:_250m_16_days_NDVI,0.30292,AppEEARS:SPL3SMP_E.006:Soil_Moisture_Retrieval_Data_PM_soil_moisture_pm,2,1,0,1,176.29,228.81,178.09,194.396667,24.44129,24.885806,25.532333,24.953143,90.059677,87.266129,84.462333,87.262713,0.103226,0.114516,0.087667,0.101803,0.43555,0.41185,0.4341,0.427167,0.278166,0.262051,0.245042,0.261753,3.196609,3.352268,3.34203,3.296969,54.576667,53.3085,44.734091,50.873086,-22.308,-0.732109,-0.047465,0.03209,0.853014,-25.91955,73.861667,23.811667,CEPEA,CEPEA/ESALQ - Paranaguá,70.006087,22.396087
2017-03-01,sorriso_mt,"Sorriso, MT",-12.5425,-55.7211,209.88,24.829032,29.97,20.75,89.862581,0.15129,NASA_POWER,3.12793,BCB_PTAX,51.58913,EIA,0.4758,AppEEARS:MOD13Q1.061:_250m_16_days_NDVI,0.24357,AppEEARS:SPL3SMP_E.006:Soil_Moisture_Retrieval_Data_PM_soil_moisture_pm,3,1,0,1,249.09,176.29,228.81,218.063333,23.987143,24.44129,24.885806,24.43808,91.248214,90.059677,87.266129,89.524673,0.102143,0.103226,0.114516,0.106628,0.3972,0.43555,0.41185,0.414867,0.30292,0.278166,0.262051,0.281046,3.104194,3.196609,3.352268,3.21769,54.8695,54.576667,53.3085,54.251556,29.575,-0.104742,0.035615,-0.018058,0.877663,-32.53023,70.006087,22.396087,CEPEA,CEPEA/ESALQ - Paranaguá,65.82,20.962778
2017-04-01,sorriso_mt,"Sorriso, MT",-12.5425,-55.7211,129.87,24.861,29.59,19.77,89.783,0.138667,NASA_POWER,3.136172,BCB_PTAX,52.307895,EIA,0.4584,AppEEARS:MOD13Q1.061:_250m_16_days_NDVI,0.227771,AppEEARS:SPL3SMP_E.006:Soil_Moisture_Retrieval_Data_PM_soil_moisture_pm,4,2,0,1,209.88,249.09,176.29,211.753333,24.829032,23.987143,24.44129,24.419155,89.862581,91.248214,90.059677,90.390157,0.15129,0.102143,0.103226,0.118886,0.4758,0.3972,0.43555,0.436183,0.24357,0.30292,0.278166,0.274885,3.12793,3.104194,3.196609,3.142911,51.58913,54.8695,54.576667,53.678432,22.588182,0.081424,0.000186,0.006634,0.945444,-32.747402,65.82,20.962778,CEPEA,CEPEA/ESALQ - Paranaguá,68.936818,21.484091
2017-05-01,sorriso_mt,"Sorriso, MT",-12.5425,-55.7211,33.47,24.640968,29.76,17.86,87.896774,0.147742,NASA_POWER,3.209509,BCB_PTAX,50.326522,EIA,0.41855,AppEEARS:MOD13Q1.061:_250m_16_days_NDVI,0.212996,AppEEARS:SPL3SMP_E.006:Soil_Moisture_Retrieval_Data_PM_soil_moisture_pm,5,2,0,0,129.87,209.88,249.09,196.28,24.861,24.829032,23.987143,24.559058,89.783,89.862581,91.248214,90.297932,0.138667,0.15129,0.102143,0.1307,0.4584,0.4758,0.3972,0.4438,0.227771,0.24357,0.30292,0.258087,3.136172,3.12793,3.104194,3.122765,52.307895,51.58913,54.8695,52.922175,6.56,0.732082,-0.015614,0.032338,1.014004,-35.24421,68.936818,21.484091,CEPEA,CEPEA/ESALQ - Paranaguá,68.950952,20.917619
2017-06-01,sorriso_mt,"Sorriso, MT",-12.5425,-55.7211,6.66,24.465333,33.13,16.08,66.257,0.119667,NASA_POWER,3.295367,BCB_PTAX,46.368182,EIA,0.39975,AppEEARS:MOD13Q1.061:_250m_16_days_NDVI,0.200081,AppEEARS:SPL3SMP_E.006:Soil_Moisture_Retrieval_Data_PM_soil_moisture_pm,6,2,0,0,33.47,129.87,209.88,124.406667,24.640968,24.861,24.829032,24.777,87.896774,89.783,89.862581,89.180785,0.147742,0.138667,0.15129,0.1459,0.41855,0.4584,0.4758,0.450917,0.212996,0.227771,0.24357,0.228112,3.209509,3.136172,3.12793,3.15787,50.326522,52.307895,51.58913,51.407849,-5.147273,0.387757,-0.003459,0.045104,1.10046,-39.879372,68.950952,20.917619,CEPEA,CEPEA/ESALQ - Paranaguá,72.240952,22.578571
2017-07-01,sorriso_mt,"Sorriso, MT",-12.5425,-55.7211,0.0,24.449355,35.31,12.24,45.850323,0.098387,NASA_POWER,3.206138,BCB_PTAX,48.478571,EIA,0.35915,AppEEARS:MOD13Q1.061:_250m_16_days_NDVI,0.176403,AppEEARS:SPL3SMP_E.006:Soil_Moisture_Retrieval_Data_PM_soil_moisture_pm,7,3,0,0,6.66,33.47,129.87,56.666667,24.465333,24.640968,24.861,24.655767,66.257,87.896774,89.783,81.312258,0.119667,0.147742,0.138667,0.135359,0.39975,0.41855,0.4584,0.425567,0.200081,0.212996,0.227771,0.213616,3.295367,3.209509,3.136172,3.213683,46.368182,50.326522,52.307895,49.667533,-4.918182,-0.779619,-0.0101,0.02517,1.030311,-38.71639,72.240952,22.578571,CEPEA,CEPEA/ESALQ - Paranaguá,69.826522,22.165217
2017-08-01,sorriso_mt,"Sorriso, MT",-12.5425,-55.7211,25.51,28.025161,38.87,16.92,43.62,0.136452,NASA_POWER,3.150917,BCB_PTAX,51.704348,EIA,0.3522,AppEEARS:MOD13Q1.061:_250m_16_days_NDVI,0.190759,AppEEARS:SPL3SMP_E.006:Soil_Moisture_Retrieval_Data_PM_soil_moisture_pm,8,3,0,0,0.0,6.66,33.47,13.376667,24.449355,24.465333,24.640968,24.518552,45.850323,66.257,87.896774,66.668032,0.098387,0.119667,0.147742,0.121932,0.35915,0.39975,0.41855,0.392483,0.176403,0.200081,0.212996,0.196493,3.206138,3.295367,3.209509,3.237005,48.478571,46.368182,50.326522,48.391092,16.485455,0.54129,-0.006527,0.038614,0.941863,-33.35065,69.826522,22.165217,CEPEA,CEPEA/ESALQ - Paranaguá,70.411,22.454
2017-09-01,sorriso_mt,"Sorriso, MT",-12.5425,-55.7211,88.82,28.857333,39.41,18.8,42.699667,0.059,NASA_POWER,3.13479,BCB_PTAX,56.152857,EIA,0.3608,AppEEARS:MOD13Q1.061:_250m_16_days_NDVI,0.189097,AppEEARS:SPL3SMP_E.006:Soil_Moisture_Retrieval_Data_PM_soil_moisture_pm,9,3,1,0,25.51,0.0,6.66,10.723333,28.025161,24.449355,24.465333,25.646616,43.62,45.850323,66.257,51.909108,0.136452,0.098387,0.119667,0.118169,0.3522,0.35915,0.39975,0.370367,0.190759,0.176403,0.200081,0.189081,3.150917,3.206138,3.295367,3.217474,51.704348,48.478571,46.368182,48.850367,39.06,-0.421697,-0.021086,-0.000117,0.866567,-26.61346,70.411,22.454,CEPEA,CEPEA/ESALQ - Paranaguá,71.469524,22.370952
2017-10-01,sorriso_mt,"Sorriso, MT",-12.5425,-55.7211,145.66,28.183871,39.86,17.35,66.423871,0.084194,NASA_POWER,3.191229,BCB_PTAX,57.507727,EIA,0.3983,AppEEARS:MOD13Q1.061:_250m_16_days_NDVI,0.258143,AppEEARS:SPL3SMP_E.006:Soil_Moisture_Retrieval_Data_PM_soil_moisture_pm,10,4,1,0,88.82,25.51,0.0,38.11,28.857333,28.025161,24.449355,27.110616,42.699667,43.62,45.850323,44.056663,0.059,0.136452,0.098387,0.097946,0.3608,0.3522,0.35915,0.357383,0.189097,0.190759,0.176403,0.18542,3.13479,3.150917,3.206138,3.163948,56.152857,51.704348,48.478571,52.111925,4.186364,0.430821,0.000132,0.029142,0.914011,-22.75406,71.469524,22.370952,CEPEA,CEPEA/ESALQ - Paranaguá,73.8745,22.6675
2017-11-01,sorriso_mt,"Sorriso, MT",-12.5425,-55.7211,247.03,25.471,33.68,21.55,85.874333,0.077,NASA_POWER,3.25938,BCB_PTAX,62.714091,EIA,0.4191,AppEEARS:MOD13Q1.061:_250m_16_days_NDVI,0.261424,AppEEARS:SPL3SMP_E.006:Soil_Moisture_Retrieval_Data_PM_soil_moisture_pm,11,4,1,0,145.66,88.82,25.51,86.663333,28.183871,28.857333,28.025161,28.355455,66.423871,42.699667,43.62,50.914513,0.084194,0.059,0.136452,0.093215,0.3983,0.3608,0.3522,0.370433,0.258143,0.189097,0.190759,0.212666,3.191229,3.13479,3.150917,3.158979,57.507727,56.152857,51.704348,55.121644,50.406364,-0.369636,-0.0163,0.017581,0.945375,-15.615301,73.8745,22.6675,CEPEA,CEPEA/ESALQ - Paranaguá,74.237368,22.532105
2017-12-01,sorriso_mt,"Sorriso, MT",-12.5425,-55.7211,248.84,24.593871,29.47,20.84,90.469355,0.098065,NASA_POWER,3.291915,BCB_PTAX,63.001364,EIA,0.3264,AppEEARS:MOD13Q1.061:_250m_16_days_NDVI,0.263248,AppEEARS:SPL3SMP_E.006:Soil_Moisture_Retrieval_Data_PM_soil_moisture_pm,12,4,1,0,247.03,145.66,88.82,160.503333,25.471,28.183871,28.857333,27.504068,85.874333,66.423871,42.699667,64.99929,0.077,0.084194,0.059,0.073398,0.4191,0.3983,0.3608,0.392733,0.261424,0.258143,0.189097,0.236221,3.25938,3.191229,3.13479,3.195133,62.714091,57.507727,56.152857,58.791558,6.895455,-0.361437,-0.074836,0.015664,0.93764,-12.5659,74.237368,22.532105,CEPEA,CEPEA/ESALQ - Paranaguá,71.830455,22.382727
2018-01-01,sorriso_mt,"Sorriso, MT",-12.5425,-55.7211,366.3,24.336129,29.82,20.19,90.28129,0.123548,NASA_POWER,3.210609,BCB_PTAX,69.077273,EIA,0.4214,AppEEARS:MOD13Q1.061:_250m_16_days_NDVI,0.279061,AppEEARS:SPL3SMP_E.006:Soil_Moisture_Retrieval_Data_PM_soil_moisture_pm,1,1,0,1,248.84,247.03,145.66,213.843333,24.593871,25.471,28.183871,26.082914,90.469355,85.874333,66.423871,80.92252,0.098065,0.077,0.084194,0.08642,0.3264,0.4191,0.3983,0.381267,0.263248,0.261424,0.258143,0.260938,3.291915,3.25938,3.191229,3.247508,63.001364,62.714091,57.507727,61.074394,138.144545,-0.307977,-0.010495,0.004098,0.868694,-5.980849,71.830455,22.382727,CEPEA,CEPEA/ESALQ - Paranaguá,74.718889,23.044444
2018-02-01,sorriso_mt,"Sorriso, MT",-12.5425,-55.7211,358.16,24.388214,29.78,20.62,91.873214,0.082857,NASA_POWER,3.2415,BCB_PTAX,65.3175,EIA,0.47775,AppEEARS:MOD13Q1.061:_250m_16_days_NDVI,0.305599,AppEEARS:SPL3SMP_E.006:Soil_Moisture_Retrieval_Data_PM_soil_moisture_pm,2,1,0,1,366.3,248.84,247.03,287.39,24.336129,24.593871,25.471,24.800333,90.28129,90.469355,85.874333,88.874993,0.123548,0.098065,0.077,0.099538,0.4214,0.3264,0.4191,0.388967,0.279061,0.263248,0.261424,0.267911,3.210609,3.291915,3.25938,3.253968,69.077273,63.001364,62.714091,64.930909,88.79,-0.264483,0.0374,0.018724,0.912773,-13.115227,74.718889,23.044444,CEPEA,CEPEA/ESALQ - Paranaguá,79.394762,24.230476
2018-03-01,sorriso_mt,"Sorriso, MT",-12.5425,-55.7211,429.99,24.73129,29.93,20.59,90.723871,0.108387,NASA_POWER,3.279214,BCB_PTAX,66.016667,EIA,0.56705,AppEEARS:MOD13Q1.061:_250m_16_days_NDVI,0.254349,AppEEARS:SPL3SMP_E.006:Soil_Moisture_Retrieval_Data_PM_soil_moisture_pm,3,1,0,1,358.16,366.3,248.84,324.433333,24.388214,24.336129,24.593871,24.439405,91.873214,90.28129,90.469355,90.87462,0.082857,0.123548,0.098065,0.10149,0.47775,0.4214,0.3264,0.408517,0.305599,0.279061,0.263248,0.282636,3.2415,3.210609,3.291915,3.248008,65.3175,69.077273,63.001364,65.798712,246.996364,-0.192962,0.123627,-0.00126,0.94916,-15.145399,79.394762,24.230476,CEPEA,CEPEA/ESALQ - Paranaguá,85.531905,25.09619
2018-04-01,sorriso_mt,"Sorriso, MT",-12.5425,-55.7211,115.33,24.187333,28.76,19.49,90.363333,0.096,NASA_POWER,3.407495,BCB_PTAX,72.106,EIA,0.4674,AppEEARS:MOD13Q1.061:_250m_16_days_NDVI,0.232826,AppEEARS:SPL3SMP_E.006:Soil_Moisture_Retrieval_Data_PM_soil_moisture_pm,4,2,0,1,429.99,358.16,366.3,384.816667,24.73129,24.388214,24.336129,24.485211,90.723871,91.873214,90.28129,90.959458,0.108387,0.082857,0.123548,0.104931,0.56705,0.47775,0.4214,0.488733,0.254349,0.305599,0.279061,0.27967,3.279214,3.2415,3.210609,3.243774,66.016667,65.3175,69.077273,66.803813,6.165833,-0.599028,0.009171,0.009478,1.13798,-10.220347,85.531905,25.09619,CEPEA,CEPEA/ESALQ - Paranaguá,86.122857,23.687619
2018-05-01,sorriso_mt,"Sorriso, MT",-12.5425,-55.7211,73.74,22.888387,28.43,14.21,88.975161,0.149677,NASA_POWER,3.636057,BCB_PTAX,76.975238,EIA,0.4476,AppEEARS:MOD13Q1.061:_250m_16_days_NDVI,0.192634,AppEEARS:SPL3SMP_E.006:Soil_Moisture_Retrieval_Data_PM_soil_moisture_pm,5,2,0,0,115.33,429.99,358.16,301.16,24.187333,24.73129,24.388214,24.435612,90.363333,90.723871,91.873214,90.986806,0.096,0.108387,0.082857,0.095748,0.4674,0.56705,0.47775,0.504067,0.232826,0.254349,0.305599,0.264258,3.407495,3.279214,3.2415,3.309403,72.106,66.016667,65.3175,67.813389,46.283333,-1.081506,0.014738,0.001197,1.356052,-5.658477,86.122857,23.687619,CEPEA,CEPEA/ESALQ - Paranaguá,84.827619,22.430476
2018-06-01,sorriso_mt,"Sorriso, MT",-12.5425,-55.7211,0.55,22.248,29.29,14.46,82.012667,0.201667,NASA_POWER,3.773171,BCB_PTAX,74.404762,EIA,0.42325,AppEEARS:MOD13Q1.061:_250m_16_days_NDVI,0.182067,AppEEARS:SPL3SMP_E.006:Soil_Moisture_Retrieval_Data_PM_soil_moisture_pm,6,2,0,0,73.74,115.33,429.99,206.353333,22.888387,24.187333,24.73129,23.93567,88.975161,90.363333,90.723871,90.020788,0.149677,0.096,0.108387,0.118021,0.4476,0.4674,0.56705,0.494017,0.192634,0.232826,0.254349,0.226603,3.636057,3.407495,3.279214,3.440922,76.975238,72.106,66.016667,71.699302,-10.828333,-1.861889,0.020329,0.012055,1.486559,-8.519511,84.827619,22.430476,CEPEA,CEPEA/ESALQ - Paranaguá,88.293636,23.079091
2018-07-01,sorriso_mt,"Sorriso, MT",-12.5425,-55.7211,0.63,23.923548,35.25,13.42,57.678065,0.230645,NASA_POWER,3.828764,BCB_PTAX,74.254091,EIA,0.36635,AppEEARS:MOD13Q1.061:_250m_16_days_NDVI,0.16201,AppEEARS:SPL3SMP_E.006:Soil_Moisture_Retrieval_Data_PM_soil_moisture_pm,7,3,0,0,0.55,73.74,115.33,63.206667,22.248,22.888387,24.187333,23.107907,82.012667,88.975161,90.363333,87.117054,0.201667,0.149677,0.096,0.149115,0.42325,0.4476,0.4674,0.446083,0.182067,0.192634,0.232826,0.202509,3.773171,3.636057,3.407495,3.605574,74.404762,76.975238,72.106,74.495333,-3.878333,-1.240458,-0.002058,0.002387,1.567077,-9.714504,88.293636,23.079091,CEPEA,CEPEA/ESALQ - Paranaguá,89.910435,22.880435
2018-08-01,sorriso_mt,"Sorriso, MT",-12.5425,-55.7211,5.09,27.705806,38.08,18.12,48.697097,0.149032,NASA_POWER,3.929757,BCB_PTAX,72.528261,EIA,0.36775,AppEEARS:MOD13Q1.061:_250m_16_days_NDVI,0.171422,AppEEARS:SPL3SMP_E.006:Soil_Moisture_Retrieval_Data_PM_soil_moisture_pm,8,3,0,0,0.63,0.55,73.74,24.973333,23.923548,22.248,22.888387,23.019978,57.678065,82.012667,88.975161,76.221964,0.230645,0.201667,0.149677,0.193996,0.36635,0.42325,0.4476,0.4124,0.16201,0.182067,0.192634,0.178904,3.828764,3.773171,3.636057,3.745997,74.254091,74.404762,76.975238,75.211364,-5.308333,0.176828,0.009567,0.006405,1.642214,-9.747516,89.910435,22.880435,CEPEA,CEPEA/ESALQ - Paranaguá,95.482632,23.255263
2018-09-01,sorriso_mt,"Sorriso, MT",-12.5425,-55.7211,37.36,28.455667,39.71,17.43,49.834333,0.109,NASA_POWER,4.116547,BCB_PTAX,78.891,EIA,0.37505,AppEEARS:MOD13Q1.061:_250m_16_days_NDVI,0.197571,AppEEARS:SPL3SMP_E.006:Soil_Moisture_Retrieval_Data_PM_soil_moisture_pm,9,3,1,0,5.09,0.63,0.55,2.09,27.705806,23.923548,22.248,24.625785,48.697097,57.678065,82.012667,62.795943,0.149032,0.230645,0.201667,0.193781,0.36775,0.36635,0.42325,0.385783,0.171422,0.16201,0.182067,0.171833,3.929757,3.828764,3.773171,3.843897,72.528261,74.254091,74.404762,73.729038,-15.655,-0.788222,-0.005079,0.008396,1.77611,-1.657529,95.482632,23.255263,CEPEA,CEPEA/ESALQ - Paranaguá,90.534545,24.069545
2018-10-01,sorriso_mt,"Sorriso, MT",-12.5425,-55.7211,131.09,27.63129,37.95,20.56,71.757742,0.07129,NASA_POWER,3.758409,BCB_PTAX,81.032174,EIA,0.3221,AppEEARS:MOD13Q1.061:_250m_16_days_NDVI,0.2531,AppEEARS:SPL3SMP_E.006:Soil_Moisture_Retrieval_Data_PM_soil_moisture_pm,10,4,1,0,37.36,5.09,0.63,14.36,28.455667,27.705806,23.923548,26.695007,49.834333,48.697097,57.678065,52.069832,0.109,0.149032,0.230645,0.162892,0.37505,0.36775,0.36635,0.369717,0.197571,0.171422,0.16201,0.177001,4.116547,3.929757,3.828764,3.958356,78.891,72.528261,74.254091,75.224451,-10.7325,-0.157661,-0.076079,0.014385,1.405023,2.666559,90.534545,24.069545,CEPEA,CEPEA/ESALQ - Paranaguá,84.1565,22.23
2018-11-01,sorriso_mt,"Sorriso, MT",-12.5425,-55.7211,219.41,25.481,33.85,20.8,85.223667,0.052667,NASA_POWER,3.786665,BCB_PTAX,64.748182,EIA,0.29375,AppEEARS:MOD13Q1.061:_250m_16_days_NDVI,0.255692,AppEEARS:SPL3SMP_E.006:Soil_Moisture_Retrieval_Data_PM_soil_moisture_pm,11,4,1,0,131.09,37.36,5.09,57.846667,27.63129,28.455667,27.705806,27.930921,71.757742,49.834333,48.697097,56.763057,0.07129,0.109,0.149032,0.109774,0.3221,0.37505,0.36775,0.354967,0.2531,0.197571,0.171422,0.207364,3.758409,4.116547,3.929757,3.934904,81.032174,78.891,72.528261,77.483812,18.585833,-0.328833,-0.140292,0.005988,1.393879,-12.279935,84.1565,22.23,CEPEA,CEPEA/ESALQ - Paranaguá,81.102222,20.885556
2018-12-01,sorriso_mt,"Sorriso, MT",-12.5425,-55.7211,165.5,25.024839,32.66,19.63,85.754516,0.069677,NASA_POWER,3.885055,BCB_PTAX,59.398095,EIA,0.45285,AppEEARS:MOD13Q1.061:_250m_16_days_NDVI,0.26294,AppEEARS:SPL3SMP_E.006:Soil_Moisture_Retrieval_Data_PM_soil_moisture_pm,12,4,1,0,219.41,131.09,37.36,129.286667,25.481,27.63129,28.455667,27.189319,85.223667,71.757742,49.834333,68.938581,0.052667,0.07129,0.109,0.077652,0.29375,0.3221,0.37505,0.3303,0.255692,0.2531,0.197571,0.235454,3.786665,3.758409,4.116547,3.887207,64.748182,81.032174,78.891,74.890452,-77.019167,0.099651,0.05785,0.010134,1.452644,-15.12201,81.102222,20.885556,CEPEA,CEPEA/ESALQ - Paranaguá,76.891364,20.576364
2019-01-01,sorriso_mt,"Sorriso, MT",-12.5425,-55.7211,178.99,25.090323,33.4,20.14,84.054839,0.112581,NASA_POWER,3.741682,BCB_PTAX,60.214737,EIA,0.42,AppEEARS:MOD13Q1.061:_250m_16_days_NDVI,0.287072,AppEEARS:SPL3SMP_E.006:Soil_Moisture_Retrieval_Data_PM_soil_moisture_pm,1,1,0,1,165.5,219.41,131.09,172.0,25.024839,25.481,27.63129,26.04571,85.754516,85.223667,71.757742,80.911975,0.069677,0.052667,0.07129,0.064545,0.45285,0.29375,0.3221,0.356233,0.26294,0.255692,0.2531,0.257244,3.885055,3.786665,3.758409,3.810043,59.398095,64.748182,81.032174,68.392817,-60.6775,0.471882,-0.011021,0.010743,1.327376,-14.344981,76.891364,20.576364,CEPEA,CEPEA/ESALQ - Paranaguá,77.733,20.89
2019-02-01,sorriso_mt,"Sorriso, MT",-12.5425,-55.7211,203.12,25.356071,33.27,21.18,86.423214,0.1125,NASA_POWER,3.723625,BCB_PTAX,63.9605,EIA,0.4502,AppEEARS:MOD13Q1.061:_250m_16_days_NDVI,0.288304,AppEEARS:SPL3SMP_E.006:Soil_Moisture_Retrieval_Data_PM_soil_moisture_pm,2,1,0,1,178.99,165.5,219.41,187.966667,25.090323,25.024839,25.481,25.198721,84.054839,85.754516,85.223667,85.011007,0.112581,0.069677,0.052667,0.078308,0.42,0.45285,0.29375,0.388867,0.287072,0.26294,0.255692,0.268568,3.741682,3.885055,3.786665,3.804467,60.214737,59.398095,64.748182,61.453671,-73.649167,0.725414,0.006733,-0.004812,1.318834,-13.379292,77.733,20.89,CEPEA,CEPEA/ESALQ - Paranaguá,78.274211,20.369474
2019-03-01,sorriso_mt,"Sorriso, MT",-12.5425,-55.7211,172.58,24.702581,30.17,20.6,91.001613,0.103548,NASA_POWER,3.846484,BCB_PTAX,66.138571,EIA,0.4987,AppEEARS:MOD13Q1.061:_250m_16_days_NDVI,0.255317,AppEEARS:SPL3SMP_E.006:Soil_Moisture_Retrieval_Data_PM_soil_moisture_pm,3,1,0,1,203.12,178.99,165.5,182.536667,25.356071,25.090323,25.024839,25.157078,86.423214,84.054839,85.754516,85.410856,0.1125,0.112581,0.069677,0.098253,0.4502,0.42,0.45285,0.441017,0.288304,0.287072,0.26294,0.279439,3.723625,3.741682,3.885055,3.783454,63.9605,60.214737,59.398095,61.191111,-30.996667,-0.205591,0.044975,2.3e-05,1.437333,-13.761378,78.274211,20.369474,CEPEA,CEPEA/ESALQ - Paranaguá,76.562857,19.66
2019-04-01,sorriso_mt,"Sorriso, MT",-12.5425,-55.7211,87.18,24.982667,29.8,19.51,88.872333,0.145667,NASA_POWER,3.896157,BCB_PTAX,71.233333,EIA,0.47005,AppEEARS:MOD13Q1.061:_250m_16_days_NDVI,0.232812,AppEEARS:SPL3SMP_E.006:Soil_Moisture_Retrieval_Data_PM_soil_moisture_pm,4,2,0,1,172.58,203.12,178.99,184.896667,24.702581,25.356071,25.090323,25.049658,91.001613,86.423214,84.054839,87.159889,0.103548,0.1125,0.112581,0.109543,0.4987,0.4502,0.42,0.4563,0.255317,0.288304,0.287072,0.276898,3.846484,3.723625,3.741682,3.770597,66.138571,63.9605,60.214737,63.437936,-22.458462,0.242385,0.011115,0.007094,1.539105,-10.306834,76.562857,19.66,CEPEA,CEPEA/ESALQ - Paranaguá,78.360909,19.607727
2019-05-01,sorriso_mt,"Sorriso, MT",-12.5425,-55.7211,8.02,26.277742,34.58,16.91,70.748387,0.116774,NASA_POWER,4.001518,BCB_PTAX,71.317727,EIA,0.41745,AppEEARS:MOD13Q1.061:_250m_16_days_NDVI,0.200295,AppEEARS:SPL3SMP_E.006:Soil_Moisture_Retrieval_Data_PM_soil_moisture_pm,5,2,0,0,87.18,172.58,203.12,154.293333,24.982667,24.702581,25.356071,25.013773,88.872333,91.001613,86.423214,88.76572,0.145667,0.103548,0.1125,0.120572,0.47005,0.4987,0.4502,0.472983,0.232812,0.255317,0.288304,0.258811,3.896157,3.846484,3.723625,3.822089,71.233333,66.138571,63.9605,67.110801,-22.996923,2.391042,-0.016546,0.008558,1.617201,-10.88072,78.360909,19.607727,CEPEA,CEPEA/ESALQ - Paranaguá,81.898421,21.211579
2019-06-01,sorriso_mt,"Sorriso, MT",-12.5425,-55.7211,2.17,26.163333,35.13,17.07,55.692667,0.148667,NASA_POWER,3.858826,BCB_PTAX,64.2205,EIA,0.3882,AppEEARS:MOD13Q1.061:_250m_16_days_NDVI,0.183606,AppEEARS:SPL3SMP_E.006:Soil_Moisture_Retrieval_Data_PM_soil_moisture_pm,6,2,0,0,8.02,87.18,172.58,89.26,26.277742,24.982667,24.702581,25.320997,70.748387,88.872333,91.001613,83.540778,0.116774,0.145667,0.103548,0.121996,0.41745,0.47005,0.4987,0.462067,0.200295,0.232812,0.255317,0.229475,4.001518,3.896157,3.846484,3.91472,71.317727,71.233333,66.138571,69.56321,-8.375385,2.196666,-0.016285,0.010581,1.457863,-18.048426,81.898421,21.211579,CEPEA,CEPEA/ESALQ - Paranaguá,78.817391,20.855652
2019-07-01,sorriso_mt,"Sorriso, MT",-12.5425,-55.7211,0.58,26.652258,36.47,15.47,41.055161,0.131613,NASA_POWER,3.779339,BCB_PTAX,63.91913,EIA,0.36055,AppEEARS:MOD13Q1.061:_250m_16_days_NDVI,0.148299,AppEEARS:SPL3SMP_E.006:Soil_Moisture_Retrieval_Data_PM_soil_moisture_pm,7,3,0,0,2.17,8.02,87.18,32.456667,26.163333,26.277742,24.982667,25.807914,55.692667,70.748387,88.872333,71.771129,0.148667,0.116774,0.145667,0.137036,0.3882,0.41745,0.47005,0.425233,0.183606,0.200295,0.232812,0.205571,3.858826,4.001518,3.896157,3.918834,64.2205,71.317727,71.233333,68.923853,-3.63,1.583672,-0.0077,-0.011921,1.397108,-19.302195,78.817391,20.855652,CEPEA,CEPEA/ESALQ - Paranaguá,85.083636,21.141364
2019-08-01,sorriso_mt,"Sorriso, MT",-12.5425,-55.7211,0.05,29.37129,39.37,16.57,31.639677,0.092258,NASA_POWER,4.019982,BCB_PTAX,59.041818,EIA,0.338,AppEEARS:MOD13Q1.061:_250m_16_days_NDVI,0.14508,AppEEARS:SPL3SMP_E.006:Soil_Moisture_Retrieval_Data_PM_soil_moisture_pm,8,3,0,0,0.58,2.17,8.02,3.59,26.652258,26.163333,26.277742,26.364444,41.055161,55.692667,70.748387,55.832072,0.131613,0.148667,0.116774,0.132351,0.36055,0.3882,0.41745,0.388733,0.148299,0.183606,0.200295,0.1774,3.779339,3.858826,4.001518,3.879894,63.91913,64.2205,71.317727,66.485786,-9.94,1.828709,-0.020919,-0.021538,1.606115,-22.48415,85.083636,21.141364,CEPEA,CEPEA/ESALQ - Paranaguá,86.5,20.976667
2019-09-01,sorriso_mt,"Sorriso, MT",-12.5425,-55.7211,11.38,31.322,40.91,21.05,33.312667,0.147,NASA_POWER,4.1215,BCB_PTAX,62.826667,EIA,0.35625,AppEEARS:MOD13Q1.061:_250m_16_days_NDVI,0.173747,AppEEARS:SPL3SMP_E.006:Soil_Moisture_Retrieval_Data_PM_soil_moisture_pm,9,3,1,0,0.05,0.58,2.17,0.933333,29.37129,26.652258,26.163333,27.395627,31.639677,41.055161,55.692667,42.795835,0.092258,0.131613,0.148667,0.124179,0.338,0.36055,0.3882,0.36225,0.14508,0.148299,0.183606,0.158995,4.019982,3.779339,3.858826,3.886049,59.041818,63.91913,64.2205,62.393816,-40.430769,2.138744,-0.023488,-0.017527,1.644439,-17.59436,86.5,20.976667,CEPEA,CEPEA/ESALQ - Paranaguá,88.25087,21.612609
2019-10-01,sorriso_mt,"Sorriso, MT",-12.5425,-55.7211,182.61,27.260968,36.5,20.33,72.359355,0.070323,NASA_POWER,4.086987,BCB_PTAX,59.713043,EIA,0.3887,AppEEARS:MOD13Q1.061:_250m_16_days_NDVI,0.258938,AppEEARS:SPL3SMP_E.006:Soil_Moisture_Retrieval_Data_PM_soil_moisture_pm,10,4,1,0,11.38,0.05,0.58,4.003333,31.322,29.37129,26.652258,29.115183,33.312667,31.639677,41.055161,35.335835,0.147,0.092258,0.131613,0.123624,0.35625,0.338,0.36055,0.3516,0.173747,0.14508,0.148299,0.155709,4.1215,4.019982,3.779339,3.973607,62.826667,59.041818,63.91913,61.929205,41.613077,-0.515856,-0.003627,0.016627,1.625523,-18.857692,88.25087,21.612609,CEPEA,CEPEA/ESALQ - Paranaguá,89.8745,21.618
2019-11-01,sorriso_mt,"Sorriso, MT",-12.5425,-55.7211,161.48,26.241333,35.25,20.72,79.940333,0.099333,NASA_POWER,4.155345,BCB_PTAX,63.211905,EIA,0.4649,AppEEARS:MOD13Q1.061:_250m_16_days_NDVI,0.23819,AppEEARS:SPL3SMP_E.006:Soil_Moisture_Retrieval_Data_PM_soil_moisture_pm,11,4,1,0,182.61,11.38,0.05,64.68,27.260968,31.322,29.37129,29.318086,72.359355,33.312667,31.639677,45.770566,0.070323,0.147,0.092258,0.103194,0.3887,0.35625,0.338,0.360983,0.258938,0.173747,0.14508,0.192588,4.086987,4.1215,4.019982,4.076156,59.713043,62.826667,59.041818,60.527176,-40.773846,0.456794,0.04165,-0.013011,1.655338,-12.871602,89.8745,21.618,CEPEA,CEPEA/ESALQ - Paranaguá,88.151579,21.445263
2019-12-01,sorriso_mt,"Sorriso, MT",-12.5425,-55.7211,202.19,25.85,33.12,21.2,85.023548,0.094194,NASA_POWER,4.10959,BCB_PTAX,64.294348,EIA,0.3982,AppEEARS:MOD13Q1.061:_250m_16_days_NDVI,0.248055,AppEEARS:SPL3SMP_E.006:Soil_Moisture_Retrieval_Data_PM_soil_moisture_pm,12,4,1,0,161.48,182.61,11.38,118.49,26.241333,27.260968,31.322,28.274767,79.940333,72.359355,33.312667,61.870785,0.099333,0.070323,0.147,0.105552,0.4649,0.3887,0.35625,0.403283,0.23819,0.258938,0.173747,0.223625,4.155345,4.086987,4.1215,4.121277,63.211905,59.713043,62.826667,61.917205,-34.404615,0.917146,-0.00125,-0.007284,1.565437,-9.062526,88.151579,21.445263,CEPEA,CEPEA/ESALQ - Paranaguá,87.391364,21.067727
2020-01-01,sorriso_mt,"Sorriso, MT",-12.5425,-55.7211,129.33,25.521935,32.36,21.83,86.911935,0.102903,NASA_POWER,4.149464,BCB_PTAX,63.2035,EIA,0.4329,AppEEARS:MOD13Q1.061:_250m_16_days_NDVI,0.28925,AppEEARS:SPL3SMP_E.006:Soil_Moisture_Retrieval_Data_PM_soil_moisture_pm,1,1,0,1,202.19,161.48,182.61,182.093333,25.85,26.241333,27.260968,26.450767,85.023548,79.940333,72.359355,79.107745,0.094194,0.099333,0.070323,0.08795,0.3982,0.4649,0.3887,0.417267,0.248055,0.23819,0.258938,0.248394,4.10959,4.155345,4.086987,4.117307,64.294348,63.211905,59.713043,62.406432,-105.67,0.867196,0.002727,0.010235,1.633052,-10.252758,87.391364,21.067727,CEPEA,CEPEA/ESALQ - Paranaguá,87.609444,20.161667
2020-02-01,sorriso_mt,"Sorriso, MT",-12.5425,-55.7211,169.68,25.628621,33.44,20.25,85.184138,0.106207,NASA_POWER,4.341011,BCB_PTAX,55.657,EIA,0.4452,AppEEARS:MOD13Q1.061:_250m_16_days_NDVI,0.278403,AppEEARS:SPL3SMP_E.006:Soil_Moisture_Retrieval_Data_PM_soil_moisture_pm,2,1,0,1,129.33,202.19,161.48,164.333333,25.521935,25.85,26.241333,25.871089,86.911935,85.023548,79.940333,83.958605,0.102903,0.094194,0.099333,0.09881,0.4329,0.3982,0.4649,0.432,0.28925,0.248055,0.23819,0.258498,4.149464,4.10959,4.155345,4.138133,63.2035,64.294348,63.211905,63.569918,-101.423846,0.942163,0.001215,-0.01351,1.834771,-20.653615,87.609444,20.161667,CEPEA,CEPEA/ESALQ - Paranaguá,94.969091,19.414091
2020-03-01,sorriso_mt,"Sorriso, MT",-12.5425,-55.7211,143.48,25.297419,31.85,21.55,88.980645,0.05129,NASA_POWER,4.883855,BCB_PTAX,32.011364,EIA,0.33635,AppEEARS:MOD13Q1.061:_250m_16_days_NDVI,0.235655,AppEEARS:SPL3SMP_E.006:Soil_Moisture_Retrieval_Data_PM_soil_moisture_pm,3,1,0,1,169.68,129.33,202.19,167.066667,25.628621,25.521935,25.85,25.666852,85.184138,86.911935,85.023548,85.70654,0.106207,0.102903,0.094194,0.101101,0.4452,0.4329,0.3982,0.425433,0.278403,0.28925,0.248055,0.271903,4.341011,4.149464,4.10959,4.200022,55.657,63.2035,64.294348,61.051616,-57.712308,0.405062,-0.120835,-0.019644,2.36414,-46.830018,94.969091,19.414091,CEPEA,CEPEA/ESALQ - Paranaguá,102.2975,19.1975
2020-04-01,sorriso_mt,"Sorriso, MT",-12.5425,-55.7211,160.58,24.752333,30.77,19.74,90.130667,0.125,NASA_POWER,5.32558,BCB_PTAX,18.3785,EIA,0.4549,AppEEARS:MOD13Q1.061:_250m_16_days_NDVI,0.202018,AppEEARS:SPL3SMP_E.006:Soil_Moisture_Retrieval_Data_PM_soil_moisture_pm,4,2,0,1,143.48,169.68,129.33,147.496667,25.297419,25.628621,25.521935,25.482658,88.980645,85.184138,86.911935,87.025573,0.05129,0.106207,0.102903,0.0868,0.33635,0.4452,0.4329,0.404817,0.235655,0.278403,0.28925,0.267769,4.883855,4.341011,4.149464,4.45811,32.011364,55.657,63.2035,50.290621,52.545714,-0.005262,-0.004829,-0.025119,2.858592,-62.425464,102.2975,19.1975,CEPEA,CEPEA/ESALQ - Paranaguá,110.408,19.584
2020-05-01,sorriso_mt,"Sorriso, MT",-12.5425,-55.7211,39.71,23.802581,31.3,14.45,79.102903,0.055484,NASA_POWER,5.643445,BCB_PTAX,29.378947,EIA,0.4234,AppEEARS:MOD13Q1.061:_250m_16_days_NDVI,0.186116,AppEEARS:SPL3SMP_E.006:Soil_Moisture_Retrieval_Data_PM_soil_moisture_pm,5,2,0,0,160.58,143.48,169.68,157.913333,24.752333,25.297419,25.628621,25.226124,90.130667,88.980645,85.184138,88.098483,0.125,0.05129,0.106207,0.094166,0.4549,0.33635,0.4452,0.41215,0.202018,0.235655,0.278403,0.238692,5.32558,4.883855,4.341011,4.850149,18.3785,32.011364,55.657,35.348955,10.335714,-0.254908,-0.009414,-0.007332,3.143614,-52.042306,110.408,19.584,CEPEA,CEPEA/ESALQ - Paranaguá,109.762857,21.109524
2020-06-01,sorriso_mt,"Sorriso, MT",-12.5425,-55.7211,0.32,25.294333,33.73,16.45,65.916333,0.166667,NASA_POWER,5.1966,BCB_PTAX,40.266818,EIA,0.3813,AppEEARS:MOD13Q1.061:_250m_16_days_NDVI,0.159472,AppEEARS:SPL3SMP_E.006:Soil_Moisture_Retrieval_Data_PM_soil_moisture_pm,6,2,0,0,39.71,160.58,143.48,114.59,23.802581,24.752333,25.297419,24.617444,79.102903,90.130667,88.980645,86.071405,0.055484,0.125,0.05129,0.077258,0.4234,0.4549,0.33635,0.404883,0.186116,0.202018,0.235655,0.20793,5.643445,5.32558,4.883855,5.284293,29.378947,18.3785,32.011364,26.589604,-9.627143,1.170762,-0.022021,-0.01567,2.691504,-40.712935,109.762857,21.109524,CEPEA,CEPEA/ESALQ - Paranaguá,116.054348,21.988696
2020-07-01,sorriso_mt,"Sorriso, MT",-12.5425,-55.7211,4.96,26.336129,35.69,16.92,45.895161,0.164839,NASA_POWER,5.280191,BCB_PTAX,43.242174,EIA,0.3435,AppEEARS:MOD13Q1.061:_250m_16_days_NDVI,0.143015,AppEEARS:SPL3SMP_E.006:Soil_Moisture_Retrieval_Data_PM_soil_moisture_pm,7,3,0,0,0.32,39.71,160.58,66.87,25.294333,23.802581,24.752333,24.616416,65.916333,79.102903,90.130667,78.383301,0.166667,0.055484,0.125,0.115717,0.3813,0.4234,0.4549,0.419867,0.159472,0.186116,0.202018,0.182535,5.1966,5.643445,5.32558,5.388542,40.266818,29.378947,18.3785,29.341422,1.009286,1.154424,-0.0242,-0.014821,2.798166,-38.600423,116.054348,21.988696,CEPEA,CEPEA/ESALQ - Paranaguá,128.591905,23.546667
2020-08-01,sorriso_mt,"Sorriso, MT",-12.5425,-55.7211,0.03,28.442258,39.47,15.45,33.53871,0.12871,NASA_POWER,5.461233,BCB_PTAX,44.736,EIA,0.32035,AppEEARS:MOD13Q1.061:_250m_16_days_NDVI,0.121995,AppEEARS:SPL3SMP_E.006:Soil_Moisture_Retrieval_Data_PM_soil_moisture_pm,8,3,0,0,4.96,0.32,39.71,14.996667,26.336129,25.294333,23.802581,25.144348,45.895161,65.916333,79.102903,63.638132,0.164839,0.166667,0.055484,0.128997,0.3435,0.3813,0.4234,0.382733,0.143015,0.159472,0.186116,0.162868,5.280191,5.1966,5.643445,5.373412,43.242174,40.266818,29.378947,37.629313,-9.25,0.769055,-0.037075,-0.040315,2.932644,-35.183958,128.591905,23.546667,CEPEA,CEPEA/ESALQ - Paranaguá,141.199048,26.131905
2020-09-01,sorriso_mt,"Sorriso, MT",-12.5425,-55.7211,2.35,31.152,41.59,22.27,31.891667,0.134667,NASA_POWER,5.399486,BCB_PTAX,40.909545,EIA,0.3234,AppEEARS:MOD13Q1.061:_250m_16_days_NDVI,0.135328,AppEEARS:SPL3SMP_E.006:Soil_Moisture_Retrieval_Data_PM_soil_moisture_pm,9,3,1,0,0.03,4.96,0.32,1.77,28.442258,26.336129,25.294333,26.690907,33.53871,45.895161,65.916333,48.450068,0.12871,0.164839,0.166667,0.153405,0.32035,0.3435,0.3813,0.348383,0.121995,0.143015,0.159472,0.141494,5.461233,5.280191,5.1966,5.312675,44.736,43.242174,40.266818,42.748331,-46.572857,1.815976,-0.054661,-0.052441,2.804965,-38.254742,141.199048,26.131905,CEPEA,CEPEA/ESALQ - Paranaguá,159.635238,28.357619
2020-10-01,sorriso_mt,"Sorriso, MT",-12.5425,-55.7211,108.14,30.732581,42.03,20.98,51.562258,0.073871,NASA_POWER,5.62579,BCB_PTAX,40.189545,EIA,0.3344,AppEEARS:MOD13Q1.061:_250m_16_days_NDVI,0.229188,AppEEARS:SPL3SMP_E.006:Soil_Moisture_Retrieval_Data_PM_soil_moisture_pm,10,4,1,0,2.35,0.03,4.96,2.446667,31.152,28.442258,26.336129,28.643462,31.891667,33.53871,45.895161,37.108513,0.134667,0.12871,0.164839,0.142739,0.3234,0.32035,0.3435,0.329083,0.135328,0.121995,0.143015,0.133446,5.399486,5.461233,5.280191,5.380303,40.909545,44.736,43.242174,42.962573,-35.829286,2.992604,-0.057668,-0.016449,3.048217,-37.034212,159.635238,28.357619,CEPEA,CEPEA/ESALQ - Paranaguá,164.9925,30.4375
2020-11-01,sorriso_mt,"Sorriso, MT",-12.5425,-55.7211,90.34,27.919,37.87,21.58,68.215667,0.041,NASA_POWER,5.417835,BCB_PTAX,42.692381,EIA,0.4433,AppEEARS:MOD13Q1.061:_250m_16_days_NDVI,0.25217,AppEEARS:SPL3SMP_E.006:Soil_Moisture_Retrieval_Data_PM_soil_moisture_pm,11,4,1,0,108.14,2.35,0.03,36.84,30.732581,31.152,28.442258,30.108946,51.562258,31.891667,33.53871,38.997545,0.073871,0.134667,0.12871,0.112416,0.3344,0.3234,0.32035,0.32605,0.229188,0.135328,0.121995,0.16217,5.62579,5.399486,5.461233,5.495503,40.189545,40.909545,44.736,41.94503,-109.001429,2.101833,0.017075,0.003571,2.799589,-32.471726,164.9925,30.4375,CEPEA,CEPEA/ESALQ - Paranaguá,152.5625,29.6805
2020-12-01,sorriso_mt,"Sorriso, MT",-12.5425,-55.7211,128.22,26.993871,37.78,20.48,74.093548,0.066452,NASA_POWER,5.145586,BCB_PTAX,49.81,EIA,0.39975,AppEEARS:MOD13Q1.061:_250m_16_days_NDVI,0.25787,AppEEARS:SPL3SMP_E.006:Soil_Moisture_Retrieval_Data_PM_soil_moisture_pm,12,4,1,0,90.34,108.14,2.35,66.943333,27.919,30.732581,31.152,29.934527,68.215667,51.562258,31.891667,50.556531,0.041,0.073871,0.134667,0.083179,0.4433,0.3344,0.3234,0.367033,0.25217,0.229188,0.135328,0.205562,5.417835,5.62579,5.399486,5.481037,42.692381,40.189545,40.909545,41.263824,-105.917143,1.995507,0.000389,0.003988,2.489616,-22.899551,152.5625,29.6805,CEPEA,CEPEA/ESALQ - Paranaguá,167.865,31.334
2021-01-01,sorriso_mt,"Sorriso, MT",-12.5425,-55.7211,105.74,26.637419,35.55,19.22,75.618065,0.07,NASA_POWER,5.356245,BCB_PTAX,54.774,EIA,0.38185,AppEEARS:MOD13Q1.061:_250m_16_days_NDVI,0.247929,AppEEARS:SPL3SMP_E.006:Soil_Moisture_Retrieval_Data_PM_soil_moisture_pm,1,1,0,1,128.22,90.34,108.14,108.9,26.993871,27.919,30.732581,28.548484,74.093548,68.215667,51.562258,64.623824,0.066452,0.041,0.073871,0.060441,0.39975,0.4433,0.3344,0.392483,0.25787,0.25217,0.229188,0.246409,5.145586,5.417835,5.62579,5.396404,49.81,42.692381,40.189545,44.230642,-121.712143,1.920737,-0.048518,-0.033133,2.723186,-17.949918,167.865,31.334,CEPEA,CEPEA/ESALQ - Paranaguá,166.383333,30.69
2021-02-01,sorriso_mt,"Sorriso, MT",-12.5425,-55.7211,312.83,25.488929,35.57,21.03,85.038571,0.055714,NASA_POWER,5.416494,BCB_PTAX,62.2765,EIA,0.3338,AppEEARS:MOD13Q1.061:_250m_16_days_NDVI,0.295213,AppEEARS:SPL3SMP_E.006:Soil_Moisture_Retrieval_Data_PM_soil_moisture_pm,2,1,0,1,105.74,128.22,90.34,108.1,26.637419,26.993871,27.919,27.18343,75.618065,74.093548,68.215667,72.642427,0.07,0.066452,0.041,0.059151,0.38185,0.39975,0.4433,0.4083,0.247929,0.25787,0.25217,0.252656,5.356245,5.145586,5.417835,5.306555,54.774,49.81,42.692381,49.092127,48.970714,0.735174,-0.110271,0.006002,2.779199,-12.558857,166.383333,30.69,CEPEA,CEPEA/ESALQ - Paranaguá,171.866522,30.463478
2021-03-01,sorriso_mt,"Sorriso, MT",-12.5425,-55.7211,327.64,24.099677,29.31,20.16,91.367097,0.097097,NASA_POWER,5.646148,BCB_PTAX,65.41,EIA,0.4517,AppEEARS:MOD13Q1.061:_250m_16_days_NDVI,0.274871,AppEEARS:SPL3SMP_E.006:Soil_Moisture_Retrieval_Data_PM_soil_moisture_pm,3,1,0,1,312.83,105.74,128.22,182.263333,25.488929,26.637419,26.993871,26.373406,85.038571,75.618065,74.093548,78.250061,0.055714,0.07,0.066452,0.064055,0.3338,0.38185,0.39975,0.3718,0.295213,0.247929,0.25787,0.267004,5.416494,5.356245,5.145586,5.306108,62.2765,54.774,49.81,55.620167,130.57,-0.821613,0.003146,0.022846,2.957566,-10.086381,171.866522,30.463478,CEPEA,CEPEA/ESALQ - Paranaguá,177.098,31.835
2021-04-01,sorriso_mt,"Sorriso, MT",-12.5425,-55.7211,79.04,24.232667,29.47,19.25,90.463333,0.105333,NASA_POWER,5.562135,BCB_PTAX,64.8065,EIA,0.41795,AppEEARS:MOD13Q1.061:_250m_16_days_NDVI,0.197947,AppEEARS:SPL3SMP_E.006:Soil_Moisture_Retrieval_Data_PM_soil_moisture_pm,4,2,0,1,327.64,312.83,105.74,248.736667,24.099677,25.488929,26.637419,25.408675,91.367097,85.038571,75.618065,84.007911,0.097097,0.055714,0.07,0.07427,0.4517,0.3338,0.38185,0.389117,0.274871,0.295213,0.247929,0.272671,5.646148,5.416494,5.356245,5.472962,65.41,62.2765,54.774,60.820167,-32.497333,-0.524577,-0.041457,-0.025003,2.904574,-11.835767,177.098,31.835,CEPEA,CEPEA/ESALQ - Paranaguá,176.39381,33.327619
2021-05-01,sorriso_mt,"Sorriso, MT",-12.5425,-55.7211,17.02,23.379355,31.11,16.71,85.482258,0.163871,NASA_POWER,5.291057,BCB_PTAX,68.534211,EIA,0.40455,AppEEARS:MOD13Q1.061:_250m_16_days_NDVI,0.166001,AppEEARS:SPL3SMP_E.006:Soil_Moisture_Retrieval_Data_PM_soil_moisture_pm,5,2,0,0,79.04,327.64,312.83,239.836667,24.232667,24.099677,25.488929,24.607091,90.463333,91.367097,85.038571,88.956334,0.105333,0.097097,0.055714,0.086048,0.41795,0.4517,0.3338,0.40115,0.197947,0.274871,0.295213,0.25601,5.562135,5.646148,5.416494,5.541592,64.8065,65.41,62.2765,64.164333,-13.043333,-0.66114,-0.027637,-0.026225,2.581651,-9.417555,176.39381,33.327619,CEPEA,CEPEA/ESALQ - Paranaguá,162.075714,32.245714
2021-06-01,sorriso_mt,"Sorriso, MT",-12.5425,-55.7211,6.92,24.839333,33.59,13.15,66.664333,0.178,NASA_POWER,5.031905,BCB_PTAX,73.164091,EIA,0.35205,AppEEARS:MOD13Q1.061:_250m_16_days_NDVI,0.151693,AppEEARS:SPL3SMP_E.006:Soil_Moisture_Retrieval_Data_PM_soil_moisture_pm,6,2,0,0,17.02,79.04,327.64,141.233333,23.379355,24.232667,24.099677,23.9039,85.482258,90.463333,91.367097,89.104229,0.163871,0.105333,0.097097,0.1221,0.40455,0.41795,0.4517,0.424733,0.166001,0.197947,0.274871,0.21294,5.291057,5.562135,5.646148,5.49978,68.534211,64.8065,65.41,66.250237,-2.385333,0.637711,-0.049803,-0.020837,2.347375,-5.101466,162.075714,32.245714,CEPEA,CEPEA/ESALQ - Paranaguá,167.596818,32.465455
2021-07-01,sorriso_mt,"Sorriso, MT",-12.5425,-55.7211,4.56,24.875484,36.14,12.56,48.495484,0.197742,NASA_POWER,5.156705,BCB_PTAX,75.165909,EIA,0.32045,AppEEARS:MOD13Q1.061:_250m_16_days_NDVI,0.118059,AppEEARS:SPL3SMP_E.006:Soil_Moisture_Retrieval_Data_PM_soil_moisture_pm,7,3,0,0,6.92,17.02,79.04,34.326667,24.839333,23.379355,24.232667,24.150452,66.664333,85.482258,90.463333,80.869975,0.178,0.163871,0.105333,0.149068,0.35205,0.40455,0.41795,0.391517,0.151693,0.166001,0.197947,0.17188,5.031905,5.291057,5.562135,5.295032,73.164091,68.534211,64.8065,68.834934,0.542,-0.383183,-0.045637,-0.037307,2.488136,-4.103327,167.596818,32.465455,CEPEA,CEPEA/ESALQ - Paranaguá,171.057727,32.583182
2021-08-01,sorriso_mt,"Sorriso, MT",-12.5425,-55.7211,0.01,28.683226,39.38,17.73,34.762581,0.135161,NASA_POWER,5.251718,BCB_PTAX,70.747143,EIA,0.30615,AppEEARS:MOD13Q1.061:_250m_16_days_NDVI,0.116079,AppEEARS:SPL3SMP_E.006:Soil_Moisture_Retrieval_Data_PM_soil_moisture_pm,8,3,0,0,4.56,6.92,17.02,9.5,24.875484,24.839333,23.379355,24.364724,48.495484,66.664333,85.482258,66.880692,0.197742,0.178,0.163871,0.179871,0.32045,0.35205,0.40455,0.359017,0.118059,0.151693,0.166001,0.145251,5.156705,5.031905,5.291057,5.159889,75.165909,73.164091,68.534211,72.28807,-8.653333,0.958753,-0.048803,-0.039512,2.527619,-6.827217,171.057727,32.583182,CEPEA,CEPEA/ESALQ - Paranaguá,172.734286,32.635238
2021-09-01,sorriso_mt,"Sorriso, MT",-12.5425,-55.7211,53.55,30.295333,41.25,20.52,47.095333,0.173667,NASA_POWER,5.27969,BCB_PTAX,74.488636,EIA,0.3368,AppEEARS:MOD13Q1.061:_250m_16_days_NDVI,0.182075,AppEEARS:SPL3SMP_E.006:Soil_Moisture_Retrieval_Data_PM_soil_moisture_pm,9,3,1,0,0.01,4.56,6.92,3.83,28.683226,24.875484,24.839333,26.132681,34.762581,48.495484,66.664333,49.974133,0.135161,0.197742,0.178,0.170301,0.30615,0.32045,0.35205,0.326217,0.116079,0.118059,0.151693,0.12861,5.251718,5.156705,5.031905,5.146776,70.747143,75.165909,73.164091,73.025714,7.732,0.838244,-0.037617,0.003046,2.498171,-2.125335,172.734286,32.635238,CEPEA,CEPEA/ESALQ - Paranaguá,171.167,30.9255
2021-10-01,sorriso_mt,"Sorriso, MT",-12.5425,-55.7211,115.66,28.400645,37.98,21.13,67.999032,0.055806,NASA_POWER,5.53998,BCB_PTAX,83.538095,EIA,0.3594,AppEEARS:MOD13Q1.061:_250m_16_days_NDVI,0.240011,AppEEARS:SPL3SMP_E.006:Soil_Moisture_Retrieval_Data_PM_soil_moisture_pm,10,4,1,0,53.55,0.01,4.56,19.373333,30.295333,28.683226,24.875484,27.951348,47.095333,34.762581,48.495484,43.451133,0.173667,0.135161,0.197742,0.168857,0.3368,0.30615,0.32045,0.321133,0.182075,0.116079,0.118059,0.138738,5.27969,5.251718,5.156705,5.229371,74.488636,70.747143,75.165909,73.467229,-25.920667,0.461161,-0.028823,-0.002884,2.759192,8.783286,171.167,30.9255,CEPEA,CEPEA/ESALQ - Paranaguá,165.7935,29.8225
2021-11-01,sorriso_mt,"Sorriso, MT",-12.5425,-55.7211,250.98,25.093333,33.06,20.85,88.033,0.084667,NASA_POWER,5.55686,BCB_PTAX,81.05,EIA,0.31005,AppEEARS:MOD13Q1.061:_250m_16_days_NDVI,0.241227,AppEEARS:SPL3SMP_E.006:Soil_Moisture_Retrieval_Data_PM_soil_moisture_pm,11,4,1,0,115.66,53.55,0.01,56.406667,28.400645,30.295333,28.683226,29.126401,67.999032,47.095333,34.762581,49.952315,0.055806,0.173667,0.135161,0.121545,0.3594,0.3368,0.30615,0.334117,0.240011,0.182075,0.116079,0.179388,5.53998,5.27969,5.251718,5.357129,83.538095,74.488636,70.747143,76.257958,58.905333,-0.863956,-0.117313,-0.007967,2.751975,8.050675,165.7935,29.8225,CEPEA,CEPEA/ESALQ - Paranaguá,170.251905,30.089524
2021-12-01,sorriso_mt,"Sorriso, MT",-12.5425,-55.7211,360.44,24.734516,29.6,21.14,92.834839,0.084516,NASA_POWER,5.651391,BCB_PTAX,74.170476,EIA,0.3575,AppEEARS:MOD13Q1.061:_250m_16_days_NDVI,0.241706,AppEEARS:SPL3SMP_E.006:Soil_Moisture_Retrieval_Data_PM_soil_moisture_pm,12,4,1,0,250.98,115.66,53.55,140.063333,25.093333,28.400645,30.295333,27.92977,88.033,67.999032,47.095333,67.709122,0.084667,0.055806,0.173667,0.104713,0.31005,0.3594,0.3368,0.335417,0.241227,0.240011,0.182075,0.221104,5.55686,5.53998,5.27969,5.458843,81.05,83.538095,74.488636,79.692244,133.364,-0.396882,-0.041887,-0.012841,2.829447,2.987562,170.251905,30.089524,CEPEA,CEPEA/ESALQ - Paranaguá,179.665238,32.529524
2022-01-01,sorriso_mt,"Sorriso, MT",-12.5425,-55.7211,185.83,24.275484,29.77,20.43,91.029677,0.094839,NASA_POWER,5.534105,BCB_PTAX,86.505238,EIA,0.4095,AppEEARS:MOD13Q1.061:_250m_16_days_NDVI,0.259729,AppEEARS:SPL3SMP_E.006:Soil_Moisture_Retrieval_Data_PM_soil_moisture_pm,1,1,0,1,360.44,250.98,115.66,242.36,24.734516,25.093333,28.400645,26.076165,92.834839,88.033,67.999032,82.955624,0.084516,0.084667,0.055806,0.074996,0.3575,0.31005,0.3594,0.342317,0.241706,0.241227,0.240011,0.240981,5.651391,5.55686,5.53998,5.582744,74.170476,81.05,83.538095,79.58619,-33.508,-0.569247,-0.017633,-0.015811,2.7195,14.977981,179.665238,32.529524,CEPEA,CEPEA/ESALQ - Paranaguá,195.02,37.582105
2022-02-01,sorriso_mt,"Sorriso, MT",-12.5425,-55.7211,277.28,24.348214,29.76,20.69,90.652143,0.103929,NASA_POWER,5.196579,BCB_PTAX,97.129,EIA,0.34765,AppEEARS:MOD13Q1.061:_250m_16_days_NDVI,0.280226,AppEEARS:SPL3SMP_E.006:Soil_Moisture_Retrieval_Data_PM_soil_moisture_pm,2,1,0,1,185.83,360.44,250.98,265.75,24.275484,24.734516,25.093333,24.701111,91.029677,92.834839,88.033,90.632505,0.094839,0.084516,0.084667,0.088007,0.4095,0.3575,0.31005,0.359017,0.259729,0.241706,0.241227,0.247554,5.534105,5.651391,5.55686,5.580785,86.505238,74.170476,81.05,80.575238,10.156,-0.454553,-0.08907,-0.009986,2.374004,23.1309,195.02,37.582105,CEPEA,CEPEA/ESALQ - Paranaguá,199.602273,40.199091
2022-03-01,sorriso_mt,"Sorriso, MT",-12.5425,-55.7211,318.36,24.385161,29.25,19.94,91.213226,0.132258,NASA_POWER,4.968382,BCB_PTAX,117.245217,EIA,0.4305,AppEEARS:MOD13Q1.061:_250m_16_days_NDVI,0.224506,AppEEARS:SPL3SMP_E.006:Soil_Moisture_Retrieval_Data_PM_soil_moisture_pm,3,1,0,1,277.28,185.83,360.44,274.516667,24.348214,24.275484,24.734516,24.452738,90.652143,91.029677,92.834839,91.505553,0.103929,0.094839,0.084516,0.094428,0.34765,0.4095,0.3575,0.37155,0.280226,0.259729,0.241706,0.260554,5.196579,5.534105,5.651391,5.460692,97.129,86.505238,74.170476,85.934905,112.585333,-0.481355,-0.018263,-0.030782,2.082629,42.421262,199.602273,40.199091,CEPEA,CEPEA/ESALQ - Paranaguá,186.362105,39.201053
2022-04-01,sorriso_mt,"Sorriso, MT",-12.5425,-55.7211,59.94,24.540333,29.25,19.12,89.631667,0.120333,NASA_POWER,4.758016,BCB_PTAX,104.575263,EIA,0.3994,AppEEARS:MOD13Q1.061:_250m_16_days_NDVI,0.168424,AppEEARS:SPL3SMP_E.006:Soil_Moisture_Retrieval_Data_PM_soil_moisture_pm,4,2,0,1,318.36,277.28,185.83,260.49,24.385161,24.348214,24.275484,24.336286,91.213226,90.652143,91.029677,90.965015,0.132258,0.103929,0.094839,0.110342,0.4305,0.34765,0.4095,0.395883,0.224506,0.280226,0.259729,0.25482,4.968382,5.196579,5.534105,5.233022,117.245217,97.129,86.505238,100.293152,-49.56625,-0.184125,-0.057416,-0.050954,1.91892,28.672732,186.362105,39.201053,CEPEA,CEPEA/ESALQ - Paranaguá,193.380909,39.105455
2022-05-01,sorriso_mt,"Sorriso, MT",-12.5425,-55.7211,7.37,21.761935,29.33,8.74,85.566129,0.117419,NASA_POWER,4.95505,BCB_PTAX,113.337619,EIA,0.35755,AppEEARS:MOD13Q1.061:_250m_16_days_NDVI,0.143892,AppEEARS:SPL3SMP_E.006:Soil_Moisture_Retrieval_Data_PM_soil_moisture_pm,5,2,0,0,59.94,318.36,277.28,218.526667,24.540333,24.385161,24.348214,24.424569,89.631667,91.213226,90.652143,90.499012,0.120333,0.132258,0.103929,0.11884,0.3994,0.4305,0.34765,0.392517,0.168424,0.224506,0.280226,0.224385,4.758016,4.968382,5.196579,4.974326,104.575263,117.245217,97.129,106.316493,-21.878125,-2.237238,-0.072909,-0.044588,2.084291,35.97445,193.380909,39.105455,CEPEA,CEPEA/ESALQ - Paranaguá,194.969524,38.609048
2022-06-01,sorriso_mt,"Sorriso, MT",-12.5425,-55.7211,7.43,23.438667,32.02,15.24,73.625333,0.174333,NASA_POWER,5.04921,BCB_PTAX,122.710952,EIA,0.3178,AppEEARS:MOD13Q1.061:_250m_16_days_NDVI,0.140586,AppEEARS:SPL3SMP_E.006:Soil_Moisture_Retrieval_Data_PM_soil_moisture_pm,6,2,0,0,7.37,59.94,318.36,128.556667,21.761935,24.540333,24.385161,23.562476,85.566129,89.631667,91.213226,88.803674,0.117419,0.120333,0.132258,0.123337,0.35755,0.3994,0.4305,0.395817,0.143892,0.168424,0.224506,0.178941,4.95505,4.758016,4.968382,4.893816,113.337619,104.575263,117.245217,111.719366,-1.72625,-0.802812,-0.080941,-0.028967,2.217969,44.764237,194.969524,38.609048,CEPEA,CEPEA/ESALQ - Paranaguá,190.744286,35.55
2022-07-01,sorriso_mt,"Sorriso, MT",-12.5425,-55.7211,0.15,25.370645,35.84,15.66,52.130968,0.257419,NASA_POWER,5.368071,BCB_PTAX,111.925714,EIA,0.29925,AppEEARS:MOD13Q1.061:_250m_16_days_NDVI,0.118343,AppEEARS:SPL3SMP_E.006:Soil_Moisture_Retrieval_Data_PM_soil_moisture_pm,7,3,0,0,7.43,7.37,59.94,24.913333,23.438667,21.761935,24.540333,23.246978,73.625333,85.566129,89.631667,82.941043,0.174333,0.117419,0.120333,0.137362,0.3178,0.35755,0.3994,0.35825,0.140586,0.143892,0.168424,0.150967,5.04921,4.95505,4.758016,4.920759,122.710952,113.337619,104.575263,113.541278,-3.901875,0.135927,-0.063984,-0.031693,2.543994,32.912936,190.744286,35.55,CEPEA,CEPEA/ESALQ - Paranaguá,187.179565,36.375652
2022-08-01,sorriso_mt,"Sorriso, MT",-12.5425,-55.7211,3.72,27.356129,37.91,15.65,40.424516,0.13129,NASA_POWER,5.143287,BCB_PTAX,100.446364,EIA,0.3201,AppEEARS:MOD13Q1.061:_250m_16_days_NDVI,0.106108,AppEEARS:SPL3SMP_E.006:Soil_Moisture_Retrieval_Data_PM_soil_moisture_pm,8,3,0,0,0.15,7.43,7.37,4.983333,25.370645,23.438667,21.761935,23.523749,52.130968,73.625333,85.566129,70.44081,0.257419,0.174333,0.117419,0.183057,0.29925,0.3178,0.35755,0.324867,0.118343,0.140586,0.143892,0.134274,5.368071,5.04921,4.95505,5.12411,111.925714,122.710952,113.337619,115.991428,-4.4025,-0.428266,-0.031803,-0.043839,2.261212,23.298705,187.179565,36.375652,CEPEA,CEPEA/ESALQ - Paranaguá,187.26381,35.803333
2022-09-01,sorriso_mt,"Sorriso, MT",-12.5425,-55.7211,50.42,29.449667,39.22,19.17,45.044667,0.122,NASA_POWER,5.236957,BCB_PTAX,89.764762,EIA,0.31485,AppEEARS:MOD13Q1.061:_250m_16_days_NDVI,0.223182,AppEEARS:SPL3SMP_E.006:Soil_Moisture_Retrieval_Data_PM_soil_moisture_pm,9,3,1,0,3.72,0.15,7.43,3.766667,27.356129,25.370645,23.438667,25.38848,40.424516,52.130968,73.625333,55.393606,0.13129,0.257419,0.174333,0.187681,0.3201,0.29925,0.3178,0.312383,0.106108,0.118343,0.140586,0.121679,5.143287,5.368071,5.04921,5.186856,100.446364,111.925714,122.710952,111.694343,4.11875,-0.059812,-0.057216,0.043718,2.299303,13.283625,187.26381,35.803333,CEPEA,CEPEA/ESALQ - Paranaguá,183.728,35.0015
2022-10-01,sorriso_mt,"Sorriso, MT",-12.5425,-55.7211,203.42,27.203548,38.12,20.66,73.783871,0.074839,NASA_POWER,5.2503,BCB_PTAX,93.331905,EIA,0.3565,AppEEARS:MOD13Q1.061:_250m_16_days_NDVI,0.25362,AppEEARS:SPL3SMP_E.006:Soil_Moisture_Retrieval_Data_PM_soil_moisture_pm,10,4,1,0,50.42,3.72,0.15,18.096667,29.449667,27.356129,25.370645,27.392147,45.044667,40.424516,52.130968,45.866717,0.122,0.13129,0.257419,0.170236,0.31485,0.3201,0.29925,0.3114,0.223182,0.106108,0.118343,0.149211,5.236957,5.143287,5.368071,5.249438,89.764762,100.446364,111.925714,100.71228,63.459375,-0.764758,-0.029922,0.011137,2.297063,18.02814,183.728,35.0015,CEPEA,CEPEA/ESALQ - Paranaguá,186.1275,35.2465
2022-11-01,sorriso_mt,"Sorriso, MT",-12.5425,-55.7211,122.61,25.734333,36.54,15.89,74.769,0.074,NASA_POWER,5.27465,BCB_PTAX,91.415455,EIA,0.37115,AppEEARS:MOD13Q1.061:_250m_16_days_NDVI,0.219644,AppEEARS:SPL3SMP_E.006:Soil_Moisture_Retrieval_Data_PM_soil_moisture_pm,11,4,1,0,203.42,50.42,3.72,85.853333,27.203548,29.449667,27.356129,28.003115,73.783871,45.044667,40.424516,53.084351,0.074839,0.122,0.13129,0.109376,0.3565,0.31485,0.3201,0.330483,0.25362,0.223182,0.106108,0.194303,5.2503,5.236957,5.143287,5.210181,93.331905,89.764762,100.446364,94.514344,-73.14625,-0.168959,-0.048881,-0.028412,2.297767,17.912963,186.1275,35.2465,CEPEA,CEPEA/ESALQ - Paranaguá,182.053333,34.664286
2022-12-01,sorriso_mt,"Sorriso, MT",-12.5425,-55.7211,281.52,24.416452,31.14,20.3,90.212258,0.053548,NASA_POWER,5.242432,BCB_PTAX,80.924,EIA,0.38505,AppEEARS:MOD13Q1.061:_250m_16_days_NDVI,0.243036,AppEEARS:SPL3SMP_E.006:Soil_Moisture_Retrieval_Data_PM_soil_moisture_pm,12,4,1,0,122.61,203.42,50.42,125.483333,25.734333,27.203548,29.449667,27.462516,74.769,73.783871,45.044667,64.532513,0.074,0.074839,0.122,0.09028,0.37115,0.3565,0.31485,0.3475,0.219644,0.25362,0.223182,0.232149,5.27465,5.2503,5.236957,5.253969,91.415455,93.331905,89.764762,91.504041,46.10875,-0.690141,-0.011719,-0.009677,2.243647,9.554363,182.053333,34.664286,CEPEA,CEPEA/ESALQ - Paranaguá,177.031818,34.080455
2023-01-01,sorriso_mt,"Sorriso, MT",-12.5425,-55.7211,283.63,23.915161,28.75,20.02,91.43,0.090645,NASA_POWER,5.200368,BCB_PTAX,82.501429,EIA,0.3747,AppEEARS:MOD13Q1.061:_250m_16_days_NDVI,0.28249,AppEEARS:SPL3SMP_E.006:Soil_Moisture_Retrieval_Data_PM_soil_moisture_pm,1,1,0,1,281.52,122.61,203.42,202.516667,24.416452,25.734333,27.203548,25.784778,90.212258,74.769,73.783871,79.588376,0.053548,0.074,0.074839,0.067462,0.38505,0.37115,0.3565,0.3709,0.243036,0.219644,0.25362,0.238767,5.242432,5.27465,5.2503,5.255794,80.924,91.415455,93.331905,88.55712,66.38625,-0.893992,-0.051331,0.009209,2.215795,10.038048,177.031818,34.080455,CEPEA,CEPEA/ESALQ - Paranaguá,172.606111,33.33
2023-02-01,sorriso_mt,"Sorriso, MT",-12.5425,-55.7211,192.64,24.461071,29.24,20.18,90.747143,0.141071,NASA_POWER,5.171689,BCB_PTAX,82.585,EIA,0.35255,AppEEARS:MOD13Q1.061:_250m_16_days_NDVI,0.299145,AppEEARS:SPL3SMP_E.006:Soil_Moisture_Retrieval_Data_PM_soil_moisture_pm,2,1,0,1,283.63,281.52,122.61,229.253333,23.915161,24.416452,25.734333,24.688649,91.43,90.212258,74.769,85.470419,0.090645,0.053548,0.074,0.072731,0.3747,0.38505,0.37115,0.376967,0.28249,0.243036,0.219644,0.24839,5.200368,5.242432,5.27465,5.23915,82.501429,80.924,91.415455,84.946961,-75.11875,-0.313286,-0.078603,0.01036,2.200739,7.141219,172.606111,33.33,CEPEA,CEPEA/ESALQ - Paranaguá,162.124783,31.149565
2023-03-01,sorriso_mt,"Sorriso, MT",-12.5425,-55.7211,234.34,24.18129,29.59,19.59,90.950645,0.11871,NASA_POWER,5.211461,BCB_PTAX,78.434348,EIA,0.3692,AppEEARS:MOD13Q1.061:_250m_16_days_NDVI,0.273047,AppEEARS:SPL3SMP_E.006:Soil_Moisture_Retrieval_Data_PM_soil_moisture_pm,3,1,0,1,192.64,283.63,281.52,252.596667,24.461071,23.915161,24.416452,24.264228,90.747143,91.43,90.212258,90.796467,0.141071,0.090645,0.053548,0.095088,0.35255,0.3747,0.38505,0.370767,0.299145,0.28249,0.243036,0.27489,5.171689,5.200368,5.242432,5.20483,82.585,82.501429,80.924,82.003476,21.52875,-0.655141,-0.078422,0.021606,2.195543,0.959064,162.124783,31.149565,CEPEA,CEPEA/ESALQ - Paranaguá,145.236667,28.947222
2023-04-01,sorriso_mt,"Sorriso, MT",-12.5425,-55.7211,84.92,24.476667,29.35,20.09,90.313,0.116333,NASA_POWER,5.019733,BCB_PTAX,84.638333,EIA,0.3947,AppEEARS:MOD13Q1.061:_250m_16_days_NDVI,0.199645,AppEEARS:SPL3SMP_E.006:Soil_Moisture_Retrieval_Data_PM_soil_moisture_pm,4,2,0,1,234.34,192.64,283.63,236.87,24.18129,24.461071,23.915161,24.185841,90.950645,90.747143,91.43,91.042596,0.11871,0.141071,0.090645,0.116809,0.3692,0.35255,0.3747,0.365483,0.273047,0.299145,0.28249,0.284894,5.211461,5.171689,5.200368,5.194506,78.434348,82.585,82.501429,81.173592,-21.670588,-0.23696,-0.058738,-0.013364,2.067759,7.04917,145.236667,28.947222,CEPEA,CEPEA/ESALQ - Paranaguá,138.109091,27.728182
2023-05-01,sorriso_mt,"Sorriso, MT",-12.5425,-55.7211,10.74,23.658065,30.98,17.19,85.968387,0.114194,NASA_POWER,4.982836,BCB_PTAX,75.466,EIA,0.3762,AppEEARS:MOD13Q1.061:_250m_16_days_NDVI,0.161308,AppEEARS:SPL3SMP_E.006:Soil_Moisture_Retrieval_Data_PM_soil_moisture_pm,5,2,0,0,84.92,234.34,192.64,170.633333,24.476667,24.18129,24.461071,24.373009,90.313,90.950645,90.747143,90.670263,0.116333,0.11871,0.141071,0.125371,0.3947,0.3692,0.35255,0.37215,0.199645,0.273047,0.299145,0.257279,5.019733,5.211461,5.171689,5.134294,84.638333,78.434348,82.585,81.885894,-17.221176,-0.209506,-0.049971,-0.021598,1.989472,-4.013313,138.109091,27.728182,CEPEA,CEPEA/ESALQ - Paranaguá,136.452381,28.17381
2023-06-01,sorriso_mt,"Sorriso, MT",-12.5425,-55.7211,14.31,23.650333,32.48,14.45,71.279,0.154333,NASA_POWER,4.851567,BCB_PTAX,74.839091,EIA,0.35575,AppEEARS:MOD13Q1.061:_250m_16_days_NDVI,0.171955,AppEEARS:SPL3SMP_E.006:Soil_Moisture_Retrieval_Data_PM_soil_moisture_pm,6,2,0,0,10.74,84.92,234.34,110.0,23.658065,24.476667,24.18129,24.105341,85.968387,90.313,90.950645,89.077344,0.114194,0.116333,0.11871,0.116412,0.3762,0.3947,0.3692,0.380033,0.161308,0.199645,0.273047,0.211333,4.982836,5.019733,5.211461,5.071343,75.466,84.638333,78.434348,79.512894,5.255294,-0.543922,-0.038229,0.006023,1.889858,-5.740815,136.452381,28.17381,CEPEA,CEPEA/ESALQ - Paranaguá,146.840476,30.595714
2023-07-01,sorriso_mt,"Sorriso, MT",-12.5425,-55.7211,0.0,25.694194,36.62,15.54,51.34871,0.225161,NASA_POWER,4.800833,BCB_PTAX,80.108095,EIA,0.3017,AppEEARS:MOD13Q1.061:_250m_16_days_NDVI,0.151626,AppEEARS:SPL3SMP_E.006:Soil_Moisture_Retrieval_Data_PM_soil_moisture_pm,7,3,0,0,14.31,10.74,84.92,36.656667,23.650333,23.658065,24.476667,23.928355,71.279,85.968387,90.313,82.520129,0.154333,0.114194,0.116333,0.128287,0.35575,0.3762,0.3947,0.37555,0.171955,0.161308,0.199645,0.177636,4.851567,4.982836,5.019733,4.951379,74.839091,75.466,84.638333,78.314475,-3.822353,0.45148,-0.057771,0.005552,1.827109,-0.840738,146.840476,30.595714,CEPEA,CEPEA/ESALQ - Paranaguá,148.548696,30.293043
2023-08-01,sorriso_mt,"Sorriso, MT",-12.5425,-55.7211,17.63,29.297742,39.58,19.75,41.976452,0.180968,NASA_POWER,4.903543,BCB_PTAX,86.147727,EIA,0.31015,AppEEARS:MOD13Q1.061:_250m_16_days_NDVI,0.153788,AppEEARS:SPL3SMP_E.006:Soil_Moisture_Retrieval_Data_PM_soil_moisture_pm,8,3,0,0,0.0,14.31,10.74,8.35,25.694194,23.650333,23.658065,24.334197,51.34871,71.279,85.968387,69.532032,0.225161,0.154333,0.114194,0.164563,0.3017,0.35575,0.3762,0.34455,0.151626,0.171955,0.161308,0.16163,4.800833,4.851567,4.982836,4.878412,80.108095,74.839091,75.466,76.804395,9.766471,1.538539,-0.039882,0.009321,1.888456,7.629556,148.548696,30.293043,CEPEA,CEPEA/ESALQ - Paranaguá,147.1915,29.7655
2023-09-01,sorriso_mt,"Sorriso, MT",-12.5425,-55.7211,29.25,31.315,41.52,21.54,43.820667,0.126,NASA_POWER,4.93699,BCB_PTAX,93.722381,EIA,0.3032,AppEEARS:MOD13Q1.061:_250m_16_days_NDVI,0.217377,AppEEARS:SPL3SMP_E.006:Soil_Moisture_Retrieval_Data_PM_soil_moisture_pm,9,3,1,0,17.63,0.0,14.31,10.646667,29.297742,25.694194,23.650333,26.21409,41.976452,51.34871,71.279,54.868054,0.180968,0.225161,0.154333,0.186821,0.31015,0.3017,0.35575,0.322533,0.153788,0.151626,0.171955,0.159123,4.903543,4.800833,4.851567,4.851981,86.147727,80.108095,74.839091,80.364971,-17.293529,1.809039,-0.0655,0.032449,1.864082,16.459854,147.1915,29.7655,CEPEA,CEPEA/ESALQ - Paranaguá,144.094286,28.451429
2023-10-01,sorriso_mt,"Sorriso, MT",-12.5425,-55.7211,118.62,30.531613,41.16,22.14,56.777097,0.099677,NASA_POWER,5.064843,BCB_PTAX,90.595909,EIA,0.3295,AppEEARS:MOD13Q1.061:_250m_16_days_NDVI,0.256501,AppEEARS:SPL3SMP_E.006:Soil_Moisture_Retrieval_Data_PM_soil_moisture_pm,10,4,1,0,29.25,17.63,0.0,15.626667,31.315,29.297742,25.694194,28.768979,43.820667,41.976452,51.34871,45.715276,0.126,0.180968,0.225161,0.177376,0.3032,0.31015,0.3017,0.305017,0.217377,0.153788,0.151626,0.174264,4.93699,4.903543,4.800833,4.880455,93.722381,86.147727,80.108095,86.659401,-25.073529,2.608292,-0.055162,0.012626,1.976484,14.231665,144.094286,28.451429,CEPEA,CEPEA/ESALQ - Paranaguá,144.0445,29.4085
2023-11-01,sorriso_mt,"Sorriso, MT",-12.5425,-55.7211,127.53,29.392667,41.56,21.5,62.659333,0.077333,NASA_POWER,4.89834,BCB_PTAX,82.94,EIA,0.31935,AppEEARS:MOD13Q1.061:_250m_16_days_NDVI,0.216,AppEEARS:SPL3SMP_E.006:Soil_Moisture_Retrieval_Data_PM_soil_moisture_pm,11,4,1,0,118.62,29.25,17.63,55.166667,30.531613,31.315,29.297742,30.381452,56.777097,43.820667,41.976452,47.524739,0.099677,0.126,0.180968,0.135548,0.3295,0.3032,0.31015,0.314283,0.256501,0.217377,0.153788,0.209222,5.064843,4.93699,4.903543,4.968459,90.595909,93.722381,86.147727,90.155339,-63.923529,3.499314,-0.097806,-0.028504,1.786294,8.383804,144.0445,29.4085,CEPEA,CEPEA/ESALQ - Paranaguá,145.970526,29.791579
2023-12-01,sorriso_mt,"Sorriso, MT",-12.5425,-55.7211,136.42,29.175161,39.2,22.07,64.261613,0.102903,NASA_POWER,4.897245,BCB_PTAX,77.246522,EIA,0.3493,AppEEARS:MOD13Q1.061:_250m_16_days_NDVI,0.200477,AppEEARS:SPL3SMP_E.006:Soil_Moisture_Retrieval_Data_PM_soil_moisture_pm,12,4,1,0,127.53,118.62,29.25,91.8,29.392667,30.531613,31.315,30.413093,62.659333,56.777097,43.820667,54.419032,0.077333,0.099677,0.126,0.101003,0.31935,0.3295,0.3032,0.31735,0.216,0.256501,0.217377,0.229959,4.89834,5.064843,4.93699,4.966724,82.94,90.595909,93.722381,89.086097,-101.703529,4.109165,-0.046779,-0.051026,1.766481,5.314864,145.970526,29.791579,CEPEA,CEPEA/ESALQ - Paranaguá,126.932727,25.829545
2024-01-01,sorriso_mt,"Sorriso, MT",-12.5425,-55.7211,303.83,25.453548,31.98,20.92,89.353548,0.079677,NASA_POWER,4.914395,BCB_PTAX,80.124091,EIA,0.3881,AppEEARS:MOD13Q1.061:_250m_16_days_NDVI,0.286205,AppEEARS:SPL3SMP_E.006:Soil_Moisture_Retrieval_Data_PM_soil_moisture_pm,1,1,0,1,136.42,127.53,118.62,127.523333,29.175161,29.392667,30.531613,29.699814,64.261613,62.659333,56.777097,61.232681,0.102903,0.077333,0.099677,0.093304,0.3493,0.31935,0.3295,0.332717,0.200477,0.216,0.256501,0.224326,4.897245,4.89834,5.064843,4.953476,77.246522,82.94,90.595909,83.594144,82.681176,0.696983,-0.034912,0.011773,1.799481,7.070237,126.932727,25.829545,CEPEA,CEPEA/ESALQ - Paranaguá,117.635263,23.71
2024-02-01,sorriso_mt,"Sorriso, MT",-12.5425,-55.7211,252.42,25.440345,31.32,21.14,89.532069,0.065517,NASA_POWER,4.964389,BCB_PTAX,83.478095,EIA,0.3837,AppEEARS:MOD13Q1.061:_250m_16_days_NDVI,0.282346,AppEEARS:SPL3SMP_E.006:Soil_Moisture_Retrieval_Data_PM_soil_moisture_pm,2,1,0,1,303.83,136.42,127.53,189.26,25.453548,29.175161,29.392667,28.007125,89.353548,64.261613,62.659333,72.091498,0.079677,0.102903,0.077333,0.086638,0.3881,0.3493,0.31935,0.35225,0.286205,0.200477,0.216,0.234227,4.914395,4.897245,4.89834,4.903327,80.124091,77.246522,82.94,80.103538,-10.92,0.684416,-0.042829,-0.007734,1.863983,7.614242,117.635263,23.71,CEPEA,CEPEA/ESALQ - Paranaguá,121.9065,24.4855
2024-03-01,sorriso_mt,"Sorriso, MT",-12.5425,-55.7211,178.18,25.859032,31.29,21.43,91.083226,0.094516,NASA_POWER,4.980135,BCB_PTAX,85.4085,EIA,0.3239,AppEEARS:MOD13Q1.061:_250m_16_days_NDVI,0.217033,AppEEARS:SPL3SMP_E.006:Soil_Moisture_Retrieval_Data_PM_soil_moisture_pm,3,1,0,1,252.42,303.83,136.42,230.89,25.440345,25.453548,29.175161,26.689685,89.532069,89.353548,64.261613,81.049077,0.065517,0.079677,0.102903,0.082699,0.3837,0.3881,0.3493,0.3737,0.282346,0.286205,0.200477,0.256343,4.964389,4.914395,4.897245,4.925343,83.478095,80.124091,77.246522,80.282903,-35.897647,1.061138,-0.119109,-0.036808,1.835068,7.8768,121.9065,24.4855,CEPEA,CEPEA/ESALQ - Paranaguá,126.793636,24.738182
2024-04-01,sorriso_mt,"Sorriso, MT",-12.5425,-55.7211,176.39,25.591333,29.89,21.66,92.166333,0.090333,NASA_POWER,5.129095,BCB_PTAX,89.938095,EIA,0.40025,AppEEARS:MOD13Q1.061:_250m_16_days_NDVI,0.192424,AppEEARS:SPL3SMP_E.006:Soil_Moisture_Retrieval_Data_PM_soil_moisture_pm,4,2,0,1,178.18,252.42,303.83,244.81,25.859032,25.440345,25.453548,25.584308,91.083226,89.532069,89.353548,89.989614,0.094516,0.065517,0.079677,0.079903,0.3239,0.3837,0.3881,0.365233,0.217033,0.282346,0.286205,0.261861,4.980135,4.964389,4.914395,4.952973,85.4085,83.478095,80.124091,83.003562,71.003333,0.89087,-0.049925,-0.0191,2.062245,11.957312,126.793636,24.738182,CEPEA,CEPEA/ESALQ - Paranaguá,136.004286,26.474762
2024-05-01,sorriso_mt,"Sorriso, MT",-12.5425,-55.7211,27.37,23.949032,31.85,15.46,84.34871,0.069677,NASA_POWER,5.133048,BCB_PTAX,81.74619,EIA,0.3643,AppEEARS:MOD13Q1.061:_250m_16_days_NDVI,0.156347,AppEEARS:SPL3SMP_E.006:Soil_Moisture_Retrieval_Data_PM_soil_moisture_pm,5,2,0,0,176.39,178.18,252.42,202.33,25.591333,25.859032,25.440345,25.630237,92.166333,91.083226,89.532069,90.927209,0.090333,0.094516,0.065517,0.083455,0.40025,0.3239,0.3837,0.369283,0.192424,0.217033,0.282346,0.230601,5.129095,4.980135,4.964389,5.02454,89.938095,85.4085,83.478095,86.274897,0.365556,0.0931,-0.059094,-0.024159,2.029158,2.489839,136.004286,26.474762,CEPEA,CEPEA/ESALQ - Paranaguá,138.9195,25.759
2024-06-01,sorriso_mt,"Sorriso, MT",-12.5425,-55.7211,25.89,23.996667,33.97,16.19,72.276,0.089333,NASA_POWER,5.388975,BCB_PTAX,82.246,EIA,0.3106,AppEEARS:MOD13Q1.061:_250m_16_days_NDVI,0.163551,AppEEARS:SPL3SMP_E.006:Soil_Moisture_Retrieval_Data_PM_soil_moisture_pm,6,2,0,0,27.37,176.39,178.18,127.313333,23.949032,25.591333,25.859032,25.133132,84.34871,92.166333,91.083226,89.199423,0.069677,0.090333,0.094516,0.084842,0.3643,0.40025,0.3239,0.362817,0.156347,0.192424,0.217033,0.188601,5.133048,5.129095,4.980135,5.080759,81.74619,89.938095,85.4085,85.697595,16.543333,-0.16737,-0.081256,-0.003051,2.322274,1.985028,138.9195,25.759,CEPEA,CEPEA/ESALQ - Paranaguá,138.091304,24.89913
2024-07-01,sorriso_mt,"Sorriso, MT",-12.5425,-55.7211,27.05,23.332258,34.3,14.04,65.372258,0.096452,NASA_POWER,5.542048,BCB_PTAX,85.153043,EIA,0.2782,AppEEARS:MOD13Q1.061:_250m_16_days_NDVI,0.157086,AppEEARS:SPL3SMP_E.006:Soil_Moisture_Retrieval_Data_PM_soil_moisture_pm,7,3,0,0,25.89,27.37,176.39,76.55,23.996667,23.949032,25.591333,24.512344,72.276,84.34871,92.166333,82.930348,0.089333,0.069677,0.090333,0.083114,0.3106,0.3643,0.40025,0.358383,0.163551,0.156347,0.192424,0.170774,5.388975,5.133048,5.129095,5.217039,82.246,81.74619,89.938095,84.643428,23.44,-1.935538,-0.078061,0.010395,2.466818,4.250918,138.091304,24.89913,CEPEA,CEPEA/ESALQ - Paranaguá,133.213636,23.987273
2024-08-01,sorriso_mt,"Sorriso, MT",-12.5425,-55.7211,2.22,26.360645,38.57,15.66,51.572903,0.05,NASA_POWER,5.552614,BCB_PTAX,80.355238,EIA,0.2804,AppEEARS:MOD13Q1.061:_250m_16_days_NDVI,0.15085,AppEEARS:SPL3SMP_E.006:Soil_Moisture_Retrieval_Data_PM_soil_moisture_pm,8,3,0,0,27.05,25.89,27.37,26.77,23.332258,23.996667,23.949032,23.759319,65.372258,72.276,84.34871,73.998989,0.096452,0.089333,0.069677,0.085154,0.2782,0.3106,0.3643,0.3177,0.157086,0.163551,0.156347,0.158995,5.542048,5.388975,5.133048,5.35469,85.153043,82.246,81.74619,83.048411,-6.186111,-1.484032,-0.067417,0.005348,2.432612,1.413202,133.213636,23.987273,CEPEA,CEPEA/ESALQ - Paranaguá,139.90381,25.25619
2024-09-01,sorriso_mt,"Sorriso, MT",-12.5425,-55.7211,11.27,29.746,40.4,18.9,40.122,0.086667,NASA_POWER,5.541567,BCB_PTAX,74.016667,EIA,0.324,AppEEARS:MOD13Q1.061:_250m_16_days_NDVI,0.152164,AppEEARS:SPL3SMP_E.006:Soil_Moisture_Retrieval_Data_PM_soil_moisture_pm,9,3,1,0,2.22,27.05,25.89,18.386667,26.360645,23.332258,23.996667,24.56319,51.572903,65.372258,72.276,63.07372,0.05,0.096452,0.089333,0.078595,0.2804,0.2782,0.3106,0.289733,0.15085,0.157086,0.163551,0.157162,5.552614,5.542048,5.388975,5.494546,80.355238,85.153043,82.246,82.58476,-34.312778,0.139537,-0.041061,-0.03637,2.365099,-4.160296,139.90381,25.25619,CEPEA,CEPEA/ESALQ - Paranaguá,141.832609,25.215652
2024-10-01,sorriso_mt,"Sorriso, MT",-12.5425,-55.7211,130.99,29.860323,41.54,22.3,60.647742,0.08129,NASA_POWER,5.624109,BCB_PTAX,75.632609,EIA,0.3202,AppEEARS:MOD13Q1.061:_250m_16_days_NDVI,0.259354,AppEEARS:SPL3SMP_E.006:Soil_Moisture_Retrieval_Data_PM_soil_moisture_pm,10,4,1,0,11.27,2.22,27.05,13.513333,29.746,26.360645,23.332258,26.479634,40.122,51.572903,65.372258,52.35572,0.086667,0.05,0.096452,0.077706,0.324,0.2804,0.2782,0.2942,0.152164,0.15085,0.157086,0.153367,5.541567,5.552614,5.542048,5.54541,74.016667,80.355238,85.153043,79.841649,-11.310556,1.792097,-0.061397,0.014076,2.425946,-1.522283,141.832609,25.215652,CEPEA,CEPEA/ESALQ - Paranaguá,143.407368,24.707895
2024-11-01,sorriso_mt,"Sorriso, MT",-12.5425,-55.7211,215.61,25.728,34.66,21.05,85.746667,0.063667,NASA_POWER,5.807058,BCB_PTAX,74.345238,EIA,0.3918,AppEEARS:MOD13Q1.061:_250m_16_days_NDVI,0.266609,AppEEARS:SPL3SMP_E.006:Soil_Moisture_Retrieval_Data_PM_soil_moisture_pm,11,4,1,0,130.99,11.27,2.22,48.16,29.860323,29.746,26.360645,28.655656,60.647742,40.122,51.572903,50.780882,0.08129,0.086667,0.05,0.072652,0.3202,0.324,0.2804,0.3082,0.259354,0.152164,0.15085,0.187456,5.624109,5.541567,5.552614,5.572763,75.632609,74.016667,80.355238,76.668171,27.707778,-0.359759,-0.019922,0.025272,2.595773,-0.676725,143.407368,24.707895,CEPEA,CEPEA/ESALQ - Paranaguá,141.169474,23.166316
2024-12-01,sorriso_mt,"Sorriso, MT",-12.5425,-55.7211,118.69,26.345484,34.42,20.76,81.447742,0.062903,NASA_POWER,6.097029,BCB_PTAX,71.686364,EIA,0.46225,AppEEARS:MOD13Q1.061:_250m_16_days_NDVI,0.219257,AppEEARS:SPL3SMP_E.006:Soil_Moisture_Retrieval_Data_PM_soil_moisture_pm,12,4,1,0,215.61,130.99,11.27,119.29,25.728,29.860323,29.746,28.444774,85.746667,60.647742,40.122,62.172136,0.063667,0.08129,0.086667,0.077208,0.3918,0.3202,0.324,0.345333,0.266609,0.259354,0.152164,0.226042,5.807058,5.624109,5.541567,5.657578,74.345238,75.632609,74.016667,74.664838,-113.783333,1.051201,0.068769,-0.026576,2.868127,-0.540564,141.169474,23.166316,CEPEA,CEPEA/ESALQ - Paranaguá,134.621818,22.379091
2025-01-01,sorriso_mt,"Sorriso, MT",-12.5425,-55.7211,176.77,24.971613,31.89,20.65,88.397419,0.084839,NASA_POWER,6.021773,BCB_PTAX,79.5545,EIA,0.35415,AppEEARS:MOD13Q1.061:_250m_16_days_NDVI,0.272976,AppEEARS:SPL3SMP_E.006:Soil_Moisture_Retrieval_Data_PM_soil_moisture_pm,1,1,0,1,118.69,215.61,130.99,155.096667,26.345484,25.728,29.860323,27.311269,81.447742,85.746667,60.647742,75.947384,0.062903,0.063667,0.08129,0.069287,0.46225,0.3918,0.3202,0.391417,0.219257,0.266609,0.259354,0.248407,6.097029,5.807058,5.624109,5.842732,71.686364,74.345238,75.632609,73.88807,-48.972222,0.176326,-0.066922,-0.002764,2.806888,6.107855,134.621818,22.379091,CEPEA,CEPEA/ESALQ - Paranaguá,131.568,22.8195
2025-02-01,sorriso_mt,"Sorriso, MT",-12.5425,-55.7211,147.46,24.911786,32.83,18.7,86.337143,0.069643,NASA_POWER,5.765645,BCB_PTAX,75.438,EIA,0.3864,AppEEARS:MOD13Q1.061:_250m_16_days_NDVI,0.280497,AppEEARS:SPL3SMP_E.006:Soil_Moisture_Retrieval_Data_PM_soil_moisture_pm,2,1,0,1,176.77,118.69,215.61,170.356667,24.971613,26.345484,25.728,25.681699,88.397419,81.447742,85.746667,85.197276,0.084839,0.062903,0.063667,0.07047,0.35415,0.46225,0.3918,0.402733,0.272976,0.219257,0.266609,0.252947,6.021773,6.097029,5.807058,5.975287,79.5545,71.686364,74.345238,75.195367,-115.273333,0.117834,-0.03775,-0.008724,2.561685,-0.848866,131.568,22.8195,CEPEA,CEPEA/ESALQ - Paranaguá,133.49,23.246842
2025-03-01,sorriso_mt,"Sorriso, MT",-12.5425,-55.7211,119.2,25.257742,32.29,20.23,85.70871,0.082903,NASA_POWER,5.746811,BCB_PTAX,72.732857,EIA,0.41425,AppEEARS:MOD13Q1.061:_250m_16_days_NDVI,0.246091,AppEEARS:SPL3SMP_E.006:Soil_Moisture_Retrieval_Data_PM_soil_moisture_pm,3,1,0,1,147.46,176.77,118.69,147.64,24.911786,24.971613,26.345484,25.409628,86.337143,88.397419,81.447742,85.394101,0.069643,0.084839,0.062903,0.072462,0.3864,0.35415,0.46225,0.400933,0.280497,0.272976,0.219257,0.257577,5.765645,6.021773,6.097029,5.961482,75.438,79.5545,71.686364,75.559621,-92.883333,0.400896,-0.022142,-0.00407,2.499796,-5.236443,133.49,23.246842,CEPEA,CEPEA/ESALQ - Paranaguá,134.68,23.318
2025-04-01,sorriso_mt,"Sorriso, MT",-12.5425,-55.7211,93.74,25.926667,32.83,21.27,83.463667,0.072667,NASA_POWER,5.783675,BCB_PTAX,68.1345,EIA,0.3915,AppEEARS:MOD13Q1.061:_250m_16_days_NDVI,0.210498,AppEEARS:SPL3SMP_E.006:Soil_Moisture_Retrieval_Data_PM_soil_moisture_pm,4,2,0,1,119.2,147.46,176.77,147.81,25.257742,24.911786,24.971613,25.047047,85.70871,86.337143,88.397419,86.814424,0.082903,0.069643,0.084839,0.079128,0.41425,0.3864,0.35415,0.384933,0.246091,0.280497,0.272976,0.266521,5.746811,5.765645,6.021773,5.844743,72.732857,75.438,79.5545,75.908452,-15.383684,1.179316,-0.056047,0.000884,2.608286,-10.475615,134.68,23.318,CEPEA,CEPEA/ESALQ - Paranaguá,133.09619,23.472381
2025-05-01,sorriso_mt,"Sorriso, MT",-12.5425,-55.7211,9.32,26.489355,35.17,16.81,63.034194,0.034839,NASA_POWER,5.667386,BCB_PTAX,64.453,EIA,0.4076,AppEEARS:MOD13Q1.061:_250m_16_days_NDVI,0.164477,AppEEARS:SPL3SMP_E.006:Soil_Moisture_Retrieval_Data_PM_soil_moisture_pm,5,2,0,0,93.74,119.2,147.46,120.133333,25.926667,25.257742,24.911786,25.365398,83.463667,85.70871,86.337143,85.16984,0.072667,0.082903,0.069643,0.075071,0.3915,0.41425,0.3864,0.397383,0.210498,0.246091,0.280497,0.245695,5.783675,5.746811,5.765645,5.765377,68.1345,72.732857,75.438,72.101786,-17.703684,2.628523,-0.012684,-0.013613,2.456698,-14.934395,133.09619,23.472381,CEPEA,CEPEA/ESALQ - Paranaguá,134.396,24.24
2025-06-01,sorriso_mt,"Sorriso, MT",-12.5425,-55.7211,19.11,26.222667,35.44,16.84,57.023667,0.039,NASA_POWER,5.547055,BCB_PTAX,71.444762,EIA,0.391,AppEEARS:MOD13Q1.061:_250m_16_days_NDVI,0.173979,AppEEARS:SPL3SMP_E.006:Soil_Moisture_Retrieval_Data_PM_soil_moisture_pm,6,2,0,0,9.32,93.74,119.2,74.086667,26.489355,25.926667,25.257742,25.891255,63.034194,83.463667,85.70871,77.40219,0.034839,0.072667,0.082903,0.06347,0.4076,0.3915,0.41425,0.40445,0.164477,0.210498,0.246091,0.207022,5.667386,5.783675,5.746811,5.732624,64.453,68.1345,72.732857,68.440119,8.892632,2.067439,0.003421,0.007682,2.358129,-8.920685,134.396,24.24,CEPEA,CEPEA/ESALQ - Paranaguá,136.891304,24.761739
2025-07-01,sorriso_mt,"Sorriso, MT",-12.5425,-55.7211,0.0,26.077097,36.75,15.86,42.054839,0.066774,NASA_POWER,5.528491,BCB_PTAX,71.041304,EIA,0.3483,AppEEARS:MOD13Q1.061:_250m_16_days_NDVI,0.17141,AppEEARS:SPL3SMP_E.006:Soil_Moisture_Retrieval_Data_PM_soil_moisture_pm,7,3,0,0,19.11,9.32,93.74,40.723333,26.222667,26.489355,25.926667,26.212896,57.023667,63.034194,83.463667,67.840509,0.039,0.034839,0.072667,0.048835,0.391,0.4076,0.3915,0.3967,0.173979,0.164477,0.210498,0.182985,5.547055,5.667386,5.783675,5.666039,71.444762,64.453,68.1345,68.010754,-4.843684,0.911172,-0.003853,0.023679,2.323428,-10.084554,136.891304,24.761739,CEPEA,CEPEA/ESALQ - Paranaguá,140.500476,25.800476
2025-08-01,sorriso_mt,"Sorriso, MT",-12.5425,-55.7211,0.02,28.937097,39.43,17.28,31.053226,0.070323,NASA_POWER,5.446924,BCB_PTAX,67.87,EIA,0.288,AppEEARS:MOD13Q1.061:_250m_16_days_NDVI,0.144849,AppEEARS:SPL3SMP_E.006:Soil_Moisture_Retrieval_Data_PM_soil_moisture_pm,8,3,0,0,0.0,19.11,9.32,9.476667,26.077097,26.222667,26.489355,26.26304,42.054839,57.023667,63.034194,54.037567,0.066774,0.039,0.034839,0.046871,0.3483,0.391,0.4076,0.3823,0.17141,0.173979,0.164477,0.169955,5.528491,5.547055,5.667386,5.580977,71.041304,71.444762,64.453,68.979689,-8.060526,1.170527,-0.056268,-0.001188,2.19889,-11.146415,140.500476,25.800476,CEPEA,CEPEA/ESALQ - Paranaguá,138.774091,25.853636
2025-09-01,sorriso_mt,"Sorriso, MT",-12.5425,-55.7211,44.8,30.797,40.8,20.37,42.210667,0.14,NASA_POWER,5.367409,BCB_PTAX,67.985455,EIA,0.3307,AppEEARS:MOD13Q1.061:_250m_16_days_NDVI,0.20815,AppEEARS:SPL3SMP_E.006:Soil_Moisture_Retrieval_Data_PM_soil_moisture_pm,9,3,1,0,0.02,0.0,19.11,6.376667,28.937097,26.077097,26.222667,27.078954,31.053226,42.054839,57.023667,43.377244,0.070323,0.066774,0.039,0.058699,0.288,0.3483,0.391,0.342433,0.144849,0.17141,0.173979,0.163413,5.446924,5.528491,5.547055,5.50749,67.87,71.041304,71.444762,70.118689,1.023158,1.183193,-0.0322,0.023253,2.066462,-9.972545,138.774091,25.853636,CEPEA,CEPEA/ESALQ - Paranaguá,137.863043,25.592609
2025-10-01,sorriso_mt,"Sorriso, MT",-12.5425,-55.7211,45.55,30.381613,41.3,21.01,48.654839,0.104839,NASA_POWER,5.385526,BCB_PTAX,64.543478,EIA,0.3482,AppEEARS:MOD13Q1.061:_250m_16_days_NDVI,0.221353,AppEEARS:SPL3SMP_E.006:Soil_Moisture_Retrieval_Data_PM_soil_moisture_pm,10,4,1,0,44.8,0.02,0.0,14.94,30.797,28.937097,26.077097,28.603731,42.210667,31.053226,42.054839,38.439577,0.14,0.070323,0.066774,0.092366,0.3307,0.288,0.3483,0.322333,0.20815,0.144849,0.17141,0.174803,5.367409,5.446924,5.528491,5.447608,67.985455,67.87,71.041304,68.965586,-96.155263,2.219066,-0.030166,-0.025333,2.059681,-12.531294,137.863043,25.592609,CEPEA,CEPEA/ESALQ - Paranaguá,140.472632,26.312632
2025-11-01,sorriso_mt,"Sorriso, MT",-12.5425,-55.7211,81.2,29.035333,39.29,22.38,63.856,0.057667,NASA_POWER,5.340853,BCB_PTAX,63.797,EIA,0.39605,AppEEARS:MOD13Q1.061:_250m_16_days_NDVI,0.21583,AppEEARS:SPL3SMP_E.006:Soil_Moisture_Retrieval_Data_PM_soil_moisture_pm,11,4,1,0,45.55,44.8,0.02,30.123333,30.381613,30.797,28.937097,30.03857,48.654839,42.210667,31.053226,40.639577,0.104839,0.14,0.070323,0.105054,0.3482,0.3307,0.288,0.3223,0.221353,0.20815,0.144849,0.191451,5.385526,5.367409,5.446924,5.399953,64.543478,67.985455,67.87,66.799644,-108.160526,2.966508,-0.014624,-0.028034,1.992949,-11.189346,140.472632,26.312632,CEPEA,CEPEA/ESALQ - Paranaguá,142.0135,26.0355
2025-12-01,sorriso_mt,"Sorriso, MT",-12.5425,-55.7211,244.89,25.492258,33.29,20.77,84.770323,0.057742,NASA_POWER,5.453091,BCB_PTAX,62.593333,EIA,0.3634,AppEEARS:MOD13Q1.061:_250m_16_days_NDVI,0.230448,AppEEARS:SPL3SMP_E.006:Soil_Moisture_Retrieval_Data_PM_soil_moisture_pm,12,4,1,0,81.2,45.55,44.8,57.183333,29.035333,30.381613,30.797,30.071315,63.856,48.654839,42.210667,51.573835,0.057667,0.104839,0.14,0.100835,0.39605,0.3482,0.3307,0.358317,0.21583,0.221353,0.20815,0.215111,5.340853,5.385526,5.367409,5.364596,63.797,64.543478,67.985455,65.441978,18.405263,0.142648,-0.0337,-0.012728,2.073235,-9.605144,142.0135,26.0355,CEPEA,CEPEA/ESALQ - Paranaguá,130.982857,24.553333
2026-01-01,sorriso_mt,"Sorriso, MT",-12.5425,-55.7211,189.31,25.353871,33.57,20.66,84.892258,0.065161,NASA_POWER,5.338024,BCB_PTAX,66.8335,EIA,0.37305,AppEEARS:MOD13Q1.061:_250m_16_days_NDVI,0.266762,AppEEARS:SPL3SMP_E.006:Soil_Moisture_Retrieval_Data_PM_soil_moisture_pm,1,1,0,1,244.89,81.2,45.55,123.88,25.492258,29.035333,30.381613,28.303068,84.770323,63.856,48.654839,65.760387,0.057742,0.057667,0.104839,0.073416,0.3634,0.39605,0.3482,0.369217,0.230448,0.21583,0.221353,0.222544,5.453091,5.340853,5.385526,5.393157,62.593333,63.797,64.543478,63.644604,-33.854737,0.549304,-0.0445,-0.008702,1.975408,-6.934611,130.982857,24.553333,CEPEA,CEPEA/ESALQ - Paranaguá,126.329444,24.292222
2026-02-01,sorriso_mt,"Sorriso, MT",-12.5425,-55.7211,254.57,24.454643,29.51,20.19,90.981786,0.098214,NASA_POWER,5.200617,BCB_PTAX,70.887,EIA,0.26925,AppEEARS:MOD13Q1.061:_250m_16_days_NDVI,0.284969,AppEEARS:SPL3SMP_E.006:Soil_Moisture_Retrieval_Data_PM_soil_moisture_pm,2,1,0,1,189.31,244.89,81.2,171.8,25.353871,25.492258,29.035333,26.627154,84.892258,84.770323,63.856,77.839527,0.065161,0.057742,0.057667,0.06019,0.37305,0.3634,0.39605,0.3775,0.266762,0.230448,0.21583,0.23768,5.338024,5.453091,5.340853,5.377323,66.8335,62.593333,63.797,64.407944,-2.096316,-0.345511,-0.152913,-0.003379,1.861831,-5.355189,126.329444,24.292222,CEPEA,CEPEA/ESALQ - Paranaguá,129.375455,24.733182
2026-03-01,sorriso_mt,"Sorriso, MT",-12.5425,-55.7211,194.83,24.722258,30.3,20.43,90.487742,0.084516,NASA_POWER,5.231586,BCB_PTAX,103.134545,EIA,0.381,AppEEARS:MOD13Q1.061:_250m_16_days_NDVI,0.222396,AppEEARS:SPL3SMP_E.006:Soil_Moisture_Retrieval_Data_PM_soil_moisture_pm,3,1,0,1,254.57,189.31,244.89,229.59,24.454643,25.353871,25.492258,25.100257,90.981786,84.892258,84.770323,86.881456,0.098214,0.065161,0.057742,0.073706,0.26925,0.37305,0.3634,0.335233,0.284969,0.266762,0.230448,0.260726,5.200617,5.338024,5.453091,5.330577,70.887,66.8335,62.593333,66.771278,-12.364737,-0.155688,-0.054226,-0.027395,1.853002,25.440848,129.375455,24.733182,CEPEA,CEPEA/ESALQ - Paranaguá,128.3825,24.8925
2026-04-01,sorriso_mt,"Sorriso, MT",-12.5425,-55.7211,15.27,24.672857,29.23,21.08,90.5,0.06,NASA_POWER,5.16045,BCB_PTAX,128.46,EIA,0.4171,AppEEARS:MOD13Q1.061:_250m_16_days_NDVI,0.224654,AppEEARS:SPL3SMP_E.006:Soil_Moisture_Retrieval_Data_PM_soil_moisture_pm,4,2,0,1,194.83,254.57,189.31,212.903333,24.722258,24.454643,25.353871,24.843591,90.487742,90.981786,84.892258,88.787262,0.084516,0.098214,0.065161,0.08263,0.381,0.26925,0.37305,0.3411,0.222396,0.284969,0.266762,0.258042,5.231586,5.200617,5.338024,5.256742,103.134545,70.887,66.8335,80.285015,-93.0845,-0.13346,-0.027645,0.01496,1.854647,50.373665,128.3825,24.8925,CEPEA,CEPEA/ESALQ - Paranaguá,,
