date,target_month,target_variable,target_value,target_source,target_series_name,month,quarter,soy_planting_window,soy_harvest_window,usd_brl,brent_usd_bbl,precipitation_mm,temperature_mean_c,temperature_max_c,temperature_min_c,relative_humidity_pct,wind_speed_ms,ndvi,soil_moisture_m3m3,usd_brl_lag_1,usd_brl_lag_2,usd_brl_lag_3,usd_brl_rolling_mean_3,brent_usd_bbl_lag_1,brent_usd_bbl_lag_2,brent_usd_bbl_lag_3,brent_usd_bbl_rolling_mean_3,precipitation_mm_lag_1,precipitation_mm_lag_2,precipitation_mm_lag_3,precipitation_mm_rolling_mean_3,temperature_mean_c_lag_1,temperature_mean_c_lag_2,temperature_mean_c_lag_3,temperature_mean_c_rolling_mean_3,relative_humidity_pct_lag_1,relative_humidity_pct_lag_2,relative_humidity_pct_lag_3,relative_humidity_pct_rolling_mean_3,wind_speed_ms_lag_1,wind_speed_ms_lag_2,wind_speed_ms_lag_3,wind_speed_ms_rolling_mean_3,ndvi_lag_1,ndvi_lag_2,ndvi_lag_3,ndvi_rolling_mean_3,soil_moisture_m3m3_lag_1,soil_moisture_m3m3_lag_2,soil_moisture_m3m3_lag_3,soil_moisture_m3m3_rolling_mean_3,usd_brl_month_anomaly,brent_usd_bbl_month_anomaly,precipitation_mm_month_anomaly,temperature_mean_c_month_anomaly,ndvi_month_anomaly,soil_moisture_m3m3_month_anomaly,soy_price_brl_bag,soy_price_usd_bag
2006-04-01,2006-05-01,soy_price_brl_bag_next_month,28.682727,CEPEA,CEPEA/ESALQ - Paranaguá,4,2,0,1,2.129289,70.26,259.5,24.109,28.5,19.89,91.672333,0.088,0.4761,,,,,,,,,,,,,,,,,,,,,,,,,,,,,,,,,,-1.264831,-10.225081,155.578095,-0.690961,0.032671,,27.020556,12.703333
2006-05-01,2006-06-01,soy_price_brl_bag_next_month,29.411579,CEPEA,CEPEA/ESALQ - Paranaguá,5,2,0,0,2.1781,69.776957,24.73,21.426774,27.67,13.24,87.965806,0.063871,0.44445,,2.129289,,,2.129289,70.26,,,70.26,259.5,,,259.5,24.109,,,24.109,91.672333,,,91.672333,0.088,,,0.088,0.4761,,,0.4761,,,,,-1.155423,-8.863718,-1.4085,-2.565484,0.0248,,28.682727,13.150909
2006-06-01,2006-07-01,soy_price_brl_bag_next_month,29.599524,CEPEA,CEPEA/ESALQ - Paranaguá,6,2,0,0,2.24829,68.555909,0.09,21.644333,29.46,14.67,82.906333,0.223667,0.40665,,2.1781,2.129289,,2.153695,69.776957,70.26,,70.018479,24.73,259.5,,142.115,21.426774,24.109,,22.767887,87.965806,91.672333,,89.819069,0.063871,0.088,,0.075935,0.44445,0.4761,,0.460275,,,,,-1.058543,-11.363503,-10.572,-2.614267,0.0189,,29.411579,13.104211
2006-07-01,2006-08-01,soy_price_brl_bag_next_month,28.912609,CEPEA,CEPEA/ESALQ - Paranaguá,7,3,0,0,2.189281,73.674286,2.92,23.855161,35.8,12.53,59.341935,0.234839,0.3907,,2.24829,2.1781,2.129289,2.185226,68.555909,69.776957,70.26,69.530955,0.09,24.73,259.5,94.773333,21.644333,21.426774,24.109,22.393369,82.906333,87.965806,91.672333,87.514824,0.223667,0.063871,0.088,0.125179,0.40665,0.44445,0.4761,0.4424,,,,,-1.131953,-6.947344,-1.6815,-1.356323,0.03874,,29.599524,13.514286
2006-08-01,2006-09-01,soy_price_brl_bag_next_month,29.099,CEPEA,CEPEA/ESALQ - Paranaguá,8,3,0,0,2.155883,73.230435,1.49,27.610968,37.94,17.01,45.51,0.185484,0.3878,,2.189281,2.24829,2.1781,2.205224,73.674286,68.555909,69.776957,70.669051,2.92,0.09,24.73,9.246667,23.855161,21.644333,21.426774,22.308756,59.341935,82.906333,87.965806,76.738025,0.234839,0.223667,0.063871,0.174126,0.3907,0.40665,0.44445,0.413933,,,,,-1.202095,-5.228659,-6.1875,-0.214129,0.046345,,28.912609,13.404348
2006-09-01,2006-10-01,soy_price_brl_bag_next_month,32.12619,CEPEA,CEPEA/ESALQ - Paranaguá,9,3,1,0,2.168745,61.958571,74.79,28.172667,38.73,16.36,54.274667,0.093,0.42915,,2.155883,2.189281,2.24829,2.197818,73.230435,73.674286,68.555909,71.82021,1.49,2.92,0.09,1.5,27.610968,23.855161,21.644333,24.370154,45.51,59.341935,82.906333,62.586089,0.185484,0.234839,0.223667,0.214663,0.3878,0.3907,0.40665,0.39505,,,,,-1.235525,-15.500802,30.962,-1.5003,0.06786,,29.099,13.42
2006-10-01,2006-11-01,soy_price_brl_bag_next_month,34.3715,CEPEA,CEPEA/ESALQ - Paranaguá,10,4,1,0,2.148281,57.808182,234.12,26.12129,36.4,20.33,80.953871,0.071935,0.4454,,2.168745,2.155883,2.189281,2.171303,61.958571,73.230435,73.674286,69.621097,74.79,1.49,2.92,26.4,28.172667,27.610968,23.855161,26.546265,54.274667,45.51,59.341935,53.042201,0.093,0.185484,0.234839,0.171108,0.42915,0.3878,0.3907,0.40255,,,,,-1.280548,-18.640025,97.2225,-2.15221,0.068543,,32.12619,14.961905
2006-11-01,2006-12-01,soy_price_brl_bag_next_month,33.314211,CEPEA,CEPEA/ESALQ - Paranaguá,11,4,1,0,2.1579,58.761364,120.53,25.781667,34.53,19.25,80.583,0.091,0.45415,,2.148281,2.168745,2.155883,2.157636,57.808182,61.958571,73.230435,64.332396,234.12,74.79,1.49,103.466667,26.12129,28.172667,27.610968,27.301642,80.953871,54.274667,45.51,60.246179,0.071935,0.093,0.185484,0.116806,0.4454,0.42915,0.3878,0.420783,,,,,-1.289652,-15.665514,-63.4225,-0.435483,0.044208,,34.3715,15.9235
2006-12-01,2007-01-01,soy_price_brl_bag_next_month,33.676364,CEPEA,CEPEA/ESALQ - Paranaguá,12,4,1,0,2.14992,68.390435,475.9,24.740968,29.59,20.82,91.305806,0.123548,0.33765,,2.1579,2.148281,2.168745,2.158309,58.761364,57.808182,61.958571,59.509372,120.53,234.12,74.79,143.146667,25.781667,26.12129,28.172667,26.691875,80.583,80.953871,54.274667,71.937179,0.091,0.071935,0.093,0.085312,0.45415,0.4454,0.42915,0.4429,,,,,-1.333598,-3.327785,248.495,-0.615774,-0.057765,,33.314211,15.497368
2007-01-01,2007-02-01,soy_price_brl_bag_next_month,34.709444,CEPEA,CEPEA/ESALQ - Paranaguá,1,1,0,1,2.138477,53.681429,225.35,25.100323,29.88,20.77,90.239677,0.128065,0.4839,,2.14992,2.1579,2.148281,2.152034,68.390435,58.761364,57.808182,61.653327,475.9,120.53,234.12,276.85,24.740968,25.781667,26.12129,25.547975,91.305806,80.583,80.953871,84.280892,0.123548,0.091,0.071935,0.095494,0.33765,0.45415,0.4454,0.4124,,,,,-1.32291,-19.739951,3.878,0.268291,0.068575,,33.676364,15.747273
2007-02-01,2007-03-01,soy_price_brl_bag_next_month,34.005909,CEPEA,CEPEA/ESALQ - Paranaguá,2,1,0,1,2.09625,57.555789,458.79,24.164286,29.58,20.29,92.1425,0.0875,0.4324,,2.138477,2.14992,2.1579,2.148766,53.681429,68.390435,58.761364,60.277743,225.35,475.9,120.53,273.926667,25.100323,24.740968,25.781667,25.207653,90.239677,91.305806,80.583,87.376161,0.128065,0.123548,0.091,0.114204,0.4839,0.33765,0.45415,0.425233,,,,,-1.335627,-18.418641,202.2285,-0.618592,0.017883,,34.709444,16.549444
2007-03-01,2007-04-01,soy_price_brl_bag_next_month,31.956,CEPEA,CEPEA/ESALQ - Paranaguá,3,1,0,1,2.088677,62.050455,149.08,24.570968,29.52,20.29,89.131613,0.115161,0.4952,,2.09625,2.138477,2.14992,2.128216,57.555789,53.681429,68.390435,59.875884,458.79,225.35,475.9,386.68,24.164286,25.100323,24.740968,24.668526,92.1425,90.239677,91.305806,91.229328,0.0875,0.128065,0.123548,0.113038,0.4324,0.4839,0.33765,0.417983,,,,,-1.382557,-16.915285,-57.4965,-0.299193,0.062685,,34.005909,16.287273
2007-04-01,2007-05-01,soy_price_brl_bag_next_month,32.123636,CEPEA,CEPEA/ESALQ - Paranaguá,4,2,0,1,2.032035,67.485789,81.07,24.753333,29.37,19.38,89.245,0.120333,0.49485,,2.088677,2.09625,2.138477,2.107801,62.050455,57.555789,53.681429,57.762558,149.08,458.79,225.35,277.74,24.570968,24.164286,25.100323,24.611859,89.131613,92.1425,90.239677,90.504597,0.115161,0.0875,0.128065,0.110242,0.4952,0.4324,0.4839,0.4705,,,,,-1.362085,-12.999292,-22.851905,-0.046628,0.051421,,31.956,15.724
2007-05-01,2007-06-01,soy_price_brl_bag_next_month,32.943,CEPEA,CEPEA/ESALQ - Paranaguá,5,2,0,0,1.981614,67.212273,54.28,22.773871,28.67,13.73,86.352581,0.106129,0.4701,,2.032035,2.088677,2.09625,2.072321,67.485789,62.050455,57.555789,62.364011,81.07,149.08,458.79,229.646667,24.753333,24.570968,24.164286,24.496196,89.245,89.131613,92.1425,90.173038,0.120333,0.115161,0.0875,0.107665,0.49485,0.4952,0.4324,0.47415,,,,,-1.351909,-11.428402,28.1415,-1.218387,0.05045,,32.123636,16.228636
2007-06-01,2007-07-01,soy_price_brl_bag_next_month,33.651818,CEPEA,CEPEA/ESALQ - Paranaguá,6,2,0,0,1.93187,71.045714,4.82,23.527,32.42,15.12,66.846333,0.189,0.42725,,1.981614,2.032035,2.088677,2.034109,67.212273,67.485789,62.050455,65.582839,54.28,81.07,149.08,94.81,22.773871,24.753333,24.570968,24.032724,86.352581,89.245,89.131613,88.243065,0.106129,0.120333,0.115161,0.113874,0.4701,0.49485,0.4952,0.486717,,,,,-1.374963,-8.873698,-5.842,-0.7316,0.0395,,32.943,17.045
2007-07-01,2007-08-01,soy_price_brl_bag_next_month,37.106087,CEPEA,CEPEA/ESALQ - Paranaguá,7,3,0,0,1.882818,76.93,38.58,24.618065,35.7,13.98,57.043871,0.156129,0.4047,,1.93187,1.981614,2.032035,1.98184,71.045714,67.212273,67.485789,68.581259,4.82,54.28,81.07,46.723333,23.527,22.773871,24.753333,23.684735,66.846333,86.352581,89.245,80.814638,0.189,0.106129,0.120333,0.138487,0.42725,0.4701,0.49485,0.464067,,,,,-1.438416,-3.69163,33.9785,-0.593419,0.05274,,33.651818,17.873636
2007-08-01,2007-09-01,soy_price_brl_bag_next_month,41.301579,CEPEA,CEPEA/ESALQ - Paranaguá,8,3,0,0,1.966013,70.76087,0.62,26.102581,37.26,14.51,39.624194,0.161935,0.3803,,1.882818,1.93187,1.981614,1.932101,76.93,71.045714,67.212273,71.729329,38.58,4.82,54.28,32.56,24.618065,23.527,22.773871,23.639645,57.043871,66.846333,86.352581,70.080928,0.156129,0.189,0.106129,0.150419,0.4047,0.42725,0.4701,0.434017,,,,,-1.391965,-7.698224,-7.0575,-1.722516,0.038845,,37.106087,18.894348
2007-09-01,2007-10-01,soy_price_brl_bag_next_month,42.197273,CEPEA,CEPEA/ESALQ - Paranaguá,9,3,1,0,1.899579,77.173158,15.05,28.892333,38.94,19.35,37.623,0.156,0.3984,,1.966013,1.882818,1.93187,1.9269,70.76087,76.93,71.045714,72.912195,0.62,38.58,4.82,14.673333,26.102581,24.618065,23.527,24.749215,39.624194,57.043871,66.846333,54.504799,0.161935,0.156129,0.189,0.169021,0.3803,0.4047,0.42725,0.404083,,,,,-1.504691,-0.286215,-28.778,-0.780634,0.03711,,41.301579,21.772632
2007-10-01,2007-11-01,soy_price_brl_bag_next_month,42.96,CEPEA,CEPEA/ESALQ - Paranaguá,10,4,1,0,1.801041,82.34,129.2,28.051935,39.13,20.65,64.49871,0.062903,0.4182,,1.899579,1.966013,1.882818,1.916137,77.173158,70.76087,76.93,74.954676,15.05,0.62,38.58,18.083333,28.892333,26.102581,24.618065,26.53766,37.623,39.624194,57.043871,44.763688,0.156,0.161935,0.156129,0.158021,0.3984,0.3803,0.4047,0.394467,,,,,-1.627788,5.891793,-7.6975,-0.221565,0.041343,,42.197273,23.444545
2007-11-01,2007-12-01,soy_price_brl_bag_next_month,44.029444,CEPEA,CEPEA/ESALQ - Paranaguá,11,4,1,0,1.769925,92.414286,320.36,25.349667,33.25,20.79,85.927667,0.080667,0.43935,,1.801041,1.899579,1.966013,1.888878,82.34,77.173158,70.76087,76.758009,129.2,15.05,0.62,48.29,28.051935,28.892333,26.102581,27.682283,64.49871,37.623,39.624194,47.248635,0.062903,0.156,0.161935,0.126946,0.4182,0.3984,0.3803,0.398967,,,,,-1.677627,17.987408,136.4075,-0.867483,0.029408,,42.96,24.2595
2007-12-01,2008-01-01,soy_price_brl_bag_next_month,47.927727,CEPEA,CEPEA/ESALQ - Paranaguá,12,4,1,0,1.785985,81.003182,236.9,24.495161,29.79,20.41,89.89871,0.103226,0.4368,,1.769925,1.801041,1.899579,1.823515,92.414286,82.34,77.173158,83.975815,320.36,129.2,15.05,154.87,25.349667,28.051935,28.892333,27.431312,85.927667,64.49871,37.623,62.683126,0.080667,0.062903,0.156,0.099857,0.43935,0.4182,0.3984,0.41865,,,,,-1.697533,9.284962,9.495,-0.861581,0.041385,,44.029444,24.655556
2008-01-01,2008-02-01,soy_price_brl_bag_next_month,49.993684,CEPEA,CEPEA/ESALQ - Paranaguá,1,1,0,1,1.774259,91.300556,439.72,24.194194,29.56,20.55,90.772258,0.13,0.45995,,1.785985,1.769925,1.801041,1.78565,81.003182,92.414286,82.34,85.252489,236.9,320.36,129.2,228.82,24.495161,25.349667,28.051935,25.965588,89.89871,85.927667,64.49871,80.108362,0.103226,0.080667,0.062903,0.082265,0.4368,0.43935,0.4182,0.43145,,,,,-1.687128,17.879176,218.248,-0.637838,0.044625,,47.927727,27.02
2008-02-01,2008-03-01,soy_price_brl_bag_next_month,48.061,CEPEA,CEPEA/ESALQ - Paranaguá,2,1,0,1,1.727742,94.9865,298.22,24.115517,28.89,20.67,90.635517,0.107931,0.49555,,1.774259,1.785985,1.769925,1.776723,91.300556,81.003182,92.414286,88.239341,439.72,236.9,320.36,332.326667,24.194194,24.495161,25.349667,24.679674,90.772258,89.89871,85.927667,88.866212,0.13,0.103226,0.080667,0.104631,0.45995,0.4368,0.43935,0.445367,,,,,-1.704135,19.01207,41.6585,-0.667361,0.081033,,49.993684,28.958421
2008-03-01,2008-04-01,soy_price_brl_bag_next_month,46.722381,CEPEA,CEPEA/ESALQ - Paranaguá,3,1,0,1,1.70758,103.6355,231.28,24.244839,29.19,19.94,90.784194,0.100968,0.4864,,1.727742,1.774259,1.785985,1.762662,94.9865,91.300556,81.003182,89.096746,298.22,439.72,236.9,324.946667,24.115517,24.194194,24.495161,24.268291,90.635517,90.772258,89.89871,90.435495,0.107931,0.13,0.103226,0.113719,0.49555,0.45995,0.4368,0.4641,,,,,-1.763654,24.66976,24.7035,-0.625322,0.053885,,48.061,28.155
2008-04-01,2008-05-01,soy_price_brl_bag_next_month,46.654,CEPEA,CEPEA/ESALQ - Paranaguá,4,2,0,1,1.688929,109.071364,92.81,23.966667,28.89,18.63,90.721667,0.125667,0.4863,,1.70758,1.727742,1.774259,1.736527,103.6355,94.9865,91.300556,96.640852,231.28,298.22,439.72,323.073333,24.244839,24.115517,24.194194,24.18485,90.784194,90.635517,90.772258,90.730656,0.100968,0.107931,0.13,0.112966,0.4864,0.49555,0.45995,0.480633,,,,,-1.705191,28.586283,-11.111905,-0.833294,0.042871,,46.722381,27.700952
2008-05-01,2008-06-01,soy_price_brl_bag_next_month,52.353333,CEPEA,CEPEA/ESALQ - Paranaguá,5,2,0,0,1.660535,122.797143,11.91,22.540323,28.19,15.13,88.288387,0.063548,0.4537,,1.688929,1.70758,1.727742,1.708084,109.071364,103.6355,94.9865,102.564455,92.81,231.28,298.22,207.436667,23.966667,24.244839,24.115517,24.109008,90.721667,90.784194,90.635517,90.713793,0.125667,0.100968,0.107931,0.111522,0.4863,0.4864,0.49555,0.489417,,,,,-1.672988,44.156468,-14.2285,-1.451935,0.03405,,46.654,28.119
2008-06-01,2008-07-01,soy_price_brl_bag_next_month,52.961739,CEPEA,CEPEA/ESALQ - Paranaguá,6,2,0,0,1.618857,132.322381,17.44,21.833667,29.61,15.37,83.993,0.098667,0.42065,,1.660535,1.688929,1.70758,1.685681,122.797143,109.071364,103.6355,111.834669,11.91,92.81,231.28,112.0,22.540323,23.966667,24.244839,23.583943,88.288387,90.721667,90.784194,89.931416,0.063548,0.125667,0.100968,0.096728,0.4537,0.4863,0.4864,0.475467,,,,,-1.687976,52.402969,6.778,-2.424933,0.0329,,52.353333,32.358571
2008-07-01,2008-08-01,soy_price_brl_bag_next_month,46.838571,CEPEA,CEPEA/ESALQ - Paranaguá,7,3,0,0,1.591413,132.718182,0.33,23.588065,34.74,13.45,56.448387,0.06129,0.3619,,1.618857,1.660535,1.688929,1.656107,132.322381,122.797143,109.071364,121.396963,17.44,11.91,92.81,40.72,21.833667,22.540323,23.966667,22.780219,83.993,88.288387,90.721667,87.667685,0.098667,0.063548,0.125667,0.095961,0.42065,0.4537,0.4863,0.45355,,,,,-1.729821,52.096552,-4.2715,-1.623419,0.00994,,52.961739,33.277391
2008-08-01,2008-09-01,soy_price_brl_bag_next_month,48.140909,CEPEA,CEPEA/ESALQ - Paranaguá,8,3,0,0,1.612314,113.243333,3.02,27.095484,38.19,17.01,40.265484,0.085806,0.36105,,1.591413,1.618857,1.660535,1.623602,132.718182,132.322381,122.797143,129.279235,0.33,17.44,11.91,9.893333,23.588065,21.833667,22.540323,22.654018,56.448387,83.993,88.288387,76.243258,0.06129,0.098667,0.063548,0.074502,0.3619,0.42065,0.4537,0.412083,,,,,-1.745664,34.784239,-4.6575,-0.729613,0.019595,,46.838571,29.039048
2008-09-01,2008-10-01,soy_price_brl_bag_next_month,46.653478,CEPEA,CEPEA/ESALQ - Paranaguá,9,3,1,0,1.799568,97.234762,56.32,28.884,39.81,18.54,46.138333,0.100667,0.40145,,1.612314,1.591413,1.618857,1.607528,113.243333,132.718182,132.322381,126.094632,3.02,0.33,17.44,6.93,27.095484,23.588065,21.833667,24.172405,40.265484,56.448387,83.993,60.235624,0.085806,0.06129,0.098667,0.081921,0.36105,0.3619,0.42065,0.3812,,,,,-1.604702,19.775389,12.492,-0.788967,0.04016,,48.140909,26.798636
2008-10-01,2008-11-01,soy_price_brl_bag_next_month,47.3205,CEPEA,CEPEA/ESALQ - Paranaguá,10,4,1,0,2.172852,71.582174,167.06,28.111935,39.86,19.81,64.605484,0.100968,0.41445,,1.799568,1.612314,1.591413,1.667765,97.234762,113.243333,132.718182,114.398759,56.32,3.02,0.33,19.89,28.884,27.095484,23.588065,26.522516,46.138333,40.265484,56.448387,47.617401,0.100667,0.085806,0.06129,0.082588,0.40145,0.36105,0.3619,0.3748,,,,,-1.255977,-4.866033,30.1625,-0.161565,0.037593,,46.653478,21.433913
2008-11-01,2008-12-01,soy_price_brl_bag_next_month,46.732,CEPEA,CEPEA/ESALQ - Paranaguá,11,4,1,0,2.26629,52.452632,321.2,25.279667,33.36,21.06,87.267,0.086,0.4408,,2.172852,1.799568,1.612314,1.861578,71.582174,97.234762,113.243333,94.02009,167.06,56.32,3.02,75.466667,28.111935,28.884,27.095484,28.030473,64.605484,46.138333,40.265484,50.336434,0.100968,0.100667,0.085806,0.095814,0.41445,0.40145,0.36105,0.392317,,,,,-1.181262,-21.974246,137.2475,-0.937483,0.030858,,47.3205,20.8315
2008-12-01,2009-01-01,soy_price_brl_bag_next_month,51.017619,CEPEA,CEPEA/ESALQ - Paranaguá,12,4,1,0,2.394414,47.06087,222.84,24.294194,29.45,19.85,90.710323,0.096129,0.4712,,2.26629,2.172852,1.799568,2.07957,52.452632,71.582174,97.234762,73.756523,321.2,167.06,56.32,181.526667,25.279667,28.111935,28.884,27.425201,87.267,64.605484,46.138333,66.003606,0.086,0.100968,0.100667,0.095878,0.4408,0.41445,0.40145,0.4189,,,,,-1.089104,-24.65735,-4.565,-1.062548,0.075785,,46.732,19.4745
2009-01-01,2009-02-01,soy_price_brl_bag_next_month,49.236111,CEPEA,CEPEA/ESALQ - Paranaguá,1,1,0,1,2.307443,43.465789,218.29,24.586774,29.85,19.02,89.672258,0.112258,0.4528,,2.394414,2.26629,2.172852,2.277852,47.06087,52.452632,71.582174,57.031892,222.84,321.2,167.06,237.033333,24.294194,25.279667,28.111935,25.895265,90.710323,87.267,64.605484,80.860936,0.096129,0.086,0.100968,0.094366,0.4712,0.4408,0.41445,0.44215,,,,,-1.153944,-29.955591,-3.182,-0.245258,0.037475,,51.017619,22.08381
2009-02-01,2009-03-01,soy_price_brl_bag_next_month,47.665,CEPEA,CEPEA/ESALQ - Paranaguá,2,1,0,1,2.312672,43.324737,314.04,24.327143,29.98,20.75,90.428214,0.148929,0.4608,,2.307443,2.394414,2.26629,2.322716,43.465789,47.06087,52.452632,47.659764,218.29,222.84,321.2,254.11,24.586774,24.294194,25.279667,24.720212,89.672258,90.710323,87.267,89.216527,0.112258,0.096129,0.086,0.098129,0.4528,0.4712,0.4408,0.454933,,,,,-1.119205,-32.649693,57.4785,-0.455735,0.046283,,49.236111,21.303889
2009-03-01,2009-04-01,soy_price_brl_bag_next_month,50.1605,CEPEA,CEPEA/ESALQ - Paranaguá,3,1,0,1,2.313836,46.540455,160.88,24.663548,30.25,19.94,90.274516,0.114839,0.30335,,2.312672,2.307443,2.394414,2.338176,43.324737,43.465789,47.06087,44.617132,314.04,218.29,222.84,251.723333,24.327143,24.586774,24.294194,24.402704,90.428214,89.672258,90.710323,90.270265,0.148929,0.112258,0.096129,0.119105,0.4608,0.4528,0.4712,0.4616,,,,,-1.157398,-32.425285,-45.6965,-0.206613,-0.129165,,47.665,20.621818
2009-04-01,2009-05-01,soy_price_brl_bag_next_month,52.781,CEPEA,CEPEA/ESALQ - Paranaguá,4,2,0,1,2.20585,50.181905,87.88,24.271667,28.6,20.0,91.169333,0.116,0.4787,,2.313836,2.312672,2.307443,2.311317,46.540455,43.324737,43.465789,44.44366,160.88,314.04,218.29,231.07,24.663548,24.327143,24.586774,24.525822,90.274516,90.428214,89.672258,90.124996,0.114839,0.148929,0.112258,0.125342,0.30335,0.4608,0.4528,0.40565,,,,,-1.18827,-30.303176,-16.041905,-0.528294,0.035271,,50.1605,22.754
2009-05-01,2009-06-01,soy_price_brl_bag_next_month,52.368095,CEPEA,CEPEA/ESALQ - Paranaguá,5,2,0,0,2.060905,57.3025,22.66,23.359677,28.19,16.5,89.873226,0.086774,0.4666,,2.20585,2.313836,2.312672,2.277453,50.181905,46.540455,43.324737,46.682366,87.88,160.88,314.04,187.6,24.271667,24.663548,24.327143,24.420786,91.169333,90.274516,90.428214,90.624021,0.116,0.114839,0.148929,0.126589,0.4787,0.30335,0.4608,0.414283,,,,,-1.272618,-21.338175,-3.4785,-0.632581,0.04695,,52.781,25.614
2009-06-01,2009-07-01,soy_price_brl_bag_next_month,49.935217,CEPEA,CEPEA/ESALQ - Paranaguá,6,2,0,0,1.957557,68.609545,30.9,22.934667,31.43,14.09,81.429667,0.056,0.4403,,2.060905,2.20585,2.313836,2.19353,57.3025,50.181905,46.540455,51.34162,22.66,87.88,160.88,90.473333,23.359677,24.271667,24.663548,24.098297,89.873226,91.169333,90.274516,90.439025,0.086774,0.116,0.114839,0.105871,0.4666,0.4787,0.30335,0.416217,,,,,-1.349276,-11.309867,20.238,-1.323933,0.05255,,52.368095,26.729048
2009-07-01,2009-08-01,soy_price_brl_bag_next_month,50.058095,CEPEA,CEPEA/ESALQ - Paranaguá,7,3,0,0,1.932752,64.435455,3.12,24.817097,34.8,15.09,64.327742,0.076452,0.3878,,1.957557,2.060905,2.20585,2.074771,68.609545,57.3025,50.181905,58.697983,30.9,22.66,87.88,47.146667,22.934667,23.359677,24.271667,23.522004,81.429667,89.873226,91.169333,87.490742,0.056,0.086774,0.116,0.086258,0.4403,0.4666,0.4787,0.461867,,,,,-1.388482,-16.186175,-1.4815,-0.394387,0.03584,,49.935217,25.855217
2009-08-01,2009-09-01,soy_price_brl_bag_next_month,46.266667,CEPEA,CEPEA/ESALQ - Paranaguá,8,3,0,0,1.845181,72.508571,43.79,26.759677,36.83,16.48,54.430323,0.099032,0.36615,,1.932752,1.957557,2.060905,1.983738,64.435455,68.609545,57.3025,63.449167,3.12,30.9,22.66,18.893333,24.817097,22.934667,23.359677,23.703814,64.327742,81.429667,89.873226,78.543545,0.076452,0.056,0.086774,0.073075,0.3878,0.4403,0.4666,0.431567,,,,,-1.512797,-5.950523,36.1125,-1.06542,0.024695,,50.058095,27.117143
2009-09-01,2009-10-01,soy_price_brl_bag_next_month,43.962381,CEPEA,CEPEA/ESALQ - Paranaguá,9,3,1,0,1.819795,67.64619,79.51,27.938667,38.1,19.7,66.252667,0.077667,0.42105,,1.845181,1.932752,1.957557,1.91183,72.508571,64.435455,68.609545,68.517857,43.79,3.12,30.9,25.936667,26.759677,24.817097,22.934667,24.837147,54.430323,64.327742,81.429667,66.729244,0.099032,0.076452,0.056,0.077161,0.36615,0.3878,0.4403,0.398083,,,,,-1.584475,-9.813183,35.682,-1.7343,0.05976,,46.266667,25.427619
2009-10-01,2009-11-01,soy_price_brl_bag_next_month,42.012,CEPEA,CEPEA/ESALQ - Paranaguá,10,4,1,0,1.738419,72.769545,124.61,27.371935,37.13,20.86,71.437419,0.06871,0.4461,,1.819795,1.845181,1.932752,1.865909,67.64619,72.508571,64.435455,68.196739,79.51,43.79,3.12,42.14,27.938667,26.759677,24.817097,26.505147,66.252667,54.430323,64.327742,61.670244,0.077667,0.099032,0.076452,0.084384,0.42105,0.36615,0.3878,0.391667,,,,,-1.69041,-3.678662,-12.2875,-0.901565,0.069243,,43.962381,25.309048
2009-11-01,2009-12-01,soy_price_brl_bag_next_month,41.386,CEPEA,CEPEA/ESALQ - Paranaguá,11,4,1,0,1.72616,76.662,270.44,25.701667,32.85,20.23,83.565,0.085,0.5286,,1.738419,1.819795,1.845181,1.801132,72.769545,67.64619,72.508571,70.974769,124.61,79.51,43.79,82.636667,27.371935,27.938667,26.759677,27.35676,71.437419,66.252667,54.430323,64.040136,0.06871,0.077667,0.099032,0.081803,0.4461,0.42105,0.36615,0.4111,,,,,-1.721392,2.235122,86.4875,-0.515483,0.118658,,42.012,24.3145
2009-12-01,2010-01-01,soy_price_brl_bag_next_month,40.2165,CEPEA,CEPEA/ESALQ - Paranaguá,12,4,1,0,1.750314,73.848333,224.24,24.384839,29.63,20.41,90.335484,0.08129,0.30045,,1.72616,1.738419,1.819795,1.761458,76.662,72.769545,67.64619,72.359245,270.44,124.61,79.51,158.186667,25.701667,27.371935,27.938667,27.00409,83.565,71.437419,66.252667,73.751695,0.085,0.06871,0.077667,0.077126,0.5286,0.4461,0.42105,0.46525,,,,,-1.733204,2.130113,-3.165,-0.971903,-0.094965,,41.386,23.639
2010-01-01,2010-02-01,soy_price_brl_bag_next_month,38.241111,CEPEA,CEPEA/ESALQ - Paranaguá,1,1,0,1,1.77982,76.167368,330.87,24.580645,29.66,20.37,92.210968,0.068065,0.35945,,1.750314,1.72616,1.738419,1.738298,73.848333,76.662,72.769545,74.426626,224.24,270.44,124.61,206.43,24.384839,25.701667,27.371935,25.81948,90.335484,83.565,71.437419,81.779301,0.08129,0.085,0.06871,0.078333,0.30045,0.5286,0.4461,0.42505,,,,,-1.681567,2.745988,109.398,-0.251387,-0.055875,,40.2165,22.587
2010-02-01,2010-03-01,soy_price_brl_bag_next_month,37.383913,CEPEA,CEPEA/ESALQ - Paranaguá,2,1,0,1,1.841633,73.752105,303.34,25.102143,30.53,21.19,90.090714,0.072857,0.4506,,1.77982,1.750314,1.72616,1.752098,76.167368,73.848333,76.662,75.559234,330.87,224.24,270.44,275.183333,24.580645,24.384839,25.701667,24.88905,92.210968,90.335484,83.565,88.703817,0.068065,0.08129,0.085,0.078118,0.35945,0.30045,0.5286,0.396167,,,,,-1.590244,-2.222325,46.7785,0.319265,0.036083,,38.241111,20.777778
2010-03-01,2010-04-01,soy_price_brl_bag_next_month,37.434,CEPEA,CEPEA/ESALQ - Paranaguá,3,1,0,1,1.785843,78.827391,280.96,25.00129,30.1,20.93,91.16,0.108065,0.4596,,1.841633,1.77982,1.750314,1.790589,73.752105,76.167368,73.848333,74.589269,303.34,330.87,224.24,286.15,25.102143,24.580645,24.384839,24.689209,90.090714,92.210968,90.335484,90.879055,0.072857,0.068065,0.08129,0.074071,0.4506,0.35945,0.30045,0.370167,,,,,-1.685391,-0.138349,74.3835,0.131129,0.027085,,37.383913,20.92913
2010-04-01,2010-05-01,soy_price_brl_bag_next_month,38.397619,CEPEA,CEPEA/ESALQ - Paranaguá,4,2,0,1,1.75657,84.817619,38.13,24.588,29.99,17.1,88.919,0.071667,0.45485,,1.785843,1.841633,1.77982,1.802432,78.827391,73.752105,76.167368,76.248955,280.96,303.34,330.87,305.056667,25.00129,25.102143,24.580645,24.894693,91.16,90.090714,92.210968,91.153894,0.108065,0.072857,0.068065,0.082996,0.4596,0.4506,0.35945,0.423217,,,,,-1.63755,4.332538,-65.791905,-0.211961,0.011421,,37.434,21.302
2010-05-01,2010-06-01,soy_price_brl_bag_next_month,38.908095,CEPEA,CEPEA/ESALQ - Paranaguá,5,2,0,0,1.81319,75.9455,45.05,23.083226,29.8,11.27,85.739677,0.086452,0.41995,,1.75657,1.785843,1.841633,1.794682,84.817619,78.827391,73.752105,79.132372,38.13,280.96,303.34,207.476667,24.588,25.00129,25.102143,24.897144,88.919,91.16,90.090714,90.056571,0.071667,0.108065,0.072857,0.084196,0.45485,0.4596,0.4506,0.455017,,,,,-1.520333,-2.695175,18.9115,-0.909032,0.0003,,38.397619,21.145238
2010-06-01,2010-07-01,soy_price_brl_bag_next_month,41.365909,CEPEA,CEPEA/ESALQ - Paranaguá,6,2,0,0,1.806529,74.760909,0.31,24.212667,33.33,16.21,67.673667,0.142,0.38195,,1.81319,1.75657,1.785843,1.785201,75.9455,84.817619,78.827391,79.863503,45.05,38.13,280.96,121.38,23.083226,24.588,25.00129,24.224172,85.739677,88.919,91.16,88.606226,0.086452,0.071667,0.108065,0.088728,0.41995,0.45485,0.4596,0.4448,,,,,-1.500304,-5.158503,-10.352,-0.045933,-0.0058,,38.908095,21.508571
2010-07-01,2010-08-01,soy_price_brl_bag_next_month,43.834545,CEPEA,CEPEA/ESALQ - Paranaguá,7,3,0,0,1.769636,75.58,2.3,25.143871,35.44,13.2,54.533548,0.171613,0.341,,1.806529,1.81319,1.75657,1.792096,74.760909,75.9455,84.817619,78.508009,0.31,45.05,38.13,27.83,24.212667,23.083226,24.588,23.961298,67.673667,85.739677,88.919,80.777448,0.142,0.086452,0.071667,0.10004,0.38195,0.41995,0.45485,0.418917,,,,,-1.551598,-5.04163,-2.3015,-0.067613,-0.01096,,41.365909,23.370455
2010-08-01,2010-09-01,soy_price_brl_bag_next_month,44.748095,CEPEA,CEPEA/ESALQ - Paranaguá,8,3,0,0,1.759564,77.039545,0.01,26.59129,39.06,16.03,36.054839,0.150968,0.33465,,1.769636,1.806529,1.81319,1.796452,75.58,74.760909,75.9455,75.428803,2.3,0.31,45.05,15.886667,25.143871,24.212667,23.083226,24.146588,54.533548,67.673667,85.739677,69.315631,0.171613,0.142,0.086452,0.133355,0.341,0.38195,0.41995,0.380967,,,,,-1.598414,-1.419549,-7.6675,-1.233807,-0.006805,,43.834545,24.909545
2010-09-01,2010-10-01,soy_price_brl_bag_next_month,45.7215,CEPEA,CEPEA/ESALQ - Paranaguá,9,3,1,0,1.71871,77.840476,2.62,30.429667,40.48,19.87,31.050333,0.135,0.3394,,1.759564,1.769636,1.806529,1.778576,77.039545,75.58,74.760909,75.793485,0.01,2.3,0.31,0.873333,26.59129,25.143871,24.212667,25.315943,36.054839,54.533548,67.673667,52.754018,0.150968,0.171613,0.142,0.15486,0.33465,0.341,0.38195,0.352533,,,,,-1.68556,0.381103,-41.208,0.7567,-0.02189,,44.748095,26.034762
2010-10-01,2010-11-01,soy_price_brl_bag_next_month,49.173,CEPEA,CEPEA/ESALQ - Paranaguá,10,4,1,0,1.6835,82.664762,189.81,27.627097,38.26,21.59,70.705161,0.074516,0.306,,1.71871,1.759564,1.769636,1.749303,77.840476,77.039545,75.58,76.820007,2.62,0.01,2.3,1.643333,30.429667,26.59129,25.143871,27.388276,31.050333,36.054839,54.533548,40.54624,0.135,0.150968,0.171613,0.152527,0.3394,0.33465,0.341,0.33835,,,,,-1.745329,6.216555,52.9125,-0.646403,-0.070857,,45.7215,27.1435
2010-11-01,2010-12-01,soy_price_brl_bag_next_month,49.59,CEPEA,CEPEA/ESALQ - Paranaguá,11,4,1,0,1.71333,85.274762,189.35,25.04,31.13,20.66,86.791,0.073,0.4094,,1.6835,1.71871,1.759564,1.720591,82.664762,77.840476,77.039545,79.181594,189.81,2.62,0.01,64.146667,27.627097,30.429667,26.59129,28.216018,70.705161,31.050333,36.054839,45.936778,0.074516,0.135,0.150968,0.120161,0.306,0.3394,0.33465,0.326683,,,,,-1.734222,10.847884,5.3975,-1.17715,-0.000542,,49.173,28.6935
2010-12-01,2011-01-01,soy_price_brl_bag_next_month,50.779524,CEPEA,CEPEA/ESALQ - Paranaguá,12,4,1,0,1.693413,91.446818,233.87,24.230645,30.31,17.25,89.535161,0.102581,0.3709,,1.71333,1.6835,1.71871,1.70518,85.274762,82.664762,77.840476,81.926667,189.35,189.81,2.62,127.26,25.04,27.627097,30.429667,27.698921,86.791,70.705161,31.050333,62.848831,0.073,0.074516,0.135,0.094172,0.4094,0.306,0.3394,0.3516,,,,,-1.790105,19.728598,6.465,-1.126097,-0.024515,,49.59,29.26
2011-01-01,2011-02-01,soy_price_brl_bag_next_month,51.3895,CEPEA,CEPEA/ESALQ - Paranaguá,1,1,0,1,1.674914,96.5235,280.41,24.014516,29.32,20.1,91.647419,0.10871,0.39085,,1.693413,1.71333,1.6835,1.696748,91.446818,85.274762,82.664762,86.462114,233.87,189.35,189.81,204.343333,24.230645,25.04,27.627097,25.632581,89.535161,86.791,70.705161,82.343774,0.102581,0.073,0.074516,0.083366,0.3709,0.4094,0.306,0.3621,,,,,-1.786473,23.10212,58.938,-0.817516,-0.024475,,50.779524,30.299048
2011-02-01,2011-03-01,soy_price_brl_bag_next_month,49.544762,CEPEA,CEPEA/ESALQ - Paranaguá,2,1,0,1,1.66799,103.716316,347.35,23.860714,29.05,19.95,91.920357,0.093571,0.31485,,1.674914,1.693413,1.71333,1.693886,96.5235,91.446818,85.274762,91.081693,280.41,233.87,189.35,234.543333,24.014516,24.230645,25.04,24.428387,91.647419,89.535161,86.791,89.324527,0.10871,0.102581,0.073,0.094764,0.39085,0.3709,0.4094,0.390383,,,,,-1.763887,27.741886,90.7885,-0.922164,-0.099667,,51.3895,30.803
2011-03-01,2011-04-01,soy_price_brl_bag_next_month,47.188421,CEPEA,CEPEA/ESALQ - Paranaguá,3,1,0,1,1.6591,114.643478,206.37,24.300645,28.95,20.78,91.28129,0.087419,0.4433,,1.66799,1.674914,1.693413,1.678772,103.716316,96.5235,91.446818,97.228878,347.35,280.41,233.87,287.21,23.860714,24.014516,24.230645,24.035292,91.920357,91.647419,89.535161,91.034312,0.093571,0.10871,0.102581,0.101621,0.31485,0.39085,0.3709,0.358867,,,,,-1.812134,35.677738,-0.2065,-0.569516,0.010785,,49.544762,29.858095
2011-04-01,2011-05-01,soy_price_brl_bag_next_month,47.83,CEPEA,CEPEA/ESALQ - Paranaguá,4,2,0,1,1.586447,123.258889,102.35,24.311,28.86,20.01,90.567,0.105,0.46835,,1.6591,1.66799,1.674914,1.667335,114.643478,103.716316,96.5235,104.961098,206.37,347.35,280.41,278.043333,24.300645,23.860714,24.014516,24.058625,91.28129,91.920357,91.647419,91.616355,0.087419,0.093571,0.10871,0.096567,0.4433,0.31485,0.39085,0.383,,,,,-1.807673,42.773808,-1.571905,-0.488961,0.024921,,47.188421,29.758947
2011-05-01,2011-06-01,soy_price_brl_bag_next_month,47.879524,CEPEA,CEPEA/ESALQ - Paranaguá,5,2,0,0,1.613491,114.989048,1.78,22.948065,28.61,15.27,87.897097,0.070968,0.4153,,1.586447,1.6591,1.66799,1.637846,123.258889,114.643478,103.716316,113.872894,102.35,206.37,347.35,218.69,24.311,24.300645,23.860714,24.157453,90.567,91.28129,91.920357,91.256216,0.105,0.087419,0.093571,0.09533,0.46835,0.4433,0.31485,0.408833,,,,,-1.720032,36.348373,-24.3585,-1.044193,-0.00435,,47.83,29.655909
2011-06-01,2011-07-01,soy_price_brl_bag_next_month,48.502381,CEPEA,CEPEA/ESALQ - Paranaguá,6,2,0,0,1.587043,113.833182,12.44,22.873,31.52,13.56,78.042333,0.129667,0.39385,,1.613491,1.586447,1.6591,1.619679,114.989048,123.258889,114.643478,117.630472,1.78,102.35,206.37,103.5,22.948065,24.311,24.300645,23.853237,87.897097,90.567,91.28129,89.915129,0.070968,0.105,0.087419,0.087796,0.4153,0.46835,0.4433,0.442317,,,,,-1.71979,33.91377,1.778,-1.3856,0.0061,,47.879524,30.156667
2011-07-01,2011-08-01,soy_price_brl_bag_next_month,49.383478,CEPEA,CEPEA/ESALQ - Paranaguá,7,3,0,0,1.563938,116.9735,0.03,24.830645,34.88,15.51,58.456129,0.149032,0.34995,,1.587043,1.613491,1.586447,1.59566,113.833182,114.989048,123.258889,117.360373,12.44,1.78,102.35,38.856667,22.873,22.948065,24.311,23.377355,78.042333,87.897097,90.567,85.502143,0.129667,0.070968,0.105,0.101878,0.39385,0.4153,0.46835,0.425833,,,,,-1.757296,36.35187,-4.5715,-0.380839,-0.00201,,48.502381,31.025714
2011-08-01,2011-09-01,soy_price_brl_bag_next_month,51.936667,CEPEA,CEPEA/ESALQ - Paranaguá,8,3,0,0,1.597009,110.219545,0.64,27.790645,38.84,15.34,42.385484,0.157742,0.3412,,1.563938,1.587043,1.613491,1.588157,116.9735,113.833182,114.989048,115.265243,0.03,12.44,1.78,4.75,24.830645,22.873,22.948065,23.55057,58.456129,78.042333,87.897097,74.79852,0.149032,0.129667,0.070968,0.116556,0.34995,0.39385,0.4153,0.386367,,,,,-1.760969,31.760451,-7.0375,-0.034452,-0.000255,,49.383478,30.954348
2011-09-01,2011-10-01,soy_price_brl_bag_next_month,48.4685,CEPEA,CEPEA/ESALQ - Paranaguá,9,3,1,0,1.749776,112.83381,42.22,30.180333,40.76,20.47,38.046333,0.083667,0.38605,,1.597009,1.563938,1.587043,1.582663,110.219545,116.9735,113.833182,113.675409,0.64,0.03,12.44,4.37,27.790645,24.830645,22.873,25.164763,42.385484,58.456129,78.042333,59.627982,0.157742,0.149032,0.129667,0.14548,0.3412,0.34995,0.39385,0.361667,,,,,-1.654494,35.374437,-1.608,0.507366,0.02476,,51.936667,29.681905
2011-10-01,2011-11-01,soy_price_brl_bag_next_month,47.7365,CEPEA,CEPEA/ESALQ - Paranaguá,10,4,1,0,1.77257,109.55,158.83,26.451935,35.23,20.95,76.671613,0.072903,0.3938,,1.749776,1.597009,1.563938,1.636908,112.83381,110.219545,116.9735,113.342285,42.22,0.64,0.03,14.296667,30.180333,27.790645,24.830645,27.600541,38.046333,42.385484,58.456129,46.295982,0.083667,0.157742,0.149032,0.130147,0.38605,0.3412,0.34995,0.359067,,,,,-1.656259,33.101793,21.9325,-1.821565,0.016943,,48.4685,27.405
2011-11-01,2011-12-01,soy_price_brl_bag_next_month,47.699048,CEPEA,CEPEA/ESALQ - Paranaguá,11,4,1,0,1.79049,110.768095,184.54,25.238,32.18,20.78,84.735333,0.067,0.5024,,1.77257,1.749776,1.597009,1.706452,109.55,112.83381,110.219545,110.867785,158.83,42.22,0.64,67.23,26.451935,30.180333,27.790645,28.140971,76.671613,38.046333,42.385484,52.36781,0.072903,0.083667,0.157742,0.104771,0.3938,0.38605,0.3412,0.373683,,,,,-1.657062,36.341217,0.5875,-0.97915,0.092458,,47.7365,26.672
2011-12-01,2012-01-01,soy_price_brl_bag_next_month,49.552273,CEPEA,CEPEA/ESALQ - Paranaguá,12,4,1,0,1.836886,108.616667,220.6,24.666129,30.48,20.62,88.95871,0.085806,0.3279,,1.79049,1.77257,1.749776,1.770945,110.768095,109.55,112.83381,111.050635,184.54,158.83,42.22,128.53,25.238,26.451935,30.180333,27.290089,84.735333,76.671613,38.046333,66.484426,0.067,0.072903,0.083667,0.074523,0.5024,0.3938,0.38605,0.427417,,,,,-1.646632,36.898447,-6.805,-0.690613,-0.067515,,47.699048,25.942381
2012-01-01,2012-02-01,soy_price_brl_bag_next_month,49.324211,CEPEA,CEPEA/ESALQ - Paranaguá,1,1,0,1,1.789682,110.686,301.29,23.892258,29.31,19.79,92.327419,0.075484,0.50625,,1.836886,1.79049,1.77257,1.799982,108.616667,110.768095,109.55,109.644921,220.6,184.54,158.83,187.99,24.666129,25.238,26.451935,25.452021,88.95871,84.735333,76.671613,83.455219,0.085806,0.067,0.072903,0.075236,0.3279,0.5024,0.3938,0.408033,,,,,-1.671705,37.26462,79.818,-0.939774,0.090925,,49.552273,27.714545
2012-02-01,2012-03-01,soy_price_brl_bag_next_month,54.926818,CEPEA,CEPEA/ESALQ - Paranaguá,2,1,0,1,1.718395,119.327,269.78,24.077241,29.6,19.85,89.139655,0.118621,0.43065,,1.789682,1.836886,1.79049,1.805686,110.686,108.616667,110.768095,110.023587,301.29,220.6,184.54,235.476667,23.892258,24.666129,25.238,24.598796,92.327419,88.95871,84.735333,88.673821,0.075484,0.085806,0.067,0.076097,0.50625,0.3279,0.5024,0.445517,,,,,-1.713482,43.35257,13.2185,-0.705637,0.016133,,49.324211,28.723684
2012-03-01,2012-04-01,soy_price_brl_bag_next_month,60.345,CEPEA,CEPEA/ESALQ - Paranaguá,3,1,0,1,1.795309,125.445455,226.77,24.410323,29.16,19.44,89.312258,0.160645,0.45515,,1.718395,1.789682,1.836886,1.781654,119.327,110.686,108.616667,112.876556,269.78,301.29,220.6,263.89,24.077241,23.892258,24.666129,24.211876,89.139655,92.327419,88.95871,90.141928,0.118621,0.075484,0.085806,0.093304,0.43065,0.50625,0.3279,0.4216,,,,,-1.675925,46.479715,20.1935,-0.459838,0.022635,,54.926818,30.609545
2012-04-01,2012-05-01,soy_price_brl_bag_next_month,63.788636,CEPEA,CEPEA/ESALQ - Paranaguá,4,2,0,1,1.854835,119.421667,94.89,24.634,29.71,19.64,90.323667,0.132667,0.43105,,1.795309,1.718395,1.789682,1.767795,125.445455,119.327,110.686,118.486152,226.77,269.78,301.29,265.946667,24.410323,24.077241,23.892258,24.126607,89.312258,89.139655,92.327419,90.259777,0.160645,0.118621,0.075484,0.11825,0.45515,0.43065,0.50625,0.464017,,,,,-1.539285,38.936586,-9.031905,-0.165961,-0.012379,,60.345,32.5055
2012-05-01,2012-06-01,soy_price_brl_bag_next_month,68.05,CEPEA,CEPEA/ESALQ - Paranaguá,5,2,0,0,1.985991,110.339524,47.64,23.271613,28.31,17.24,88.36,0.134839,0.40065,,1.854835,1.795309,1.718395,1.789513,119.421667,125.445455,119.327,121.398041,94.89,226.77,269.78,197.146667,24.634,24.410323,24.077241,24.373855,90.323667,89.312258,89.139655,89.59186,0.132667,0.160645,0.118621,0.137311,0.43105,0.45515,0.43065,0.43895,,,,,-1.347532,31.698849,21.5015,-0.720645,-0.019,,63.788636,32.135909
2012-06-01,2012-07-01,soy_price_brl_bag_next_month,79.355909,CEPEA,CEPEA/ESALQ - Paranaguá,6,2,0,0,2.049195,95.155714,21.46,23.572,31.06,15.81,83.424,0.128,0.3926,,1.985991,1.854835,1.795309,1.878712,110.339524,119.421667,125.445455,118.402215,47.64,94.89,226.77,123.1,23.271613,24.634,24.410323,24.105312,88.36,90.323667,89.312258,89.331975,0.134839,0.132667,0.160645,0.142717,0.40065,0.43105,0.45515,0.42895,,,,,-1.257638,15.236302,10.798,-0.6866,0.00485,,68.05,33.1825
2012-07-01,2012-08-01,soy_price_brl_bag_next_month,85.575217,CEPEA,CEPEA/ESALQ - Paranaguá,7,3,0,0,2.028736,102.618571,0.0,24.354839,34.97,14.99,60.749677,0.108387,0.3629,,2.049195,1.985991,1.854835,1.96334,95.155714,110.339524,119.421667,108.305635,21.46,47.64,94.89,54.663333,23.572,23.271613,24.634,23.825871,83.424,88.36,90.323667,87.369222,0.128,0.134839,0.132667,0.131835,0.3926,0.40065,0.43105,0.4081,,,,,-1.292498,21.996941,-4.6015,-0.856645,0.01094,,79.355909,39.100455
2012-08-01,2012-09-01,soy_price_brl_bag_next_month,86.823158,CEPEA,CEPEA/ESALQ - Paranaguá,8,3,0,0,2.029443,113.356087,0.0,26.962581,38.66,15.94,40.978065,0.16871,0.32755,,2.028736,2.049195,1.985991,2.021307,102.618571,95.155714,110.339524,102.704603,0.0,21.46,47.64,23.033333,24.354839,23.572,23.271613,23.732817,60.749677,83.424,88.36,77.511226,0.108387,0.128,0.134839,0.123742,0.3629,0.3926,0.40065,0.385383,,,,,-1.328535,34.896993,-7.6775,-0.862516,-0.013905,,85.575217,42.197826
2012-09-01,2012-10-01,soy_price_brl_bag_next_month,75.73,CEPEA,CEPEA/ESALQ - Paranaguá,9,3,1,0,2.028079,112.863684,80.99,29.118333,40.22,18.27,45.431667,0.152,0.36725,,2.029443,2.028736,2.049195,2.035791,113.356087,102.618571,95.155714,103.710124,0.0,0.0,21.46,7.153333,26.962581,24.354839,23.572,24.96314,40.978065,60.749677,83.424,61.717247,0.16871,0.108387,0.128,0.135032,0.32755,0.3629,0.3926,0.361017,,,,,-1.376191,35.404311,37.162,-0.554634,0.00596,,86.823158,42.827895
2012-10-01,2012-11-01,soy_price_brl_bag_next_month,75.73,CEPEA,CEPEA/ESALQ - Paranaguá,10,4,1,0,2.029845,111.71087,109.98,27.531613,37.7,20.99,70.770968,0.065484,0.3913,,2.028079,2.029443,2.028736,2.028753,112.863684,113.356087,102.618571,109.612781,80.99,0.0,0.0,26.996667,29.118333,26.962581,24.354839,26.811918,45.431667,40.978065,60.749677,49.053136,0.152,0.16871,0.108387,0.143032,0.36725,0.32755,0.3629,0.352567,,,,,-1.398984,35.262663,-26.9175,-0.741887,0.014443,,75.73,37.313636
2012-11-01,2012-12-01,soy_price_brl_bag_next_month,75.73,CEPEA,CEPEA/ESALQ - Paranaguá,11,4,1,0,2.06775,109.058571,190.78,25.477333,34.05,20.92,84.567333,0.081,0.3413,,2.029845,2.028079,2.029443,2.029122,111.71087,112.863684,113.356087,112.643547,109.98,80.99,0.0,63.656667,27.531613,29.118333,26.962581,27.870842,70.770968,45.431667,40.978065,52.393567,0.065484,0.152,0.16871,0.128731,0.3913,0.36725,0.32755,0.362033,,,,,-1.379802,34.631693,6.8275,-0.739817,-0.068642,,75.73,36.579
2012-12-01,2013-01-01,soy_price_brl_bag_next_month,71.992727,CEPEA,CEPEA/ESALQ - Paranaguá,12,4,1,0,2.077835,109.304783,123.64,25.640323,34.03,20.48,81.422903,0.082581,0.39995,,2.06775,2.029845,2.028079,2.041891,109.058571,111.71087,112.863684,111.211042,190.78,109.98,80.99,127.25,25.477333,27.531613,29.118333,27.37576,84.567333,70.770968,45.431667,66.923323,0.081,0.065484,0.152,0.099495,0.3413,0.3913,0.36725,0.366617,,,,,-1.405683,37.586563,-103.765,0.283581,0.004535,,75.73,36.413889
2013-01-01,2013-02-01,soy_price_brl_bag_next_month,64.007778,CEPEA,CEPEA/ESALQ - Paranaguá,1,1,0,1,2.031077,112.976111,191.94,25.377742,34.16,20.68,85.465806,0.074839,0.39905,,2.077835,2.06775,2.029845,2.058477,109.304783,109.058571,111.71087,110.024741,123.64,190.78,109.98,141.466667,25.640323,25.477333,27.531613,26.216423,81.422903,84.567333,70.770968,78.920401,0.082581,0.081,0.065484,0.076355,0.39995,0.3413,0.3913,0.377517,,,,,-1.43031,39.554731,-29.532,0.54571,-0.016275,,71.992727,35.462727
2013-02-01,2013-03-01,soy_price_brl_bag_next_month,61.838,CEPEA,CEPEA/ESALQ - Paranaguá,2,1,0,1,1.97325,116.050526,331.35,24.447143,29.53,19.55,89.815357,0.1175,0.43555,,2.031077,2.077835,2.06775,2.058887,112.976111,109.304783,109.058571,110.446488,191.94,123.64,190.78,168.786667,25.377742,25.640323,25.477333,25.498466,85.465806,81.422903,84.567333,83.818681,0.074839,0.082581,0.081,0.079473,0.39905,0.39995,0.3413,0.3801,,,,,-1.458627,40.076096,74.7885,-0.335735,0.021033,,64.007778,32.427778
2013-03-01,2013-04-01,soy_price_brl_bag_next_month,59.449545,CEPEA,CEPEA/ESALQ - Paranaguá,3,1,0,1,1.98284,108.474,202.8,24.754516,30.06,20.95,90.959677,0.109677,0.4749,,1.97325,2.031077,2.077835,2.027387,116.050526,112.976111,109.304783,112.77714,331.35,191.94,123.64,215.643333,24.447143,25.377742,25.640323,25.155069,89.815357,85.465806,81.422903,85.568022,0.1175,0.074839,0.082581,0.09164,0.43555,0.39905,0.39995,0.411517,,,,,-1.488394,29.50826,-3.7765,-0.115645,0.042385,,61.838,31.153
2013-04-01,2013-05-01,soy_price_brl_bag_next_month,61.887619,CEPEA,CEPEA/ESALQ - Paranaguá,4,2,0,1,2.002214,102.248182,210.0,24.155667,29.32,19.21,91.091333,0.100333,0.45045,,1.98284,1.97325,2.031077,1.995722,108.474,116.050526,112.976111,112.500212,202.8,331.35,191.94,242.03,24.754516,24.447143,25.377742,24.8598,90.959677,89.815357,85.465806,88.746947,0.109677,0.1175,0.074839,0.100672,0.4749,0.43555,0.39905,0.4365,,,,,-1.391906,21.763101,106.078095,-0.644294,0.007021,,59.449545,29.683636
2013-05-01,2013-06-01,soy_price_brl_bag_next_month,68.724,CEPEA,CEPEA/ESALQ - Paranaguá,5,2,0,0,2.034843,102.558636,47.61,23.967419,29.8,18.01,86.881935,0.110323,0.4176,,2.002214,1.98284,1.97325,1.986101,102.248182,108.474,116.050526,108.924236,210.0,202.8,331.35,248.05,24.155667,24.754516,24.447143,24.452442,91.091333,90.959677,89.815357,90.622122,0.100333,0.109677,0.1175,0.10917,0.45045,0.4749,0.43555,0.453633,,,,,-1.29868,23.917961,21.4715,-0.024839,-0.00205,,61.887619,30.348095
2013-06-01,2013-07-01,soy_price_brl_bag_next_month,69.318696,CEPEA,CEPEA/ESALQ - Paranaguá,6,2,0,0,2.172955,102.9195,2.71,24.922333,33.6,16.8,75.748333,0.13,0.43555,,2.034843,2.002214,1.98284,2.006632,102.558636,102.248182,108.474,104.426939,47.61,210.0,202.8,153.47,23.967419,24.155667,24.754516,24.292534,86.881935,91.091333,90.959677,89.644315,0.110323,0.100333,0.109677,0.106778,0.4176,0.45045,0.4749,0.44765,,,,,-1.133878,23.000088,-7.952,0.663733,0.0478,,68.724,31.607
2013-07-01,2013-08-01,soy_price_brl_bag_next_month,69.884091,CEPEA,CEPEA/ESALQ - Paranaguá,7,3,0,0,2.25217,107.933182,3.3,25.315806,35.78,13.29,55.720645,0.124839,0.36835,,2.172955,2.034843,2.002214,2.070004,102.9195,102.558636,102.248182,102.575439,2.71,47.61,210.0,86.773333,24.922333,23.967419,24.155667,24.348473,75.748333,86.881935,91.091333,84.573867,0.13,0.110323,0.100333,0.113552,0.43555,0.4176,0.45045,0.434533,,,,,-1.069064,27.311552,-1.3015,0.104322,0.01639,,69.318696,30.778696
2013-08-01,2013-09-01,soy_price_brl_bag_next_month,73.469524,CEPEA,CEPEA/ESALQ - Paranaguá,8,3,0,0,2.342191,111.280455,0.14,27.10871,37.97,15.66,39.313871,0.153548,0.3285,,2.25217,2.172955,2.034843,2.153323,107.933182,102.9195,102.558636,104.470439,3.3,2.71,47.61,17.873333,25.315806,24.922333,23.967419,24.735186,55.720645,75.748333,86.881935,72.783638,0.124839,0.13,0.110323,0.121721,0.36835,0.43555,0.4176,0.407167,,,,,-1.015787,32.821361,-7.5375,-0.716387,-0.012955,,69.884091,29.777273
2013-09-01,2013-10-01,soy_price_brl_bag_next_month,73.83913,CEPEA,CEPEA/ESALQ - Paranaguá,9,3,1,0,2.27051,111.5965,31.2,28.793333,39.37,19.9,50.796333,0.108,0.38905,,2.342191,2.25217,2.172955,2.255772,111.280455,107.933182,102.9195,107.377712,0.14,3.3,2.71,2.05,27.10871,25.315806,24.922333,25.782283,39.313871,55.720645,75.748333,56.927616,0.153548,0.124839,0.13,0.136129,0.3285,0.36835,0.43555,0.377467,,,,,-1.13376,34.137127,-12.628,-0.879634,0.02776,,73.469524,32.420476
2013-10-01,2013-11-01,soy_price_brl_bag_next_month,76.35,CEPEA,CEPEA/ESALQ - Paranaguá,10,4,1,0,2.188648,109.076522,185.42,26.336129,35.97,19.24,75.729355,0.066452,0.4071,,2.27051,2.342191,2.25217,2.28829,111.5965,111.280455,107.933182,110.270046,31.2,0.14,3.3,11.546667,28.793333,27.10871,25.315806,27.072616,50.796333,39.313871,55.720645,48.610283,0.108,0.153548,0.124839,0.128796,0.38905,0.3285,0.36835,0.361967,,,,,-1.240181,32.628315,48.5225,-1.937371,0.030243,,73.83913,33.696522
2013-11-01,2013-12-01,soy_price_brl_bag_next_month,77.25,CEPEA,CEPEA/ESALQ - Paranaguá,11,4,1,0,2.29535,107.792,194.08,24.866667,33.83,20.52,85.541333,0.081667,0.4285,,2.188648,2.27051,2.342191,2.267116,109.076522,111.5965,111.280455,110.651159,185.42,31.2,0.14,72.253333,26.336129,28.793333,27.10871,27.412724,75.729355,50.796333,39.313871,55.279853,0.066452,0.108,0.153548,0.109333,0.4071,0.38905,0.3285,0.374883,,,,,-1.152202,33.365122,10.1275,-1.350483,0.018558,,76.35,33.2105
2013-12-01,2014-01-01,soy_price_brl_bag_next_month,72.291818,CEPEA,CEPEA/ESALQ - Paranaguá,12,4,1,0,2.345486,101.286087,273.41,24.316774,29.76,20.47,92.000323,0.081613,0.4823,,2.29535,2.188648,2.27051,2.251503,107.792,109.076522,111.5965,109.488341,194.08,185.42,31.2,136.9,24.866667,26.336129,28.793333,26.665376,85.541333,75.729355,50.796333,70.689007,0.081667,0.066452,0.108,0.085373,0.4285,0.4071,0.38905,0.408217,,,,,-1.138032,29.567867,46.005,-1.039968,0.086885,,77.25,32.903684
2014-01-01,2014-02-01,soy_price_brl_bag_next_month,69.713,CEPEA,CEPEA/ESALQ - Paranaguá,1,1,0,1,2.382209,108.204,77.94,24.016774,29.25,18.35,87.793871,0.119677,0.46395,,2.345486,2.29535,2.188648,2.276495,101.286087,107.792,109.076522,106.051536,273.41,194.08,185.42,217.636667,24.316774,24.866667,26.336129,25.17319,92.000323,85.541333,75.729355,84.42367,0.081613,0.081667,0.066452,0.076577,0.4823,0.4285,0.4071,0.4393,,,,,-1.079178,34.78262,-143.532,-0.815258,0.048625,,72.291818,30.344545
2014-02-01,2014-03-01,soy_price_brl_bag_next_month,72.269474,CEPEA,CEPEA/ESALQ - Paranaguá,2,1,0,1,2.38368,108.900526,242.04,24.061071,29.6,19.97,89.163571,0.096786,0.4376,,2.382209,2.345486,2.29535,2.341015,108.204,101.286087,107.792,105.760696,77.94,273.41,194.08,181.81,24.016774,24.316774,24.866667,24.400072,87.793871,92.000323,85.541333,88.445176,0.119677,0.081613,0.081667,0.094319,0.46395,0.4823,0.4285,0.45825,,,,,-1.048197,32.926096,-14.5215,-0.721807,0.023083,,69.713,29.2865
2014-03-01,2014-04-01,soy_price_brl_bag_next_month,71.111,CEPEA,CEPEA/ESALQ - Paranaguá,3,1,0,1,2.326089,107.480952,138.11,24.549355,29.18,20.48,89.78,0.131613,0.45145,,2.38368,2.382209,2.345486,2.370458,108.900526,108.204,101.286087,106.130204,242.04,77.94,273.41,197.796667,24.061071,24.016774,24.316774,24.13154,89.163571,87.793871,92.000323,89.652588,0.096786,0.119677,0.081613,0.099359,0.4376,0.46395,0.4823,0.461283,,,,,-1.145145,28.515212,-68.4665,-0.320806,0.018935,,72.269474,31.063158
2014-04-01,2014-05-01,soy_price_brl_bag_next_month,70.742857,CEPEA,CEPEA/ESALQ - Paranaguá,4,2,0,1,2.23277,107.755238,87.19,24.601,29.43,19.68,89.749333,0.138667,0.4242,,2.326089,2.38368,2.382209,2.363993,107.480952,108.900526,108.204,108.195159,138.11,242.04,77.94,152.696667,24.549355,24.061071,24.016774,24.209067,89.78,89.163571,87.793871,88.912481,0.131613,0.096786,0.119677,0.116025,0.45145,0.4376,0.46395,0.451,,,,,-1.16135,27.270157,-16.731905,-0.198961,-0.019229,,71.111,31.847
2014-05-01,2014-06-01,soy_price_brl_bag_next_month,70.858,CEPEA,CEPEA/ESALQ - Paranaguá,5,2,0,0,2.220881,109.539091,11.9,25.215806,33.55,16.1,75.622581,0.078065,0.41545,,2.23277,2.326089,2.38368,2.31418,107.755238,107.480952,108.900526,108.045572,87.19,138.11,242.04,155.78,24.601,24.549355,24.061071,24.403809,89.749333,89.78,89.163571,89.564301,0.138667,0.131613,0.096786,0.122355,0.4242,0.45145,0.4376,0.43775,,,,,-1.112642,30.898416,-14.2385,1.223548,-0.0042,,70.742857,31.840476
2014-06-01,2014-07-01,soy_price_brl_bag_next_month,67.297826,CEPEA,CEPEA/ESALQ - Paranaguá,6,2,0,0,2.23547,111.795238,19.48,25.448,34.72,15.87,66.562667,0.104,0.3989,,2.220881,2.23277,2.326089,2.259913,109.539091,107.755238,107.480952,108.258427,11.9,87.19,138.11,79.066667,25.215806,24.601,24.549355,24.78872,75.622581,89.749333,89.78,85.050638,0.078065,0.138667,0.131613,0.116115,0.41545,0.4242,0.45145,0.430367,,,,,-1.071363,31.875826,8.818,1.1894,0.01115,,70.858,31.6945
2014-07-01,2014-08-01,soy_price_brl_bag_next_month,67.105714,CEPEA,CEPEA/ESALQ - Paranaguá,7,3,0,0,2.224648,106.768182,2.78,26.368065,36.3,14.96,52.388387,0.119355,0.35255,,2.23547,2.220881,2.23277,2.229707,111.795238,109.539091,107.755238,109.696522,19.48,11.9,87.19,39.523333,25.448,25.215806,24.601,25.088269,66.562667,75.622581,89.749333,77.311527,0.104,0.078065,0.138667,0.106911,0.3989,0.41545,0.4242,0.41285,,,,,-1.096586,26.146552,-1.8215,1.156581,0.00059,,67.297826,30.253913
2014-08-01,2014-09-01,soy_price_brl_bag_next_month,63.063182,CEPEA,CEPEA/ESALQ - Paranaguá,8,3,0,0,2.268029,101.608095,4.1,28.609032,38.47,17.06,36.102258,0.139355,0.38615,,2.224648,2.23547,2.220881,2.227,106.768182,111.795238,109.539091,109.367504,2.78,19.48,11.9,11.386667,26.368065,25.448,25.215806,25.67729,52.388387,66.562667,75.622581,64.857878,0.119355,0.104,0.078065,0.100473,0.35255,0.3989,0.41545,0.388967,,,,,-1.089949,23.149001,-3.5775,0.783935,0.044695,,67.105714,29.58619
2014-09-01,2014-10-01,soy_price_brl_bag_next_month,61.17,CEPEA,CEPEA/ESALQ - Paranaguá,9,3,1,0,2.332868,97.091429,64.43,29.507,39.32,20.9,51.589667,0.103333,0.3632,,2.268029,2.224648,2.23547,2.242716,101.608095,106.768182,111.795238,106.723838,4.1,2.78,19.48,8.786667,28.609032,26.368065,25.448,26.808366,36.102258,52.388387,66.562667,51.684437,0.139355,0.119355,0.104,0.120903,0.38615,0.35255,0.3989,0.3792,,,,,-1.071402,19.632056,20.602,-0.165967,0.00191,,63.063182,27.043636
2014-10-01,2014-11-01,soy_price_brl_bag_next_month,61.17,CEPEA,CEPEA/ESALQ - Paranaguá,10,4,1,0,2.448261,87.425217,50.87,29.583548,41.42,21.73,54.841613,0.087742,0.3876,,2.332868,2.268029,2.224648,2.275182,97.091429,101.608095,106.768182,101.822569,64.43,4.1,2.78,23.77,29.507,28.609032,26.368065,28.161366,51.589667,36.102258,52.388387,46.693437,0.103333,0.139355,0.119355,0.120681,0.3632,0.38615,0.35255,0.3673,,,,,-0.980568,10.97701,-86.0275,1.310048,0.010743,,61.17,24.978261
2014-11-01,2014-12-01,soy_price_brl_bag_next_month,61.17,CEPEA,CEPEA/ESALQ - Paranaguá,11,4,1,0,2.548365,79.437895,109.09,27.239333,37.47,21.34,72.538333,0.052,0.4278,,2.448261,2.332868,2.268029,2.349719,87.425217,97.091429,101.608095,95.374914,50.87,64.43,4.1,39.8,29.583548,29.507,28.609032,29.233193,54.841613,51.589667,36.102258,47.511179,0.087742,0.103333,0.139355,0.110143,0.3876,0.3632,0.38615,0.378983,,,,,-0.899187,5.011017,-74.8625,1.022183,0.017858,,61.17,23.9705
2014-12-01,2015-01-01,soy_price_brl_bag_next_month,61.143333,CEPEA,CEPEA/ESALQ - Paranaguá,12,4,1,0,2.639364,58.644783,270.42,24.708387,31.59,20.45,89.151935,0.073871,0.4766,,2.548365,2.448261,2.332868,2.443165,79.437895,87.425217,97.091429,87.984847,109.09,50.87,64.43,74.796667,27.239333,29.583548,29.507,28.776627,72.538333,54.841613,51.589667,59.656538,0.052,0.087742,0.103333,0.081025,0.4278,0.3876,0.3632,0.392867,,,,,-0.844154,-13.073437,43.015,-0.648355,0.081185,,61.17,23.163
2015-01-01,2015-02-01,soy_price_brl_bag_next_month,63.717778,CEPEA,CEPEA/ESALQ - Paranaguá,1,1,0,1,2.634229,47.358421,63.59,25.50129,34.65,20.65,80.528065,0.074516,0.434,,2.639364,2.548365,2.448261,2.54533,58.644783,79.437895,87.425217,75.169298,270.42,109.09,50.87,143.46,24.708387,27.239333,29.583548,27.177089,89.151935,72.538333,54.841613,72.177294,0.073871,0.052,0.087742,0.071204,0.4766,0.4278,0.3876,0.430667,,,,,-0.827158,-26.062959,-157.882,0.669258,0.018675,,61.143333,23.20381
2015-02-01,2015-03-01,soy_price_brl_bag_next_month,67.900455,CEPEA,CEPEA/ESALQ - Paranaguá,2,1,0,1,2.81645,58.0955,95.69,25.700714,34.43,19.97,79.1575,0.062143,0.5558,,2.634229,2.639364,2.548365,2.607319,47.358421,58.644783,79.437895,61.8137,63.59,270.42,109.09,147.7,25.50129,24.708387,27.239333,25.816337,80.528065,89.151935,72.538333,80.739444,0.074516,0.073871,0.052,0.066796,0.434,0.4766,0.4278,0.446133,,,,,-0.615427,-17.87893,-160.8715,0.917836,0.141283,,63.717778,22.617778
2015-03-01,2015-04-01,soy_price_brl_bag_next_month,69.526,CEPEA,CEPEA/ESALQ - Paranaguá,3,1,0,1,3.139477,55.885455,36.51,26.804839,36.07,20.76,73.054839,0.05,0.35685,0.2657,2.81645,2.634229,2.639364,2.696681,58.0955,47.358421,58.644783,54.699568,95.69,63.59,270.42,143.233333,25.700714,25.50129,24.708387,25.303464,79.1575,80.528065,89.151935,82.945833,0.062143,0.074516,0.073871,0.070177,0.5558,0.434,0.4766,0.4888,,,,,-0.331757,-23.080285,-170.0665,1.934678,-0.075665,0.018192,67.900455,21.61
2015-04-01,2015-05-01,soy_price_brl_bag_next_month,66.6085,CEPEA,CEPEA/ESALQ - Paranaguá,4,2,0,1,3.04322,59.524286,90.3,26.171333,34.45,20.91,78.767333,0.092333,0.4552,0.249542,3.139477,2.81645,2.634229,2.863385,55.885455,58.0955,47.358421,53.779792,36.51,95.69,63.59,65.263333,26.804839,25.700714,25.50129,26.002281,73.054839,79.1575,80.528065,77.580135,0.05,0.062143,0.074516,0.06222,0.35685,0.5558,0.434,0.448883,0.2657,,,0.2657,-0.3509,-20.960795,-13.621905,1.371372,0.011771,0.038601,69.526,22.861
2015-05-01,2015-06-01,soy_price_brl_bag_next_month,67.876667,CEPEA,CEPEA/ESALQ - Paranaguá,5,2,0,0,3.061715,64.075,27.73,26.283226,34.88,19.53,71.436129,0.065161,0.45035,0.196459,3.04322,3.139477,2.81645,2.999716,59.524286,55.885455,58.0955,57.83508,90.3,36.51,95.69,74.166667,26.171333,26.804839,25.700714,26.225629,78.767333,73.054839,79.1575,76.993224,0.092333,0.05,0.062143,0.068159,0.4552,0.35685,0.5558,0.45595,0.249542,0.2657,,0.257621,-0.271808,-14.565675,1.5915,2.290968,0.0307,0.019606,66.6085,21.7565
2015-06-01,2015-07-01,soy_price_brl_bag_next_month,72.892609,CEPEA,CEPEA/ESALQ - Paranaguá,6,2,0,0,3.111738,61.477727,1.54,27.019333,35.48,18.79,54.832,0.108,0.3669,0.157988,3.061715,3.04322,3.139477,3.081471,64.075,59.524286,55.885455,59.828247,27.73,90.3,36.51,51.513333,26.283226,26.171333,26.804839,26.419799,71.436129,78.767333,73.054839,74.419434,0.065161,0.092333,0.05,0.069165,0.45035,0.4552,0.35685,0.4208,0.196459,0.249542,0.2657,0.237234,-0.195095,-18.441685,-9.122,2.760733,-0.02085,-0.009007,67.876667,21.828571
2015-07-01,2015-08-01,soy_price_brl_bag_next_month,77.329524,CEPEA,CEPEA/ESALQ - Paranaguá,7,3,0,0,3.223143,56.561304,0.74,27.444839,36.66,17.31,41.933548,0.134839,0.40795,0.174174,3.111738,3.061715,3.04322,3.072224,61.477727,64.075,59.524286,61.692338,1.54,27.73,90.3,39.856667,27.019333,26.283226,26.171333,26.491297,54.832,71.436129,78.767333,68.345154,0.108,0.065161,0.092333,0.088498,0.3669,0.45035,0.4552,0.42415,0.157988,0.196459,0.249542,0.20133,-0.098091,-24.060326,-3.8615,2.233355,0.05599,0.024291,72.892609,22.610435
2015-08-01,2015-09-01,soy_price_brl_bag_next_month,81.345238,CEPEA,CEPEA/ESALQ - Paranaguá,8,3,0,0,3.514305,46.515,2.04,29.485806,39.93,18.2,30.706129,0.140645,0.38215,0.141264,3.223143,3.111738,3.061715,3.132199,56.561304,61.477727,64.075,60.704677,0.74,1.54,27.73,10.003333,27.444839,27.019333,26.283226,26.915799,41.933548,54.832,71.436129,56.067226,0.134839,0.108,0.065161,0.102667,0.40795,0.3669,0.45035,0.4084,0.174174,0.157988,0.196459,0.176207,0.156327,-31.944094,-5.6375,1.660709,0.040695,-0.004665,77.329524,22.01619
2015-09-01,2015-10-01,soy_price_brl_bag_next_month,81.977619,CEPEA,CEPEA/ESALQ - Paranaguá,9,3,1,0,3.906457,47.623182,2.69,32.191667,40.77,22.0,32.814667,0.126333,0.3449,0.150235,3.514305,3.223143,3.111738,3.283062,46.515,56.561304,61.477727,54.851344,2.04,0.74,1.54,1.44,29.485806,27.444839,27.019333,27.983326,30.706129,41.933548,54.832,42.490559,0.140645,0.134839,0.108,0.127828,0.38215,0.40795,0.3669,0.385667,0.141264,0.174174,0.157988,0.157809,0.502187,-29.836191,-41.138,2.5187,-0.01639,-0.036776,81.345238,20.832857
2015-10-01,2015-11-01,soy_price_brl_bag_next_month,79.973,CEPEA,CEPEA/ESALQ - Paranaguá,10,4,1,0,3.880138,48.43,89.5,30.601613,41.79,21.7,52.306774,0.073548,0.3817,0.213546,3.906457,3.514305,3.223143,3.547968,47.623182,46.515,56.561304,50.233162,2.69,2.04,0.74,1.823333,32.191667,29.485806,27.444839,29.707437,32.814667,30.706129,41.933548,35.151448,0.126333,0.140645,0.134839,0.133939,0.3449,0.38215,0.40795,0.378333,0.150235,0.141264,0.174174,0.155224,0.451309,-28.018207,-47.3975,2.328113,0.004843,-0.030837,81.977619,21.137619
2015-11-01,2015-12-01,soy_price_brl_bag_next_month,80.758,CEPEA,CEPEA/ESALQ - Paranaguá,11,4,1,0,3.77646,44.267619,84.4,28.740667,38.39,21.89,68.101333,0.044333,0.383,0.242645,3.880138,3.906457,3.514305,3.766967,48.43,47.623182,46.515,47.522727,89.5,2.69,2.04,31.41,30.601613,32.191667,29.485806,30.759695,52.306774,32.814667,30.706129,38.60919,0.073548,0.126333,0.140645,0.113509,0.3817,0.3449,0.38215,0.369583,0.213546,0.150235,0.141264,0.168348,0.328908,-30.159259,-99.5525,2.523517,-0.026942,0.001329,79.973,21.1735
2015-12-01,2016-01-01,soy_price_brl_bag_next_month,82.746,CEPEA,CEPEA/ESALQ - Paranaguá,12,4,1,0,3.871136,38.329444,150.76,28.145161,38.19,21.56,70.357742,0.074194,0.398,0.233118,3.77646,3.880138,3.906457,3.854352,44.267619,48.43,47.623182,46.7736,84.4,89.5,2.69,58.863333,28.740667,30.601613,32.191667,30.511316,68.101333,52.306774,32.814667,51.074258,0.044333,0.073548,0.126333,0.081405,0.383,0.3817,0.3449,0.369867,0.242645,0.213546,0.150235,0.202142,0.387618,-33.388776,-76.645,2.788419,0.002585,-0.008901,80.758,20.8805
2016-01-01,2016-02-01,soy_price_brl_bag_next_month,77.829474,CEPEA,CEPEA/ESALQ - Paranaguá,1,1,0,1,4.05235,30.6995,204.02,25.379355,32.15,21.65,89.444839,0.051613,0.3651,0.27176,3.871136,3.77646,3.880138,3.842578,38.329444,44.267619,48.43,43.675688,150.76,84.4,89.5,108.22,28.145161,28.740667,30.601613,29.16248,70.357742,68.101333,52.306774,63.588616,0.074194,0.044333,0.073548,0.064025,0.398,0.383,0.3817,0.387567,0.233118,0.242645,0.213546,0.22977,0.590963,-42.72188,-17.452,0.547323,-0.050225,-0.002913,82.746,20.415
2016-02-01,2016-03-01,soy_price_brl_bag_next_month,74.527727,CEPEA,CEPEA/ESALQ - Paranaguá,2,1,0,1,3.973742,32.1815,53.38,27.336552,36.59,21.23,74.567241,0.043793,0.43285,0.27083,4.05235,3.871136,3.77646,3.899982,30.6995,38.329444,44.267619,37.765521,204.02,150.76,84.4,146.393333,25.379355,28.145161,28.740667,27.421728,89.444839,70.357742,68.101333,75.967971,0.051613,0.074194,0.044333,0.056713,0.3651,0.398,0.383,0.382033,0.27176,0.233118,0.242645,0.249174,0.541865,-43.79293,-203.1815,2.553674,0.018333,-0.017211,77.829474,19.592105
2016-03-01,2016-04-01,soy_price_brl_bag_next_month,78.0425,CEPEA,CEPEA/ESALQ - Paranaguá,3,1,0,1,3.703918,38.210455,170.29,26.037419,34.68,21.24,84.849032,0.084839,0.47565,0.257557,3.973742,4.05235,3.871136,3.965743,32.1815,30.6995,38.329444,33.736815,53.38,204.02,150.76,136.053333,27.336552,25.379355,28.145161,26.953689,74.567241,89.444839,70.357742,78.123274,0.043793,0.051613,0.074194,0.056533,0.43285,0.3651,0.398,0.39865,0.27083,0.27176,0.233118,0.258569,0.232684,-40.755285,-36.2865,1.167258,0.043135,0.010049,74.527727,20.169545
2016-04-01,2016-05-01,soy_price_brl_bag_next_month,86.425238,CEPEA,CEPEA/ESALQ - Paranaguá,4,2,0,1,3.565845,41.583333,35.98,27.013667,35.48,15.78,71.404667,0.069,0.4203,0.192732,3.703918,3.973742,4.05235,3.910003,38.210455,32.1815,30.6995,33.697152,170.29,53.38,204.02,142.563333,26.037419,27.336552,25.379355,26.251109,84.849032,74.567241,89.444839,82.953704,0.084839,0.043793,0.051613,0.060082,0.47565,0.43285,0.3651,0.424533,0.257557,0.27083,0.27176,0.266716,0.171725,-38.901748,-67.941905,2.213706,-0.023129,-0.018209,78.0425,21.9805
2016-05-01,2016-06-01,soy_price_brl_bag_next_month,95.188182,CEPEA,CEPEA/ESALQ - Paranaguá,5,2,0,0,3.53929,46.742381,0.72,28.127742,36.98,17.53,59.529355,0.087097,0.42165,0.164857,3.565845,3.703918,3.973742,3.747835,41.583333,38.210455,32.1815,37.325096,35.98,170.29,53.38,86.55,27.013667,26.037419,27.336552,26.795879,71.404667,84.849032,74.567241,76.940313,0.069,0.084839,0.043793,0.065877,0.4203,0.47565,0.43285,0.442933,0.192732,0.257557,0.27083,0.240373,0.205767,-31.898294,-25.4185,4.135484,0.002,-0.011996,86.425238,24.432857
2016-06-01,2016-07-01,soy_price_brl_bag_next_month,87.464286,CEPEA,CEPEA/ESALQ - Paranaguá,6,2,0,0,3.424477,48.247273,18.69,26.866333,36.64,17.64,49.822667,0.086667,0.3707,0.151966,3.53929,3.565845,3.703918,3.603018,46.742381,41.583333,38.210455,42.178723,0.72,35.98,170.29,68.996667,28.127742,27.013667,26.037419,27.059609,59.529355,71.404667,84.849032,71.927685,0.087097,0.069,0.084839,0.080312,0.42165,0.4203,0.47565,0.4392,0.164857,0.192732,0.257557,0.205049,0.117644,-31.672139,8.028,2.607733,-0.01705,-0.015029,95.188182,27.857727
2016-07-01,2016-08-01,soy_price_brl_bag_next_month,81.692174,CEPEA,CEPEA/ESALQ - Paranaguá,7,3,0,0,3.275567,44.951905,0.0,27.182258,36.92,18.26,32.636129,0.135806,0.33395,0.128293,3.424477,3.53929,3.565845,3.509871,48.247273,46.742381,41.583333,45.524329,18.69,0.72,35.98,18.463333,26.866333,28.127742,27.013667,27.335914,49.822667,59.529355,71.404667,60.25223,0.086667,0.087097,0.069,0.080921,0.3707,0.42165,0.4203,0.404217,0.151966,0.164857,0.192732,0.169852,-0.045667,-35.669725,-4.6015,1.970774,-0.01801,-0.02159,87.464286,26.691905
2016-08-01,2016-09-01,soy_price_brl_bag_next_month,79.5,CEPEA,CEPEA/ESALQ - Paranaguá,8,3,0,0,3.209661,45.843043,43.42,28.205806,38.99,17.22,40.846774,0.129677,0.3505,0.163027,3.275567,3.424477,3.53929,3.413111,44.951905,48.247273,46.742381,46.647186,0.0,18.69,0.72,6.47,27.182258,26.866333,28.127742,27.392111,32.636129,49.822667,59.529355,47.329384,0.135806,0.086667,0.087097,0.10319,0.33395,0.3707,0.42165,0.375433,0.128293,0.151966,0.164857,0.148372,-0.148317,-32.616051,35.7425,0.380709,0.009045,0.017098,81.692174,25.469565
2016-09-01,2016-10-01,soy_price_brl_bag_next_month,76.7035,CEPEA,CEPEA/ESALQ - Paranaguá,9,3,1,0,3.256371,46.567727,97.54,27.961333,39.57,19.05,59.058667,0.098,0.36085,0.228193,3.209661,3.275567,3.424477,3.303235,45.843043,44.951905,48.247273,46.347407,43.42,0.0,18.69,20.703333,28.205806,27.182258,26.866333,27.418132,40.846774,32.636129,49.822667,41.101857,0.129677,0.135806,0.086667,0.117383,0.3505,0.33395,0.3707,0.351717,0.163027,0.128293,0.151966,0.147762,-0.147899,-30.891646,53.712,-1.711634,-0.00044,0.041182,79.5,24.430952
2016-10-01,2016-11-01,soy_price_brl_bag_next_month,78.2725,CEPEA,CEPEA/ESALQ - Paranaguá,10,4,1,0,3.185845,49.522381,116.81,27.494516,39.02,20.05,68.262903,0.07871,0.3882,0.244456,3.256371,3.209661,3.275567,3.2472,46.567727,45.843043,44.951905,45.787558,97.54,43.42,0.0,46.986667,27.961333,28.205806,27.182258,27.783132,59.058667,40.846774,32.636129,44.180523,0.098,0.129677,0.135806,0.121161,0.36085,0.3505,0.33395,0.348433,0.228193,0.163027,0.128293,0.173171,-0.242984,-26.925826,-20.0875,-0.778984,0.011343,7.3e-05,76.7035,24.0995
2016-11-01,2016-12-01,soy_price_brl_bag_next_month,78.429048,CEPEA,CEPEA/ESALQ - Paranaguá,11,4,1,0,3.34203,44.734091,178.09,25.532333,33.75,21.57,84.462333,0.087667,0.4341,0.245042,3.185845,3.256371,3.209661,3.217292,49.522381,46.567727,45.843043,47.31105,116.81,97.54,43.42,85.923333,27.494516,27.961333,28.205806,27.887218,68.262903,59.058667,40.846774,56.056115,0.07871,0.098,0.129677,0.102129,0.3882,0.36085,0.3505,0.366517,0.244456,0.228193,0.163027,0.211892,-0.105522,-29.692787,-5.8625,-0.684817,0.024158,0.003726,78.2725,23.4445
2016-12-01,2017-01-01,soy_price_brl_bag_next_month,76.033636,CEPEA,CEPEA/ESALQ - Paranaguá,12,4,1,0,3.352268,53.3085,228.81,24.885806,32.69,20.01,87.266129,0.114516,0.41185,0.262051,3.34203,3.185845,3.256371,3.261415,44.734091,49.522381,46.567727,46.9414,178.09,116.81,97.54,130.813333,25.532333,27.494516,27.961333,26.996061,84.462333,68.262903,59.058667,70.594634,0.087667,0.07871,0.098,0.088126,0.4341,0.3882,0.36085,0.394383,0.245042,0.244456,0.228193,0.23923,-0.13125,-18.40972,1.405,-0.470936,0.016435,0.020032,78.429048,23.392857
2017-01-01,2017-02-01,soy_price_brl_bag_next_month,73.861667,CEPEA,CEPEA/ESALQ - Paranaguá,1,1,0,1,3.196609,54.576667,176.29,24.44129,30.33,20.57,90.059677,0.103226,0.43555,0.278166,3.352268,3.34203,3.185845,3.293381,53.3085,44.734091,49.522381,49.188324,228.81,178.09,116.81,174.57,24.885806,25.532333,27.494516,25.970885,87.266129,84.462333,68.262903,79.997122,0.114516,0.087667,0.07871,0.093631,0.41185,0.4341,0.3882,0.411383,0.262051,0.245042,0.244456,0.250516,-0.264778,-18.844713,-45.182,-0.390742,0.020225,0.003493,76.033636,23.802727
2017-02-01,2017-03-01,soy_price_brl_bag_next_month,70.006087,CEPEA,CEPEA/ESALQ - Paranaguá,2,1,0,1,3.104194,54.8695,249.09,23.987143,28.98,20.02,91.248214,0.102143,0.3972,0.30292,3.196609,3.352268,3.34203,3.296969,54.576667,53.3085,44.734091,50.873086,176.29,228.81,178.09,194.396667,24.44129,24.885806,25.532333,24.953143,90.059677,87.266129,84.462333,87.262713,0.103226,0.114516,0.087667,0.101803,0.43555,0.41185,0.4341,0.427167,0.278166,0.262051,0.245042,0.261753,-0.327683,-21.10493,-7.4715,-0.795735,-0.017317,0.014879,73.861667,23.811667
2017-03-01,2017-04-01,soy_price_brl_bag_next_month,65.82,CEPEA,CEPEA/ESALQ - Paranaguá,3,1,0,1,3.12793,51.58913,209.88,24.829032,29.97,20.75,89.862581,0.15129,0.4758,0.24357,3.104194,3.196609,3.352268,3.21769,54.8695,54.576667,53.3085,54.251556,249.09,176.29,228.81,218.063333,23.987143,24.44129,24.885806,24.43808,91.248214,90.059677,87.266129,89.524673,0.102143,0.103226,0.114516,0.106628,0.3972,0.43555,0.41185,0.414867,0.30292,0.278166,0.262051,0.281046,-0.343304,-27.37661,3.3035,-0.041129,0.043285,-0.003938,70.006087,22.396087
2017-04-01,2017-05-01,soy_price_brl_bag_next_month,68.936818,CEPEA,CEPEA/ESALQ - Paranaguá,4,2,0,1,3.136172,52.307895,129.87,24.861,29.59,19.77,89.783,0.138667,0.4584,0.227771,3.12793,3.104194,3.196609,3.142911,51.58913,54.8695,54.576667,53.678432,209.88,249.09,176.29,211.753333,24.829032,23.987143,24.44129,24.419155,89.862581,91.248214,90.059677,90.390157,0.15129,0.102143,0.103226,0.118886,0.4758,0.3972,0.43555,0.436183,0.24357,0.30292,0.278166,0.274885,-0.257948,-28.177186,25.948095,0.061039,0.014971,0.01683,65.82,20.962778
2017-05-01,2017-06-01,soy_price_brl_bag_next_month,68.950952,CEPEA,CEPEA/ESALQ - Paranaguá,5,2,0,0,3.209509,50.326522,33.47,24.640968,29.76,17.86,87.896774,0.147742,0.41855,0.212996,3.136172,3.12793,3.104194,3.122765,52.307895,51.58913,54.8695,52.922175,129.87,209.88,249.09,196.28,24.861,24.829032,23.987143,24.559058,89.783,89.862581,91.248214,90.297932,0.138667,0.15129,0.102143,0.1307,0.4584,0.4758,0.3972,0.4438,0.227771,0.24357,0.30292,0.258087,-0.124014,-28.314153,7.3315,0.64871,-0.0011,0.036143,68.936818,21.484091
2017-06-01,2017-07-01,soy_price_brl_bag_next_month,72.240952,CEPEA,CEPEA/ESALQ - Paranaguá,6,2,0,0,3.295367,46.368182,6.66,24.465333,33.13,16.08,66.257,0.119667,0.39975,0.200081,3.209509,3.136172,3.12793,3.15787,50.326522,52.307895,51.58913,51.407849,33.47,129.87,209.88,124.406667,24.640968,24.861,24.829032,24.777,87.896774,89.783,89.862581,89.180785,0.147742,0.138667,0.15129,0.1459,0.41855,0.4584,0.4758,0.450917,0.212996,0.227771,0.24357,0.228112,-0.011466,-33.55123,-4.002,0.206733,0.012,0.033086,68.950952,20.917619
2017-07-01,2017-08-01,soy_price_brl_bag_next_month,69.826522,CEPEA,CEPEA/ESALQ - Paranaguá,7,3,0,0,3.206138,48.478571,0.0,24.449355,35.31,12.24,45.850323,0.098387,0.35915,0.176403,3.295367,3.209509,3.136172,3.213683,46.368182,50.326522,52.307895,49.667533,6.66,33.47,129.87,56.666667,24.465333,24.640968,24.861,24.655767,66.257,87.896774,89.783,81.312258,0.119667,0.147742,0.138667,0.135359,0.39975,0.41855,0.4584,0.425567,0.200081,0.212996,0.227771,0.213616,-0.115096,-32.143059,-4.6015,-0.762129,0.00719,0.02652,72.240952,22.578571
2017-08-01,2017-09-01,soy_price_brl_bag_next_month,70.411,CEPEA,CEPEA/ESALQ - Paranaguá,8,3,0,0,3.150917,51.704348,25.51,28.025161,38.87,16.92,43.62,0.136452,0.3522,0.190759,3.206138,3.295367,3.209509,3.237005,48.478571,46.368182,50.326522,48.391092,0.0,6.66,33.47,13.376667,24.449355,24.465333,24.640968,24.518552,45.850323,66.257,87.896774,66.668032,0.098387,0.119667,0.147742,0.121932,0.35915,0.39975,0.41855,0.392483,0.176403,0.200081,0.212996,0.196493,-0.207061,-26.754746,17.8325,0.200064,0.010745,0.04483,69.826522,22.165217
2017-09-01,2017-10-01,soy_price_brl_bag_next_month,71.469524,CEPEA,CEPEA/ESALQ - Paranaguá,9,3,1,0,3.13479,56.152857,88.82,28.857333,39.41,18.8,42.699667,0.059,0.3608,0.189097,3.150917,3.206138,3.295367,3.217474,51.704348,48.478571,46.368182,48.850367,25.51,0.0,6.66,10.723333,28.025161,24.449355,24.465333,25.646616,43.62,45.850323,66.257,51.909108,0.136452,0.098387,0.119667,0.118169,0.3522,0.35915,0.39975,0.370367,0.190759,0.176403,0.200081,0.189081,-0.26948,-21.306516,44.992,-0.815634,-0.00049,0.002086,70.411,22.454
2017-10-01,2017-11-01,soy_price_brl_bag_next_month,73.8745,CEPEA,CEPEA/ESALQ - Paranaguá,10,4,1,0,3.191229,57.507727,145.66,28.183871,39.86,17.35,66.423871,0.084194,0.3983,0.258143,3.13479,3.150917,3.206138,3.163948,56.152857,51.704348,48.478571,52.111925,88.82,25.51,0.0,38.11,28.857333,28.025161,24.449355,27.110616,42.699667,43.62,45.850323,44.056663,0.059,0.136452,0.098387,0.097946,0.3608,0.3522,0.35915,0.357383,0.189097,0.190759,0.176403,0.18542,-0.2376,-18.94048,8.7625,-0.089629,0.021443,0.01376,71.469524,22.370952
2017-11-01,2017-12-01,soy_price_brl_bag_next_month,74.237368,CEPEA,CEPEA/ESALQ - Paranaguá,11,4,1,0,3.25938,62.714091,247.03,25.471,33.68,21.55,85.874333,0.077,0.4191,0.261424,3.191229,3.13479,3.150917,3.158979,57.507727,56.152857,51.704348,55.121644,145.66,88.82,25.51,86.663333,28.183871,28.857333,28.025161,28.355455,66.423871,42.699667,43.62,50.914513,0.084194,0.059,0.136452,0.093215,0.3983,0.3608,0.3522,0.370433,0.258143,0.189097,0.190759,0.212666,-0.188172,-11.712787,63.0775,-0.74615,0.009158,0.020108,73.8745,22.6675
2017-12-01,2018-01-01,soy_price_brl_bag_next_month,71.830455,CEPEA,CEPEA/ESALQ - Paranaguá,12,4,1,0,3.291915,63.001364,248.84,24.593871,29.47,20.84,90.469355,0.098065,0.3264,0.263248,3.25938,3.191229,3.13479,3.195133,62.714091,57.507727,56.152857,58.791558,247.03,145.66,88.82,160.503333,25.471,28.183871,28.857333,27.504068,85.874333,66.423871,42.699667,64.99929,0.077,0.084194,0.059,0.073398,0.4191,0.3983,0.3608,0.392733,0.261424,0.258143,0.189097,0.236221,-0.191603,-8.716856,21.435,-0.762871,-0.069015,0.021229,74.237368,22.532105
2018-01-01,2018-02-01,soy_price_brl_bag_next_month,74.718889,CEPEA,CEPEA/ESALQ - Paranaguá,1,1,0,1,3.210609,69.077273,366.3,24.336129,29.82,20.19,90.28129,0.123548,0.4214,0.279061,3.291915,3.25938,3.191229,3.247508,63.001364,62.714091,57.507727,61.074394,248.84,247.03,145.66,213.843333,24.593871,25.471,28.183871,26.082914,90.469355,85.874333,66.423871,80.92252,0.098065,0.077,0.084194,0.08642,0.3264,0.4191,0.3983,0.381267,0.263248,0.261424,0.258143,0.260938,-0.250778,-4.344107,144.828,-0.495903,0.006075,0.004388,71.830455,22.382727
2018-02-01,2018-03-01,soy_price_brl_bag_next_month,79.394762,CEPEA,CEPEA/ESALQ - Paranaguá,2,1,0,1,3.2415,65.3175,358.16,24.388214,29.78,20.62,91.873214,0.082857,0.47775,0.305599,3.210609,3.291915,3.25938,3.253968,69.077273,63.001364,62.714091,64.930909,366.3,248.84,247.03,287.39,24.336129,24.593871,25.471,24.800333,90.28129,90.469355,85.874333,88.874993,0.123548,0.098065,0.077,0.099538,0.4214,0.3264,0.4191,0.388967,0.279061,0.263248,0.261424,0.267911,-0.190377,-10.65693,101.5985,-0.394664,0.063233,0.017558,74.718889,23.044444
2018-03-01,2018-04-01,soy_price_brl_bag_next_month,85.531905,CEPEA,CEPEA/ESALQ - Paranaguá,3,1,0,1,3.279214,66.016667,429.99,24.73129,29.93,20.59,90.723871,0.108387,0.56705,0.254349,3.2415,3.210609,3.291915,3.248008,65.3175,69.077273,63.001364,65.798712,358.16,366.3,248.84,324.433333,24.388214,24.336129,24.593871,24.439405,91.873214,90.28129,90.469355,90.87462,0.082857,0.123548,0.098065,0.10149,0.47775,0.4214,0.3264,0.408517,0.305599,0.279061,0.263248,0.282636,-0.19202,-12.949073,223.4135,-0.138871,0.134535,0.006841,79.394762,24.230476
2018-04-01,2018-05-01,soy_price_brl_bag_next_month,86.122857,CEPEA,CEPEA/ESALQ - Paranaguá,4,2,0,1,3.407495,72.106,115.33,24.187333,28.76,19.49,90.363333,0.096,0.4674,0.232826,3.279214,3.2415,3.210609,3.243774,66.016667,65.3175,69.077273,66.803813,429.99,358.16,366.3,384.816667,24.73129,24.388214,24.336129,24.485211,90.723871,91.873214,90.28129,90.959458,0.108387,0.082857,0.123548,0.104931,0.56705,0.47775,0.4214,0.488733,0.254349,0.305599,0.279061,0.27967,0.013375,-8.379081,11.408095,-0.612628,0.023971,0.021885,85.531905,25.09619
2018-05-01,2018-06-01,soy_price_brl_bag_next_month,84.827619,CEPEA,CEPEA/ESALQ - Paranaguá,5,2,0,0,3.636057,76.975238,73.74,22.888387,28.43,14.21,88.975161,0.149677,0.4476,0.192634,3.407495,3.279214,3.2415,3.309403,72.106,66.016667,65.3175,67.813389,115.33,429.99,358.16,301.16,24.187333,24.73129,24.388214,24.435612,90.363333,90.723871,91.873214,90.986806,0.096,0.108387,0.082857,0.095748,0.4674,0.56705,0.47775,0.504067,0.232826,0.254349,0.305599,0.264258,0.302534,-1.665437,47.6015,-1.103871,0.02795,0.015781,86.122857,23.687619
2018-06-01,2018-07-01,soy_price_brl_bag_next_month,88.293636,CEPEA,CEPEA/ESALQ - Paranaguá,6,2,0,0,3.773171,74.404762,0.55,22.248,29.29,14.46,82.012667,0.201667,0.42325,0.182067,3.636057,3.407495,3.279214,3.440922,76.975238,72.106,66.016667,71.699302,73.74,115.33,429.99,206.353333,22.888387,24.187333,24.73129,23.93567,88.975161,90.363333,90.723871,90.020788,0.149677,0.096,0.108387,0.118021,0.4476,0.4674,0.56705,0.494017,0.192634,0.232826,0.254349,0.226603,0.466338,-5.51465,-10.112,-2.0106,0.0355,0.015072,84.827619,22.430476
2018-07-01,2018-08-01,soy_price_brl_bag_next_month,89.910435,CEPEA,CEPEA/ESALQ - Paranaguá,7,3,0,0,3.828764,74.254091,0.63,23.923548,35.25,13.42,57.678065,0.230645,0.36635,0.16201,3.773171,3.636057,3.407495,3.605574,74.404762,76.975238,72.106,74.495333,0.55,73.74,115.33,63.206667,22.248,22.888387,24.187333,23.107907,82.012667,88.975161,90.363333,87.117054,0.201667,0.149677,0.096,0.149115,0.42325,0.4476,0.4674,0.446083,0.182067,0.192634,0.232826,0.202509,0.50753,-6.367539,-3.9715,-1.287936,0.01439,0.012127,88.293636,23.079091
2018-08-01,2018-09-01,soy_price_brl_bag_next_month,95.482632,CEPEA,CEPEA/ESALQ - Paranaguá,8,3,0,0,3.929757,72.528261,5.09,27.705806,38.08,18.12,48.697097,0.149032,0.36775,0.171422,3.828764,3.773171,3.636057,3.745997,74.254091,74.404762,76.975238,75.211364,0.63,0.55,73.74,24.973333,23.923548,22.248,22.888387,23.019978,57.678065,82.012667,88.975161,76.221964,0.230645,0.201667,0.149677,0.193996,0.36635,0.42325,0.4476,0.4124,0.16201,0.182067,0.192634,0.178904,0.571779,-5.930833,-2.5875,-0.119291,0.026295,0.025493,89.910435,22.880435
2018-09-01,2018-10-01,soy_price_brl_bag_next_month,90.534545,CEPEA,CEPEA/ESALQ - Paranaguá,9,3,1,0,4.116547,78.891,37.36,28.455667,39.71,17.43,49.834333,0.109,0.37505,0.197571,3.929757,3.828764,3.773171,3.843897,72.528261,74.254091,74.404762,73.729038,5.09,0.63,0.55,2.09,27.705806,23.923548,22.248,24.625785,48.697097,57.678065,82.012667,62.795943,0.149032,0.230645,0.201667,0.193781,0.36775,0.36635,0.42325,0.385783,0.171422,0.16201,0.182067,0.171833,0.712277,1.431627,-6.468,-1.2173,0.01376,0.01056,95.482632,23.255263
2018-10-01,2018-11-01,soy_price_brl_bag_next_month,84.1565,CEPEA,CEPEA/ESALQ - Paranaguá,10,4,1,0,3.758409,81.032174,131.09,27.63129,37.95,20.56,71.757742,0.07129,0.3221,0.2531,4.116547,3.929757,3.828764,3.958356,78.891,72.528261,74.254091,75.224451,37.36,5.09,0.63,14.36,28.455667,27.705806,23.923548,26.695007,49.834333,48.697097,57.678065,52.069832,0.109,0.149032,0.230645,0.162892,0.37505,0.36775,0.36635,0.369717,0.197571,0.171422,0.16201,0.177001,0.32958,4.583967,-5.8075,-0.64221,-0.054757,0.008717,90.534545,24.069545
2018-11-01,2018-12-01,soy_price_brl_bag_next_month,81.102222,CEPEA,CEPEA/ESALQ - Paranaguá,11,4,1,0,3.786665,64.748182,219.41,25.481,33.85,20.8,85.223667,0.052667,0.29375,0.255692,3.758409,4.116547,3.929757,3.934904,81.032174,78.891,72.528261,77.483812,131.09,37.36,5.09,57.846667,27.63129,28.455667,27.705806,27.930921,71.757742,49.834333,48.697097,56.763057,0.07129,0.109,0.149032,0.109774,0.3221,0.37505,0.36775,0.354967,0.2531,0.197571,0.171422,0.207364,0.339113,-9.678696,35.4575,-0.73615,-0.116192,0.014376,84.1565,22.23
2018-12-01,2019-01-01,soy_price_brl_bag_next_month,76.891364,CEPEA,CEPEA/ESALQ - Paranaguá,12,4,1,0,3.885055,59.398095,165.5,25.024839,32.66,19.63,85.754516,0.069677,0.45285,0.26294,3.786665,3.758409,4.116547,3.887207,64.748182,81.032174,78.891,74.890452,219.41,131.09,37.36,129.286667,25.481,27.63129,28.455667,27.189319,85.223667,71.757742,49.834333,68.938581,0.052667,0.07129,0.109,0.077652,0.29375,0.3221,0.37505,0.3303,0.255692,0.2531,0.197571,0.235454,0.401537,-12.320125,-61.905,-0.331903,0.057435,0.020921,81.102222,20.885556
2019-01-01,2019-02-01,soy_price_brl_bag_next_month,77.733,CEPEA,CEPEA/ESALQ - Paranaguá,1,1,0,1,3.741682,60.214737,178.99,25.090323,33.4,20.14,84.054839,0.112581,0.42,0.287072,3.885055,3.786665,3.758409,3.810043,59.398095,64.748182,81.032174,68.392817,165.5,219.41,131.09,172.0,25.024839,25.481,27.63129,26.04571,85.754516,85.223667,71.757742,80.911975,0.069677,0.052667,0.07129,0.064545,0.45285,0.29375,0.3221,0.356233,0.26294,0.255692,0.2531,0.257244,0.280295,-13.206643,-42.482,0.258291,0.004675,0.012399,76.891364,20.576364
2019-02-01,2019-03-01,soy_price_brl_bag_next_month,78.274211,CEPEA,CEPEA/ESALQ - Paranaguá,2,1,0,1,3.723625,63.9605,203.12,25.356071,33.27,21.18,86.423214,0.1125,0.4502,0.288304,3.741682,3.885055,3.786665,3.804467,60.214737,59.398095,64.748182,61.453671,178.99,165.5,219.41,187.966667,25.090323,25.024839,25.481,25.198721,84.054839,85.754516,85.223667,85.011007,0.112581,0.069677,0.052667,0.078308,0.42,0.45285,0.29375,0.388867,0.287072,0.26294,0.255692,0.268568,0.291748,-12.01393,-53.4415,0.573193,0.035683,0.000263,77.733,20.89
2019-03-01,2019-04-01,soy_price_brl_bag_next_month,76.562857,CEPEA,CEPEA/ESALQ - Paranaguá,3,1,0,1,3.846484,66.138571,172.58,24.702581,30.17,20.6,91.001613,0.103548,0.4987,0.255317,3.723625,3.741682,3.885055,3.783454,63.9605,60.214737,59.398095,61.191111,203.12,178.99,165.5,182.536667,25.356071,25.090323,25.024839,25.157078,86.423214,84.054839,85.754516,85.410856,0.1125,0.112581,0.069677,0.098253,0.4502,0.42,0.45285,0.441017,0.288304,0.287072,0.26294,0.279439,0.37525,-12.827169,-33.9965,-0.16758,0.066185,0.007809,78.274211,20.369474
2019-04-01,2019-05-01,soy_price_brl_bag_next_month,78.360909,CEPEA,CEPEA/ESALQ - Paranaguá,4,2,0,1,3.896157,71.233333,87.18,24.982667,29.8,19.51,88.872333,0.145667,0.47005,0.232812,3.846484,3.723625,3.741682,3.770597,66.138571,63.9605,60.214737,63.437936,172.58,203.12,178.99,184.896667,24.702581,25.356071,25.090323,25.049658,91.001613,86.423214,84.054839,87.159889,0.103548,0.1125,0.112581,0.109543,0.4987,0.4502,0.42,0.4563,0.255317,0.288304,0.287072,0.276898,0.502037,-9.251748,-16.741905,0.182706,0.026621,0.021871,76.562857,19.66
2019-05-01,2019-06-01,soy_price_brl_bag_next_month,81.898421,CEPEA,CEPEA/ESALQ - Paranaguá,5,2,0,0,4.001518,71.317727,8.02,26.277742,34.58,16.91,70.748387,0.116774,0.41745,0.200295,3.896157,3.846484,3.723625,3.822089,71.233333,66.138571,63.9605,67.110801,87.18,172.58,203.12,154.293333,24.982667,24.702581,25.356071,25.013773,88.872333,91.001613,86.423214,88.76572,0.145667,0.103548,0.1125,0.120572,0.47005,0.4987,0.4502,0.472983,0.232812,0.255317,0.288304,0.258811,0.667995,-7.322948,-18.1185,2.285484,-0.0022,0.023442,78.360909,19.607727
2019-06-01,2019-07-01,soy_price_brl_bag_next_month,78.817391,CEPEA,CEPEA/ESALQ - Paranaguá,6,2,0,0,3.858826,64.2205,2.17,26.163333,35.13,17.07,55.692667,0.148667,0.3882,0.183606,4.001518,3.896157,3.846484,3.91472,71.317727,71.233333,66.138571,69.56321,8.02,87.18,172.58,89.26,26.277742,24.982667,24.702581,25.320997,70.748387,88.872333,91.001613,83.540778,0.116774,0.145667,0.103548,0.121996,0.41745,0.47005,0.4987,0.462067,0.200295,0.232812,0.255317,0.229475,0.551993,-15.698912,-8.492,1.904733,0.00045,0.016611,81.898421,21.211579
2019-07-01,2019-08-01,soy_price_brl_bag_next_month,85.083636,CEPEA,CEPEA/ESALQ - Paranaguá,7,3,0,0,3.779339,63.91913,0.58,26.652258,36.47,15.47,41.055161,0.131613,0.36055,0.148299,3.858826,4.001518,3.896157,3.918834,64.2205,71.317727,71.233333,68.923853,2.17,8.02,87.18,32.456667,26.163333,26.277742,24.982667,25.807914,55.692667,70.748387,88.872333,71.771129,0.148667,0.116774,0.145667,0.137036,0.3882,0.41745,0.47005,0.425233,0.183606,0.200295,0.232812,0.205571,0.458105,-16.7025,-4.0215,1.440774,0.00859,-0.001584,78.817391,20.855652
2019-08-01,2019-09-01,soy_price_brl_bag_next_month,86.5,CEPEA,CEPEA/ESALQ - Paranaguá,8,3,0,0,4.019982,59.041818,0.05,29.37129,39.37,16.57,31.639677,0.092258,0.338,0.14508,3.779339,3.858826,4.001518,3.879894,63.91913,64.2205,71.317727,66.485786,0.58,2.17,8.02,3.59,26.652258,26.163333,26.277742,26.364444,41.055161,55.692667,70.748387,55.832072,0.131613,0.148667,0.116774,0.132351,0.36055,0.3882,0.41745,0.388733,0.148299,0.183606,0.200295,0.1774,0.662004,-19.417276,-7.6275,1.546193,-0.003455,-0.000849,85.083636,21.141364
2019-09-01,2019-10-01,soy_price_brl_bag_next_month,88.25087,CEPEA,CEPEA/ESALQ - Paranaguá,9,3,1,0,4.1215,62.826667,11.38,31.322,40.91,21.05,33.312667,0.147,0.35625,0.173747,4.019982,3.779339,3.858826,3.886049,59.041818,63.91913,64.2205,62.393816,0.05,0.58,2.17,0.933333,29.37129,26.652258,26.163333,27.395627,31.639677,41.055161,55.692667,42.795835,0.092258,0.131613,0.148667,0.124179,0.338,0.36055,0.3882,0.36225,0.14508,0.148299,0.183606,0.158995,0.71723,-14.632706,-32.448,1.649033,-0.00504,-0.013264,86.5,20.976667
2019-10-01,2019-11-01,soy_price_brl_bag_next_month,89.8745,CEPEA,CEPEA/ESALQ - Paranaguá,10,4,1,0,4.086987,59.713043,182.61,27.260968,36.5,20.33,72.359355,0.070323,0.3887,0.258938,4.1215,4.019982,3.779339,3.973607,62.826667,59.041818,63.91913,61.929205,11.38,0.05,0.58,4.003333,31.322,29.37129,26.652258,29.115183,33.312667,31.639677,41.055161,35.335835,0.147,0.092258,0.131613,0.123624,0.35625,0.338,0.36055,0.3516,0.173747,0.14508,0.148299,0.155709,0.658158,-16.735164,45.7125,-1.012532,0.011843,0.014555,88.25087,21.612609
2019-11-01,2019-12-01,soy_price_brl_bag_next_month,88.151579,CEPEA,CEPEA/ESALQ - Paranaguá,11,4,1,0,4.155345,63.211905,161.48,26.241333,35.25,20.72,79.940333,0.099333,0.4649,0.23819,4.086987,4.1215,4.019982,4.076156,59.713043,62.826667,59.041818,60.527176,182.61,11.38,0.05,64.68,27.260968,31.322,29.37129,29.318086,72.359355,33.312667,31.639677,45.770566,0.070323,0.147,0.092258,0.103194,0.3887,0.35625,0.338,0.360983,0.258938,0.173747,0.14508,0.192588,0.707793,-11.214973,-22.4725,0.024183,0.054958,-0.003126,89.8745,21.618
2019-12-01,2020-01-01,soy_price_brl_bag_next_month,87.391364,CEPEA,CEPEA/ESALQ - Paranaguá,12,4,1,0,4.10959,64.294348,202.19,25.85,33.12,21.2,85.023548,0.094194,0.3982,0.248055,4.155345,4.086987,4.1215,4.121277,63.211905,59.713043,62.826667,61.917205,161.48,182.61,11.38,118.49,26.241333,27.260968,31.322,28.274767,79.940333,72.359355,33.312667,61.870785,0.099333,0.070323,0.147,0.105552,0.4649,0.3887,0.35625,0.403283,0.23819,0.258938,0.173747,0.223625,0.626072,-7.423872,-25.215,0.493258,0.002785,0.006036,88.151579,21.445263
2020-01-01,2020-02-01,soy_price_brl_bag_next_month,87.609444,CEPEA,CEPEA/ESALQ - Paranaguá,1,1,0,1,4.149464,63.2035,129.33,25.521935,32.36,21.83,86.911935,0.102903,0.4329,0.28925,4.10959,4.155345,4.086987,4.117307,64.294348,63.211905,59.713043,62.406432,202.19,161.48,182.61,182.093333,25.85,26.241333,27.260968,26.450767,85.023548,79.940333,72.359355,79.107745,0.094194,0.099333,0.070323,0.08795,0.3982,0.4649,0.3887,0.417267,0.248055,0.23819,0.258938,0.248394,0.688077,-10.21788,-92.142,0.689903,0.017575,0.014577,87.391364,21.067727
2020-02-01,2020-03-01,soy_price_brl_bag_next_month,94.969091,CEPEA,CEPEA/ESALQ - Paranaguá,2,1,0,1,4.341011,55.657,169.68,25.628621,33.44,20.25,85.184138,0.106207,0.4452,0.278403,4.149464,4.10959,4.155345,4.138133,63.2035,64.294348,63.211905,63.569918,129.33,202.19,161.48,164.333333,25.521935,25.85,26.241333,25.871089,86.911935,85.023548,79.940333,83.958605,0.102903,0.094194,0.099333,0.09881,0.4329,0.3982,0.4649,0.432,0.28925,0.248055,0.23819,0.258498,0.909134,-20.31743,-86.8815,0.845743,0.030683,-0.009638,87.609444,20.161667
2020-03-01,2020-04-01,soy_price_brl_bag_next_month,102.2975,CEPEA,CEPEA/ESALQ - Paranaguá,3,1,0,1,4.883855,32.011364,143.48,25.297419,31.85,21.55,88.980645,0.05129,0.33635,0.235655,4.341011,4.149464,4.10959,4.200022,55.657,63.2035,64.294348,61.051616,169.68,129.33,202.19,167.066667,25.628621,25.521935,25.85,25.666852,85.184138,86.911935,85.023548,85.70654,0.106207,0.102903,0.094194,0.101101,0.4452,0.4329,0.3982,0.425433,0.278403,0.28925,0.248055,0.271903,1.412621,-46.954376,-63.0965,0.427258,-0.096165,-0.011853,94.969091,19.414091
2020-04-01,2020-05-01,soy_price_brl_bag_next_month,110.408,CEPEA,CEPEA/ESALQ - Paranaguá,4,2,0,1,5.32558,18.3785,160.58,24.752333,30.77,19.74,90.130667,0.125,0.4549,0.202018,4.883855,4.341011,4.149464,4.45811,32.011364,55.657,63.2035,50.290621,143.48,169.68,129.33,147.496667,25.297419,25.628621,25.521935,25.482658,88.980645,85.184138,86.911935,87.025573,0.05129,0.106207,0.102903,0.0868,0.33635,0.4452,0.4329,0.404817,0.235655,0.278403,0.28925,0.267769,1.93146,-62.106581,56.658095,-0.047628,0.011471,-0.008923,102.2975,19.1975
2020-05-01,2020-06-01,soy_price_brl_bag_next_month,109.762857,CEPEA,CEPEA/ESALQ - Paranaguá,5,2,0,0,5.643445,29.378947,39.71,23.802581,31.3,14.45,79.102903,0.055484,0.4234,0.186116,5.32558,4.883855,4.341011,4.850149,18.3785,32.011364,55.657,35.348955,160.58,143.48,169.68,157.913333,24.752333,25.297419,25.628621,25.226124,90.130667,88.980645,85.184138,88.098483,0.125,0.05129,0.106207,0.094166,0.4549,0.33635,0.4452,0.41215,0.202018,0.235655,0.278403,0.238692,2.309922,-49.261728,13.5715,-0.189677,0.00375,0.009263,110.408,19.584
2020-06-01,2020-07-01,soy_price_brl_bag_next_month,116.054348,CEPEA,CEPEA/ESALQ - Paranaguá,6,2,0,0,5.1966,40.266818,0.32,25.294333,33.73,16.45,65.916333,0.166667,0.3813,0.159472,5.643445,5.32558,4.883855,5.284293,29.378947,18.3785,32.011364,26.589604,39.71,160.58,143.48,114.59,23.802581,24.752333,25.297419,24.617444,79.102903,90.130667,88.980645,86.071405,0.055484,0.125,0.05129,0.077258,0.4234,0.4549,0.33635,0.404883,0.186116,0.202018,0.235655,0.20793,1.889767,-39.652594,-10.342,1.035733,-0.00645,-0.007523,109.762857,21.109524
2020-07-01,2020-08-01,soy_price_brl_bag_next_month,128.591905,CEPEA,CEPEA/ESALQ - Paranaguá,7,3,0,0,5.280191,43.242174,4.96,26.336129,35.69,16.92,45.895161,0.164839,0.3435,0.143015,5.1966,5.643445,5.32558,5.388542,40.266818,29.378947,18.3785,29.341422,0.32,39.71,160.58,66.87,25.294333,23.802581,24.752333,24.616416,65.916333,79.102903,90.130667,78.383301,0.166667,0.055484,0.125,0.115717,0.3813,0.4234,0.4549,0.419867,0.159472,0.186116,0.202018,0.182535,1.958957,-37.379456,0.3585,1.124645,-0.00846,-0.006868,116.054348,21.988696
2020-08-01,2020-09-01,soy_price_brl_bag_next_month,141.199048,CEPEA,CEPEA/ESALQ - Paranaguá,8,3,0,0,5.461233,44.736,0.03,28.442258,39.47,15.45,33.53871,0.12871,0.32035,0.121995,5.280191,5.1966,5.643445,5.373412,43.242174,40.266818,29.378947,37.629313,4.96,0.32,39.71,14.996667,26.336129,25.294333,23.802581,25.144348,45.895161,65.916333,79.102903,63.638132,0.164839,0.166667,0.055484,0.128997,0.3435,0.3813,0.4234,0.382733,0.143015,0.159472,0.186116,0.162868,2.103255,-33.723094,-7.6475,0.617161,-0.021105,-0.023934,128.591905,23.546667
2020-09-01,2020-10-01,soy_price_brl_bag_next_month,159.635238,CEPEA,CEPEA/ESALQ - Paranaguá,9,3,1,0,5.399486,40.909545,2.35,31.152,41.59,22.27,31.891667,0.134667,0.3234,0.135328,5.461233,5.280191,5.1966,5.312675,44.736,43.242174,40.266818,42.748331,0.03,4.96,0.32,1.77,28.442258,26.336129,25.294333,26.690907,33.53871,45.895161,65.916333,48.450068,0.12871,0.164839,0.166667,0.153405,0.32035,0.3435,0.3813,0.348383,0.121995,0.143015,0.159472,0.141494,1.995216,-36.549828,-41.478,1.479033,-0.03789,-0.051683,141.199048,26.131905
2020-10-01,2020-11-01,soy_price_brl_bag_next_month,164.9925,CEPEA,CEPEA/ESALQ - Paranaguá,10,4,1,0,5.62579,40.189545,108.14,30.732581,42.03,20.98,51.562258,0.073871,0.3344,0.229188,5.399486,5.461233,5.280191,5.380303,40.909545,44.736,43.242174,42.962573,2.35,0.03,4.96,2.446667,31.152,28.442258,26.336129,28.643462,31.891667,33.53871,45.895161,37.108513,0.134667,0.12871,0.164839,0.142739,0.3234,0.32035,0.3435,0.329083,0.135328,0.121995,0.143015,0.133446,2.196961,-36.258662,-28.7575,2.459081,-0.042457,-0.015195,159.635238,28.357619
2020-11-01,2020-12-01,soy_price_brl_bag_next_month,152.5625,CEPEA,CEPEA/ESALQ - Paranaguá,11,4,1,0,5.417835,42.692381,90.34,27.919,37.87,21.58,68.215667,0.041,0.4433,0.25217,5.62579,5.399486,5.461233,5.495503,40.189545,40.909545,44.736,41.94503,108.14,2.35,0.03,36.84,30.732581,31.152,28.442258,30.108946,51.562258,31.891667,33.53871,38.997545,0.073871,0.134667,0.12871,0.112416,0.3344,0.3234,0.32035,0.32605,0.229188,0.135328,0.121995,0.16217,1.970283,-31.734497,-93.6125,1.70185,0.033358,0.010854,164.9925,30.4375
2020-12-01,2021-01-01,soy_price_brl_bag_next_month,167.865,CEPEA,CEPEA/ESALQ - Paranaguá,12,4,1,0,5.145586,49.81,128.22,26.993871,37.78,20.48,74.093548,0.066452,0.39975,0.25787,5.417835,5.62579,5.399486,5.481037,42.692381,40.189545,40.909545,41.263824,90.34,108.14,2.35,66.943333,27.919,30.732581,31.152,29.934527,68.215667,51.562258,31.891667,50.556531,0.041,0.073871,0.134667,0.083179,0.4433,0.3344,0.3234,0.367033,0.25217,0.229188,0.135328,0.205562,1.662068,-21.90822,-99.185,1.637129,0.004335,0.015851,152.5625,29.6805
2021-01-01,2021-02-01,soy_price_brl_bag_next_month,166.383333,CEPEA,CEPEA/ESALQ - Paranaguá,1,1,0,1,5.356245,54.774,105.74,26.637419,35.55,19.22,75.618065,0.07,0.38185,0.247929,5.145586,5.417835,5.62579,5.396404,49.81,42.692381,40.189545,44.230642,128.22,90.34,108.14,108.9,26.993871,27.919,30.732581,28.548484,74.093548,68.215667,51.562258,64.623824,0.066452,0.041,0.073871,0.060441,0.39975,0.4433,0.3344,0.392483,0.25787,0.25217,0.229188,0.246409,1.894858,-18.64738,-115.732,1.805387,-0.033475,-0.026744,167.865,31.334
2021-02-01,2021-03-01,soy_price_brl_bag_next_month,171.866522,CEPEA,CEPEA/ESALQ - Paranaguá,2,1,0,1,5.416494,62.2765,312.83,25.488929,35.57,21.03,85.038571,0.055714,0.3338,0.295213,5.356245,5.145586,5.417835,5.306555,54.774,49.81,42.692381,49.092127,105.74,128.22,90.34,108.1,26.637419,26.993871,27.919,27.18343,75.618065,74.093548,68.215667,72.642427,0.07,0.066452,0.041,0.059151,0.38185,0.39975,0.4433,0.4083,0.247929,0.25787,0.25217,0.252656,1.984617,-13.69793,56.2685,0.706051,-0.080717,0.007172,166.383333,30.69
2021-03-01,2021-04-01,soy_price_brl_bag_next_month,177.098,CEPEA,CEPEA/ESALQ - Paranaguá,3,1,0,1,5.646148,65.41,327.64,24.099677,29.31,20.16,91.367097,0.097097,0.4517,0.274871,5.416494,5.356245,5.145586,5.306108,62.2765,54.774,49.81,55.620167,312.83,105.74,128.22,182.263333,25.488929,26.637419,26.993871,26.373406,85.038571,75.618065,74.093548,78.250061,0.055714,0.07,0.066452,0.064055,0.3338,0.38185,0.39975,0.3718,0.295213,0.247929,0.25787,0.267004,2.174914,-13.55574,121.0635,-0.770484,0.019185,0.027363,171.866522,30.463478
2021-04-01,2021-05-01,soy_price_brl_bag_next_month,176.39381,CEPEA,CEPEA/ESALQ - Paranaguá,4,2,0,1,5.562135,64.8065,79.04,24.232667,29.47,19.25,90.463333,0.105333,0.41795,0.197947,5.646148,5.416494,5.356245,5.472962,65.41,62.2765,54.774,60.820167,327.64,312.83,105.74,248.736667,24.099677,25.488929,26.637419,25.408675,91.367097,85.038571,75.618065,84.007911,0.097097,0.055714,0.07,0.07427,0.4517,0.3338,0.38185,0.389117,0.274871,0.295213,0.247929,0.272671,2.168015,-15.678581,-24.881905,-0.567294,-0.025479,-0.012994,177.098,31.835
2021-05-01,2021-06-01,soy_price_brl_bag_next_month,162.075714,CEPEA,CEPEA/ESALQ - Paranaguá,5,2,0,0,5.291057,68.534211,17.02,23.379355,31.11,16.71,85.482258,0.163871,0.40455,0.166001,5.562135,5.646148,5.416494,5.541592,64.8065,65.41,62.2765,64.164333,79.04,327.64,312.83,239.836667,24.232667,24.099677,25.488929,24.607091,90.463333,91.367097,85.038571,88.956334,0.105333,0.097097,0.055714,0.086048,0.41795,0.4517,0.3338,0.40115,0.197947,0.274871,0.295213,0.25601,1.957534,-10.106464,-9.1185,-0.612903,-0.0151,-0.010852,176.39381,33.327619
2021-06-01,2021-07-01,soy_price_brl_bag_next_month,167.596818,CEPEA,CEPEA/ESALQ - Paranaguá,6,2,0,0,5.031905,73.164091,6.92,24.839333,33.59,13.15,66.664333,0.178,0.35205,0.151693,5.291057,5.562135,5.646148,5.49978,68.534211,64.8065,65.41,66.250237,17.02,79.04,327.64,141.233333,23.379355,24.232667,24.099677,23.9039,85.482258,90.463333,91.367097,89.104229,0.163871,0.105333,0.097097,0.1221,0.40455,0.41795,0.4517,0.424733,0.166001,0.197947,0.274871,0.21294,1.725072,-6.755321,-3.742,0.580733,-0.0357,-0.015302,162.075714,32.245714
2021-07-01,2021-08-01,soy_price_brl_bag_next_month,171.057727,CEPEA,CEPEA/ESALQ - Paranaguá,7,3,0,0,5.156705,75.165909,4.56,24.875484,36.14,12.56,48.495484,0.197742,0.32045,0.118059,5.031905,5.291057,5.562135,5.295032,73.164091,68.534211,64.8065,68.834934,6.92,17.02,79.04,34.326667,24.839333,23.379355,24.232667,24.150452,66.664333,85.482258,90.463333,80.869975,0.178,0.163871,0.105333,0.149068,0.35205,0.40455,0.41795,0.391517,0.151693,0.166001,0.197947,0.17188,1.835471,-5.455721,-0.0415,-0.336,-0.03151,-0.031824,167.596818,32.465455
2021-08-01,2021-09-01,soy_price_brl_bag_next_month,172.734286,CEPEA,CEPEA/ESALQ - Paranaguá,8,3,0,0,5.251718,70.747143,0.01,28.683226,39.38,17.73,34.762581,0.135161,0.30615,0.116079,5.156705,5.031905,5.291057,5.159889,75.165909,73.164091,68.534211,72.28807,4.56,6.92,17.02,9.5,24.875484,24.839333,23.379355,24.364724,48.495484,66.664333,85.482258,66.880692,0.197742,0.178,0.163871,0.179871,0.32045,0.35205,0.40455,0.359017,0.118059,0.151693,0.166001,0.145251,1.89374,-7.711951,-7.6675,0.858129,-0.035305,-0.02985,171.057727,32.583182
2021-09-01,2021-10-01,soy_price_brl_bag_next_month,171.167,CEPEA,CEPEA/ESALQ - Paranaguá,9,3,1,0,5.27969,74.488636,53.55,30.295333,41.25,20.52,47.095333,0.173667,0.3368,0.182075,5.251718,5.156705,5.031905,5.146776,70.747143,75.165909,73.164091,73.025714,0.01,4.56,6.92,3.83,28.683226,24.875484,24.839333,26.132681,34.762581,48.495484,66.664333,49.974133,0.135161,0.197742,0.178,0.170301,0.30615,0.32045,0.35205,0.326217,0.116079,0.118059,0.151693,0.12861,1.87542,-2.970737,9.722,0.622366,-0.02449,-0.004936,172.734286,32.635238
2021-10-01,2021-11-01,soy_price_brl_bag_next_month,165.7935,CEPEA,CEPEA/ESALQ - Paranaguá,10,4,1,0,5.53998,83.538095,115.66,28.400645,37.98,21.13,67.999032,0.055806,0.3594,0.240011,5.27969,5.251718,5.156705,5.229371,74.488636,70.747143,75.165909,73.467229,53.55,0.01,4.56,19.373333,30.295333,28.683226,24.875484,27.951348,47.095333,34.762581,48.495484,43.451133,0.173667,0.135161,0.197742,0.168857,0.3368,0.30615,0.32045,0.321133,0.182075,0.116079,0.118059,0.138738,2.111151,7.089888,-21.2375,0.127145,-0.017457,-0.004372,171.167,30.9255
2021-11-01,2021-12-01,soy_price_brl_bag_next_month,170.251905,CEPEA,CEPEA/ESALQ - Paranaguá,11,4,1,0,5.55686,81.05,250.98,25.093333,33.06,20.85,88.033,0.084667,0.31005,0.241227,5.53998,5.27969,5.251718,5.357129,83.538095,74.488636,70.747143,76.257958,115.66,53.55,0.01,56.406667,28.400645,30.295333,28.683226,29.126401,67.999032,47.095333,34.762581,49.952315,0.055806,0.173667,0.135161,0.121545,0.3594,0.3368,0.30615,0.334117,0.240011,0.182075,0.116079,0.179388,2.109308,6.623122,67.0275,-1.123817,-0.099892,-8.9e-05,165.7935,29.8225
2021-12-01,2022-01-01,soy_price_brl_bag_next_month,179.665238,CEPEA,CEPEA/ESALQ - Paranaguá,12,4,1,0,5.651391,74.170476,360.44,24.734516,29.6,21.14,92.834839,0.084516,0.3575,0.241706,5.55686,5.53998,5.27969,5.458843,81.05,83.538095,74.488636,79.692244,250.98,115.66,53.55,140.063333,25.093333,28.400645,30.295333,27.92977,88.033,67.999032,47.095333,67.709122,0.084667,0.055806,0.173667,0.104713,0.31005,0.3594,0.3368,0.335417,0.241227,0.240011,0.182075,0.221104,2.167873,2.452256,133.035,-0.622226,-0.037915,-0.000313,170.251905,30.089524
2022-01-01,2022-02-01,soy_price_brl_bag_next_month,195.02,CEPEA,CEPEA/ESALQ - Paranaguá,1,1,0,1,5.534105,86.505238,185.83,24.275484,29.77,20.43,91.029677,0.094839,0.4095,0.259729,5.651391,5.55686,5.53998,5.582744,74.170476,81.05,83.538095,79.58619,360.44,250.98,115.66,242.36,24.734516,25.093333,28.400645,26.076165,92.834839,88.033,67.999032,82.955624,0.084516,0.084667,0.055806,0.074996,0.3575,0.31005,0.3594,0.342317,0.241706,0.241227,0.240011,0.240981,2.072718,13.083858,-35.642,-0.556548,-0.005825,-0.014944,179.665238,32.529524
2022-02-01,2022-03-01,soy_price_brl_bag_next_month,199.602273,CEPEA,CEPEA/ESALQ - Paranaguá,2,1,0,1,5.196579,97.129,277.28,24.348214,29.76,20.69,90.652143,0.103929,0.34765,0.280226,5.534105,5.651391,5.55686,5.580785,86.505238,74.170476,81.05,80.575238,185.83,360.44,250.98,265.75,24.275484,24.734516,25.093333,24.701111,91.029677,92.834839,88.033,90.632505,0.094839,0.084516,0.084667,0.088007,0.4095,0.3575,0.31005,0.359017,0.259729,0.241706,0.241227,0.247554,1.764702,21.15457,20.7185,-0.434664,-0.066867,-0.007815,195.02,37.582105
2022-03-01,2022-04-01,soy_price_brl_bag_next_month,186.362105,CEPEA,CEPEA/ESALQ - Paranaguá,3,1,0,1,4.968382,117.245217,318.36,24.385161,29.25,19.94,91.213226,0.132258,0.4305,0.224506,5.196579,5.534105,5.651391,5.460692,97.129,86.505238,74.170476,85.934905,277.28,185.83,360.44,274.516667,24.348214,24.275484,24.734516,24.452738,90.652143,91.029677,92.834839,91.505553,0.103929,0.094839,0.084516,0.094428,0.34765,0.4095,0.3575,0.37155,0.280226,0.259729,0.241706,0.260554,1.497148,38.279477,111.7835,-0.485,-0.002015,-0.023002,199.602273,40.199091
2022-04-01,2022-05-01,soy_price_brl_bag_next_month,193.380909,CEPEA,CEPEA/ESALQ - Paranaguá,4,2,0,1,4.758016,104.575263,59.94,24.540333,29.25,19.12,89.631667,0.120333,0.3994,0.168424,4.968382,5.196579,5.534105,5.233022,117.245217,97.129,86.505238,100.293152,318.36,277.28,185.83,260.49,24.385161,24.348214,24.275484,24.336286,91.213226,90.652143,91.029677,90.965015,0.132258,0.103929,0.094839,0.110342,0.4305,0.34765,0.4095,0.395883,0.224506,0.280226,0.259729,0.25482,1.363896,24.090182,-43.981905,-0.259628,-0.044029,-0.042517,186.362105,39.201053
2022-05-01,2022-06-01,soy_price_brl_bag_next_month,194.969524,CEPEA,CEPEA/ESALQ - Paranaguá,5,2,0,0,4.95505,113.337619,7.37,21.761935,29.33,8.74,85.566129,0.117419,0.35755,0.143892,4.758016,4.968382,5.196579,4.974326,104.575263,117.245217,97.129,106.316493,59.94,318.36,277.28,218.526667,24.540333,24.385161,24.348214,24.424569,89.631667,91.213226,90.652143,90.499012,0.120333,0.132258,0.103929,0.11884,0.3994,0.4305,0.34765,0.392517,0.168424,0.224506,0.280226,0.224385,1.621527,34.696944,-18.7685,-2.230323,-0.0621,-0.032961,193.380909,39.105455
2022-06-01,2022-07-01,soy_price_brl_bag_next_month,190.744286,CEPEA,CEPEA/ESALQ - Paranaguá,6,2,0,0,5.04921,122.710952,7.43,23.438667,32.02,15.24,73.625333,0.174333,0.3178,0.140586,4.95505,4.758016,4.968382,4.893816,113.337619,104.575263,117.245217,111.719366,7.37,59.94,318.36,128.556667,21.761935,24.540333,24.385161,23.562476,85.566129,89.631667,91.213226,88.803674,0.117419,0.120333,0.132258,0.123337,0.35755,0.3994,0.4305,0.395817,0.143892,0.168424,0.224506,0.178941,1.742377,42.79154,-3.232,-0.819933,-0.06995,-0.026409,194.969524,38.609048
2022-07-01,2022-08-01,soy_price_brl_bag_next_month,187.179565,CEPEA,CEPEA/ESALQ - Paranaguá,7,3,0,0,5.368071,111.925714,0.15,25.370645,35.84,15.66,52.130968,0.257419,0.29925,0.118343,5.04921,4.95505,4.758016,4.920759,122.710952,113.337619,104.575263,113.541278,7.43,7.37,59.94,24.913333,23.438667,21.761935,24.540333,23.246978,73.625333,85.566129,89.631667,82.941043,0.174333,0.117419,0.120333,0.137362,0.3178,0.35755,0.3994,0.35825,0.140586,0.143892,0.168424,0.150967,2.046837,31.304084,-4.4515,0.159161,-0.05271,-0.03154,190.744286,35.55
2022-08-01,2022-09-01,soy_price_brl_bag_next_month,187.26381,CEPEA,CEPEA/ESALQ - Paranaguá,8,3,0,0,5.143287,100.446364,3.72,27.356129,37.91,15.65,40.424516,0.13129,0.3201,0.106108,5.368071,5.04921,4.95505,5.12411,111.925714,122.710952,113.337619,115.991428,0.15,7.43,7.37,4.983333,25.370645,23.438667,21.761935,23.523749,52.130968,73.625333,85.566129,70.44081,0.257419,0.174333,0.117419,0.183057,0.29925,0.3178,0.35755,0.324867,0.118343,0.140586,0.143892,0.134274,1.785309,21.98727,-3.9575,-0.468968,-0.021355,-0.039821,187.179565,36.375652
2022-09-01,2022-10-01,soy_price_brl_bag_next_month,183.728,CEPEA,CEPEA/ESALQ - Paranaguá,9,3,1,0,5.236957,89.764762,50.42,29.449667,39.22,19.17,45.044667,0.122,0.31485,0.223182,5.143287,5.368071,5.04921,5.186856,100.446364,111.925714,122.710952,111.694343,3.72,0.15,7.43,3.766667,27.356129,25.370645,23.438667,25.38848,40.424516,52.130968,73.625333,55.393606,0.13129,0.257419,0.174333,0.187681,0.3201,0.29925,0.3178,0.312383,0.106108,0.118343,0.140586,0.121679,1.832687,12.305389,6.592,-0.2233,-0.04644,0.036171,187.26381,35.803333
2022-10-01,2022-11-01,soy_price_brl_bag_next_month,186.1275,CEPEA,CEPEA/ESALQ - Paranaguá,10,4,1,0,5.2503,93.331905,203.42,27.203548,38.12,20.66,73.783871,0.074839,0.3565,0.25362,5.236957,5.143287,5.368071,5.249438,89.764762,100.446364,111.925714,100.71228,50.42,3.72,0.15,18.096667,29.449667,27.356129,25.370645,27.392147,45.044667,40.424516,52.130968,45.866717,0.122,0.13129,0.257419,0.170236,0.31485,0.3201,0.29925,0.3114,0.223182,0.106108,0.118343,0.149211,1.821471,16.883698,66.5225,-1.069952,-0.020357,0.009237,183.728,35.0015
2022-11-01,2022-12-01,soy_price_brl_bag_next_month,182.053333,CEPEA,CEPEA/ESALQ - Paranaguá,11,4,1,0,5.27465,91.415455,122.61,25.734333,36.54,15.89,74.769,0.074,0.37115,0.219644,5.2503,5.236957,5.143287,5.210181,93.331905,89.764762,100.446364,94.514344,203.42,50.42,3.72,85.853333,27.203548,29.449667,27.356129,28.003115,73.783871,45.044667,40.424516,53.084351,0.074839,0.122,0.13129,0.109376,0.3565,0.31485,0.3201,0.330483,0.25362,0.223182,0.106108,0.194303,1.827098,16.988577,-61.3425,-0.482817,-0.038792,-0.021672,186.1275,35.2465
2022-12-01,2023-01-01,soy_price_brl_bag_next_month,177.031818,CEPEA,CEPEA/ESALQ - Paranaguá,12,4,1,0,5.242432,80.924,281.52,24.416452,31.14,20.3,90.212258,0.053548,0.38505,0.243036,5.27465,5.2503,5.236957,5.253969,91.415455,93.331905,89.764762,91.504041,122.61,203.42,50.42,125.483333,25.734333,27.203548,29.449667,27.462516,74.769,73.783871,45.044667,64.532513,0.074,0.074839,0.122,0.09028,0.37115,0.3565,0.31485,0.3475,0.219644,0.25362,0.223182,0.232149,1.758914,9.20578,54.115,-0.94029,-0.010365,0.001017,182.053333,34.664286
2023-01-01,2023-02-01,soy_price_brl_bag_next_month,172.606111,CEPEA,CEPEA/ESALQ - Paranaguá,1,1,0,1,5.200368,82.501429,283.63,23.915161,28.75,20.02,91.43,0.090645,0.3747,0.28249,5.242432,5.27465,5.2503,5.255794,80.924,91.415455,93.331905,88.55712,281.52,122.61,203.42,202.516667,24.416452,25.734333,27.203548,25.784778,90.212258,74.769,73.783871,79.588376,0.053548,0.074,0.074839,0.067462,0.38505,0.37115,0.3565,0.3709,0.243036,0.219644,0.25362,0.238767,1.738981,9.080049,62.158,-0.916871,-0.040625,0.007817,177.031818,34.080455
2023-02-01,2023-03-01,soy_price_brl_bag_next_month,162.124783,CEPEA,CEPEA/ESALQ - Paranaguá,2,1,0,1,5.171689,82.585,192.64,24.461071,29.24,20.18,90.747143,0.141071,0.35255,0.299145,5.200368,5.242432,5.27465,5.23915,82.501429,80.924,91.415455,84.946961,283.63,281.52,122.61,229.253333,23.915161,24.416452,25.734333,24.688649,91.43,90.212258,74.769,85.470419,0.090645,0.053548,0.074,0.072731,0.3747,0.38505,0.37115,0.376967,0.28249,0.243036,0.219644,0.24839,1.739812,6.61057,-63.9215,-0.321807,-0.061967,0.011104,172.606111,33.33
2023-03-01,2023-04-01,soy_price_brl_bag_next_month,145.236667,CEPEA,CEPEA/ESALQ - Paranaguá,3,1,0,1,5.211461,78.434348,234.34,24.18129,29.59,19.59,90.950645,0.11871,0.3692,0.273047,5.171689,5.200368,5.242432,5.20483,82.585,82.501429,80.924,82.003476,192.64,283.63,281.52,252.596667,24.461071,23.915161,24.416452,24.264228,90.747143,91.43,90.212258,90.796467,0.141071,0.090645,0.053548,0.095088,0.35255,0.3747,0.38505,0.370767,0.299145,0.28249,0.243036,0.27489,1.740227,-0.531392,27.7635,-0.688871,-0.063315,0.025539,162.124783,31.149565
2023-04-01,2023-05-01,soy_price_brl_bag_next_month,138.109091,CEPEA,CEPEA/ESALQ - Paranaguá,4,2,0,1,5.019733,84.638333,84.92,24.476667,29.35,20.09,90.313,0.116333,0.3947,0.199645,5.211461,5.171689,5.200368,5.194506,78.434348,82.585,82.501429,81.173592,234.34,192.64,283.63,236.87,24.18129,24.461071,23.915161,24.185841,90.950645,90.747143,91.43,91.042596,0.11871,0.141071,0.090645,0.116809,0.3692,0.35255,0.3747,0.365483,0.273047,0.299145,0.28249,0.284894,1.625613,4.153252,-19.001905,-0.323294,-0.048729,-0.011296,145.236667,28.947222
2023-05-01,2023-06-01,soy_price_brl_bag_next_month,136.452381,CEPEA,CEPEA/ESALQ - Paranaguá,5,2,0,0,4.982836,75.466,10.74,23.658065,30.98,17.19,85.968387,0.114194,0.3762,0.161308,5.019733,5.211461,5.171689,5.134294,84.638333,78.434348,82.585,81.885894,84.92,234.34,192.64,170.633333,24.476667,24.18129,24.461071,24.373009,90.313,90.950645,90.747143,90.670263,0.116333,0.11871,0.141071,0.125371,0.3947,0.3692,0.35255,0.37215,0.199645,0.273047,0.299145,0.257279,1.649313,-3.174675,-15.3985,-0.334193,-0.04345,-0.015545,138.109091,27.728182
2023-06-01,2023-07-01,soy_price_brl_bag_next_month,146.840476,CEPEA,CEPEA/ESALQ - Paranaguá,6,2,0,0,4.851567,74.839091,14.31,23.650333,32.48,14.45,71.279,0.154333,0.35575,0.171955,4.982836,5.019733,5.211461,5.071343,75.466,84.638333,78.434348,79.512894,10.74,84.92,234.34,110.0,23.658065,24.476667,24.18129,24.105341,85.968387,90.313,90.950645,89.077344,0.114194,0.116333,0.11871,0.116412,0.3762,0.3947,0.3692,0.380033,0.161308,0.199645,0.273047,0.211333,1.544734,-5.080321,3.648,-0.608267,-0.032,0.00496,136.452381,28.17381
2023-07-01,2023-08-01,soy_price_brl_bag_next_month,148.548696,CEPEA,CEPEA/ESALQ - Paranaguá,7,3,0,0,4.800833,80.108095,0.0,25.694194,36.62,15.54,51.34871,0.225161,0.3017,0.151626,4.851567,4.982836,5.019733,4.951379,74.839091,75.466,84.638333,78.314475,14.31,10.74,84.92,36.656667,23.650333,23.658065,24.476667,23.928355,71.279,85.968387,90.313,82.520129,0.154333,0.114194,0.116333,0.128287,0.35575,0.3762,0.3947,0.37555,0.171955,0.161308,0.199645,0.177636,1.479599,-0.513535,-4.6015,0.48271,-0.05026,0.001743,146.840476,30.595714
2023-08-01,2023-09-01,soy_price_brl_bag_next_month,147.1915,CEPEA,CEPEA/ESALQ - Paranaguá,8,3,0,0,4.903543,86.147727,17.63,29.297742,39.58,19.75,41.976452,0.180968,0.31015,0.153788,4.800833,4.851567,4.982836,4.878412,80.108095,74.839091,75.466,76.804395,0.0,14.31,10.74,8.35,25.694194,23.650333,23.658065,24.334197,51.34871,71.279,85.968387,69.532032,0.225161,0.154333,0.114194,0.164563,0.3017,0.35575,0.3762,0.34455,0.151626,0.171955,0.161308,0.16163,1.545565,7.688633,9.9525,1.472645,-0.031305,0.007859,148.548696,30.293043
2023-09-01,2023-10-01,soy_price_brl_bag_next_month,144.094286,CEPEA,CEPEA/ESALQ - Paranaguá,9,3,1,0,4.93699,93.722381,29.25,31.315,41.52,21.54,43.820667,0.126,0.3032,0.217377,4.903543,4.800833,4.851567,4.851981,86.147727,80.108095,74.839091,80.364971,17.63,0.0,14.31,10.646667,29.297742,25.694194,23.650333,26.21409,41.976452,51.34871,71.279,54.868054,0.180968,0.225161,0.154333,0.186821,0.31015,0.3017,0.35575,0.322533,0.153788,0.151626,0.171955,0.159123,1.53272,16.263008,-14.578,1.642033,-0.05809,0.030366,147.1915,29.7655
2023-10-01,2023-11-01,soy_price_brl_bag_next_month,144.0445,CEPEA,CEPEA/ESALQ - Paranaguá,10,4,1,0,5.064843,90.595909,118.62,30.531613,41.16,22.14,56.777097,0.099677,0.3295,0.256501,4.93699,4.903543,4.800833,4.880455,93.722381,86.147727,80.108095,86.659401,29.25,17.63,0.0,15.626667,31.315,29.297742,25.694194,28.768979,43.820667,41.976452,51.34871,45.715276,0.126,0.180968,0.225161,0.177376,0.3032,0.31015,0.3017,0.305017,0.217377,0.153788,0.151626,0.174264,1.636014,14.147702,-18.2775,2.258113,-0.047357,0.012118,144.094286,28.451429
2023-11-01,2023-12-01,soy_price_brl_bag_next_month,145.970526,CEPEA,CEPEA/ESALQ - Paranaguá,11,4,1,0,4.89834,82.94,127.53,29.392667,41.56,21.5,62.659333,0.077333,0.31935,0.216,5.064843,4.93699,4.903543,4.968459,90.595909,93.722381,86.147727,90.155339,118.62,29.25,17.63,55.166667,30.531613,31.315,29.297742,30.381452,56.777097,43.820667,41.976452,47.524739,0.099677,0.126,0.180968,0.135548,0.3295,0.3032,0.31015,0.314283,0.256501,0.217377,0.153788,0.209222,1.450788,8.513122,-56.4225,3.175517,-0.090592,-0.025316,144.0445,29.4085
2023-12-01,2024-01-01,soy_price_brl_bag_next_month,126.932727,CEPEA,CEPEA/ESALQ - Paranaguá,12,4,1,0,4.897245,77.246522,136.42,29.175161,39.2,22.07,64.261613,0.102903,0.3493,0.200477,4.89834,5.064843,4.93699,4.966724,82.94,90.595909,93.722381,89.086097,127.53,118.62,29.25,91.8,29.392667,30.531613,31.315,30.413093,62.659333,56.777097,43.820667,54.419032,0.077333,0.099677,0.126,0.101003,0.31935,0.3295,0.3032,0.31735,0.216,0.256501,0.217377,0.229959,1.413727,5.528302,-90.985,3.818419,-0.046115,-0.041542,145.970526,29.791579
2024-01-01,2024-02-01,soy_price_brl_bag_next_month,117.635263,CEPEA,CEPEA/ESALQ - Paranaguá,1,1,0,1,4.914395,80.124091,303.83,25.453548,31.98,20.92,89.353548,0.079677,0.3881,0.286205,4.897245,4.89834,5.064843,4.953476,77.246522,82.94,90.595909,83.594144,136.42,127.53,118.62,127.523333,29.175161,29.392667,30.531613,29.699814,64.261613,62.659333,56.777097,61.232681,0.102903,0.077333,0.099677,0.093304,0.3493,0.31935,0.3295,0.332717,0.200477,0.216,0.256501,0.224326,1.453008,6.702711,82.358,0.621516,-0.027225,0.011532,126.932727,25.829545
2024-02-01,2024-03-01,soy_price_brl_bag_next_month,121.9065,CEPEA,CEPEA/ESALQ - Paranaguá,2,1,0,1,4.964389,83.478095,252.42,25.440345,31.32,21.14,89.532069,0.065517,0.3837,0.282346,4.914395,4.897245,4.89834,4.903327,80.124091,77.246522,82.94,80.103538,303.83,136.42,127.53,189.26,25.453548,29.175161,29.392667,28.007125,89.353548,64.261613,62.659333,72.091498,0.079677,0.102903,0.077333,0.086638,0.3881,0.3493,0.31935,0.35225,0.286205,0.200477,0.216,0.234227,1.532512,7.503665,-4.1415,0.657467,-0.030817,-0.005695,117.635263,23.71
2024-03-01,2024-04-01,soy_price_brl_bag_next_month,126.793636,CEPEA,CEPEA/ESALQ - Paranaguá,3,1,0,1,4.980135,85.4085,178.18,25.859032,31.29,21.43,91.083226,0.094516,0.3239,0.217033,4.964389,4.914395,4.897245,4.925343,83.478095,80.124091,77.246522,80.282903,252.42,303.83,136.42,230.89,25.440345,25.453548,29.175161,26.689685,89.532069,89.353548,64.261613,81.049077,0.065517,0.079677,0.102903,0.082699,0.3837,0.3881,0.3493,0.3737,0.282346,0.286205,0.200477,0.256343,1.508901,6.44276,-28.3965,0.988871,-0.108615,-0.030475,121.9065,24.4855
2024-04-01,2024-05-01,soy_price_brl_bag_next_month,136.004286,CEPEA,CEPEA/ESALQ - Paranaguá,4,2,0,1,5.129095,89.938095,176.39,25.591333,29.89,21.66,92.166333,0.090333,0.40025,0.192424,4.980135,4.964389,4.914395,4.952973,85.4085,83.478095,80.124091,83.003562,178.18,252.42,303.83,244.81,25.859032,25.440345,25.453548,25.584308,91.083226,89.532069,89.353548,89.989614,0.094516,0.065517,0.079677,0.079903,0.3239,0.3837,0.3881,0.365233,0.217033,0.282346,0.286205,0.261861,1.734975,9.453014,72.468095,0.791372,-0.043179,-0.018517,126.793636,24.738182
2024-05-01,2024-06-01,soy_price_brl_bag_next_month,138.9195,CEPEA,CEPEA/ESALQ - Paranaguá,5,2,0,0,5.133048,81.74619,27.37,23.949032,31.85,15.46,84.34871,0.069677,0.3643,0.156347,5.129095,4.980135,4.964389,5.02454,89.938095,85.4085,83.478095,86.274897,176.39,178.18,252.42,202.33,25.591333,25.859032,25.440345,25.630237,92.166333,91.083226,89.532069,90.927209,0.090333,0.094516,0.065517,0.083455,0.40025,0.3239,0.3837,0.369283,0.192424,0.217033,0.282346,0.230601,1.799525,3.105515,1.2315,-0.043226,-0.05535,-0.020506,136.004286,26.474762
2024-06-01,2024-07-01,soy_price_brl_bag_next_month,138.091304,CEPEA,CEPEA/ESALQ - Paranaguá,6,2,0,0,5.388975,82.246,25.89,23.996667,33.97,16.19,72.276,0.089333,0.3106,0.163551,5.133048,5.129095,4.980135,5.080759,81.74619,89.938095,85.4085,85.697595,27.37,176.39,178.18,127.313333,23.949032,25.591333,25.859032,25.133132,84.34871,92.166333,91.083226,89.199423,0.069677,0.090333,0.094516,0.084842,0.3643,0.40025,0.3239,0.362817,0.156347,0.192424,0.217033,0.188601,2.082142,2.326588,15.228,-0.261933,-0.07715,-0.003444,138.9195,25.759
2024-07-01,2024-08-01,soy_price_brl_bag_next_month,133.213636,CEPEA,CEPEA/ESALQ - Paranaguá,7,3,0,0,5.542048,85.153043,27.05,23.332258,34.3,14.04,65.372258,0.096452,0.2782,0.157086,5.388975,5.133048,5.129095,5.217039,82.246,81.74619,89.938095,84.643428,25.89,27.37,176.39,76.55,23.996667,23.949032,25.591333,24.512344,72.276,84.34871,92.166333,82.930348,0.089333,0.069677,0.090333,0.083114,0.3106,0.3643,0.40025,0.358383,0.163551,0.156347,0.192424,0.170774,2.220814,4.531413,22.4485,-1.879226,-0.07376,0.007203,138.091304,24.89913
2024-08-01,2024-09-01,soy_price_brl_bag_next_month,139.90381,CEPEA,CEPEA/ESALQ - Paranaguá,8,3,0,0,5.552614,80.355238,2.22,26.360645,38.57,15.66,51.572903,0.05,0.2804,0.15085,5.542048,5.388975,5.133048,5.35469,85.153043,82.246,81.74619,83.048411,27.05,25.89,27.37,26.77,23.332258,23.996667,23.949032,23.759319,65.372258,72.276,84.34871,73.998989,0.096452,0.089333,0.069677,0.085154,0.2782,0.3106,0.3643,0.3177,0.157086,0.163551,0.156347,0.158995,2.194636,1.896144,-5.4575,-1.464452,-0.061055,0.004921,133.213636,23.987273
2024-09-01,2024-10-01,soy_price_brl_bag_next_month,141.832609,CEPEA,CEPEA/ESALQ - Paranaguá,9,3,1,0,5.541567,74.016667,11.27,29.746,40.4,18.9,40.122,0.086667,0.324,0.152164,5.552614,5.542048,5.388975,5.494546,80.355238,85.153043,82.246,82.58476,2.22,27.05,25.89,18.386667,26.360645,23.332258,23.996667,24.56319,51.572903,65.372258,72.276,63.07372,0.05,0.096452,0.089333,0.078595,0.2804,0.2782,0.3106,0.289733,0.15085,0.157086,0.163551,0.157162,2.137297,-3.442706,-32.558,0.073033,-0.03729,-0.034847,139.90381,25.25619
2024-10-01,2024-11-01,soy_price_brl_bag_next_month,143.407368,CEPEA,CEPEA/ESALQ - Paranaguá,10,4,1,0,5.624109,75.632609,130.99,29.860323,41.54,22.3,60.647742,0.08129,0.3202,0.259354,5.541567,5.552614,5.542048,5.54541,74.016667,80.355238,85.153043,79.841649,11.27,2.22,27.05,13.513333,29.746,26.360645,23.332258,26.479634,40.122,51.572903,65.372258,52.35572,0.086667,0.05,0.096452,0.077706,0.324,0.2804,0.2782,0.2942,0.152164,0.15085,0.157086,0.153367,2.19528,-0.815598,-5.9075,1.586823,-0.056657,0.014971,141.832609,25.215652
2024-11-01,2024-12-01,soy_price_brl_bag_next_month,141.169474,CEPEA,CEPEA/ESALQ - Paranaguá,11,4,1,0,5.807058,74.345238,215.61,25.728,34.66,21.05,85.746667,0.063667,0.3918,0.266609,5.624109,5.541567,5.552614,5.572763,75.632609,74.016667,80.355238,76.668171,130.99,11.27,2.22,48.16,29.860323,29.746,26.360645,28.655656,60.647742,40.122,51.572903,50.780882,0.08129,0.086667,0.05,0.072652,0.3202,0.324,0.2804,0.3082,0.259354,0.152164,0.15085,0.187456,2.359506,-0.08164,31.6575,-0.48915,-0.018142,0.025293,143.407368,24.707895
2024-12-01,2025-01-01,soy_price_brl_bag_next_month,134.621818,CEPEA,CEPEA/ESALQ - Paranaguá,12,4,1,0,6.097029,71.686364,118.69,26.345484,34.42,20.76,81.447742,0.062903,0.46225,0.219257,5.807058,5.624109,5.541567,5.657578,74.345238,75.632609,74.016667,74.664838,215.61,130.99,11.27,119.29,25.728,29.860323,29.746,28.444774,85.746667,60.647742,40.122,62.172136,0.063667,0.08129,0.086667,0.077208,0.3918,0.3202,0.324,0.345333,0.266609,0.259354,0.152164,0.226042,2.613511,-0.031856,-108.715,0.988742,0.066835,-0.022762,141.169474,23.166316
2025-01-01,2025-02-01,soy_price_brl_bag_next_month,131.568,CEPEA,CEPEA/ESALQ - Paranaguá,1,1,0,1,6.021773,79.5545,176.77,24.971613,31.89,20.65,88.397419,0.084839,0.35415,0.272976,6.097029,5.807058,5.624109,5.842732,71.686364,74.345238,75.632609,73.88807,118.69,215.61,130.99,155.096667,26.345484,25.728,29.860323,27.311269,81.447742,85.746667,60.647742,75.947384,0.062903,0.063667,0.08129,0.069287,0.46225,0.3918,0.3202,0.391417,0.219257,0.266609,0.259354,0.248407,2.560386,6.13312,-44.702,0.139581,-0.061175,-0.001697,134.621818,22.379091
2025-02-01,2025-03-01,soy_price_brl_bag_next_month,133.49,CEPEA,CEPEA/ESALQ - Paranaguá,2,1,0,1,5.765645,75.438,147.46,24.911786,32.83,18.7,86.337143,0.069643,0.3864,0.280497,6.021773,6.097029,5.807058,5.975287,79.5545,71.686364,74.345238,75.195367,176.77,118.69,215.61,170.356667,24.971613,26.345484,25.728,25.681699,88.397419,81.447742,85.746667,85.197276,0.084839,0.062903,0.063667,0.07047,0.35415,0.46225,0.3918,0.402733,0.272976,0.219257,0.266609,0.252947,2.333768,-0.53643,-109.1015,0.128908,-0.028117,-0.007544,131.568,22.8195
2025-03-01,2025-04-01,soy_price_brl_bag_next_month,134.68,CEPEA,CEPEA/ESALQ - Paranaguá,3,1,0,1,5.746811,72.732857,119.2,25.257742,32.29,20.23,85.70871,0.082903,0.41425,0.246091,5.765645,6.021773,6.097029,5.961482,75.438,79.5545,71.686364,75.559621,147.46,176.77,118.69,147.64,24.911786,24.971613,26.345484,25.409628,86.337143,88.397419,81.447742,85.394101,0.069643,0.084839,0.062903,0.072462,0.3864,0.35415,0.46225,0.400933,0.280497,0.272976,0.219257,0.257577,2.275577,-6.232883,-87.3765,0.387581,-0.018265,-0.001417,133.49,23.246842
2025-04-01,2025-05-01,soy_price_brl_bag_next_month,133.09619,CEPEA,CEPEA/ESALQ - Paranaguá,4,2,0,1,5.783675,68.1345,93.74,25.926667,32.83,21.27,83.463667,0.072667,0.3915,0.210498,5.746811,5.765645,6.021773,5.844743,72.732857,75.438,79.5545,75.908452,119.2,147.46,176.77,147.81,25.257742,24.911786,24.971613,25.047047,85.70871,86.337143,88.397419,86.814424,0.082903,0.069643,0.084839,0.079128,0.41425,0.3864,0.35415,0.384933,0.246091,0.280497,0.272976,0.266521,2.389555,-12.350581,-10.181905,1.126706,-0.051929,-0.000443,134.68,23.318
2025-05-01,2025-06-01,soy_price_brl_bag_next_month,134.396,CEPEA,CEPEA/ESALQ - Paranaguá,5,2,0,0,5.667386,64.453,9.32,26.489355,35.17,16.81,63.034194,0.034839,0.4076,0.164477,5.783675,5.746811,5.765645,5.765377,68.1345,72.732857,75.438,72.101786,93.74,119.2,147.46,120.133333,25.926667,25.257742,24.911786,25.365398,83.463667,85.70871,86.337143,85.16984,0.072667,0.082903,0.069643,0.075071,0.3915,0.41425,0.3864,0.397383,0.210498,0.246091,0.280497,0.245695,2.333863,-14.187675,-16.8185,2.497097,-0.01205,-0.012376,133.09619,23.472381
2025-06-01,2025-07-01,soy_price_brl_bag_next_month,136.891304,CEPEA,CEPEA/ESALQ - Paranaguá,6,2,0,0,5.547055,71.444762,19.11,26.222667,35.44,16.84,57.023667,0.039,0.391,0.173979,5.667386,5.783675,5.746811,5.732624,64.453,68.1345,72.732857,68.440119,9.32,93.74,119.2,74.086667,26.489355,25.926667,25.257742,25.891255,63.034194,83.463667,85.70871,77.40219,0.034839,0.072667,0.082903,0.06347,0.4076,0.3915,0.41425,0.40445,0.164477,0.210498,0.246091,0.207022,2.240222,-8.47465,8.448,1.964067,0.00325,0.006984,134.396,24.24
2025-07-01,2025-08-01,soy_price_brl_bag_next_month,140.500476,CEPEA,CEPEA/ESALQ - Paranaguá,7,3,0,0,5.528491,71.041304,0.0,26.077097,36.75,15.86,42.054839,0.066774,0.3483,0.17141,5.547055,5.667386,5.783675,5.666039,71.444762,64.453,68.1345,68.010754,19.11,9.32,93.74,40.723333,26.222667,26.489355,25.926667,26.212896,57.023667,63.034194,83.463667,67.840509,0.039,0.034839,0.072667,0.048835,0.391,0.4076,0.3915,0.3967,0.173979,0.164477,0.210498,0.182985,2.207257,-9.580326,-4.6015,0.865613,-0.00366,0.021527,136.891304,24.761739
2025-08-01,2025-09-01,soy_price_brl_bag_next_month,138.774091,CEPEA,CEPEA/ESALQ - Paranaguá,8,3,0,0,5.446924,67.87,0.02,28.937097,39.43,17.28,31.053226,0.070323,0.288,0.144849,5.528491,5.547055,5.667386,5.580977,71.041304,71.444762,64.453,68.979689,0.0,19.11,9.32,9.476667,26.077097,26.222667,26.489355,26.26304,42.054839,57.023667,63.034194,54.037567,0.066774,0.039,0.034839,0.046871,0.3483,0.391,0.4076,0.3823,0.17141,0.173979,0.164477,0.169955,2.088946,-10.589094,-7.6575,1.112,-0.053455,-0.00108,140.500476,25.800476
2025-09-01,2025-10-01,soy_price_brl_bag_next_month,137.863043,CEPEA,CEPEA/ESALQ - Paranaguá,9,3,1,0,5.367409,67.985455,44.8,30.797,40.8,20.37,42.210667,0.14,0.3307,0.20815,5.446924,5.528491,5.547055,5.50749,67.87,71.041304,71.444762,70.118689,0.02,0.0,19.11,6.376667,28.937097,26.077097,26.222667,27.078954,31.053226,42.054839,57.023667,43.377244,0.070323,0.066774,0.039,0.058699,0.288,0.3483,0.391,0.342433,0.144849,0.17141,0.173979,0.163413,1.963139,-9.473918,0.972,1.124033,-0.03059,0.021139,138.774091,25.853636
2025-10-01,2025-11-01,soy_price_brl_bag_next_month,140.472632,CEPEA,CEPEA/ESALQ - Paranaguá,10,4,1,0,5.385526,64.543478,45.55,30.381613,41.3,21.01,48.654839,0.104839,0.3482,0.221353,5.367409,5.446924,5.528491,5.447608,67.985455,67.87,71.041304,68.965586,44.8,0.02,0.0,14.94,30.797,28.937097,26.077097,28.603731,42.210667,31.053226,42.054839,38.439577,0.14,0.070323,0.066774,0.092366,0.3307,0.288,0.3483,0.322333,0.20815,0.144849,0.17141,0.174803,1.956697,-11.904729,-91.3475,2.108113,-0.028657,-0.02303,137.863043,25.592609
2025-11-01,2025-12-01,soy_price_brl_bag_next_month,142.0135,CEPEA,CEPEA/ESALQ - Paranaguá,11,4,1,0,5.340853,63.797,81.2,29.035333,39.29,22.38,63.856,0.057667,0.39605,0.21583,5.385526,5.367409,5.446924,5.399953,64.543478,67.985455,67.87,66.799644,45.55,44.8,0.02,30.123333,30.381613,30.797,28.937097,30.03857,48.654839,42.210667,31.053226,40.639577,0.104839,0.14,0.070323,0.105054,0.3482,0.3307,0.288,0.3223,0.221353,0.20815,0.144849,0.191451,1.893301,-10.629878,-102.7525,2.818183,-0.013892,-0.025486,140.472632,26.312632
2025-12-01,2026-01-01,soy_price_brl_bag_next_month,130.982857,CEPEA,CEPEA/ESALQ - Paranaguá,12,4,1,0,5.453091,62.593333,244.89,25.492258,33.29,20.77,84.770323,0.057742,0.3634,0.230448,5.340853,5.385526,5.367409,5.364596,63.797,64.543478,67.985455,65.441978,81.2,45.55,44.8,57.183333,29.035333,30.381613,30.797,30.071315,63.856,48.654839,42.210667,51.573835,0.057667,0.104839,0.14,0.100835,0.39605,0.3482,0.3307,0.358317,0.21583,0.221353,0.20815,0.215111,1.969573,-9.124887,17.485,0.135516,-0.032015,-0.011571,142.0135,26.0355
2026-01-01,2026-02-01,soy_price_brl_bag_next_month,126.329444,CEPEA,CEPEA/ESALQ - Paranaguá,1,1,0,1,5.338024,66.8335,189.31,25.353871,33.57,20.66,84.892258,0.065161,0.37305,0.266762,5.453091,5.340853,5.385526,5.393157,62.593333,63.797,64.543478,63.644604,244.89,81.2,45.55,123.88,25.492258,29.035333,30.381613,28.303068,84.770323,63.856,48.654839,65.760387,0.057742,0.057667,0.104839,0.073416,0.3634,0.39605,0.3482,0.369217,0.230448,0.21583,0.221353,0.222544,1.876637,-6.58788,-32.162,0.521839,-0.042275,-0.007911,130.982857,24.553333
2026-02-01,2026-03-01,soy_price_brl_bag_next_month,129.375455,CEPEA,CEPEA/ESALQ - Paranaguá,2,1,0,1,5.200617,70.887,254.57,24.454643,29.51,20.19,90.981786,0.098214,0.26925,0.284969,5.338024,5.453091,5.340853,5.377323,66.8335,62.593333,63.797,64.407944,189.31,244.89,81.2,171.8,25.353871,25.492258,29.035333,26.627154,84.892258,84.770323,63.856,77.839527,0.065161,0.057742,0.057667,0.06019,0.37305,0.3634,0.39605,0.3775,0.266762,0.230448,0.21583,0.23768,1.76874,-5.08743,-1.9915,-0.328235,-0.145267,-0.003072,126.329444,24.292222
2026-03-01,2026-04-01,soy_price_brl_bag_next_month,128.3825,CEPEA,CEPEA/ESALQ - Paranaguá,3,1,0,1,5.231586,103.134545,194.83,24.722258,30.3,20.43,90.487742,0.084516,0.381,0.222396,5.200617,5.338024,5.453091,5.330577,70.887,66.8335,62.593333,66.771278,254.57,189.31,244.89,229.59,24.454643,25.353871,25.492258,25.100257,90.981786,84.892258,84.770323,86.881456,0.098214,0.065161,0.057742,0.073706,0.26925,0.37305,0.3634,0.335233,0.284969,0.266762,0.230448,0.260726,1.760352,24.168805,-11.7465,-0.147903,-0.051515,-0.025112,129.375455,24.733182
