date,location_id,location_name,latitude,longitude,precipitation_mm,temperature_mean_c,temperature_max_c,temperature_min_c,relative_humidity_pct,wind_speed_ms,climate_source
2006-04-01,sorriso_mt,"Sorriso, MT",-12.5425,-55.7211,7.33,25.47,28.44,23.04,92.04,0.12,NASA_POWER
2006-04-02,sorriso_mt,"Sorriso, MT",-12.5425,-55.7211,15.46,23.71,25.64,21.37,96.0,0.13,NASA_POWER
2006-04-03,sorriso_mt,"Sorriso, MT",-12.5425,-55.7211,3.25,23.35,26.68,20.92,92.21,0.04,NASA_POWER
2006-04-04,sorriso_mt,"Sorriso, MT",-12.5425,-55.7211,26.59,24.49,27.94,21.33,89.67,0.21,NASA_POWER
2006-04-05,sorriso_mt,"Sorriso, MT",-12.5425,-55.7211,4.88,24.95,28.45,21.76,90.2,0.18,NASA_POWER
2006-04-06,sorriso_mt,"Sorriso, MT",-12.5425,-55.7211,31.88,24.44,27.05,22.33,92.42,0.1,NASA_POWER
2006-04-07,sorriso_mt,"Sorriso, MT",-12.5425,-55.7211,22.13,23.89,26.06,21.61,94.07,0.21,NASA_POWER
2006-04-08,sorriso_mt,"Sorriso, MT",-12.5425,-55.7211,16.62,23.6,25.71,21.68,94.54,0.17,NASA_POWER
2006-04-09,sorriso_mt,"Sorriso, MT",-12.5425,-55.7211,10.47,23.41,25.7,21.43,96.57,0.06,NASA_POWER
2006-04-10,sorriso_mt,"Sorriso, MT",-12.5425,-55.7211,4.34,24.15,27.67,21.0,91.11,0.14,NASA_POWER
2006-04-11,sorriso_mt,"Sorriso, MT",-12.5425,-55.7211,11.76,24.07,26.86,21.96,94.43,0.07,NASA_POWER
2006-04-12,sorriso_mt,"Sorriso, MT",-12.5425,-55.7211,10.42,24.35,27.7,21.75,92.27,0.04,NASA_POWER
2006-04-13,sorriso_mt,"Sorriso, MT",-12.5425,-55.7211,0.74,24.58,28.45,21.43,91.39,0.03,NASA_POWER
2006-04-14,sorriso_mt,"Sorriso, MT",-12.5425,-55.7211,3.37,24.32,27.43,21.27,91.12,0.12,NASA_POWER
2006-04-15,sorriso_mt,"Sorriso, MT",-12.5425,-55.7211,40.13,24.33,26.77,22.24,94.53,0.26,NASA_POWER
2006-04-16,sorriso_mt,"Sorriso, MT",-12.5425,-55.7211,29.82,23.65,25.7,21.85,97.46,0.05,NASA_POWER
2006-04-17,sorriso_mt,"Sorriso, MT",-12.5425,-55.7211,12.06,22.04,24.86,20.33,93.67,0.04,NASA_POWER
2006-04-18,sorriso_mt,"Sorriso, MT",-12.5425,-55.7211,0.41,23.66,27.94,19.89,88.99,0.07,NASA_POWER
2006-04-19,sorriso_mt,"Sorriso, MT",-12.5425,-55.7211,2.47,24.82,28.35,21.21,90.68,0.05,NASA_POWER
2006-04-20,sorriso_mt,"Sorriso, MT",-12.5425,-55.7211,0.71,24.5,27.9,21.99,90.51,0.08,NASA_POWER
2006-04-21,sorriso_mt,"Sorriso, MT",-12.5425,-55.7211,0.24,24.72,28.5,21.49,89.74,0.06,NASA_POWER
2006-04-22,sorriso_mt,"Sorriso, MT",-12.5425,-55.7211,0.73,24.3,27.18,22.0,91.75,0.04,NASA_POWER
2006-04-23,sorriso_mt,"Sorriso, MT",-12.5425,-55.7211,0.08,24.14,27.63,21.74,91.0,0.03,NASA_POWER
2006-04-24,sorriso_mt,"Sorriso, MT",-12.5425,-55.7211,0.0,23.61,27.56,19.93,87.75,0.06,NASA_POWER
2006-04-25,sorriso_mt,"Sorriso, MT",-12.5425,-55.7211,1.15,24.02,28.32,20.28,89.32,0.05,NASA_POWER
2006-04-26,sorriso_mt,"Sorriso, MT",-12.5425,-55.7211,1.89,23.68,27.61,19.95,90.02,0.03,NASA_POWER
2006-04-27,sorriso_mt,"Sorriso, MT",-12.5425,-55.7211,0.03,24.5,27.9,21.57,89.73,0.03,NASA_POWER
2006-04-28,sorriso_mt,"Sorriso, MT",-12.5425,-55.7211,0.0,24.28,28.15,20.67,88.49,0.07,NASA_POWER
2006-04-29,sorriso_mt,"Sorriso, MT",-12.5425,-55.7211,0.53,24.13,28.14,20.55,90.09,0.07,NASA_POWER
2006-04-30,sorriso_mt,"Sorriso, MT",-12.5425,-55.7211,0.01,24.11,27.98,20.99,88.4,0.03,NASA_POWER
2006-05-01,sorriso_mt,"Sorriso, MT",-12.5425,-55.7211,0.06,23.02,27.11,19.39,87.87,0.06,NASA_POWER
2006-05-02,sorriso_mt,"Sorriso, MT",-12.5425,-55.7211,0.42,22.13,26.17,18.61,86.0,0.04,NASA_POWER
2006-05-03,sorriso_mt,"Sorriso, MT",-12.5425,-55.7211,0.0,22.04,26.18,18.24,85.17,0.04,NASA_POWER
2006-05-04,sorriso_mt,"Sorriso, MT",-12.5425,-55.7211,0.01,20.91,24.84,18.09,84.42,0.03,NASA_POWER
2006-05-05,sorriso_mt,"Sorriso, MT",-12.5425,-55.7211,0.0,20.18,24.37,17.28,86.9,0.03,NASA_POWER
2006-05-06,sorriso_mt,"Sorriso, MT",-12.5425,-55.7211,0.0,19.1,22.49,15.95,90.25,0.08,NASA_POWER
2006-05-07,sorriso_mt,"Sorriso, MT",-12.5425,-55.7211,0.0,19.41,24.59,15.03,89.12,0.06,NASA_POWER
2006-05-08,sorriso_mt,"Sorriso, MT",-12.5425,-55.7211,0.0,19.76,23.17,16.39,88.19,0.03,NASA_POWER
2006-05-09,sorriso_mt,"Sorriso, MT",-12.5425,-55.7211,0.04,20.48,24.96,16.51,84.71,0.04,NASA_POWER
2006-05-10,sorriso_mt,"Sorriso, MT",-12.5425,-55.7211,0.0,19.46,24.11,15.62,83.81,0.03,NASA_POWER
2006-05-11,sorriso_mt,"Sorriso, MT",-12.5425,-55.7211,0.0,18.64,23.5,14.24,83.36,0.04,NASA_POWER
2006-05-12,sorriso_mt,"Sorriso, MT",-12.5425,-55.7211,0.0,17.99,23.31,13.24,84.23,0.06,NASA_POWER
2006-05-13,sorriso_mt,"Sorriso, MT",-12.5425,-55.7211,0.0,18.55,23.77,13.26,83.47,0.15,NASA_POWER
2006-05-14,sorriso_mt,"Sorriso, MT",-12.5425,-55.7211,0.0,20.4,25.37,15.57,85.65,0.19,NASA_POWER
2006-05-15,sorriso_mt,"Sorriso, MT",-12.5425,-55.7211,0.0,21.98,26.99,17.19,89.39,0.07,NASA_POWER
2006-05-16,sorriso_mt,"Sorriso, MT",-12.5425,-55.7211,0.0,23.29,27.67,19.7,89.95,0.03,NASA_POWER
2006-05-17,sorriso_mt,"Sorriso, MT",-12.5425,-55.7211,0.02,22.08,26.85,18.65,88.5,0.05,NASA_POWER
2006-05-18,sorriso_mt,"Sorriso, MT",-12.5425,-55.7211,0.0,21.69,26.72,16.86,89.23,0.08,NASA_POWER
2006-05-19,sorriso_mt,"Sorriso, MT",-12.5425,-55.7211,0.0,22.14,26.61,17.95,88.59,0.06,NASA_POWER
2006-05-20,sorriso_mt,"Sorriso, MT",-12.5425,-55.7211,20.16,22.4,25.75,19.93,92.85,0.08,NASA_POWER
2006-05-21,sorriso_mt,"Sorriso, MT",-12.5425,-55.7211,3.45,22.62,26.46,19.57,91.18,0.16,NASA_POWER
2006-05-22,sorriso_mt,"Sorriso, MT",-12.5425,-55.7211,0.16,22.19,25.43,19.97,93.15,0.13,NASA_POWER
2006-05-23,sorriso_mt,"Sorriso, MT",-12.5425,-55.7211,0.29,21.84,25.93,18.56,87.53,0.03,NASA_POWER
2006-05-24,sorriso_mt,"Sorriso, MT",-12.5425,-55.7211,0.08,22.05,26.37,18.46,89.4,0.04,NASA_POWER
2006-05-25,sorriso_mt,"Sorriso, MT",-12.5425,-55.7211,0.01,22.7,26.74,19.5,90.17,0.05,NASA_POWER
2006-05-26,sorriso_mt,"Sorriso, MT",-12.5425,-55.7211,0.0,23.35,27.48,20.01,89.34,0.05,NASA_POWER
2006-05-27,sorriso_mt,"Sorriso, MT",-12.5425,-55.7211,0.0,23.31,27.66,19.61,88.78,0.03,NASA_POWER
2006-05-28,sorriso_mt,"Sorriso, MT",-12.5425,-55.7211,0.0,22.79,27.24,19.43,89.17,0.03,NASA_POWER
2006-05-29,sorriso_mt,"Sorriso, MT",-12.5425,-55.7211,0.0,21.95,26.5,18.16,88.17,0.09,NASA_POWER
2006-05-30,sorriso_mt,"Sorriso, MT",-12.5425,-55.7211,0.03,22.63,27.35,18.28,89.31,0.08,NASA_POWER
2006-05-31,sorriso_mt,"Sorriso, MT",-12.5425,-55.7211,0.0,23.15,27.4,19.68,89.08,0.04,NASA_POWER
2006-06-01,sorriso_mt,"Sorriso, MT",-12.5425,-55.7211,0.02,22.51,26.85,18.99,88.1,0.09,NASA_POWER
2006-06-02,sorriso_mt,"Sorriso, MT",-12.5425,-55.7211,0.0,22.1,26.6,18.27,87.65,0.22,NASA_POWER
2006-06-03,sorriso_mt,"Sorriso, MT",-12.5425,-55.7211,0.0,21.22,25.89,17.03,88.03,0.24,NASA_POWER
2006-06-04,sorriso_mt,"Sorriso, MT",-12.5425,-55.7211,0.0,20.96,25.78,16.33,87.82,0.24,NASA_POWER
2006-06-05,sorriso_mt,"Sorriso, MT",-12.5425,-55.7211,0.0,21.08,25.76,16.72,86.37,0.2,NASA_POWER
2006-06-06,sorriso_mt,"Sorriso, MT",-12.5425,-55.7211,0.0,21.58,26.05,17.36,85.72,0.3,NASA_POWER
2006-06-07,sorriso_mt,"Sorriso, MT",-12.5425,-55.7211,0.0,21.94,26.44,16.41,86.67,0.43,NASA_POWER
2006-06-08,sorriso_mt,"Sorriso, MT",-12.5425,-55.7211,0.0,21.53,26.34,15.9,87.66,0.39,NASA_POWER
2006-06-09,sorriso_mt,"Sorriso, MT",-12.5425,-55.7211,0.0,21.38,26.42,15.22,87.88,0.36,NASA_POWER
2006-06-10,sorriso_mt,"Sorriso, MT",-12.5425,-55.7211,0.0,21.46,26.23,16.65,86.45,0.31,NASA_POWER
2006-06-11,sorriso_mt,"Sorriso, MT",-12.5425,-55.7211,0.0,20.62,25.24,15.29,85.38,0.36,NASA_POWER
2006-06-12,sorriso_mt,"Sorriso, MT",-12.5425,-55.7211,0.0,20.36,25.18,15.76,83.82,0.27,NASA_POWER
2006-06-13,sorriso_mt,"Sorriso, MT",-12.5425,-55.7211,0.0,21.0,26.28,15.76,85.92,0.24,NASA_POWER
2006-06-14,sorriso_mt,"Sorriso, MT",-12.5425,-55.7211,0.0,21.33,26.72,16.71,87.61,0.06,NASA_POWER
2006-06-15,sorriso_mt,"Sorriso, MT",-12.5425,-55.7211,0.0,21.39,26.43,17.16,84.47,0.16,NASA_POWER
2006-06-16,sorriso_mt,"Sorriso, MT",-12.5425,-55.7211,0.0,21.36,26.43,17.03,82.14,0.16,NASA_POWER
2006-06-17,sorriso_mt,"Sorriso, MT",-12.5425,-55.7211,0.0,21.21,26.42,16.37,83.49,0.18,NASA_POWER
2006-06-18,sorriso_mt,"Sorriso, MT",-12.5425,-55.7211,0.0,21.67,27.11,16.98,85.87,0.05,NASA_POWER
2006-06-19,sorriso_mt,"Sorriso, MT",-12.5425,-55.7211,0.04,22.51,27.17,17.65,83.69,0.17,NASA_POWER
2006-06-20,sorriso_mt,"Sorriso, MT",-12.5425,-55.7211,0.03,21.9,26.42,17.23,82.72,0.27,NASA_POWER
2006-06-21,sorriso_mt,"Sorriso, MT",-12.5425,-55.7211,0.0,21.6,26.83,16.42,82.7,0.27,NASA_POWER
2006-06-22,sorriso_mt,"Sorriso, MT",-12.5425,-55.7211,0.0,20.82,26.51,16.26,81.71,0.15,NASA_POWER
2006-06-23,sorriso_mt,"Sorriso, MT",-12.5425,-55.7211,0.0,20.21,26.76,14.67,77.8,0.12,NASA_POWER
2006-06-24,sorriso_mt,"Sorriso, MT",-12.5425,-55.7211,0.0,21.4,27.36,15.26,78.61,0.23,NASA_POWER
2006-06-25,sorriso_mt,"Sorriso, MT",-12.5425,-55.7211,0.0,22.07,27.1,15.75,74.71,0.31,NASA_POWER
2006-06-26,sorriso_mt,"Sorriso, MT",-12.5425,-55.7211,0.0,22.52,28.45,16.43,77.0,0.31,NASA_POWER
2006-06-27,sorriso_mt,"Sorriso, MT",-12.5425,-55.7211,0.0,22.31,28.43,17.16,78.42,0.11,NASA_POWER
2006-06-28,sorriso_mt,"Sorriso, MT",-12.5425,-55.7211,0.0,22.64,28.78,16.96,75.88,0.15,NASA_POWER
2006-06-29,sorriso_mt,"Sorriso, MT",-12.5425,-55.7211,0.0,23.24,29.36,18.27,71.64,0.17,NASA_POWER
2006-06-30,sorriso_mt,"Sorriso, MT",-12.5425,-55.7211,0.0,23.41,29.46,17.55,71.26,0.19,NASA_POWER
2006-07-01,sorriso_mt,"Sorriso, MT",-12.5425,-55.7211,0.0,23.54,29.78,17.97,72.14,0.17,NASA_POWER
2006-07-02,sorriso_mt,"Sorriso, MT",-12.5425,-55.7211,0.0,22.72,28.96,17.17,72.3,0.1,NASA_POWER
2006-07-03,sorriso_mt,"Sorriso, MT",-12.5425,-55.7211,0.1,21.32,26.91,17.17,74.9,0.2,NASA_POWER
2006-07-04,sorriso_mt,"Sorriso, MT",-12.5425,-55.7211,2.79,21.19,27.92,16.4,75.5,0.03,NASA_POWER
2006-07-05,sorriso_mt,"Sorriso, MT",-12.5425,-55.7211,0.0,21.75,28.41,15.05,71.4,0.16,NASA_POWER
2006-07-06,sorriso_mt,"Sorriso, MT",-12.5425,-55.7211,0.0,22.85,29.6,17.0,70.01,0.21,NASA_POWER
2006-07-07,sorriso_mt,"Sorriso, MT",-12.5425,-55.7211,0.0,23.61,29.84,17.69,67.09,0.36,NASA_POWER
2006-07-08,sorriso_mt,"Sorriso, MT",-12.5425,-55.7211,0.0,23.98,30.6,17.2,69.86,0.23,NASA_POWER
2006-07-09,sorriso_mt,"Sorriso, MT",-12.5425,-55.7211,0.0,24.84,31.61,19.49,72.18,0.35,NASA_POWER
2006-07-10,sorriso_mt,"Sorriso, MT",-12.5425,-55.7211,0.0,25.08,31.62,18.65,65.93,0.2,NASA_POWER
2006-07-11,sorriso_mt,"Sorriso, MT",-12.5425,-55.7211,0.0,24.43,31.63,18.07,66.4,0.28,NASA_POWER
2006-07-12,sorriso_mt,"Sorriso, MT",-12.5425,-55.7211,0.0,24.89,31.15,18.26,57.35,0.34,NASA_POWER
2006-07-13,sorriso_mt,"Sorriso, MT",-12.5425,-55.7211,0.0,23.79,30.83,16.8,57.26,0.36,NASA_POWER
2006-07-14,sorriso_mt,"Sorriso, MT",-12.5425,-55.7211,0.0,23.04,30.68,16.29,61.01,0.16,NASA_POWER
2006-07-15,sorriso_mt,"Sorriso, MT",-12.5425,-55.7211,0.0,22.3,30.06,15.76,59.12,0.09,NASA_POWER
2006-07-16,sorriso_mt,"Sorriso, MT",-12.5425,-55.7211,0.0,21.41,29.33,14.5,51.04,0.18,NASA_POWER
2006-07-17,sorriso_mt,"Sorriso, MT",-12.5425,-55.7211,0.0,20.81,30.57,12.53,55.45,0.13,NASA_POWER
2006-07-18,sorriso_mt,"Sorriso, MT",-12.5425,-55.7211,0.0,21.65,31.2,13.44,52.54,0.13,NASA_POWER
2006-07-19,sorriso_mt,"Sorriso, MT",-12.5425,-55.7211,0.03,22.77,31.96,15.5,56.02,0.17,NASA_POWER
2006-07-20,sorriso_mt,"Sorriso, MT",-12.5425,-55.7211,0.0,23.16,32.1,14.9,49.94,0.23,NASA_POWER
2006-07-21,sorriso_mt,"Sorriso, MT",-12.5425,-55.7211,0.0,24.46,32.33,15.49,45.65,0.43,NASA_POWER
2006-07-22,sorriso_mt,"Sorriso, MT",-12.5425,-55.7211,0.0,26.09,33.74,17.96,50.8,0.43,NASA_POWER
2006-07-23,sorriso_mt,"Sorriso, MT",-12.5425,-55.7211,0.0,26.74,34.1,18.82,54.15,0.4,NASA_POWER
2006-07-24,sorriso_mt,"Sorriso, MT",-12.5425,-55.7211,0.0,24.48,32.46,18.55,44.22,0.31,NASA_POWER
2006-07-25,sorriso_mt,"Sorriso, MT",-12.5425,-55.7211,0.0,23.21,32.57,14.79,49.06,0.31,NASA_POWER
2006-07-26,sorriso_mt,"Sorriso, MT",-12.5425,-55.7211,0.0,25.58,33.44,17.89,57.46,0.35,NASA_POWER
2006-07-27,sorriso_mt,"Sorriso, MT",-12.5425,-55.7211,0.0,27.37,34.95,21.75,55.11,0.4,NASA_POWER
2006-07-28,sorriso_mt,"Sorriso, MT",-12.5425,-55.7211,0.0,28.11,35.8,19.6,49.76,0.37,NASA_POWER
2006-07-29,sorriso_mt,"Sorriso, MT",-12.5425,-55.7211,0.0,26.0,35.16,18.27,52.16,0.12,NASA_POWER
2006-07-30,sorriso_mt,"Sorriso, MT",-12.5425,-55.7211,0.0,24.32,31.85,18.95,53.41,0.04,NASA_POWER
2006-07-31,sorriso_mt,"Sorriso, MT",-12.5425,-55.7211,0.0,24.02,32.32,17.3,50.38,0.04,NASA_POWER
2006-08-01,sorriso_mt,"Sorriso, MT",-12.5425,-55.7211,0.0,24.6,32.91,18.39,55.18,0.05,NASA_POWER
2006-08-02,sorriso_mt,"Sorriso, MT",-12.5425,-55.7211,0.0,25.88,34.47,19.49,50.43,0.06,NASA_POWER
2006-08-03,sorriso_mt,"Sorriso, MT",-12.5425,-55.7211,0.0,26.33,34.76,19.11,53.65,0.13,NASA_POWER
2006-08-04,sorriso_mt,"Sorriso, MT",-12.5425,-55.7211,0.01,26.65,34.68,20.08,53.98,0.13,NASA_POWER
2006-08-05,sorriso_mt,"Sorriso, MT",-12.5425,-55.7211,0.0,26.72,34.84,19.38,52.11,0.1,NASA_POWER
2006-08-06,sorriso_mt,"Sorriso, MT",-12.5425,-55.7211,0.0,26.49,33.95,20.3,45.43,0.26,NASA_POWER
2006-08-07,sorriso_mt,"Sorriso, MT",-12.5425,-55.7211,0.0,25.37,34.02,18.4,50.13,0.24,NASA_POWER
2006-08-08,sorriso_mt,"Sorriso, MT",-12.5425,-55.7211,0.0,25.75,34.15,17.7,46.62,0.36,NASA_POWER
2006-08-09,sorriso_mt,"Sorriso, MT",-12.5425,-55.7211,0.0,25.81,33.71,17.01,42.7,0.36,NASA_POWER
2006-08-10,sorriso_mt,"Sorriso, MT",-12.5425,-55.7211,0.0,27.74,36.38,18.22,43.13,0.35,NASA_POWER
2006-08-11,sorriso_mt,"Sorriso, MT",-12.5425,-55.7211,0.0,27.68,36.53,19.62,52.09,0.24,NASA_POWER
2006-08-12,sorriso_mt,"Sorriso, MT",-12.5425,-55.7211,0.0,28.05,36.2,21.03,47.55,0.3,NASA_POWER
2006-08-13,sorriso_mt,"Sorriso, MT",-12.5425,-55.7211,0.0,27.35,35.98,19.87,43.75,0.33,NASA_POWER
2006-08-14,sorriso_mt,"Sorriso, MT",-12.5425,-55.7211,0.0,27.66,36.89,18.99,46.1,0.42,NASA_POWER
2006-08-15,sorriso_mt,"Sorriso, MT",-12.5425,-55.7211,0.0,28.35,36.43,19.55,45.82,0.47,NASA_POWER
2006-08-16,sorriso_mt,"Sorriso, MT",-12.5425,-55.7211,0.0,27.49,35.79,19.47,43.34,0.31,NASA_POWER
2006-08-17,sorriso_mt,"Sorriso, MT",-12.5425,-55.7211,0.0,26.71,36.26,18.53,42.84,0.31,NASA_POWER
2006-08-18,sorriso_mt,"Sorriso, MT",-12.5425,-55.7211,0.0,26.79,36.69,18.43,44.76,0.07,NASA_POWER
2006-08-19,sorriso_mt,"Sorriso, MT",-12.5425,-55.7211,0.0,27.42,35.41,21.8,45.02,0.04,NASA_POWER
2006-08-20,sorriso_mt,"Sorriso, MT",-12.5425,-55.7211,0.0,28.37,35.98,21.12,45.17,0.03,NASA_POWER
2006-08-21,sorriso_mt,"Sorriso, MT",-12.5425,-55.7211,0.0,28.25,35.21,21.55,39.38,0.04,NASA_POWER
2006-08-22,sorriso_mt,"Sorriso, MT",-12.5425,-55.7211,0.0,28.07,36.85,20.1,37.57,0.03,NASA_POWER
2006-08-23,sorriso_mt,"Sorriso, MT",-12.5425,-55.7211,0.0,28.26,37.25,20.72,37.92,0.16,NASA_POWER
2006-08-24,sorriso_mt,"Sorriso, MT",-12.5425,-55.7211,0.03,27.4,36.18,19.35,38.06,0.2,NASA_POWER
2006-08-25,sorriso_mt,"Sorriso, MT",-12.5425,-55.7211,0.04,29.92,36.95,23.99,38.36,0.03,NASA_POWER
2006-08-26,sorriso_mt,"Sorriso, MT",-12.5425,-55.7211,0.06,29.45,36.87,23.91,44.11,0.06,NASA_POWER
2006-08-27,sorriso_mt,"Sorriso, MT",-12.5425,-55.7211,0.0,29.24,37.32,22.71,38.18,0.11,NASA_POWER
2006-08-28,sorriso_mt,"Sorriso, MT",-12.5425,-55.7211,0.08,29.68,37.94,21.45,39.97,0.14,NASA_POWER
2006-08-29,sorriso_mt,"Sorriso, MT",-12.5425,-55.7211,1.1,28.3,35.65,22.0,56.1,0.04,NASA_POWER
2006-08-30,sorriso_mt,"Sorriso, MT",-12.5425,-55.7211,0.0,29.76,36.57,24.13,49.42,0.17,NASA_POWER
2006-08-31,sorriso_mt,"Sorriso, MT",-12.5425,-55.7211,0.17,30.4,37.18,24.89,41.94,0.21,NASA_POWER
2006-09-01,sorriso_mt,"Sorriso, MT",-12.5425,-55.7211,0.39,29.77,35.75,24.53,45.84,0.11,NASA_POWER
2006-09-02,sorriso_mt,"Sorriso, MT",-12.5425,-55.7211,0.01,29.73,36.66,23.86,52.54,0.1,NASA_POWER
2006-09-03,sorriso_mt,"Sorriso, MT",-12.5425,-55.7211,1.9,27.26,33.65,22.36,58.99,0.07,NASA_POWER
2006-09-04,sorriso_mt,"Sorriso, MT",-12.5425,-55.7211,3.24,25.01,32.04,18.49,59.64,0.05,NASA_POWER
2006-09-05,sorriso_mt,"Sorriso, MT",-12.5425,-55.7211,0.0,24.14,30.95,18.82,37.56,0.05,NASA_POWER
2006-09-06,sorriso_mt,"Sorriso, MT",-12.5425,-55.7211,0.5,25.03,32.62,16.36,45.76,0.19,NASA_POWER
2006-09-07,sorriso_mt,"Sorriso, MT",-12.5425,-55.7211,0.0,27.77,36.0,20.57,51.42,0.15,NASA_POWER
2006-09-08,sorriso_mt,"Sorriso, MT",-12.5425,-55.7211,0.0,27.32,33.1,23.18,57.08,0.04,NASA_POWER
2006-09-09,sorriso_mt,"Sorriso, MT",-12.5425,-55.7211,0.07,29.29,36.07,22.39,50.44,0.08,NASA_POWER
2006-09-10,sorriso_mt,"Sorriso, MT",-12.5425,-55.7211,0.01,29.22,36.06,22.76,44.29,0.04,NASA_POWER
2006-09-11,sorriso_mt,"Sorriso, MT",-12.5425,-55.7211,0.0,29.2,37.25,21.16,37.24,0.05,NASA_POWER
2006-09-12,sorriso_mt,"Sorriso, MT",-12.5425,-55.7211,0.0,29.0,37.04,21.26,36.49,0.08,NASA_POWER
2006-09-13,sorriso_mt,"Sorriso, MT",-12.5425,-55.7211,0.0,29.85,37.18,22.86,40.92,0.2,NASA_POWER
2006-09-14,sorriso_mt,"Sorriso, MT",-12.5425,-55.7211,0.0,30.46,36.89,24.23,38.61,0.13,NASA_POWER
2006-09-15,sorriso_mt,"Sorriso, MT",-12.5425,-55.7211,0.0,30.6,37.68,23.24,40.68,0.13,NASA_POWER
2006-09-16,sorriso_mt,"Sorriso, MT",-12.5425,-55.7211,0.21,30.19,37.84,23.25,35.64,0.04,NASA_POWER
2006-09-17,sorriso_mt,"Sorriso, MT",-12.5425,-55.7211,0.0,30.85,38.46,23.57,34.47,0.24,NASA_POWER
2006-09-18,sorriso_mt,"Sorriso, MT",-12.5425,-55.7211,0.0,31.63,38.73,24.56,33.24,0.23,NASA_POWER
2006-09-19,sorriso_mt,"Sorriso, MT",-12.5425,-55.7211,0.0,31.7,38.26,26.35,38.24,0.22,NASA_POWER
2006-09-20,sorriso_mt,"Sorriso, MT",-12.5425,-55.7211,3.37,29.91,37.31,24.6,53.23,0.12,NASA_POWER
2006-09-21,sorriso_mt,"Sorriso, MT",-12.5425,-55.7211,19.58,26.14,31.37,22.76,77.12,0.04,NASA_POWER
2006-09-22,sorriso_mt,"Sorriso, MT",-12.5425,-55.7211,0.31,28.04,35.61,21.49,65.21,0.05,NASA_POWER
2006-09-23,sorriso_mt,"Sorriso, MT",-12.5425,-55.7211,1.34,28.58,35.13,23.73,64.67,0.08,NASA_POWER
2006-09-24,sorriso_mt,"Sorriso, MT",-12.5425,-55.7211,21.11,26.85,34.69,21.7,74.3,0.04,NASA_POWER
2006-09-25,sorriso_mt,"Sorriso, MT",-12.5425,-55.7211,3.58,25.53,31.14,21.92,82.06,0.06,NASA_POWER
2006-09-26,sorriso_mt,"Sorriso, MT",-12.5425,-55.7211,9.7,26.51,32.52,21.55,76.88,0.08,NASA_POWER
2006-09-27,sorriso_mt,"Sorriso, MT",-12.5425,-55.7211,4.68,26.91,32.25,22.03,76.37,0.04,NASA_POWER
2006-09-28,sorriso_mt,"Sorriso, MT",-12.5425,-55.7211,3.23,25.7,29.7,22.97,75.69,0.02,NASA_POWER
2006-09-29,sorriso_mt,"Sorriso, MT",-12.5425,-55.7211,0.69,25.07,29.32,22.14,78.51,0.02,NASA_POWER
2006-09-30,sorriso_mt,"Sorriso, MT",-12.5425,-55.7211,0.87,27.92,35.31,21.68,65.11,0.04,NASA_POWER
2006-10-01,sorriso_mt,"Sorriso, MT",-12.5425,-55.7211,0.46,28.62,36.4,22.08,63.5,0.03,NASA_POWER
2006-10-02,sorriso_mt,"Sorriso, MT",-12.5425,-55.7211,15.73,27.04,32.74,22.34,72.97,0.03,NASA_POWER
2006-10-03,sorriso_mt,"Sorriso, MT",-12.5425,-55.7211,1.62,26.28,32.08,21.95,75.54,0.04,NASA_POWER
2006-10-04,sorriso_mt,"Sorriso, MT",-12.5425,-55.7211,1.42,26.3,31.64,21.6,76.37,0.02,NASA_POWER
2006-10-05,sorriso_mt,"Sorriso, MT",-12.5425,-55.7211,6.55,27.45,33.86,22.64,74.6,0.03,NASA_POWER
2006-10-06,sorriso_mt,"Sorriso, MT",-12.5425,-55.7211,1.15,27.09,33.89,22.32,72.05,0.05,NASA_POWER
2006-10-07,sorriso_mt,"Sorriso, MT",-12.5425,-55.7211,5.37,26.77,32.44,22.66,74.99,0.03,NASA_POWER
2006-10-08,sorriso_mt,"Sorriso, MT",-12.5425,-55.7211,0.17,27.2,33.45,22.99,71.79,0.03,NASA_POWER
2006-10-09,sorriso_mt,"Sorriso, MT",-12.5425,-55.7211,0.43,27.86,34.88,22.56,69.79,0.03,NASA_POWER
2006-10-10,sorriso_mt,"Sorriso, MT",-12.5425,-55.7211,3.6,26.92,32.0,23.1,75.16,0.05,NASA_POWER
2006-10-11,sorriso_mt,"Sorriso, MT",-12.5425,-55.7211,9.87,26.27,31.76,22.8,79.3,0.04,NASA_POWER
2006-10-12,sorriso_mt,"Sorriso, MT",-12.5425,-55.7211,0.2,26.84,33.3,21.85,74.82,0.07,NASA_POWER
2006-10-13,sorriso_mt,"Sorriso, MT",-12.5425,-55.7211,16.87,25.64,29.77,22.96,81.86,0.07,NASA_POWER
2006-10-14,sorriso_mt,"Sorriso, MT",-12.5425,-55.7211,0.28,27.01,33.64,22.04,73.33,0.08,NASA_POWER
2006-10-15,sorriso_mt,"Sorriso, MT",-12.5425,-55.7211,14.67,26.82,32.85,22.75,78.56,0.02,NASA_POWER
2006-10-16,sorriso_mt,"Sorriso, MT",-12.5425,-55.7211,13.74,26.08,31.54,22.18,80.86,0.08,NASA_POWER
2006-10-17,sorriso_mt,"Sorriso, MT",-12.5425,-55.7211,13.93,24.22,29.02,20.62,88.7,0.07,NASA_POWER
2006-10-18,sorriso_mt,"Sorriso, MT",-12.5425,-55.7211,3.48,24.94,30.53,20.33,82.58,0.08,NASA_POWER
2006-10-19,sorriso_mt,"Sorriso, MT",-12.5425,-55.7211,6.14,25.07,29.32,21.72,87.37,0.12,NASA_POWER
2006-10-20,sorriso_mt,"Sorriso, MT",-12.5425,-55.7211,21.27,24.29,26.77,22.46,93.9,0.08,NASA_POWER
2006-10-21,sorriso_mt,"Sorriso, MT",-12.5425,-55.7211,10.92,24.69,28.06,22.11,91.08,0.05,NASA_POWER
2006-10-22,sorriso_mt,"Sorriso, MT",-12.5425,-55.7211,9.07,25.11,29.43,21.61,89.01,0.07,NASA_POWER
2006-10-23,sorriso_mt,"Sorriso, MT",-12.5425,-55.7211,21.91,25.32,28.75,22.62,92.41,0.08,NASA_POWER
2006-10-24,sorriso_mt,"Sorriso, MT",-12.5425,-55.7211,2.64,24.74,28.2,22.32,90.03,0.13,NASA_POWER
2006-10-25,sorriso_mt,"Sorriso, MT",-12.5425,-55.7211,15.77,24.52,28.61,21.59,91.22,0.04,NASA_POWER
2006-10-26,sorriso_mt,"Sorriso, MT",-12.5425,-55.7211,3.36,25.35,29.8,21.9,85.93,0.09,NASA_POWER
2006-10-27,sorriso_mt,"Sorriso, MT",-12.5425,-55.7211,0.06,26.2,30.72,21.8,81.64,0.16,NASA_POWER
2006-10-28,sorriso_mt,"Sorriso, MT",-12.5425,-55.7211,2.0,26.77,30.97,22.17,80.94,0.12,NASA_POWER
2006-10-29,sorriso_mt,"Sorriso, MT",-12.5425,-55.7211,3.34,26.19,30.84,23.39,86.16,0.12,NASA_POWER
2006-10-30,sorriso_mt,"Sorriso, MT",-12.5425,-55.7211,22.6,26.74,31.9,21.84,83.53,0.14,NASA_POWER
2006-10-31,sorriso_mt,"Sorriso, MT",-12.5425,-55.7211,5.5,25.42,28.75,23.06,89.58,0.18,NASA_POWER
2006-11-01,sorriso_mt,"Sorriso, MT",-12.5425,-55.7211,10.79,25.55,29.79,20.82,85.76,0.14,NASA_POWER
2006-11-02,sorriso_mt,"Sorriso, MT",-12.5425,-55.7211,9.6,24.06,25.83,22.62,93.13,0.06,NASA_POWER
2006-11-03,sorriso_mt,"Sorriso, MT",-12.5425,-55.7211,0.21,25.15,29.42,21.94,84.68,0.15,NASA_POWER
2006-11-04,sorriso_mt,"Sorriso, MT",-12.5425,-55.7211,6.1,25.77,29.59,22.7,86.71,0.2,NASA_POWER
2006-11-05,sorriso_mt,"Sorriso, MT",-12.5425,-55.7211,0.03,26.46,30.91,22.47,84.3,0.07,NASA_POWER
2006-11-06,sorriso_mt,"Sorriso, MT",-12.5425,-55.7211,0.39,26.83,31.78,22.24,80.77,0.23,NASA_POWER
2006-11-07,sorriso_mt,"Sorriso, MT",-12.5425,-55.7211,3.2,26.1,30.7,22.35,85.48,0.08,NASA_POWER
2006-11-08,sorriso_mt,"Sorriso, MT",-12.5425,-55.7211,20.13,25.11,28.21,22.77,93.12,0.12,NASA_POWER
2006-11-09,sorriso_mt,"Sorriso, MT",-12.5425,-55.7211,2.41,24.75,27.65,22.41,92.16,0.13,NASA_POWER
2006-11-10,sorriso_mt,"Sorriso, MT",-12.5425,-55.7211,3.26,25.07,28.75,22.13,89.41,0.08,NASA_POWER
2006-11-11,sorriso_mt,"Sorriso, MT",-12.5425,-55.7211,0.13,24.41,28.7,20.74,82.4,0.04,NASA_POWER
2006-11-12,sorriso_mt,"Sorriso, MT",-12.5425,-55.7211,0.09,24.22,29.22,19.42,76.72,0.05,NASA_POWER
2006-11-13,sorriso_mt,"Sorriso, MT",-12.5425,-55.7211,0.23,24.87,30.52,19.67,77.49,0.03,NASA_POWER
2006-11-14,sorriso_mt,"Sorriso, MT",-12.5425,-55.7211,0.39,25.58,31.43,19.25,75.64,0.06,NASA_POWER
2006-11-15,sorriso_mt,"Sorriso, MT",-12.5425,-55.7211,0.12,26.76,31.89,21.91,74.67,0.03,NASA_POWER
2006-11-16,sorriso_mt,"Sorriso, MT",-12.5425,-55.7211,0.0,26.93,32.76,21.9,69.29,0.04,NASA_POWER
2006-11-17,sorriso_mt,"Sorriso, MT",-12.5425,-55.7211,0.49,26.98,33.4,20.83,67.34,0.06,NASA_POWER
2006-11-18,sorriso_mt,"Sorriso, MT",-12.5425,-55.7211,0.34,27.45,34.34,21.19,64.23,0.03,NASA_POWER
2006-11-19,sorriso_mt,"Sorriso, MT",-12.5425,-55.7211,0.09,27.77,34.53,20.9,64.77,0.14,NASA_POWER
2006-11-20,sorriso_mt,"Sorriso, MT",-12.5425,-55.7211,1.23,26.3,30.36,23.17,75.8,0.04,NASA_POWER
2006-11-21,sorriso_mt,"Sorriso, MT",-12.5425,-55.7211,0.19,27.38,33.22,22.67,70.58,0.03,NASA_POWER
2006-11-22,sorriso_mt,"Sorriso, MT",-12.5425,-55.7211,9.23,27.21,33.35,21.95,70.58,0.1,NASA_POWER
2006-11-23,sorriso_mt,"Sorriso, MT",-12.5425,-55.7211,8.2,25.26,29.37,22.1,83.17,0.13,NASA_POWER
2006-11-24,sorriso_mt,"Sorriso, MT",-12.5425,-55.7211,3.77,25.45,30.17,22.23,84.41,0.02,NASA_POWER
2006-11-25,sorriso_mt,"Sorriso, MT",-12.5425,-55.7211,2.07,26.96,32.68,21.86,76.43,0.02,NASA_POWER
2006-11-26,sorriso_mt,"Sorriso, MT",-12.5425,-55.7211,2.11,25.57,28.27,23.16,84.81,0.11,NASA_POWER
2006-11-27,sorriso_mt,"Sorriso, MT",-12.5425,-55.7211,4.67,24.17,27.61,22.09,86.64,0.17,NASA_POWER
2006-11-28,sorriso_mt,"Sorriso, MT",-12.5425,-55.7211,10.8,24.73,28.83,21.36,87.96,0.09,NASA_POWER
2006-11-29,sorriso_mt,"Sorriso, MT",-12.5425,-55.7211,7.61,24.83,28.47,22.25,85.48,0.06,NASA_POWER
2006-11-30,sorriso_mt,"Sorriso, MT",-12.5425,-55.7211,12.65,25.77,30.07,21.49,83.56,0.22,NASA_POWER
2006-12-01,sorriso_mt,"Sorriso, MT",-12.5425,-55.7211,22.61,24.89,27.95,22.29,93.9,0.11,NASA_POWER
2006-12-02,sorriso_mt,"Sorriso, MT",-12.5425,-55.7211,8.48,24.08,27.19,22.09,91.94,0.04,NASA_POWER
2006-12-03,sorriso_mt,"Sorriso, MT",-12.5425,-55.7211,9.31,23.83,26.84,21.05,93.9,0.05,NASA_POWER
2006-12-04,sorriso_mt,"Sorriso, MT",-12.5425,-55.7211,26.25,25.07,27.98,21.9,93.07,0.14,NASA_POWER
2006-12-05,sorriso_mt,"Sorriso, MT",-12.5425,-55.7211,10.0,25.09,28.42,22.67,93.27,0.08,NASA_POWER
2006-12-06,sorriso_mt,"Sorriso, MT",-12.5425,-55.7211,8.66,25.04,27.73,22.56,94.09,0.11,NASA_POWER
2006-12-07,sorriso_mt,"Sorriso, MT",-12.5425,-55.7211,25.74,25.1,27.96,22.16,94.35,0.12,NASA_POWER
2006-12-08,sorriso_mt,"Sorriso, MT",-12.5425,-55.7211,26.44,24.27,27.57,21.9,87.58,0.2,NASA_POWER
2006-12-09,sorriso_mt,"Sorriso, MT",-12.5425,-55.7211,11.79,24.42,27.86,21.55,88.43,0.13,NASA_POWER
2006-12-10,sorriso_mt,"Sorriso, MT",-12.5425,-55.7211,32.5,24.66,28.28,20.9,90.12,0.12,NASA_POWER
2006-12-11,sorriso_mt,"Sorriso, MT",-12.5425,-55.7211,7.87,23.87,26.97,21.23,93.74,0.06,NASA_POWER
2006-12-12,sorriso_mt,"Sorriso, MT",-12.5425,-55.7211,7.35,24.66,27.38,21.81,93.87,0.07,NASA_POWER
2006-12-13,sorriso_mt,"Sorriso, MT",-12.5425,-55.7211,21.21,23.91,25.97,22.23,95.72,0.02,NASA_POWER
2006-12-14,sorriso_mt,"Sorriso, MT",-12.5425,-55.7211,33.53,23.69,26.43,21.83,95.53,0.03,NASA_POWER
2006-12-15,sorriso_mt,"Sorriso, MT",-12.5425,-55.7211,8.7,23.44,26.39,21.37,94.04,0.18,NASA_POWER
2006-12-16,sorriso_mt,"Sorriso, MT",-12.5425,-55.7211,0.89,24.83,28.7,21.27,89.58,0.08,NASA_POWER
2006-12-17,sorriso_mt,"Sorriso, MT",-12.5425,-55.7211,4.32,24.99,28.6,21.93,90.04,0.04,NASA_POWER
2006-12-18,sorriso_mt,"Sorriso, MT",-12.5425,-55.7211,6.41,25.83,29.55,22.04,90.24,0.03,NASA_POWER
2006-12-19,sorriso_mt,"Sorriso, MT",-12.5425,-55.7211,7.31,25.2,28.08,22.87,91.17,0.08,NASA_POWER
2006-12-20,sorriso_mt,"Sorriso, MT",-12.5425,-55.7211,0.85,24.83,28.46,21.26,89.07,0.09,NASA_POWER
2006-12-21,sorriso_mt,"Sorriso, MT",-12.5425,-55.7211,16.12,24.56,27.53,22.04,93.06,0.15,NASA_POWER
2006-12-22,sorriso_mt,"Sorriso, MT",-12.5425,-55.7211,13.64,24.69,27.82,21.63,93.3,0.16,NASA_POWER
2006-12-23,sorriso_mt,"Sorriso, MT",-12.5425,-55.7211,3.74,25.17,28.65,22.25,90.65,0.13,NASA_POWER
2006-12-24,sorriso_mt,"Sorriso, MT",-12.5425,-55.7211,0.02,25.64,29.4,21.42,84.87,0.29,NASA_POWER
2006-12-25,sorriso_mt,"Sorriso, MT",-12.5425,-55.7211,5.62,25.63,29.59,20.82,83.92,0.23,NASA_POWER
2006-12-26,sorriso_mt,"Sorriso, MT",-12.5425,-55.7211,19.96,25.37,29.16,20.91,87.6,0.23,NASA_POWER
2006-12-27,sorriso_mt,"Sorriso, MT",-12.5425,-55.7211,8.7,24.87,27.62,21.99,92.83,0.22,NASA_POWER
2006-12-28,sorriso_mt,"Sorriso, MT",-12.5425,-55.7211,2.5,24.9,28.2,22.05,92.07,0.13,NASA_POWER
2006-12-29,sorriso_mt,"Sorriso, MT",-12.5425,-55.7211,29.8,24.93,28.23,21.59,90.83,0.19,NASA_POWER
2006-12-30,sorriso_mt,"Sorriso, MT",-12.5425,-55.7211,63.13,24.91,28.06,21.62,90.78,0.15,NASA_POWER
2006-12-31,sorriso_mt,"Sorriso, MT",-12.5425,-55.7211,32.45,24.6,28.01,21.7,86.92,0.17,NASA_POWER
2007-01-01,sorriso_mt,"Sorriso, MT",-12.5425,-55.7211,0.56,24.63,28.36,20.77,86.87,0.15,NASA_POWER
2007-01-02,sorriso_mt,"Sorriso, MT",-12.5425,-55.7211,16.32,24.57,27.14,21.55,93.63,0.1,NASA_POWER
2007-01-03,sorriso_mt,"Sorriso, MT",-12.5425,-55.7211,8.71,24.81,28.94,20.9,90.15,0.15,NASA_POWER
2007-01-04,sorriso_mt,"Sorriso, MT",-12.5425,-55.7211,8.86,24.89,28.72,21.75,91.27,0.17,NASA_POWER
2007-01-05,sorriso_mt,"Sorriso, MT",-12.5425,-55.7211,14.29,24.35,27.36,21.87,93.02,0.03,NASA_POWER
2007-01-06,sorriso_mt,"Sorriso, MT",-12.5425,-55.7211,10.24,23.44,26.09,21.86,92.72,0.1,NASA_POWER
2007-01-07,sorriso_mt,"Sorriso, MT",-12.5425,-55.7211,6.43,24.06,27.89,21.08,91.2,0.05,NASA_POWER
2007-01-08,sorriso_mt,"Sorriso, MT",-12.5425,-55.7211,8.69,25.04,29.1,21.4,89.84,0.07,NASA_POWER
2007-01-09,sorriso_mt,"Sorriso, MT",-12.5425,-55.7211,10.75,25.46,28.8,22.14,90.54,0.19,NASA_POWER
2007-01-10,sorriso_mt,"Sorriso, MT",-12.5425,-55.7211,1.48,26.26,29.56,22.57,86.54,0.12,NASA_POWER
2007-01-11,sorriso_mt,"Sorriso, MT",-12.5425,-55.7211,0.41,25.26,28.58,21.83,89.32,0.17,NASA_POWER
2007-01-12,sorriso_mt,"Sorriso, MT",-12.5425,-55.7211,0.49,25.63,29.64,22.19,87.96,0.2,NASA_POWER
2007-01-13,sorriso_mt,"Sorriso, MT",-12.5425,-55.7211,2.74,25.06,28.38,21.93,89.13,0.06,NASA_POWER
2007-01-14,sorriso_mt,"Sorriso, MT",-12.5425,-55.7211,3.63,24.27,27.01,22.33,91.95,0.02,NASA_POWER
2007-01-15,sorriso_mt,"Sorriso, MT",-12.5425,-55.7211,7.94,24.83,27.91,22.04,91.0,0.04,NASA_POWER
2007-01-16,sorriso_mt,"Sorriso, MT",-12.5425,-55.7211,10.87,24.56,27.79,22.57,91.74,0.1,NASA_POWER
2007-01-17,sorriso_mt,"Sorriso, MT",-12.5425,-55.7211,1.3,25.59,29.67,21.4,86.71,0.09,NASA_POWER
2007-01-18,sorriso_mt,"Sorriso, MT",-12.5425,-55.7211,3.95,25.97,29.48,22.22,89.37,0.14,NASA_POWER
2007-01-19,sorriso_mt,"Sorriso, MT",-12.5425,-55.7211,1.7,26.25,29.64,22.97,89.8,0.2,NASA_POWER
2007-01-20,sorriso_mt,"Sorriso, MT",-12.5425,-55.7211,7.11,26.44,29.88,22.73,89.59,0.17,NASA_POWER
2007-01-21,sorriso_mt,"Sorriso, MT",-12.5425,-55.7211,1.84,26.15,29.8,22.93,89.37,0.04,NASA_POWER
2007-01-22,sorriso_mt,"Sorriso, MT",-12.5425,-55.7211,5.42,26.09,29.49,22.16,87.27,0.15,NASA_POWER
2007-01-23,sorriso_mt,"Sorriso, MT",-12.5425,-55.7211,12.95,25.42,28.58,22.37,90.92,0.24,NASA_POWER
2007-01-24,sorriso_mt,"Sorriso, MT",-12.5425,-55.7211,16.77,25.75,29.07,22.13,90.64,0.23,NASA_POWER
2007-01-25,sorriso_mt,"Sorriso, MT",-12.5425,-55.7211,9.45,25.07,28.17,22.66,89.61,0.15,NASA_POWER
2007-01-26,sorriso_mt,"Sorriso, MT",-12.5425,-55.7211,15.67,24.56,28.47,21.93,91.68,0.13,NASA_POWER
2007-01-27,sorriso_mt,"Sorriso, MT",-12.5425,-55.7211,6.87,24.07,27.82,21.69,92.19,0.14,NASA_POWER
2007-01-28,sorriso_mt,"Sorriso, MT",-12.5425,-55.7211,5.33,25.04,28.86,21.05,89.06,0.18,NASA_POWER
2007-01-29,sorriso_mt,"Sorriso, MT",-12.5425,-55.7211,15.73,24.73,27.66,22.74,94.29,0.07,NASA_POWER
2007-01-30,sorriso_mt,"Sorriso, MT",-12.5425,-55.7211,6.6,24.57,27.33,22.12,91.76,0.13,NASA_POWER
2007-01-31,sorriso_mt,"Sorriso, MT",-12.5425,-55.7211,2.25,25.29,28.83,21.76,88.29,0.19,NASA_POWER
2007-02-01,sorriso_mt,"Sorriso, MT",-12.5425,-55.7211,25.75,24.53,26.44,22.81,95.12,0.13,NASA_POWER
2007-02-02,sorriso_mt,"Sorriso, MT",-12.5425,-55.7211,11.7,23.92,27.07,21.43,92.79,0.06,NASA_POWER
2007-02-03,sorriso_mt,"Sorriso, MT",-12.5425,-55.7211,20.77,23.71,26.28,21.52,93.76,0.03,NASA_POWER
2007-02-04,sorriso_mt,"Sorriso, MT",-12.5425,-55.7211,12.42,24.26,27.25,21.86,93.77,0.04,NASA_POWER
2007-02-05,sorriso_mt,"Sorriso, MT",-12.5425,-55.7211,32.78,23.6,25.22,22.15,96.69,0.07,NASA_POWER
2007-02-06,sorriso_mt,"Sorriso, MT",-12.5425,-55.7211,9.58,24.19,27.39,21.73,93.09,0.19,NASA_POWER
2007-02-07,sorriso_mt,"Sorriso, MT",-12.5425,-55.7211,36.79,24.74,28.26,21.81,93.39,0.05,NASA_POWER
2007-02-08,sorriso_mt,"Sorriso, MT",-12.5425,-55.7211,11.19,23.47,25.15,21.84,96.58,0.12,NASA_POWER
2007-02-09,sorriso_mt,"Sorriso, MT",-12.5425,-55.7211,13.04,23.7,27.0,21.35,92.38,0.2,NASA_POWER
2007-02-10,sorriso_mt,"Sorriso, MT",-12.5425,-55.7211,2.79,24.87,28.94,20.29,87.08,0.18,NASA_POWER
2007-02-11,sorriso_mt,"Sorriso, MT",-12.5425,-55.7211,1.91,25.66,29.58,22.14,88.41,0.1,NASA_POWER
2007-02-12,sorriso_mt,"Sorriso, MT",-12.5425,-55.7211,0.96,24.91,27.27,22.58,91.94,0.09,NASA_POWER
2007-02-13,sorriso_mt,"Sorriso, MT",-12.5425,-55.7211,7.08,24.26,27.4,22.31,93.3,0.04,NASA_POWER
2007-02-14,sorriso_mt,"Sorriso, MT",-12.5425,-55.7211,19.34,23.89,27.52,21.41,91.97,0.03,NASA_POWER
2007-02-15,sorriso_mt,"Sorriso, MT",-12.5425,-55.7211,29.14,23.21,25.24,21.15,95.41,0.05,NASA_POWER
2007-02-16,sorriso_mt,"Sorriso, MT",-12.5425,-55.7211,5.52,24.49,28.4,21.47,88.43,0.04,NASA_POWER
2007-02-17,sorriso_mt,"Sorriso, MT",-12.5425,-55.7211,56.48,24.48,27.52,21.55,89.95,0.11,NASA_POWER
2007-02-18,sorriso_mt,"Sorriso, MT",-12.5425,-55.7211,33.92,23.36,25.66,21.87,94.24,0.04,NASA_POWER
2007-02-19,sorriso_mt,"Sorriso, MT",-12.5425,-55.7211,7.02,23.45,26.98,20.87,91.93,0.03,NASA_POWER
2007-02-20,sorriso_mt,"Sorriso, MT",-12.5425,-55.7211,9.96,23.3,26.72,21.19,92.33,0.04,NASA_POWER
2007-02-21,sorriso_mt,"Sorriso, MT",-12.5425,-55.7211,65.71,23.82,27.36,20.96,93.09,0.06,NASA_POWER
2007-02-22,sorriso_mt,"Sorriso, MT",-12.5425,-55.7211,25.39,23.35,25.9,21.31,94.82,0.03,NASA_POWER
2007-02-23,sorriso_mt,"Sorriso, MT",-12.5425,-55.7211,3.19,23.9,27.59,20.94,90.88,0.11,NASA_POWER
2007-02-24,sorriso_mt,"Sorriso, MT",-12.5425,-55.7211,0.54,23.88,26.86,21.53,91.67,0.15,NASA_POWER
2007-02-25,sorriso_mt,"Sorriso, MT",-12.5425,-55.7211,4.4,24.55,28.47,20.34,87.79,0.21,NASA_POWER
2007-02-26,sorriso_mt,"Sorriso, MT",-12.5425,-55.7211,5.84,25.12,29.18,21.07,89.74,0.13,NASA_POWER
2007-02-27,sorriso_mt,"Sorriso, MT",-12.5425,-55.7211,3.43,25.18,28.66,22.15,90.68,0.08,NASA_POWER
2007-02-28,sorriso_mt,"Sorriso, MT",-12.5425,-55.7211,2.15,24.8,28.53,22.05,88.76,0.04,NASA_POWER
2007-03-01,sorriso_mt,"Sorriso, MT",-12.5425,-55.7211,2.85,24.62,28.12,21.74,90.15,0.03,NASA_POWER
2007-03-02,sorriso_mt,"Sorriso, MT",-12.5425,-55.7211,8.38,24.65,27.52,22.15,90.37,0.02,NASA_POWER
2007-03-03,sorriso_mt,"Sorriso, MT",-12.5425,-55.7211,1.07,24.77,28.74,21.44,86.71,0.03,NASA_POWER
2007-03-04,sorriso_mt,"Sorriso, MT",-12.5425,-55.7211,0.6,24.8,28.91,20.8,87.29,0.05,NASA_POWER
2007-03-05,sorriso_mt,"Sorriso, MT",-12.5425,-55.7211,0.1,24.7,28.64,21.25,86.84,0.07,NASA_POWER
2007-03-06,sorriso_mt,"Sorriso, MT",-12.5425,-55.7211,0.08,24.79,28.99,20.66,86.48,0.04,NASA_POWER
2007-03-07,sorriso_mt,"Sorriso, MT",-12.5425,-55.7211,0.14,24.86,29.25,20.36,86.7,0.03,NASA_POWER
2007-03-08,sorriso_mt,"Sorriso, MT",-12.5425,-55.7211,0.13,24.41,27.96,21.5,88.87,0.24,NASA_POWER
2007-03-09,sorriso_mt,"Sorriso, MT",-12.5425,-55.7211,0.65,24.1,27.46,21.01,88.1,0.2,NASA_POWER
2007-03-10,sorriso_mt,"Sorriso, MT",-12.5425,-55.7211,1.62,24.41,28.34,20.71,85.2,0.13,NASA_POWER
2007-03-11,sorriso_mt,"Sorriso, MT",-12.5425,-55.7211,3.21,24.36,26.98,21.6,90.26,0.27,NASA_POWER
2007-03-12,sorriso_mt,"Sorriso, MT",-12.5425,-55.7211,1.24,24.8,28.32,20.72,86.03,0.24,NASA_POWER
2007-03-13,sorriso_mt,"Sorriso, MT",-12.5425,-55.7211,3.2,24.65,28.67,20.4,87.09,0.15,NASA_POWER
2007-03-14,sorriso_mt,"Sorriso, MT",-12.5425,-55.7211,5.01,25.08,29.06,21.47,89.99,0.03,NASA_POWER
2007-03-15,sorriso_mt,"Sorriso, MT",-12.5425,-55.7211,12.29,23.79,25.91,21.58,94.2,0.14,NASA_POWER
2007-03-16,sorriso_mt,"Sorriso, MT",-12.5425,-55.7211,2.7,24.72,28.7,21.36,88.26,0.22,NASA_POWER
2007-03-17,sorriso_mt,"Sorriso, MT",-12.5425,-55.7211,6.26,24.59,27.74,21.89,91.67,0.22,NASA_POWER
2007-03-18,sorriso_mt,"Sorriso, MT",-12.5425,-55.7211,10.1,24.39,27.8,21.09,91.27,0.12,NASA_POWER
2007-03-19,sorriso_mt,"Sorriso, MT",-12.5425,-55.7211,29.57,24.59,28.04,21.65,89.14,0.19,NASA_POWER
2007-03-20,sorriso_mt,"Sorriso, MT",-12.5425,-55.7211,25.85,23.45,25.42,21.86,95.31,0.21,NASA_POWER
2007-03-21,sorriso_mt,"Sorriso, MT",-12.5425,-55.7211,28.18,22.74,24.95,21.13,94.44,0.15,NASA_POWER
2007-03-22,sorriso_mt,"Sorriso, MT",-12.5425,-55.7211,2.37,23.26,27.2,20.29,91.1,0.1,NASA_POWER
2007-03-23,sorriso_mt,"Sorriso, MT",-12.5425,-55.7211,0.18,24.18,28.61,20.3,88.09,0.21,NASA_POWER
2007-03-24,sorriso_mt,"Sorriso, MT",-12.5425,-55.7211,0.72,24.99,29.29,21.16,88.79,0.06,NASA_POWER
2007-03-25,sorriso_mt,"Sorriso, MT",-12.5425,-55.7211,0.18,25.21,29.3,21.57,86.83,0.1,NASA_POWER
2007-03-26,sorriso_mt,"Sorriso, MT",-12.5425,-55.7211,1.65,24.99,29.0,21.19,89.01,0.09,NASA_POWER
2007-03-27,sorriso_mt,"Sorriso, MT",-12.5425,-55.7211,0.18,25.35,29.28,22.35,89.0,0.03,NASA_POWER
2007-03-28,sorriso_mt,"Sorriso, MT",-12.5425,-55.7211,0.0,25.12,28.86,22.4,90.07,0.03,NASA_POWER
2007-03-29,sorriso_mt,"Sorriso, MT",-12.5425,-55.7211,0.0,25.16,29.44,21.88,88.3,0.06,NASA_POWER
2007-03-30,sorriso_mt,"Sorriso, MT",-12.5425,-55.7211,0.1,25.01,29.31,21.3,89.1,0.04,NASA_POWER
2007-03-31,sorriso_mt,"Sorriso, MT",-12.5425,-55.7211,0.47,25.16,29.52,21.69,88.42,0.07,NASA_POWER
2007-04-01,sorriso_mt,"Sorriso, MT",-12.5425,-55.7211,0.08,24.68,29.3,20.39,87.78,0.08,NASA_POWER
2007-04-02,sorriso_mt,"Sorriso, MT",-12.5425,-55.7211,0.0,24.53,29.18,19.58,86.49,0.2,NASA_POWER
2007-04-03,sorriso_mt,"Sorriso, MT",-12.5425,-55.7211,9.78,24.37,29.0,19.38,87.71,0.25,NASA_POWER
2007-04-04,sorriso_mt,"Sorriso, MT",-12.5425,-55.7211,5.2,24.79,28.98,19.9,87.06,0.24,NASA_POWER
2007-04-05,sorriso_mt,"Sorriso, MT",-12.5425,-55.7211,2.25,24.75,28.62,21.82,90.57,0.04,NASA_POWER
2007-04-06,sorriso_mt,"Sorriso, MT",-12.5425,-55.7211,0.29,25.04,28.98,21.28,88.2,0.15,NASA_POWER
2007-04-07,sorriso_mt,"Sorriso, MT",-12.5425,-55.7211,9.49,25.29,28.63,21.51,88.53,0.19,NASA_POWER
2007-04-08,sorriso_mt,"Sorriso, MT",-12.5425,-55.7211,10.91,25.07,28.86,21.09,90.62,0.18,NASA_POWER
2007-04-09,sorriso_mt,"Sorriso, MT",-12.5425,-55.7211,3.4,24.94,28.39,21.93,91.36,0.1,NASA_POWER
2007-04-10,sorriso_mt,"Sorriso, MT",-12.5425,-55.7211,1.42,25.18,28.78,22.37,90.85,0.12,NASA_POWER
2007-04-11,sorriso_mt,"Sorriso, MT",-12.5425,-55.7211,2.5,24.96,28.28,22.39,90.72,0.15,NASA_POWER
2007-04-12,sorriso_mt,"Sorriso, MT",-12.5425,-55.7211,0.41,25.36,29.37,22.14,89.1,0.06,NASA_POWER
2007-04-13,sorriso_mt,"Sorriso, MT",-12.5425,-55.7211,0.11,24.83,28.02,22.18,90.53,0.03,NASA_POWER
2007-04-14,sorriso_mt,"Sorriso, MT",-12.5425,-55.7211,0.0,25.29,29.33,21.79,89.33,0.05,NASA_POWER
2007-04-15,sorriso_mt,"Sorriso, MT",-12.5425,-55.7211,3.78,25.2,29.24,21.63,89.22,0.03,NASA_POWER
2007-04-16,sorriso_mt,"Sorriso, MT",-12.5425,-55.7211,0.27,24.95,29.0,20.83,88.34,0.14,NASA_POWER
2007-04-17,sorriso_mt,"Sorriso, MT",-12.5425,-55.7211,0.01,24.95,29.07,21.13,88.5,0.07,NASA_POWER
2007-04-18,sorriso_mt,"Sorriso, MT",-12.5425,-55.7211,0.01,24.69,28.99,20.46,87.93,0.05,NASA_POWER
2007-04-19,sorriso_mt,"Sorriso, MT",-12.5425,-55.7211,0.0,24.45,28.43,20.71,88.44,0.03,NASA_POWER
2007-04-20,sorriso_mt,"Sorriso, MT",-12.5425,-55.7211,4.17,24.36,27.9,20.77,89.64,0.03,NASA_POWER
2007-04-21,sorriso_mt,"Sorriso, MT",-12.5425,-55.7211,0.55,24.01,27.64,21.44,88.61,0.08,NASA_POWER
2007-04-22,sorriso_mt,"Sorriso, MT",-12.5425,-55.7211,4.78,24.17,27.79,20.72,89.22,0.19,NASA_POWER
2007-04-23,sorriso_mt,"Sorriso, MT",-12.5425,-55.7211,0.15,24.64,28.19,22.18,87.31,0.28,NASA_POWER
2007-04-24,sorriso_mt,"Sorriso, MT",-12.5425,-55.7211,0.03,25.1,28.97,21.55,87.34,0.27,NASA_POWER
2007-04-25,sorriso_mt,"Sorriso, MT",-12.5425,-55.7211,1.0,24.99,28.97,21.46,90.56,0.16,NASA_POWER
2007-04-26,sorriso_mt,"Sorriso, MT",-12.5425,-55.7211,6.5,24.66,28.04,22.43,92.47,0.22,NASA_POWER
2007-04-27,sorriso_mt,"Sorriso, MT",-12.5425,-55.7211,1.35,24.44,27.29,21.95,90.46,0.07,NASA_POWER
2007-04-28,sorriso_mt,"Sorriso, MT",-12.5425,-55.7211,0.89,23.89,27.81,20.39,88.09,0.03,NASA_POWER
2007-04-29,sorriso_mt,"Sorriso, MT",-12.5425,-55.7211,5.66,24.58,28.41,21.59,90.31,0.05,NASA_POWER
2007-04-30,sorriso_mt,"Sorriso, MT",-12.5425,-55.7211,6.08,24.44,27.9,21.54,92.06,0.07,NASA_POWER
2007-05-01,sorriso_mt,"Sorriso, MT",-12.5425,-55.7211,1.19,24.63,28.52,21.02,90.45,0.11,NASA_POWER
2007-05-02,sorriso_mt,"Sorriso, MT",-12.5425,-55.7211,2.2,24.56,28.67,21.41,90.41,0.03,NASA_POWER
2007-05-03,sorriso_mt,"Sorriso, MT",-12.5425,-55.7211,0.23,23.99,28.22,20.94,89.23,0.03,NASA_POWER
2007-05-04,sorriso_mt,"Sorriso, MT",-12.5425,-55.7211,0.0,22.83,27.73,19.27,87.85,0.05,NASA_POWER
2007-05-05,sorriso_mt,"Sorriso, MT",-12.5425,-55.7211,0.22,23.44,27.54,20.05,89.22,0.06,NASA_POWER
2007-05-06,sorriso_mt,"Sorriso, MT",-12.5425,-55.7211,0.43,23.68,27.96,20.28,88.82,0.04,NASA_POWER
2007-05-07,sorriso_mt,"Sorriso, MT",-12.5425,-55.7211,0.0,23.65,28.21,20.06,88.93,0.08,NASA_POWER
2007-05-08,sorriso_mt,"Sorriso, MT",-12.5425,-55.7211,1.29,23.69,27.76,20.35,90.02,0.04,NASA_POWER
2007-05-09,sorriso_mt,"Sorriso, MT",-12.5425,-55.7211,0.08,20.32,23.96,17.27,83.23,0.05,NASA_POWER
2007-05-10,sorriso_mt,"Sorriso, MT",-12.5425,-55.7211,0.0,20.16,25.54,14.94,83.37,0.08,NASA_POWER
2007-05-11,sorriso_mt,"Sorriso, MT",-12.5425,-55.7211,0.0,22.72,28.08,17.52,88.73,0.06,NASA_POWER
2007-05-12,sorriso_mt,"Sorriso, MT",-12.5425,-55.7211,0.11,23.7,28.42,19.6,88.47,0.04,NASA_POWER
2007-05-13,sorriso_mt,"Sorriso, MT",-12.5425,-55.7211,16.02,23.29,27.72,19.78,90.23,0.04,NASA_POWER
2007-05-14,sorriso_mt,"Sorriso, MT",-12.5425,-55.7211,13.58,23.23,28.04,19.4,90.7,0.06,NASA_POWER
2007-05-15,sorriso_mt,"Sorriso, MT",-12.5425,-55.7211,0.0,22.71,27.29,18.66,89.52,0.16,NASA_POWER
2007-05-16,sorriso_mt,"Sorriso, MT",-12.5425,-55.7211,0.02,23.13,27.5,18.99,89.64,0.13,NASA_POWER
2007-05-17,sorriso_mt,"Sorriso, MT",-12.5425,-55.7211,0.0,23.85,28.3,19.87,88.67,0.03,NASA_POWER
2007-05-18,sorriso_mt,"Sorriso, MT",-12.5425,-55.7211,0.01,23.12,26.56,20.18,89.04,0.04,NASA_POWER
2007-05-19,sorriso_mt,"Sorriso, MT",-12.5425,-55.7211,0.0,23.07,27.66,19.43,86.98,0.13,NASA_POWER
2007-05-20,sorriso_mt,"Sorriso, MT",-12.5425,-55.7211,0.0,22.84,27.8,18.36,86.2,0.15,NASA_POWER
2007-05-21,sorriso_mt,"Sorriso, MT",-12.5425,-55.7211,0.0,23.5,28.65,18.43,86.84,0.21,NASA_POWER
2007-05-22,sorriso_mt,"Sorriso, MT",-12.5425,-55.7211,14.79,24.02,28.07,20.6,89.53,0.3,NASA_POWER
2007-05-23,sorriso_mt,"Sorriso, MT",-12.5425,-55.7211,3.98,22.72,27.69,16.76,89.7,0.19,NASA_POWER
2007-05-24,sorriso_mt,"Sorriso, MT",-12.5425,-55.7211,0.13,18.16,22.15,15.85,78.31,0.04,NASA_POWER
2007-05-25,sorriso_mt,"Sorriso, MT",-12.5425,-55.7211,0.0,19.08,24.14,13.73,74.81,0.2,NASA_POWER
2007-05-26,sorriso_mt,"Sorriso, MT",-12.5425,-55.7211,0.0,21.77,27.03,16.18,81.31,0.25,NASA_POWER
2007-05-27,sorriso_mt,"Sorriso, MT",-12.5425,-55.7211,0.0,23.56,28.53,17.22,83.9,0.27,NASA_POWER
2007-05-28,sorriso_mt,"Sorriso, MT",-12.5425,-55.7211,0.0,23.93,28.63,19.96,84.54,0.18,NASA_POWER
2007-05-29,sorriso_mt,"Sorriso, MT",-12.5425,-55.7211,0.0,23.08,27.71,19.96,81.87,0.04,NASA_POWER
2007-05-30,sorriso_mt,"Sorriso, MT",-12.5425,-55.7211,0.0,21.18,26.3,16.95,76.52,0.03,NASA_POWER
2007-05-31,sorriso_mt,"Sorriso, MT",-12.5425,-55.7211,0.0,22.38,27.83,17.17,79.89,0.17,NASA_POWER
2007-06-01,sorriso_mt,"Sorriso, MT",-12.5425,-55.7211,0.08,23.85,29.74,18.21,81.51,0.21,NASA_POWER
2007-06-02,sorriso_mt,"Sorriso, MT",-12.5425,-55.7211,2.98,23.83,29.4,19.73,86.02,0.22,NASA_POWER
2007-06-03,sorriso_mt,"Sorriso, MT",-12.5425,-55.7211,0.29,23.35,29.44,18.72,82.06,0.07,NASA_POWER
2007-06-04,sorriso_mt,"Sorriso, MT",-12.5425,-55.7211,0.0,22.99,28.34,18.79,79.55,0.14,NASA_POWER
2007-06-05,sorriso_mt,"Sorriso, MT",-12.5425,-55.7211,0.0,23.51,29.79,17.87,77.27,0.2,NASA_POWER
2007-06-06,sorriso_mt,"Sorriso, MT",-12.5425,-55.7211,0.0,22.91,30.05,16.21,76.62,0.15,NASA_POWER
2007-06-07,sorriso_mt,"Sorriso, MT",-12.5425,-55.7211,1.0,23.14,30.33,17.27,77.71,0.22,NASA_POWER
2007-06-08,sorriso_mt,"Sorriso, MT",-12.5425,-55.7211,0.0,23.16,30.3,17.07,72.88,0.24,NASA_POWER
2007-06-09,sorriso_mt,"Sorriso, MT",-12.5425,-55.7211,0.0,23.41,30.55,18.22,71.43,0.14,NASA_POWER
2007-06-10,sorriso_mt,"Sorriso, MT",-12.5425,-55.7211,0.0,22.62,30.3,16.85,69.25,0.16,NASA_POWER
2007-06-11,sorriso_mt,"Sorriso, MT",-12.5425,-55.7211,0.04,22.52,30.62,15.6,66.98,0.18,NASA_POWER
2007-06-12,sorriso_mt,"Sorriso, MT",-12.5425,-55.7211,0.0,22.93,30.7,16.76,67.08,0.25,NASA_POWER
2007-06-13,sorriso_mt,"Sorriso, MT",-12.5425,-55.7211,0.0,23.25,31.01,16.39,65.39,0.22,NASA_POWER
2007-06-14,sorriso_mt,"Sorriso, MT",-12.5425,-55.7211,0.0,24.33,31.98,17.7,69.92,0.19,NASA_POWER
2007-06-15,sorriso_mt,"Sorriso, MT",-12.5425,-55.7211,0.0,24.8,32.42,18.87,69.74,0.16,NASA_POWER
2007-06-16,sorriso_mt,"Sorriso, MT",-12.5425,-55.7211,0.0,24.25,31.55,18.07,64.4,0.26,NASA_POWER
2007-06-17,sorriso_mt,"Sorriso, MT",-12.5425,-55.7211,0.03,23.25,31.35,16.5,60.18,0.17,NASA_POWER
2007-06-18,sorriso_mt,"Sorriso, MT",-12.5425,-55.7211,0.0,23.88,31.95,17.55,62.34,0.17,NASA_POWER
2007-06-19,sorriso_mt,"Sorriso, MT",-12.5425,-55.7211,0.19,24.07,32.16,17.7,63.94,0.14,NASA_POWER
2007-06-20,sorriso_mt,"Sorriso, MT",-12.5425,-55.7211,0.11,23.76,32.0,17.51,59.4,0.17,NASA_POWER
2007-06-21,sorriso_mt,"Sorriso, MT",-12.5425,-55.7211,0.0,23.69,32.0,17.32,61.9,0.16,NASA_POWER
2007-06-22,sorriso_mt,"Sorriso, MT",-12.5425,-55.7211,0.0,23.59,31.44,17.08,56.32,0.26,NASA_POWER
2007-06-23,sorriso_mt,"Sorriso, MT",-12.5425,-55.7211,0.1,23.0,31.57,16.11,56.05,0.24,NASA_POWER
2007-06-24,sorriso_mt,"Sorriso, MT",-12.5425,-55.7211,0.0,22.87,31.59,15.12,56.43,0.35,NASA_POWER
2007-06-25,sorriso_mt,"Sorriso, MT",-12.5425,-55.7211,0.0,22.54,30.97,15.89,57.05,0.23,NASA_POWER
2007-06-26,sorriso_mt,"Sorriso, MT",-12.5425,-55.7211,0.0,23.5,31.94,16.71,56.85,0.21,NASA_POWER
2007-06-27,sorriso_mt,"Sorriso, MT",-12.5425,-55.7211,0.0,23.54,31.35,16.85,58.54,0.17,NASA_POWER
2007-06-28,sorriso_mt,"Sorriso, MT",-12.5425,-55.7211,0.0,24.45,31.85,18.78,59.92,0.21,NASA_POWER
2007-06-29,sorriso_mt,"Sorriso, MT",-12.5425,-55.7211,0.0,24.27,31.98,17.97,59.03,0.11,NASA_POWER
2007-06-30,sorriso_mt,"Sorriso, MT",-12.5425,-55.7211,0.0,24.55,32.3,18.41,59.63,0.07,NASA_POWER
2007-07-01,sorriso_mt,"Sorriso, MT",-12.5425,-55.7211,0.0,24.51,32.47,17.5,58.88,0.19,NASA_POWER
2007-07-02,sorriso_mt,"Sorriso, MT",-12.5425,-55.7211,0.0,23.7,32.52,16.77,54.82,0.27,NASA_POWER
2007-07-03,sorriso_mt,"Sorriso, MT",-12.5425,-55.7211,0.0,23.07,32.31,16.01,49.49,0.15,NASA_POWER
2007-07-04,sorriso_mt,"Sorriso, MT",-12.5425,-55.7211,0.0,23.42,32.71,15.59,49.11,0.22,NASA_POWER
2007-07-05,sorriso_mt,"Sorriso, MT",-12.5425,-55.7211,0.0,23.96,32.99,17.28,52.92,0.25,NASA_POWER
2007-07-06,sorriso_mt,"Sorriso, MT",-12.5425,-55.7211,0.0,24.5,32.91,18.41,56.59,0.16,NASA_POWER
2007-07-07,sorriso_mt,"Sorriso, MT",-12.5425,-55.7211,0.0,24.53,32.79,18.81,57.98,0.17,NASA_POWER
2007-07-08,sorriso_mt,"Sorriso, MT",-12.5425,-55.7211,0.0,24.2,33.1,17.39,53.45,0.27,NASA_POWER
2007-07-09,sorriso_mt,"Sorriso, MT",-12.5425,-55.7211,0.0,24.22,33.54,16.91,50.47,0.3,NASA_POWER
2007-07-10,sorriso_mt,"Sorriso, MT",-12.5425,-55.7211,0.0,24.19,33.31,16.47,51.49,0.25,NASA_POWER
2007-07-11,sorriso_mt,"Sorriso, MT",-12.5425,-55.7211,0.0,22.54,30.82,15.69,53.68,0.04,NASA_POWER
2007-07-12,sorriso_mt,"Sorriso, MT",-12.5425,-55.7211,0.0,23.75,32.94,15.65,58.79,0.21,NASA_POWER
2007-07-13,sorriso_mt,"Sorriso, MT",-12.5425,-55.7211,0.0,24.91,34.13,17.69,56.16,0.14,NASA_POWER
2007-07-14,sorriso_mt,"Sorriso, MT",-12.5425,-55.7211,0.0,25.87,34.62,18.11,52.93,0.08,NASA_POWER
2007-07-15,sorriso_mt,"Sorriso, MT",-12.5425,-55.7211,0.0,25.92,34.62,18.99,51.78,0.18,NASA_POWER
2007-07-16,sorriso_mt,"Sorriso, MT",-12.5425,-55.7211,0.0,25.8,34.92,17.66,50.03,0.25,NASA_POWER
2007-07-17,sorriso_mt,"Sorriso, MT",-12.5425,-55.7211,0.0,27.97,35.7,18.97,45.99,0.39,NASA_POWER
2007-07-18,sorriso_mt,"Sorriso, MT",-12.5425,-55.7211,1.18,26.15,34.26,20.15,62.84,0.06,NASA_POWER
2007-07-19,sorriso_mt,"Sorriso, MT",-12.5425,-55.7211,0.98,25.82,33.39,20.36,67.61,0.19,NASA_POWER
2007-07-20,sorriso_mt,"Sorriso, MT",-12.5425,-55.7211,0.0,26.44,35.14,19.48,56.99,0.14,NASA_POWER
2007-07-21,sorriso_mt,"Sorriso, MT",-12.5425,-55.7211,0.0,26.5,33.83,20.64,55.18,0.22,NASA_POWER
2007-07-22,sorriso_mt,"Sorriso, MT",-12.5425,-55.7211,0.0,28.07,35.38,21.54,50.24,0.17,NASA_POWER
2007-07-23,sorriso_mt,"Sorriso, MT",-12.5425,-55.7211,22.94,26.17,32.72,21.54,74.99,0.08,NASA_POWER
2007-07-24,sorriso_mt,"Sorriso, MT",-12.5425,-55.7211,0.04,25.76,30.44,22.28,77.92,0.16,NASA_POWER
2007-07-25,sorriso_mt,"Sorriso, MT",-12.5425,-55.7211,13.44,23.05,30.33,17.08,71.14,0.09,NASA_POWER
2007-07-26,sorriso_mt,"Sorriso, MT",-12.5425,-55.7211,0.0,19.7,25.95,15.58,55.84,0.04,NASA_POWER
2007-07-27,sorriso_mt,"Sorriso, MT",-12.5425,-55.7211,0.0,21.51,30.0,13.98,57.34,0.03,NASA_POWER
2007-07-28,sorriso_mt,"Sorriso, MT",-12.5425,-55.7211,0.0,23.06,30.9,16.12,58.19,0.03,NASA_POWER
2007-07-29,sorriso_mt,"Sorriso, MT",-12.5425,-55.7211,0.0,23.3,31.28,16.46,57.52,0.04,NASA_POWER
2007-07-30,sorriso_mt,"Sorriso, MT",-12.5425,-55.7211,0.0,25.21,32.87,18.22,60.33,0.04,NASA_POWER
2007-07-31,sorriso_mt,"Sorriso, MT",-12.5425,-55.7211,0.0,25.36,32.17,19.29,57.67,0.03,NASA_POWER
2007-08-01,sorriso_mt,"Sorriso, MT",-12.5425,-55.7211,0.0,25.59,33.17,20.18,51.95,0.14,NASA_POWER
2007-08-02,sorriso_mt,"Sorriso, MT",-12.5425,-55.7211,0.0,23.74,33.22,16.44,44.34,0.15,NASA_POWER
2007-08-03,sorriso_mt,"Sorriso, MT",-12.5425,-55.7211,0.0,23.27,33.5,14.84,45.2,0.09,NASA_POWER
2007-08-04,sorriso_mt,"Sorriso, MT",-12.5425,-55.7211,0.0,23.28,33.8,14.51,46.63,0.05,NASA_POWER
2007-08-05,sorriso_mt,"Sorriso, MT",-12.5425,-55.7211,0.0,24.26,33.73,15.71,47.01,0.26,NASA_POWER
2007-08-06,sorriso_mt,"Sorriso, MT",-12.5425,-55.7211,0.0,26.45,35.81,18.24,43.13,0.54,NASA_POWER
2007-08-07,sorriso_mt,"Sorriso, MT",-12.5425,-55.7211,0.0,26.15,35.43,17.52,46.98,0.33,NASA_POWER
2007-08-08,sorriso_mt,"Sorriso, MT",-12.5425,-55.7211,0.0,25.62,35.15,17.08,45.36,0.27,NASA_POWER
2007-08-09,sorriso_mt,"Sorriso, MT",-12.5425,-55.7211,0.0,25.44,35.59,17.68,42.44,0.13,NASA_POWER
2007-08-10,sorriso_mt,"Sorriso, MT",-12.5425,-55.7211,0.0,25.05,35.06,17.59,39.76,0.15,NASA_POWER
2007-08-11,sorriso_mt,"Sorriso, MT",-12.5425,-55.7211,0.0,24.69,34.15,17.34,39.01,0.06,NASA_POWER
2007-08-12,sorriso_mt,"Sorriso, MT",-12.5425,-55.7211,0.0,25.08,34.77,17.2,39.45,0.27,NASA_POWER
2007-08-13,sorriso_mt,"Sorriso, MT",-12.5425,-55.7211,0.0,25.17,35.71,16.03,41.06,0.25,NASA_POWER
2007-08-14,sorriso_mt,"Sorriso, MT",-12.5425,-55.7211,0.03,26.04,34.94,19.1,41.36,0.13,NASA_POWER
2007-08-15,sorriso_mt,"Sorriso, MT",-12.5425,-55.7211,0.0,25.85,34.64,18.96,35.5,0.11,NASA_POWER
2007-08-16,sorriso_mt,"Sorriso, MT",-12.5425,-55.7211,0.0,25.57,33.86,19.54,36.31,0.13,NASA_POWER
2007-08-17,sorriso_mt,"Sorriso, MT",-12.5425,-55.7211,0.0,25.18,33.99,18.44,32.72,0.07,NASA_POWER
2007-08-18,sorriso_mt,"Sorriso, MT",-12.5425,-55.7211,0.0,25.33,34.49,17.72,39.63,0.12,NASA_POWER
2007-08-19,sorriso_mt,"Sorriso, MT",-12.5425,-55.7211,0.0,25.57,34.86,17.35,38.3,0.05,NASA_POWER
2007-08-20,sorriso_mt,"Sorriso, MT",-12.5425,-55.7211,0.0,25.9,34.61,18.66,36.17,0.04,NASA_POWER
2007-08-21,sorriso_mt,"Sorriso, MT",-12.5425,-55.7211,0.0,26.29,35.56,18.41,37.76,0.16,NASA_POWER
2007-08-22,sorriso_mt,"Sorriso, MT",-12.5425,-55.7211,0.0,27.18,36.96,17.84,34.04,0.25,NASA_POWER
2007-08-23,sorriso_mt,"Sorriso, MT",-12.5425,-55.7211,0.0,27.19,37.26,18.79,29.65,0.13,NASA_POWER
2007-08-24,sorriso_mt,"Sorriso, MT",-12.5425,-55.7211,0.0,27.59,37.12,18.84,30.29,0.08,NASA_POWER
2007-08-25,sorriso_mt,"Sorriso, MT",-12.5425,-55.7211,0.0,27.78,36.79,19.51,35.85,0.26,NASA_POWER
2007-08-26,sorriso_mt,"Sorriso, MT",-12.5425,-55.7211,0.15,29.22,37.08,21.22,37.77,0.28,NASA_POWER
2007-08-27,sorriso_mt,"Sorriso, MT",-12.5425,-55.7211,0.43,28.66,36.25,22.36,43.18,0.1,NASA_POWER
2007-08-28,sorriso_mt,"Sorriso, MT",-12.5425,-55.7211,0.01,26.78,35.26,19.6,42.48,0.1,NASA_POWER
2007-08-29,sorriso_mt,"Sorriso, MT",-12.5425,-55.7211,0.0,28.45,36.08,21.28,39.51,0.04,NASA_POWER
2007-08-30,sorriso_mt,"Sorriso, MT",-12.5425,-55.7211,0.0,28.95,36.08,23.67,38.73,0.07,NASA_POWER
2007-08-31,sorriso_mt,"Sorriso, MT",-12.5425,-55.7211,0.0,27.86,36.21,21.12,26.78,0.21,NASA_POWER
2007-09-01,sorriso_mt,"Sorriso, MT",-12.5425,-55.7211,0.0,27.44,36.27,19.35,31.45,0.2,NASA_POWER
2007-09-02,sorriso_mt,"Sorriso, MT",-12.5425,-55.7211,0.0,27.51,36.56,20.32,32.3,0.15,NASA_POWER
2007-09-03,sorriso_mt,"Sorriso, MT",-12.5425,-55.7211,0.0,27.85,36.9,20.47,28.9,0.15,NASA_POWER
2007-09-04,sorriso_mt,"Sorriso, MT",-12.5425,-55.7211,0.0,27.85,36.67,20.0,28.45,0.18,NASA_POWER
2007-09-05,sorriso_mt,"Sorriso, MT",-12.5425,-55.7211,0.0,28.23,36.83,20.36,28.76,0.08,NASA_POWER
2007-09-06,sorriso_mt,"Sorriso, MT",-12.5425,-55.7211,0.0,28.12,35.17,22.25,29.96,0.1,NASA_POWER
2007-09-07,sorriso_mt,"Sorriso, MT",-12.5425,-55.7211,0.0,28.02,36.45,20.43,28.04,0.13,NASA_POWER
2007-09-08,sorriso_mt,"Sorriso, MT",-12.5425,-55.7211,0.0,28.49,36.74,20.76,26.85,0.28,NASA_POWER
2007-09-09,sorriso_mt,"Sorriso, MT",-12.5425,-55.7211,0.0,28.15,36.71,19.36,32.51,0.27,NASA_POWER
2007-09-10,sorriso_mt,"Sorriso, MT",-12.5425,-55.7211,0.0,29.61,37.84,23.31,34.66,0.16,NASA_POWER
2007-09-11,sorriso_mt,"Sorriso, MT",-12.5425,-55.7211,0.0,29.31,37.6,21.21,34.95,0.19,NASA_POWER
2007-09-12,sorriso_mt,"Sorriso, MT",-12.5425,-55.7211,0.01,30.15,38.42,23.86,30.59,0.14,NASA_POWER
2007-09-13,sorriso_mt,"Sorriso, MT",-12.5425,-55.7211,0.0,29.97,37.96,22.76,29.74,0.1,NASA_POWER
2007-09-14,sorriso_mt,"Sorriso, MT",-12.5425,-55.7211,0.0,29.78,37.36,23.86,30.7,0.23,NASA_POWER
2007-09-15,sorriso_mt,"Sorriso, MT",-12.5425,-55.7211,0.0,29.56,37.99,22.25,28.75,0.2,NASA_POWER
2007-09-16,sorriso_mt,"Sorriso, MT",-12.5425,-55.7211,0.3,30.87,38.94,24.67,30.37,0.2,NASA_POWER
2007-09-17,sorriso_mt,"Sorriso, MT",-12.5425,-55.7211,0.03,31.61,38.91,24.55,30.05,0.28,NASA_POWER
2007-09-18,sorriso_mt,"Sorriso, MT",-12.5425,-55.7211,0.0,29.82,37.83,22.96,33.61,0.45,NASA_POWER
2007-09-19,sorriso_mt,"Sorriso, MT",-12.5425,-55.7211,5.86,28.72,37.01,22.79,49.59,0.05,NASA_POWER
2007-09-20,sorriso_mt,"Sorriso, MT",-12.5425,-55.7211,8.76,28.26,35.4,23.5,65.24,0.05,NASA_POWER
2007-09-21,sorriso_mt,"Sorriso, MT",-12.5425,-55.7211,0.0,29.5,37.73,23.59,56.65,0.08,NASA_POWER
2007-09-22,sorriso_mt,"Sorriso, MT",-12.5425,-55.7211,0.0,28.1,36.7,21.66,64.23,0.11,NASA_POWER
2007-09-23,sorriso_mt,"Sorriso, MT",-12.5425,-55.7211,0.05,29.03,37.31,21.93,61.01,0.2,NASA_POWER
2007-09-24,sorriso_mt,"Sorriso, MT",-12.5425,-55.7211,0.04,28.43,36.01,22.87,53.32,0.08,NASA_POWER
2007-09-25,sorriso_mt,"Sorriso, MT",-12.5425,-55.7211,0.0,26.68,33.86,21.64,43.93,0.04,NASA_POWER
2007-09-26,sorriso_mt,"Sorriso, MT",-12.5425,-55.7211,0.0,28.46,36.54,21.32,40.12,0.13,NASA_POWER
2007-09-27,sorriso_mt,"Sorriso, MT",-12.5425,-55.7211,0.0,29.49,35.59,22.93,50.42,0.19,NASA_POWER
2007-09-28,sorriso_mt,"Sorriso, MT",-12.5425,-55.7211,0.0,30.06,37.6,24.42,35.13,0.07,NASA_POWER
2007-09-29,sorriso_mt,"Sorriso, MT",-12.5425,-55.7211,0.0,28.96,37.75,21.7,28.81,0.06,NASA_POWER
2007-09-30,sorriso_mt,"Sorriso, MT",-12.5425,-55.7211,0.0,28.74,37.75,19.96,29.6,0.13,NASA_POWER
2007-10-01,sorriso_mt,"Sorriso, MT",-12.5425,-55.7211,0.0,29.21,38.63,21.02,29.11,0.2,NASA_POWER
2007-10-02,sorriso_mt,"Sorriso, MT",-12.5425,-55.7211,0.0,30.25,38.97,22.44,30.22,0.14,NASA_POWER
2007-10-03,sorriso_mt,"Sorriso, MT",-12.5425,-55.7211,0.58,31.73,39.13,23.55,34.57,0.15,NASA_POWER
2007-10-04,sorriso_mt,"Sorriso, MT",-12.5425,-55.7211,0.88,31.0,37.21,25.92,40.89,0.18,NASA_POWER
2007-10-05,sorriso_mt,"Sorriso, MT",-12.5425,-55.7211,0.73,28.61,34.19,24.63,54.75,0.06,NASA_POWER
2007-10-06,sorriso_mt,"Sorriso, MT",-12.5425,-55.7211,13.99,28.44,36.0,23.15,64.99,0.04,NASA_POWER
2007-10-07,sorriso_mt,"Sorriso, MT",-12.5425,-55.7211,3.61,27.01,35.05,22.11,72.11,0.04,NASA_POWER
2007-10-08,sorriso_mt,"Sorriso, MT",-12.5425,-55.7211,0.06,29.19,37.68,21.87,60.85,0.14,NASA_POWER
2007-10-09,sorriso_mt,"Sorriso, MT",-12.5425,-55.7211,0.03,30.28,38.53,22.69,54.67,0.07,NASA_POWER
2007-10-10,sorriso_mt,"Sorriso, MT",-12.5425,-55.7211,0.12,30.24,36.85,25.2,57.02,0.04,NASA_POWER
2007-10-11,sorriso_mt,"Sorriso, MT",-12.5425,-55.7211,2.45,29.12,36.56,23.66,60.57,0.02,NASA_POWER
2007-10-12,sorriso_mt,"Sorriso, MT",-12.5425,-55.7211,1.99,27.48,34.16,22.93,72.32,0.02,NASA_POWER
2007-10-13,sorriso_mt,"Sorriso, MT",-12.5425,-55.7211,7.12,27.02,33.22,21.78,75.56,0.09,NASA_POWER
2007-10-14,sorriso_mt,"Sorriso, MT",-12.5425,-55.7211,6.98,26.97,34.04,22.28,73.2,0.03,NASA_POWER
2007-10-15,sorriso_mt,"Sorriso, MT",-12.5425,-55.7211,0.96,26.85,33.38,22.2,72.75,0.03,NASA_POWER
2007-10-16,sorriso_mt,"Sorriso, MT",-12.5425,-55.7211,3.69,28.75,35.65,21.88,65.15,0.05,NASA_POWER
2007-10-17,sorriso_mt,"Sorriso, MT",-12.5425,-55.7211,1.34,29.4,36.54,23.17,62.88,0.02,NASA_POWER
2007-10-18,sorriso_mt,"Sorriso, MT",-12.5425,-55.7211,0.1,28.54,35.17,23.27,66.48,0.03,NASA_POWER
2007-10-19,sorriso_mt,"Sorriso, MT",-12.5425,-55.7211,0.0,27.92,34.27,23.62,64.96,0.03,NASA_POWER
2007-10-20,sorriso_mt,"Sorriso, MT",-12.5425,-55.7211,2.27,28.64,36.06,22.25,65.22,0.04,NASA_POWER
2007-10-21,sorriso_mt,"Sorriso, MT",-12.5425,-55.7211,0.19,27.04,32.16,24.14,69.13,0.02,NASA_POWER
2007-10-22,sorriso_mt,"Sorriso, MT",-12.5425,-55.7211,20.97,27.9,35.26,21.84,68.32,0.03,NASA_POWER
2007-10-23,sorriso_mt,"Sorriso, MT",-12.5425,-55.7211,3.29,27.28,33.19,22.27,73.76,0.03,NASA_POWER
2007-10-24,sorriso_mt,"Sorriso, MT",-12.5425,-55.7211,11.13,26.26,31.78,22.44,73.94,0.04,NASA_POWER
2007-10-25,sorriso_mt,"Sorriso, MT",-12.5425,-55.7211,22.82,23.39,25.7,21.65,91.44,0.02,NASA_POWER
2007-10-26,sorriso_mt,"Sorriso, MT",-12.5425,-55.7211,1.22,25.46,31.42,20.65,78.54,0.02,NASA_POWER
2007-10-27,sorriso_mt,"Sorriso, MT",-12.5425,-55.7211,16.04,26.61,33.28,21.34,73.67,0.09,NASA_POWER
2007-10-28,sorriso_mt,"Sorriso, MT",-12.5425,-55.7211,0.51,27.54,34.09,21.66,71.58,0.13,NASA_POWER
2007-10-29,sorriso_mt,"Sorriso, MT",-12.5425,-55.7211,0.01,27.15,32.74,22.91,70.86,0.09,NASA_POWER
2007-10-30,sorriso_mt,"Sorriso, MT",-12.5425,-55.7211,6.03,26.59,32.66,22.64,76.71,0.04,NASA_POWER
2007-10-31,sorriso_mt,"Sorriso, MT",-12.5425,-55.7211,0.09,27.74,33.45,22.72,73.24,0.02,NASA_POWER
2007-11-01,sorriso_mt,"Sorriso, MT",-12.5425,-55.7211,0.0,27.38,31.97,23.24,72.19,0.17,NASA_POWER
2007-11-02,sorriso_mt,"Sorriso, MT",-12.5425,-55.7211,3.46,27.07,32.62,23.17,69.88,0.03,NASA_POWER
2007-11-03,sorriso_mt,"Sorriso, MT",-12.5425,-55.7211,1.86,26.17,31.81,22.69,75.06,0.03,NASA_POWER
2007-11-04,sorriso_mt,"Sorriso, MT",-12.5425,-55.7211,1.14,25.96,30.55,21.12,73.28,0.03,NASA_POWER
2007-11-05,sorriso_mt,"Sorriso, MT",-12.5425,-55.7211,3.33,27.43,33.25,22.05,71.3,0.04,NASA_POWER
2007-11-06,sorriso_mt,"Sorriso, MT",-12.5425,-55.7211,38.06,27.19,33.02,22.81,78.83,0.05,NASA_POWER
2007-11-07,sorriso_mt,"Sorriso, MT",-12.5425,-55.7211,29.89,24.41,27.04,22.42,93.07,0.03,NASA_POWER
2007-11-08,sorriso_mt,"Sorriso, MT",-12.5425,-55.7211,18.78,24.82,27.56,22.46,90.03,0.03,NASA_POWER
2007-11-09,sorriso_mt,"Sorriso, MT",-12.5425,-55.7211,11.96,24.54,27.76,21.84,91.7,0.13,NASA_POWER
2007-11-10,sorriso_mt,"Sorriso, MT",-12.5425,-55.7211,25.22,24.53,26.87,22.84,95.74,0.15,NASA_POWER
2007-11-11,sorriso_mt,"Sorriso, MT",-12.5425,-55.7211,31.0,24.85,29.27,21.66,88.8,0.04,NASA_POWER
2007-11-12,sorriso_mt,"Sorriso, MT",-12.5425,-55.7211,6.96,24.48,29.07,20.79,85.72,0.17,NASA_POWER
2007-11-13,sorriso_mt,"Sorriso, MT",-12.5425,-55.7211,0.64,24.81,28.57,21.0,87.49,0.16,NASA_POWER
2007-11-14,sorriso_mt,"Sorriso, MT",-12.5425,-55.7211,0.38,24.68,27.63,21.9,89.73,0.06,NASA_POWER
2007-11-15,sorriso_mt,"Sorriso, MT",-12.5425,-55.7211,0.18,25.73,29.51,22.06,82.88,0.03,NASA_POWER
2007-11-16,sorriso_mt,"Sorriso, MT",-12.5425,-55.7211,4.51,26.15,30.44,22.78,81.76,0.04,NASA_POWER
2007-11-17,sorriso_mt,"Sorriso, MT",-12.5425,-55.7211,8.22,27.03,31.34,22.32,81.91,0.07,NASA_POWER
2007-11-18,sorriso_mt,"Sorriso, MT",-12.5425,-55.7211,4.12,26.45,31.23,22.17,82.83,0.09,NASA_POWER
2007-11-19,sorriso_mt,"Sorriso, MT",-12.5425,-55.7211,13.78,26.19,30.33,22.36,84.71,0.05,NASA_POWER
2007-11-20,sorriso_mt,"Sorriso, MT",-12.5425,-55.7211,4.8,24.56,28.41,22.27,90.2,0.08,NASA_POWER
2007-11-21,sorriso_mt,"Sorriso, MT",-12.5425,-55.7211,8.9,25.09,29.34,21.67,87.45,0.07,NASA_POWER
2007-11-22,sorriso_mt,"Sorriso, MT",-12.5425,-55.7211,14.2,25.33,29.08,21.82,88.81,0.05,NASA_POWER
2007-11-23,sorriso_mt,"Sorriso, MT",-12.5425,-55.7211,6.29,24.74,27.48,22.86,93.62,0.02,NASA_POWER
2007-11-24,sorriso_mt,"Sorriso, MT",-12.5425,-55.7211,1.87,24.35,27.17,22.08,92.9,0.12,NASA_POWER
2007-11-25,sorriso_mt,"Sorriso, MT",-12.5425,-55.7211,20.27,24.75,28.21,21.54,90.45,0.16,NASA_POWER
2007-11-26,sorriso_mt,"Sorriso, MT",-12.5425,-55.7211,3.56,25.28,29.36,21.66,86.77,0.21,NASA_POWER
2007-11-27,sorriso_mt,"Sorriso, MT",-12.5425,-55.7211,1.72,24.54,26.85,22.3,91.91,0.09,NASA_POWER
2007-11-28,sorriso_mt,"Sorriso, MT",-12.5425,-55.7211,44.4,24.24,26.83,22.29,92.98,0.05,NASA_POWER
2007-11-29,sorriso_mt,"Sorriso, MT",-12.5425,-55.7211,6.07,23.97,26.87,21.82,93.03,0.12,NASA_POWER
2007-11-30,sorriso_mt,"Sorriso, MT",-12.5425,-55.7211,4.79,23.77,26.23,21.71,92.8,0.05,NASA_POWER
2007-12-01,sorriso_mt,"Sorriso, MT",-12.5425,-55.7211,56.43,23.2,25.58,21.15,94.81,0.03,NASA_POWER
2007-12-02,sorriso_mt,"Sorriso, MT",-12.5425,-55.7211,29.76,23.88,27.1,21.32,92.66,0.03,NASA_POWER
2007-12-03,sorriso_mt,"Sorriso, MT",-12.5425,-55.7211,14.17,24.13,27.44,21.32,92.88,0.04,NASA_POWER
2007-12-04,sorriso_mt,"Sorriso, MT",-12.5425,-55.7211,14.27,23.95,27.08,21.8,92.12,0.03,NASA_POWER
2007-12-05,sorriso_mt,"Sorriso, MT",-12.5425,-55.7211,0.27,24.79,28.72,20.77,88.11,0.06,NASA_POWER
2007-12-06,sorriso_mt,"Sorriso, MT",-12.5425,-55.7211,0.29,25.22,28.79,22.31,85.63,0.09,NASA_POWER
2007-12-07,sorriso_mt,"Sorriso, MT",-12.5425,-55.7211,22.83,24.92,28.47,21.95,89.26,0.07,NASA_POWER
2007-12-08,sorriso_mt,"Sorriso, MT",-12.5425,-55.7211,1.5,24.32,27.25,21.88,91.19,0.02,NASA_POWER
2007-12-09,sorriso_mt,"Sorriso, MT",-12.5425,-55.7211,3.33,24.61,28.97,21.16,86.3,0.17,NASA_POWER
2007-12-10,sorriso_mt,"Sorriso, MT",-12.5425,-55.7211,3.71,23.63,25.86,21.83,94.79,0.11,NASA_POWER
2007-12-11,sorriso_mt,"Sorriso, MT",-12.5425,-55.7211,9.23,24.42,27.91,21.53,88.11,0.13,NASA_POWER
2007-12-12,sorriso_mt,"Sorriso, MT",-12.5425,-55.7211,0.32,25.21,29.02,21.03,85.78,0.18,NASA_POWER
2007-12-13,sorriso_mt,"Sorriso, MT",-12.5425,-55.7211,0.86,25.69,29.79,21.24,86.66,0.1,NASA_POWER
2007-12-14,sorriso_mt,"Sorriso, MT",-12.5425,-55.7211,0.27,25.74,29.6,22.48,88.11,0.09,NASA_POWER
2007-12-15,sorriso_mt,"Sorriso, MT",-12.5425,-55.7211,0.11,24.19,26.4,21.79,91.56,0.13,NASA_POWER
2007-12-16,sorriso_mt,"Sorriso, MT",-12.5425,-55.7211,2.37,25.09,29.28,20.41,85.0,0.15,NASA_POWER
2007-12-17,sorriso_mt,"Sorriso, MT",-12.5425,-55.7211,6.73,24.99,28.79,21.55,86.17,0.17,NASA_POWER
2007-12-18,sorriso_mt,"Sorriso, MT",-12.5425,-55.7211,8.7,24.51,27.96,21.0,92.01,0.12,NASA_POWER
2007-12-19,sorriso_mt,"Sorriso, MT",-12.5425,-55.7211,9.75,23.08,24.07,21.99,97.47,0.03,NASA_POWER
2007-12-20,sorriso_mt,"Sorriso, MT",-12.5425,-55.7211,3.27,23.74,26.4,21.51,95.09,0.09,NASA_POWER
2007-12-21,sorriso_mt,"Sorriso, MT",-12.5425,-55.7211,2.04,24.79,28.15,22.51,90.7,0.03,NASA_POWER
2007-12-22,sorriso_mt,"Sorriso, MT",-12.5425,-55.7211,0.87,24.78,28.42,22.28,90.07,0.07,NASA_POWER
2007-12-23,sorriso_mt,"Sorriso, MT",-12.5425,-55.7211,0.5,24.49,27.74,21.88,88.66,0.06,NASA_POWER
2007-12-24,sorriso_mt,"Sorriso, MT",-12.5425,-55.7211,3.99,24.98,28.73,21.34,88.11,0.05,NASA_POWER
2007-12-25,sorriso_mt,"Sorriso, MT",-12.5425,-55.7211,2.38,24.55,28.2,21.36,87.52,0.07,NASA_POWER
2007-12-26,sorriso_mt,"Sorriso, MT",-12.5425,-55.7211,3.85,24.64,27.35,21.77,88.26,0.11,NASA_POWER
2007-12-27,sorriso_mt,"Sorriso, MT",-12.5425,-55.7211,4.5,24.24,27.34,21.45,89.31,0.18,NASA_POWER
2007-12-28,sorriso_mt,"Sorriso, MT",-12.5425,-55.7211,6.24,24.33,27.83,21.06,88.92,0.18,NASA_POWER
2007-12-29,sorriso_mt,"Sorriso, MT",-12.5425,-55.7211,0.94,24.41,28.33,21.04,88.31,0.18,NASA_POWER
2007-12-30,sorriso_mt,"Sorriso, MT",-12.5425,-55.7211,7.57,24.22,26.85,21.15,92.17,0.24,NASA_POWER
2007-12-31,sorriso_mt,"Sorriso, MT",-12.5425,-55.7211,15.85,24.61,27.33,21.11,91.12,0.19,NASA_POWER
2008-01-01,sorriso_mt,"Sorriso, MT",-12.5425,-55.7211,9.66,24.65,28.1,21.99,87.37,0.22,NASA_POWER
2008-01-02,sorriso_mt,"Sorriso, MT",-12.5425,-55.7211,7.27,24.3,28.07,20.55,89.49,0.2,NASA_POWER
2008-01-03,sorriso_mt,"Sorriso, MT",-12.5425,-55.7211,1.2,24.86,28.22,21.28,87.36,0.23,NASA_POWER
2008-01-04,sorriso_mt,"Sorriso, MT",-12.5425,-55.7211,26.94,24.95,28.41,22.01,89.03,0.21,NASA_POWER
2008-01-05,sorriso_mt,"Sorriso, MT",-12.5425,-55.7211,1.16,24.61,28.39,20.74,82.75,0.19,NASA_POWER
2008-01-06,sorriso_mt,"Sorriso, MT",-12.5425,-55.7211,1.06,25.19,29.56,21.16,84.25,0.19,NASA_POWER
2008-01-07,sorriso_mt,"Sorriso, MT",-12.5425,-55.7211,60.03,25.14,28.7,21.27,91.9,0.15,NASA_POWER
2008-01-08,sorriso_mt,"Sorriso, MT",-12.5425,-55.7211,13.34,23.99,26.55,21.94,94.6,0.08,NASA_POWER
2008-01-09,sorriso_mt,"Sorriso, MT",-12.5425,-55.7211,1.25,24.34,27.75,21.8,88.14,0.13,NASA_POWER
2008-01-10,sorriso_mt,"Sorriso, MT",-12.5425,-55.7211,4.51,24.18,27.69,21.37,90.83,0.04,NASA_POWER
2008-01-11,sorriso_mt,"Sorriso, MT",-12.5425,-55.7211,4.73,24.38,27.82,21.43,90.85,0.03,NASA_POWER
2008-01-12,sorriso_mt,"Sorriso, MT",-12.5425,-55.7211,3.93,24.58,27.95,21.65,89.28,0.14,NASA_POWER
2008-01-13,sorriso_mt,"Sorriso, MT",-12.5425,-55.7211,6.12,24.73,28.52,21.78,88.13,0.25,NASA_POWER
2008-01-14,sorriso_mt,"Sorriso, MT",-12.5425,-55.7211,17.73,24.27,27.6,21.35,89.79,0.18,NASA_POWER
2008-01-15,sorriso_mt,"Sorriso, MT",-12.5425,-55.7211,1.53,24.41,28.43,20.68,89.59,0.06,NASA_POWER
2008-01-16,sorriso_mt,"Sorriso, MT",-12.5425,-55.7211,8.35,24.01,27.57,21.89,89.33,0.04,NASA_POWER
2008-01-17,sorriso_mt,"Sorriso, MT",-12.5425,-55.7211,4.79,23.91,27.6,20.97,88.96,0.09,NASA_POWER
2008-01-18,sorriso_mt,"Sorriso, MT",-12.5425,-55.7211,60.12,24.32,27.79,20.7,90.61,0.12,NASA_POWER
2008-01-19,sorriso_mt,"Sorriso, MT",-12.5425,-55.7211,20.52,24.1,27.09,21.66,93.1,0.09,NASA_POWER
2008-01-20,sorriso_mt,"Sorriso, MT",-12.5425,-55.7211,0.47,24.89,29.28,20.91,86.19,0.21,NASA_POWER
2008-01-21,sorriso_mt,"Sorriso, MT",-12.5425,-55.7211,12.39,24.28,27.17,21.63,90.5,0.15,NASA_POWER
2008-01-22,sorriso_mt,"Sorriso, MT",-12.5425,-55.7211,13.41,23.43,25.49,21.95,94.63,0.14,NASA_POWER
2008-01-23,sorriso_mt,"Sorriso, MT",-12.5425,-55.7211,32.03,23.66,26.53,20.78,92.77,0.23,NASA_POWER
2008-01-24,sorriso_mt,"Sorriso, MT",-12.5425,-55.7211,16.14,23.23,24.67,21.97,96.51,0.19,NASA_POWER
2008-01-25,sorriso_mt,"Sorriso, MT",-12.5425,-55.7211,8.04,23.44,26.19,20.62,95.36,0.14,NASA_POWER
2008-01-26,sorriso_mt,"Sorriso, MT",-12.5425,-55.7211,31.89,24.47,27.6,21.4,93.76,0.06,NASA_POWER
2008-01-27,sorriso_mt,"Sorriso, MT",-12.5425,-55.7211,30.28,23.31,25.26,21.95,96.18,0.04,NASA_POWER
2008-01-28,sorriso_mt,"Sorriso, MT",-12.5425,-55.7211,9.36,23.49,26.74,21.13,93.04,0.11,NASA_POWER
2008-01-29,sorriso_mt,"Sorriso, MT",-12.5425,-55.7211,7.17,24.03,27.69,21.11,91.88,0.05,NASA_POWER
2008-01-30,sorriso_mt,"Sorriso, MT",-12.5425,-55.7211,20.59,23.92,26.72,21.66,94.7,0.03,NASA_POWER
2008-01-31,sorriso_mt,"Sorriso, MT",-12.5425,-55.7211,3.71,22.95,25.03,21.4,93.06,0.04,NASA_POWER
2008-02-01,sorriso_mt,"Sorriso, MT",-12.5425,-55.7211,5.17,23.1,25.53,21.29,93.98,0.04,NASA_POWER
2008-02-02,sorriso_mt,"Sorriso, MT",-12.5425,-55.7211,15.84,23.48,26.51,21.58,95.66,0.03,NASA_POWER
2008-02-03,sorriso_mt,"Sorriso, MT",-12.5425,-55.7211,36.62,22.69,24.54,21.09,97.36,0.05,NASA_POWER
2008-02-04,sorriso_mt,"Sorriso, MT",-12.5425,-55.7211,17.94,22.94,24.79,21.18,96.49,0.09,NASA_POWER
2008-02-05,sorriso_mt,"Sorriso, MT",-12.5425,-55.7211,10.19,23.94,27.29,21.7,91.86,0.03,NASA_POWER
2008-02-06,sorriso_mt,"Sorriso, MT",-12.5425,-55.7211,3.53,23.87,26.98,21.12,91.07,0.16,NASA_POWER
2008-02-07,sorriso_mt,"Sorriso, MT",-12.5425,-55.7211,4.03,23.43,26.17,21.4,90.69,0.1,NASA_POWER
2008-02-08,sorriso_mt,"Sorriso, MT",-12.5425,-55.7211,4.79,24.47,28.71,21.1,87.29,0.11,NASA_POWER
2008-02-09,sorriso_mt,"Sorriso, MT",-12.5425,-55.7211,1.89,25.18,28.83,21.4,86.25,0.09,NASA_POWER
2008-02-10,sorriso_mt,"Sorriso, MT",-12.5425,-55.7211,0.4,24.85,27.11,23.01,86.2,0.17,NASA_POWER
2008-02-11,sorriso_mt,"Sorriso, MT",-12.5425,-55.7211,0.84,24.62,28.3,21.2,86.84,0.07,NASA_POWER
2008-02-12,sorriso_mt,"Sorriso, MT",-12.5425,-55.7211,7.25,25.14,28.74,20.8,84.06,0.17,NASA_POWER
2008-02-13,sorriso_mt,"Sorriso, MT",-12.5425,-55.7211,9.25,24.8,28.37,21.53,90.55,0.16,NASA_POWER
2008-02-14,sorriso_mt,"Sorriso, MT",-12.5425,-55.7211,8.43,24.65,28.08,21.87,90.89,0.17,NASA_POWER
2008-02-15,sorriso_mt,"Sorriso, MT",-12.5425,-55.7211,22.68,24.39,27.92,21.52,93.43,0.1,NASA_POWER
2008-02-16,sorriso_mt,"Sorriso, MT",-12.5425,-55.7211,8.85,23.52,25.78,21.96,94.87,0.04,NASA_POWER
2008-02-17,sorriso_mt,"Sorriso, MT",-12.5425,-55.7211,13.33,23.57,26.69,21.08,89.72,0.04,NASA_POWER
2008-02-18,sorriso_mt,"Sorriso, MT",-12.5425,-55.7211,5.73,23.45,26.54,20.92,92.11,0.04,NASA_POWER
2008-02-19,sorriso_mt,"Sorriso, MT",-12.5425,-55.7211,13.35,23.8,27.35,20.9,91.7,0.05,NASA_POWER
2008-02-20,sorriso_mt,"Sorriso, MT",-12.5425,-55.7211,18.64,23.79,27.13,21.7,92.39,0.1,NASA_POWER
2008-02-21,sorriso_mt,"Sorriso, MT",-12.5425,-55.7211,8.98,23.54,26.5,20.9,93.29,0.03,NASA_POWER
2008-02-22,sorriso_mt,"Sorriso, MT",-12.5425,-55.7211,17.16,23.85,26.67,21.37,91.51,0.15,NASA_POWER
2008-02-23,sorriso_mt,"Sorriso, MT",-12.5425,-55.7211,3.59,25.12,28.89,21.28,85.23,0.21,NASA_POWER
2008-02-24,sorriso_mt,"Sorriso, MT",-12.5425,-55.7211,6.23,25.35,28.42,21.66,83.99,0.24,NASA_POWER
2008-02-25,sorriso_mt,"Sorriso, MT",-12.5425,-55.7211,7.6,24.81,28.7,21.38,90.37,0.15,NASA_POWER
2008-02-26,sorriso_mt,"Sorriso, MT",-12.5425,-55.7211,3.55,24.1,27.48,21.11,88.7,0.16,NASA_POWER
2008-02-27,sorriso_mt,"Sorriso, MT",-12.5425,-55.7211,10.61,24.61,28.51,20.67,86.61,0.15,NASA_POWER
2008-02-28,sorriso_mt,"Sorriso, MT",-12.5425,-55.7211,4.33,24.39,27.26,22.42,91.07,0.16,NASA_POWER
2008-02-29,sorriso_mt,"Sorriso, MT",-12.5425,-55.7211,27.42,23.9,26.63,21.59,94.25,0.07,NASA_POWER
2008-03-01,sorriso_mt,"Sorriso, MT",-12.5425,-55.7211,19.62,23.13,26.01,20.93,94.08,0.03,NASA_POWER
2008-03-02,sorriso_mt,"Sorriso, MT",-12.5425,-55.7211,1.98,24.08,27.91,21.17,88.74,0.12,NASA_POWER
2008-03-03,sorriso_mt,"Sorriso, MT",-12.5425,-55.7211,7.42,24.44,27.87,21.33,91.64,0.06,NASA_POWER
2008-03-04,sorriso_mt,"Sorriso, MT",-12.5425,-55.7211,13.08,23.52,25.74,22.15,95.47,0.08,NASA_POWER
2008-03-05,sorriso_mt,"Sorriso, MT",-12.5425,-55.7211,9.94,23.48,25.8,21.34,94.71,0.04,NASA_POWER
2008-03-06,sorriso_mt,"Sorriso, MT",-12.5425,-55.7211,1.35,23.91,27.55,21.33,90.75,0.1,NASA_POWER
2008-03-07,sorriso_mt,"Sorriso, MT",-12.5425,-55.7211,1.6,24.43,28.22,21.23,88.81,0.06,NASA_POWER
2008-03-08,sorriso_mt,"Sorriso, MT",-12.5425,-55.7211,11.68,24.3,27.35,21.99,90.16,0.06,NASA_POWER
2008-03-09,sorriso_mt,"Sorriso, MT",-12.5425,-55.7211,0.95,24.25,28.2,21.49,88.48,0.05,NASA_POWER
2008-03-10,sorriso_mt,"Sorriso, MT",-12.5425,-55.7211,1.6,25.02,28.48,21.11,86.21,0.07,NASA_POWER
2008-03-11,sorriso_mt,"Sorriso, MT",-12.5425,-55.7211,3.46,24.74,28.39,21.79,89.27,0.11,NASA_POWER
2008-03-12,sorriso_mt,"Sorriso, MT",-12.5425,-55.7211,4.95,24.81,28.6,21.41,89.69,0.11,NASA_POWER
2008-03-13,sorriso_mt,"Sorriso, MT",-12.5425,-55.7211,5.3,23.69,26.5,21.97,93.2,0.03,NASA_POWER
2008-03-14,sorriso_mt,"Sorriso, MT",-12.5425,-55.7211,6.67,23.76,27.17,20.66,91.07,0.16,NASA_POWER
2008-03-15,sorriso_mt,"Sorriso, MT",-12.5425,-55.7211,22.17,22.73,24.32,21.5,96.21,0.14,NASA_POWER
2008-03-16,sorriso_mt,"Sorriso, MT",-12.5425,-55.7211,18.89,23.69,27.47,20.79,91.37,0.04,NASA_POWER
2008-03-17,sorriso_mt,"Sorriso, MT",-12.5425,-55.7211,22.95,23.59,27.23,20.52,91.46,0.07,NASA_POWER
2008-03-18,sorriso_mt,"Sorriso, MT",-12.5425,-55.7211,6.61,23.69,28.04,19.94,89.28,0.11,NASA_POWER
2008-03-19,sorriso_mt,"Sorriso, MT",-12.5425,-55.7211,10.31,23.92,27.61,20.63,89.93,0.09,NASA_POWER
2008-03-20,sorriso_mt,"Sorriso, MT",-12.5425,-55.7211,12.84,23.3,25.97,21.43,93.13,0.03,NASA_POWER
2008-03-21,sorriso_mt,"Sorriso, MT",-12.5425,-55.7211,1.58,23.62,26.88,21.1,92.33,0.11,NASA_POWER
2008-03-22,sorriso_mt,"Sorriso, MT",-12.5425,-55.7211,1.68,24.2,27.12,21.69,90.58,0.15,NASA_POWER
2008-03-23,sorriso_mt,"Sorriso, MT",-12.5425,-55.7211,0.77,24.7,27.79,21.75,86.42,0.09,NASA_POWER
2008-03-24,sorriso_mt,"Sorriso, MT",-12.5425,-55.7211,3.63,25.39,29.05,21.18,86.72,0.29,NASA_POWER
2008-03-25,sorriso_mt,"Sorriso, MT",-12.5425,-55.7211,7.28,25.46,29.03,22.79,88.87,0.22,NASA_POWER
2008-03-26,sorriso_mt,"Sorriso, MT",-12.5425,-55.7211,6.08,25.23,29.19,21.55,90.84,0.06,NASA_POWER
2008-03-27,sorriso_mt,"Sorriso, MT",-12.5425,-55.7211,1.64,25.35,28.9,22.28,89.87,0.05,NASA_POWER
2008-03-28,sorriso_mt,"Sorriso, MT",-12.5425,-55.7211,6.49,25.21,28.39,22.56,91.16,0.05,NASA_POWER
2008-03-29,sorriso_mt,"Sorriso, MT",-12.5425,-55.7211,5.12,24.7,27.45,22.38,91.42,0.16,NASA_POWER
2008-03-30,sorriso_mt,"Sorriso, MT",-12.5425,-55.7211,4.14,25.01,28.7,21.4,88.91,0.19,NASA_POWER
2008-03-31,sorriso_mt,"Sorriso, MT",-12.5425,-55.7211,9.5,24.24,26.09,22.98,93.53,0.2,NASA_POWER
2008-04-01,sorriso_mt,"Sorriso, MT",-12.5425,-55.7211,12.0,23.45,26.04,21.36,95.63,0.17,NASA_POWER
2008-04-02,sorriso_mt,"Sorriso, MT",-12.5425,-55.7211,14.17,23.14,26.25,20.98,92.14,0.18,NASA_POWER
2008-04-03,sorriso_mt,"Sorriso, MT",-12.5425,-55.7211,5.36,23.12,26.44,20.66,92.58,0.05,NASA_POWER
2008-04-04,sorriso_mt,"Sorriso, MT",-12.5425,-55.7211,2.66,23.22,26.32,20.91,93.12,0.02,NASA_POWER
2008-04-05,sorriso_mt,"Sorriso, MT",-12.5425,-55.7211,0.1,22.23,25.8,20.0,86.67,0.03,NASA_POWER
2008-04-06,sorriso_mt,"Sorriso, MT",-12.5425,-55.7211,0.0,22.26,26.87,18.63,87.03,0.04,NASA_POWER
2008-04-07,sorriso_mt,"Sorriso, MT",-12.5425,-55.7211,0.0,23.35,27.66,18.75,84.56,0.31,NASA_POWER
2008-04-08,sorriso_mt,"Sorriso, MT",-12.5425,-55.7211,0.08,24.27,28.77,19.73,89.51,0.08,NASA_POWER
2008-04-09,sorriso_mt,"Sorriso, MT",-12.5425,-55.7211,0.01,24.31,27.4,22.17,92.03,0.13,NASA_POWER
2008-04-10,sorriso_mt,"Sorriso, MT",-12.5425,-55.7211,0.47,24.96,28.89,21.91,89.53,0.08,NASA_POWER
2008-04-11,sorriso_mt,"Sorriso, MT",-12.5425,-55.7211,0.16,24.38,27.18,21.67,92.3,0.18,NASA_POWER
2008-04-12,sorriso_mt,"Sorriso, MT",-12.5425,-55.7211,0.12,24.95,28.46,21.35,87.4,0.23,NASA_POWER
2008-04-13,sorriso_mt,"Sorriso, MT",-12.5425,-55.7211,3.19,23.87,26.57,21.59,93.56,0.21,NASA_POWER
2008-04-14,sorriso_mt,"Sorriso, MT",-12.5425,-55.7211,4.0,23.78,27.35,21.07,93.01,0.06,NASA_POWER
2008-04-15,sorriso_mt,"Sorriso, MT",-12.5425,-55.7211,0.31,24.3,28.18,20.91,87.62,0.14,NASA_POWER
2008-04-16,sorriso_mt,"Sorriso, MT",-12.5425,-55.7211,7.73,23.86,27.45,20.95,90.99,0.02,NASA_POWER
2008-04-17,sorriso_mt,"Sorriso, MT",-12.5425,-55.7211,1.16,23.93,27.72,21.41,91.28,0.03,NASA_POWER
2008-04-18,sorriso_mt,"Sorriso, MT",-12.5425,-55.7211,1.65,24.24,28.27,20.4,89.56,0.06,NASA_POWER
2008-04-19,sorriso_mt,"Sorriso, MT",-12.5425,-55.7211,3.02,24.82,28.5,21.6,89.69,0.07,NASA_POWER
2008-04-20,sorriso_mt,"Sorriso, MT",-12.5425,-55.7211,3.79,23.69,26.79,21.65,93.96,0.06,NASA_POWER
2008-04-21,sorriso_mt,"Sorriso, MT",-12.5425,-55.7211,8.77,23.93,27.27,21.1,90.7,0.12,NASA_POWER
2008-04-22,sorriso_mt,"Sorriso, MT",-12.5425,-55.7211,2.86,23.36,26.49,21.1,94.1,0.08,NASA_POWER
2008-04-23,sorriso_mt,"Sorriso, MT",-12.5425,-55.7211,8.75,24.34,28.4,20.35,89.17,0.18,NASA_POWER
2008-04-24,sorriso_mt,"Sorriso, MT",-12.5425,-55.7211,3.05,23.84,27.16,21.27,92.72,0.12,NASA_POWER
2008-04-25,sorriso_mt,"Sorriso, MT",-12.5425,-55.7211,0.76,24.23,27.93,21.07,88.4,0.2,NASA_POWER
2008-04-26,sorriso_mt,"Sorriso, MT",-12.5425,-55.7211,5.05,24.58,28.22,20.98,89.71,0.2,NASA_POWER
2008-04-27,sorriso_mt,"Sorriso, MT",-12.5425,-55.7211,0.21,24.11,26.95,21.97,93.17,0.13,NASA_POWER
2008-04-28,sorriso_mt,"Sorriso, MT",-12.5425,-55.7211,0.72,25.13,28.74,21.42,88.51,0.17,NASA_POWER
2008-04-29,sorriso_mt,"Sorriso, MT",-12.5425,-55.7211,1.31,24.85,26.57,22.97,92.81,0.24,NASA_POWER
2008-04-30,sorriso_mt,"Sorriso, MT",-12.5425,-55.7211,1.35,24.5,27.75,21.33,90.19,0.18,NASA_POWER
2008-05-01,sorriso_mt,"Sorriso, MT",-12.5425,-55.7211,2.45,24.51,28.01,22.17,90.43,0.08,NASA_POWER
2008-05-02,sorriso_mt,"Sorriso, MT",-12.5425,-55.7211,2.88,23.19,27.06,19.47,87.25,0.05,NASA_POWER
2008-05-03,sorriso_mt,"Sorriso, MT",-12.5425,-55.7211,0.01,19.98,23.34,17.18,79.78,0.04,NASA_POWER
2008-05-04,sorriso_mt,"Sorriso, MT",-12.5425,-55.7211,0.0,19.51,24.07,15.13,83.78,0.04,NASA_POWER
2008-05-05,sorriso_mt,"Sorriso, MT",-12.5425,-55.7211,0.08,20.99,25.71,16.15,86.9,0.04,NASA_POWER
2008-05-06,sorriso_mt,"Sorriso, MT",-12.5425,-55.7211,0.0,22.76,27.39,18.04,87.35,0.13,NASA_POWER
2008-05-07,sorriso_mt,"Sorriso, MT",-12.5425,-55.7211,0.46,23.21,27.35,19.84,89.71,0.03,NASA_POWER
2008-05-08,sorriso_mt,"Sorriso, MT",-12.5425,-55.7211,0.02,22.87,26.22,20.22,92.2,0.06,NASA_POWER
2008-05-09,sorriso_mt,"Sorriso, MT",-12.5425,-55.7211,0.13,23.23,26.86,20.41,90.77,0.06,NASA_POWER
2008-05-10,sorriso_mt,"Sorriso, MT",-12.5425,-55.7211,0.01,23.25,27.27,20.19,89.09,0.04,NASA_POWER
2008-05-11,sorriso_mt,"Sorriso, MT",-12.5425,-55.7211,0.0,22.68,27.07,18.68,88.29,0.07,NASA_POWER
2008-05-12,sorriso_mt,"Sorriso, MT",-12.5425,-55.7211,0.11,22.69,26.99,18.73,88.0,0.04,NASA_POWER
2008-05-13,sorriso_mt,"Sorriso, MT",-12.5425,-55.7211,0.01,22.47,26.43,18.99,88.66,0.03,NASA_POWER
2008-05-14,sorriso_mt,"Sorriso, MT",-12.5425,-55.7211,0.0,22.4,26.05,19.52,88.96,0.03,NASA_POWER
2008-05-15,sorriso_mt,"Sorriso, MT",-12.5425,-55.7211,0.0,22.63,26.48,19.49,90.0,0.04,NASA_POWER
2008-05-16,sorriso_mt,"Sorriso, MT",-12.5425,-55.7211,0.03,22.93,26.48,19.66,89.13,0.03,NASA_POWER
2008-05-17,sorriso_mt,"Sorriso, MT",-12.5425,-55.7211,0.01,22.83,26.65,19.98,89.85,0.03,NASA_POWER
2008-05-18,sorriso_mt,"Sorriso, MT",-12.5425,-55.7211,0.0,23.46,27.86,19.38,89.68,0.04,NASA_POWER
2008-05-19,sorriso_mt,"Sorriso, MT",-12.5425,-55.7211,0.0,24.03,28.19,20.63,90.27,0.05,NASA_POWER
2008-05-20,sorriso_mt,"Sorriso, MT",-12.5425,-55.7211,0.0,23.7,27.8,20.42,89.12,0.03,NASA_POWER
2008-05-21,sorriso_mt,"Sorriso, MT",-12.5425,-55.7211,0.0,22.75,27.24,18.76,89.16,0.1,NASA_POWER
2008-05-22,sorriso_mt,"Sorriso, MT",-12.5425,-55.7211,0.0,22.38,27.14,18.29,88.53,0.04,NASA_POWER
2008-05-23,sorriso_mt,"Sorriso, MT",-12.5425,-55.7211,0.0,22.18,26.46,16.85,82.46,0.18,NASA_POWER
2008-05-24,sorriso_mt,"Sorriso, MT",-12.5425,-55.7211,0.0,21.96,27.0,17.5,85.71,0.16,NASA_POWER
2008-05-25,sorriso_mt,"Sorriso, MT",-12.5425,-55.7211,0.0,21.85,26.64,16.86,87.92,0.11,NASA_POWER
2008-05-26,sorriso_mt,"Sorriso, MT",-12.5425,-55.7211,0.0,22.71,27.3,18.27,89.0,0.05,NASA_POWER
2008-05-27,sorriso_mt,"Sorriso, MT",-12.5425,-55.7211,0.0,23.29,27.25,19.72,88.65,0.03,NASA_POWER
2008-05-28,sorriso_mt,"Sorriso, MT",-12.5425,-55.7211,0.05,24.1,27.46,20.62,89.3,0.17,NASA_POWER
2008-05-29,sorriso_mt,"Sorriso, MT",-12.5425,-55.7211,3.46,23.61,26.75,21.07,92.81,0.08,NASA_POWER
2008-05-30,sorriso_mt,"Sorriso, MT",-12.5425,-55.7211,2.19,20.92,23.78,17.06,87.38,0.05,NASA_POWER
2008-05-31,sorriso_mt,"Sorriso, MT",-12.5425,-55.7211,0.01,19.68,24.63,15.5,86.8,0.04,NASA_POWER
2008-06-01,sorriso_mt,"Sorriso, MT",-12.5425,-55.7211,0.01,21.6,26.22,17.58,88.57,0.03,NASA_POWER
2008-06-02,sorriso_mt,"Sorriso, MT",-12.5425,-55.7211,0.0,21.69,25.88,18.25,90.6,0.1,NASA_POWER
2008-06-03,sorriso_mt,"Sorriso, MT",-12.5425,-55.7211,0.0,22.06,26.66,18.33,88.78,0.11,NASA_POWER
2008-06-04,sorriso_mt,"Sorriso, MT",-12.5425,-55.7211,0.0,21.89,26.54,18.02,87.31,0.03,NASA_POWER
2008-06-05,sorriso_mt,"Sorriso, MT",-12.5425,-55.7211,0.0,21.11,26.1,16.99,86.56,0.2,NASA_POWER
2008-06-06,sorriso_mt,"Sorriso, MT",-12.5425,-55.7211,0.0,21.57,26.89,16.57,87.38,0.14,NASA_POWER
2008-06-07,sorriso_mt,"Sorriso, MT",-12.5425,-55.7211,0.0,21.88,26.97,17.77,87.51,0.09,NASA_POWER
2008-06-08,sorriso_mt,"Sorriso, MT",-12.5425,-55.7211,0.0,21.63,26.85,17.31,87.85,0.08,NASA_POWER
2008-06-09,sorriso_mt,"Sorriso, MT",-12.5425,-55.7211,0.0,22.21,26.69,18.94,90.25,0.06,NASA_POWER
2008-06-10,sorriso_mt,"Sorriso, MT",-12.5425,-55.7211,0.0,22.13,27.3,17.85,87.29,0.14,NASA_POWER
2008-06-11,sorriso_mt,"Sorriso, MT",-12.5425,-55.7211,0.0,22.17,27.58,17.91,87.02,0.1,NASA_POWER
2008-06-12,sorriso_mt,"Sorriso, MT",-12.5425,-55.7211,5.64,22.24,27.69,17.81,87.51,0.08,NASA_POWER
2008-06-13,sorriso_mt,"Sorriso, MT",-12.5425,-55.7211,2.18,21.83,27.02,18.17,89.26,0.08,NASA_POWER
2008-06-14,sorriso_mt,"Sorriso, MT",-12.5425,-55.7211,0.0,21.59,27.29,17.07,86.96,0.07,NASA_POWER
2008-06-15,sorriso_mt,"Sorriso, MT",-12.5425,-55.7211,0.0,21.76,27.49,16.26,85.23,0.1,NASA_POWER
2008-06-16,sorriso_mt,"Sorriso, MT",-12.5425,-55.7211,0.06,21.46,26.75,16.84,85.18,0.06,NASA_POWER
2008-06-17,sorriso_mt,"Sorriso, MT",-12.5425,-55.7211,9.55,21.13,26.5,17.58,88.76,0.15,NASA_POWER
2008-06-18,sorriso_mt,"Sorriso, MT",-12.5425,-55.7211,0.0,21.67,27.52,15.89,86.2,0.17,NASA_POWER
2008-06-19,sorriso_mt,"Sorriso, MT",-12.5425,-55.7211,0.0,22.73,28.17,17.9,85.3,0.09,NASA_POWER
2008-06-20,sorriso_mt,"Sorriso, MT",-12.5425,-55.7211,0.0,22.55,28.05,18.13,83.86,0.03,NASA_POWER
2008-06-21,sorriso_mt,"Sorriso, MT",-12.5425,-55.7211,0.0,21.57,27.89,16.4,83.0,0.12,NASA_POWER
2008-06-22,sorriso_mt,"Sorriso, MT",-12.5425,-55.7211,0.0,21.44,27.21,17.29,82.33,0.08,NASA_POWER
2008-06-23,sorriso_mt,"Sorriso, MT",-12.5425,-55.7211,0.0,21.96,28.28,17.55,80.71,0.09,NASA_POWER
2008-06-24,sorriso_mt,"Sorriso, MT",-12.5425,-55.7211,0.0,21.75,28.24,17.4,80.24,0.1,NASA_POWER
2008-06-25,sorriso_mt,"Sorriso, MT",-12.5425,-55.7211,0.0,21.53,28.39,15.88,78.5,0.2,NASA_POWER
2008-06-26,sorriso_mt,"Sorriso, MT",-12.5425,-55.7211,0.0,21.63,28.96,15.37,76.61,0.2,NASA_POWER
2008-06-27,sorriso_mt,"Sorriso, MT",-12.5425,-55.7211,0.0,22.15,29.18,16.85,74.02,0.1,NASA_POWER
2008-06-28,sorriso_mt,"Sorriso, MT",-12.5425,-55.7211,0.0,21.96,28.96,17.54,72.21,0.07,NASA_POWER
2008-06-29,sorriso_mt,"Sorriso, MT",-12.5425,-55.7211,0.0,21.81,29.24,16.26,72.63,0.06,NASA_POWER
2008-06-30,sorriso_mt,"Sorriso, MT",-12.5425,-55.7211,0.0,22.31,29.61,16.94,72.16,0.03,NASA_POWER
2008-07-01,sorriso_mt,"Sorriso, MT",-12.5425,-55.7211,0.0,22.62,29.7,17.0,71.16,0.05,NASA_POWER
2008-07-02,sorriso_mt,"Sorriso, MT",-12.5425,-55.7211,0.0,22.72,30.27,17.59,69.61,0.11,NASA_POWER
2008-07-03,sorriso_mt,"Sorriso, MT",-12.5425,-55.7211,0.0,23.27,30.86,17.08,69.24,0.06,NASA_POWER
2008-07-04,sorriso_mt,"Sorriso, MT",-12.5425,-55.7211,0.0,23.93,30.72,17.93,67.84,0.05,NASA_POWER
2008-07-05,sorriso_mt,"Sorriso, MT",-12.5425,-55.7211,0.0,23.93,31.08,18.35,62.06,0.03,NASA_POWER
2008-07-06,sorriso_mt,"Sorriso, MT",-12.5425,-55.7211,0.0,23.89,31.27,16.97,58.82,0.03,NASA_POWER
2008-07-07,sorriso_mt,"Sorriso, MT",-12.5425,-55.7211,0.09,24.04,31.53,18.04,64.19,0.03,NASA_POWER
2008-07-08,sorriso_mt,"Sorriso, MT",-12.5425,-55.7211,0.01,23.74,31.45,16.99,63.86,0.03,NASA_POWER
2008-07-09,sorriso_mt,"Sorriso, MT",-12.5425,-55.7211,0.0,22.65,30.36,17.02,60.81,0.04,NASA_POWER
2008-07-10,sorriso_mt,"Sorriso, MT",-12.5425,-55.7211,0.0,21.9,30.14,16.14,52.1,0.04,NASA_POWER
2008-07-11,sorriso_mt,"Sorriso, MT",-12.5425,-55.7211,0.0,21.65,30.5,13.45,55.04,0.04,NASA_POWER
2008-07-12,sorriso_mt,"Sorriso, MT",-12.5425,-55.7211,0.23,22.91,31.3,15.75,61.55,0.03,NASA_POWER
2008-07-13,sorriso_mt,"Sorriso, MT",-12.5425,-55.7211,0.0,23.41,31.23,17.36,59.88,0.05,NASA_POWER
2008-07-14,sorriso_mt,"Sorriso, MT",-12.5425,-55.7211,0.0,22.93,30.48,17.25,58.04,0.11,NASA_POWER
2008-07-15,sorriso_mt,"Sorriso, MT",-12.5425,-55.7211,0.0,21.22,29.61,14.0,57.3,0.13,NASA_POWER
2008-07-16,sorriso_mt,"Sorriso, MT",-12.5425,-55.7211,0.0,22.1,30.74,14.6,55.95,0.12,NASA_POWER
2008-07-17,sorriso_mt,"Sorriso, MT",-12.5425,-55.7211,0.0,22.56,31.2,15.95,58.54,0.08,NASA_POWER
2008-07-18,sorriso_mt,"Sorriso, MT",-12.5425,-55.7211,0.0,23.72,32.76,15.61,57.3,0.14,NASA_POWER
2008-07-19,sorriso_mt,"Sorriso, MT",-12.5425,-55.7211,0.0,24.56,33.43,17.49,57.77,0.06,NASA_POWER
2008-07-20,sorriso_mt,"Sorriso, MT",-12.5425,-55.7211,0.0,24.69,33.79,17.5,55.6,0.03,NASA_POWER
2008-07-21,sorriso_mt,"Sorriso, MT",-12.5425,-55.7211,0.0,25.05,33.99,17.71,52.16,0.04,NASA_POWER
2008-07-22,sorriso_mt,"Sorriso, MT",-12.5425,-55.7211,0.0,24.14,32.59,17.63,52.01,0.04,NASA_POWER
2008-07-23,sorriso_mt,"Sorriso, MT",-12.5425,-55.7211,0.0,23.56,32.29,16.59,48.73,0.04,NASA_POWER
2008-07-24,sorriso_mt,"Sorriso, MT",-12.5425,-55.7211,0.0,24.38,33.82,17.01,49.45,0.04,NASA_POWER
2008-07-25,sorriso_mt,"Sorriso, MT",-12.5425,-55.7211,0.0,24.37,33.68,16.71,55.67,0.09,NASA_POWER
2008-07-26,sorriso_mt,"Sorriso, MT",-12.5425,-55.7211,0.0,24.27,33.79,16.35,49.36,0.06,NASA_POWER
2008-07-27,sorriso_mt,"Sorriso, MT",-12.5425,-55.7211,0.0,24.58,34.27,17.08,44.22,0.1,NASA_POWER
2008-07-28,sorriso_mt,"Sorriso, MT",-12.5425,-55.7211,0.0,25.57,34.45,18.72,42.23,0.04,NASA_POWER
2008-07-29,sorriso_mt,"Sorriso, MT",-12.5425,-55.7211,0.0,24.25,33.53,16.29,47.72,0.04,NASA_POWER
2008-07-30,sorriso_mt,"Sorriso, MT",-12.5425,-55.7211,0.0,23.97,33.55,16.38,45.89,0.05,NASA_POWER
2008-07-31,sorriso_mt,"Sorriso, MT",-12.5425,-55.7211,0.0,24.65,34.74,16.07,45.8,0.1,NASA_POWER
2008-08-01,sorriso_mt,"Sorriso, MT",-12.5425,-55.7211,0.0,25.49,35.23,17.15,51.82,0.09,NASA_POWER
2008-08-02,sorriso_mt,"Sorriso, MT",-12.5425,-55.7211,0.0,26.31,36.14,17.68,51.21,0.18,NASA_POWER
2008-08-03,sorriso_mt,"Sorriso, MT",-12.5425,-55.7211,1.53,27.11,36.02,19.91,55.41,0.23,NASA_POWER
2008-08-04,sorriso_mt,"Sorriso, MT",-12.5425,-55.7211,0.73,26.13,35.0,20.05,65.75,0.09,NASA_POWER
2008-08-05,sorriso_mt,"Sorriso, MT",-12.5425,-55.7211,0.13,26.65,36.31,18.39,49.79,0.04,NASA_POWER
2008-08-06,sorriso_mt,"Sorriso, MT",-12.5425,-55.7211,0.0,26.39,36.36,18.12,47.52,0.06,NASA_POWER
2008-08-07,sorriso_mt,"Sorriso, MT",-12.5425,-55.7211,0.0,26.75,35.87,19.65,44.06,0.04,NASA_POWER
2008-08-08,sorriso_mt,"Sorriso, MT",-12.5425,-55.7211,0.0,26.27,35.52,18.8,42.94,0.07,NASA_POWER
2008-08-09,sorriso_mt,"Sorriso, MT",-12.5425,-55.7211,0.0,25.89,35.98,17.37,42.65,0.08,NASA_POWER
2008-08-10,sorriso_mt,"Sorriso, MT",-12.5425,-55.7211,0.0,26.12,36.38,17.01,47.33,0.07,NASA_POWER
2008-08-11,sorriso_mt,"Sorriso, MT",-12.5425,-55.7211,0.0,26.91,36.18,18.32,46.6,0.09,NASA_POWER
2008-08-12,sorriso_mt,"Sorriso, MT",-12.5425,-55.7211,0.0,27.16,35.97,19.59,41.38,0.07,NASA_POWER
2008-08-13,sorriso_mt,"Sorriso, MT",-12.5425,-55.7211,0.0,26.54,35.14,19.72,34.7,0.04,NASA_POWER
2008-08-14,sorriso_mt,"Sorriso, MT",-12.5425,-55.7211,0.0,26.79,36.14,19.21,32.19,0.06,NASA_POWER
2008-08-15,sorriso_mt,"Sorriso, MT",-12.5425,-55.7211,0.0,26.66,35.74,19.08,32.16,0.06,NASA_POWER
2008-08-16,sorriso_mt,"Sorriso, MT",-12.5425,-55.7211,0.0,26.4,35.56,18.31,33.95,0.06,NASA_POWER
2008-08-17,sorriso_mt,"Sorriso, MT",-12.5425,-55.7211,0.0,27.25,36.03,18.91,36.26,0.05,NASA_POWER
2008-08-18,sorriso_mt,"Sorriso, MT",-12.5425,-55.7211,0.0,27.64,36.61,19.61,37.21,0.05,NASA_POWER
2008-08-19,sorriso_mt,"Sorriso, MT",-12.5425,-55.7211,0.0,27.07,36.18,18.87,36.64,0.09,NASA_POWER
2008-08-20,sorriso_mt,"Sorriso, MT",-12.5425,-55.7211,0.0,26.66,35.65,19.43,33.85,0.06,NASA_POWER
2008-08-21,sorriso_mt,"Sorriso, MT",-12.5425,-55.7211,0.0,26.48,35.39,19.17,36.39,0.11,NASA_POWER
2008-08-22,sorriso_mt,"Sorriso, MT",-12.5425,-55.7211,0.0,26.67,35.33,19.36,36.5,0.06,NASA_POWER
2008-08-23,sorriso_mt,"Sorriso, MT",-12.5425,-55.7211,0.0,27.44,36.26,19.44,35.17,0.11,NASA_POWER
2008-08-24,sorriso_mt,"Sorriso, MT",-12.5425,-55.7211,0.0,27.93,37.46,19.18,34.37,0.06,NASA_POWER
2008-08-25,sorriso_mt,"Sorriso, MT",-12.5425,-55.7211,0.0,28.18,37.15,20.82,34.88,0.06,NASA_POWER
2008-08-26,sorriso_mt,"Sorriso, MT",-12.5425,-55.7211,0.0,28.14,37.1,19.88,34.59,0.07,NASA_POWER
2008-08-27,sorriso_mt,"Sorriso, MT",-12.5425,-55.7211,0.0,28.58,37.52,19.91,30.28,0.03,NASA_POWER
2008-08-28,sorriso_mt,"Sorriso, MT",-12.5425,-55.7211,0.0,29.08,38.19,20.81,29.33,0.17,NASA_POWER
2008-08-29,sorriso_mt,"Sorriso, MT",-12.5425,-55.7211,0.63,28.05,38.07,18.45,36.93,0.16,NASA_POWER
2008-08-30,sorriso_mt,"Sorriso, MT",-12.5425,-55.7211,0.0,28.35,36.9,20.62,40.12,0.12,NASA_POWER
2008-08-31,sorriso_mt,"Sorriso, MT",-12.5425,-55.7211,0.0,28.87,37.85,21.75,36.25,0.13,NASA_POWER
2008-09-01,sorriso_mt,"Sorriso, MT",-12.5425,-55.7211,0.0,29.19,37.77,21.18,36.62,0.2,NASA_POWER
2008-09-02,sorriso_mt,"Sorriso, MT",-12.5425,-55.7211,0.0,29.51,37.94,20.8,35.91,0.17,NASA_POWER
2008-09-03,sorriso_mt,"Sorriso, MT",-12.5425,-55.7211,0.0,30.42,37.8,24.17,35.42,0.11,NASA_POWER
2008-09-04,sorriso_mt,"Sorriso, MT",-12.5425,-55.7211,0.02,29.85,36.91,23.43,39.54,0.14,NASA_POWER
2008-09-05,sorriso_mt,"Sorriso, MT",-12.5425,-55.7211,0.58,30.89,36.64,24.54,44.83,0.25,NASA_POWER
2008-09-06,sorriso_mt,"Sorriso, MT",-12.5425,-55.7211,0.07,29.19,35.55,23.76,50.27,0.04,NASA_POWER
2008-09-07,sorriso_mt,"Sorriso, MT",-12.5425,-55.7211,0.0,28.22,35.82,21.35,41.19,0.04,NASA_POWER
2008-09-08,sorriso_mt,"Sorriso, MT",-12.5425,-55.7211,0.0,30.04,38.72,22.54,38.13,0.11,NASA_POWER
2008-09-09,sorriso_mt,"Sorriso, MT",-12.5425,-55.7211,0.0,31.54,39.81,24.28,30.5,0.2,NASA_POWER
2008-09-10,sorriso_mt,"Sorriso, MT",-12.5425,-55.7211,0.0,31.03,39.4,24.06,29.67,0.09,NASA_POWER
2008-09-11,sorriso_mt,"Sorriso, MT",-12.5425,-55.7211,0.11,30.52,39.15,22.97,32.18,0.18,NASA_POWER
2008-09-12,sorriso_mt,"Sorriso, MT",-12.5425,-55.7211,0.0,30.18,39.62,21.37,27.05,0.32,NASA_POWER
2008-09-13,sorriso_mt,"Sorriso, MT",-12.5425,-55.7211,0.0,29.62,38.53,20.64,25.87,0.12,NASA_POWER
2008-09-14,sorriso_mt,"Sorriso, MT",-12.5425,-55.7211,0.0,29.06,36.48,23.12,39.58,0.18,NASA_POWER
2008-09-15,sorriso_mt,"Sorriso, MT",-12.5425,-55.7211,0.0,29.77,35.75,24.68,35.84,0.04,NASA_POWER
2008-09-16,sorriso_mt,"Sorriso, MT",-12.5425,-55.7211,0.0,31.19,38.38,24.69,35.11,0.04,NASA_POWER
2008-09-17,sorriso_mt,"Sorriso, MT",-12.5425,-55.7211,3.75,30.44,36.25,24.79,41.68,0.1,NASA_POWER
2008-09-18,sorriso_mt,"Sorriso, MT",-12.5425,-55.7211,0.84,29.16,37.32,21.63,57.17,0.03,NASA_POWER
2008-09-19,sorriso_mt,"Sorriso, MT",-12.5425,-55.7211,26.33,29.71,38.39,23.39,57.72,0.1,NASA_POWER
2008-09-20,sorriso_mt,"Sorriso, MT",-12.5425,-55.7211,7.84,25.55,31.44,22.03,78.58,0.07,NASA_POWER
2008-09-21,sorriso_mt,"Sorriso, MT",-12.5425,-55.7211,4.53,23.24,28.94,18.66,74.98,0.05,NASA_POWER
2008-09-22,sorriso_mt,"Sorriso, MT",-12.5425,-55.7211,0.01,24.13,30.62,18.63,58.43,0.03,NASA_POWER
2008-09-23,sorriso_mt,"Sorriso, MT",-12.5425,-55.7211,0.01,25.89,34.78,18.67,51.17,0.03,NASA_POWER
2008-09-24,sorriso_mt,"Sorriso, MT",-12.5425,-55.7211,0.06,27.1,37.42,18.54,45.26,0.03,NASA_POWER
2008-09-25,sorriso_mt,"Sorriso, MT",-12.5425,-55.7211,0.04,27.38,37.54,18.75,42.93,0.07,NASA_POWER
2008-09-26,sorriso_mt,"Sorriso, MT",-12.5425,-55.7211,0.0,27.86,37.76,18.98,49.82,0.07,NASA_POWER
2008-09-27,sorriso_mt,"Sorriso, MT",-12.5425,-55.7211,1.53,28.95,37.82,22.2,51.32,0.03,NASA_POWER
2008-09-28,sorriso_mt,"Sorriso, MT",-12.5425,-55.7211,0.99,29.39,37.65,21.55,61.37,0.09,NASA_POWER
2008-09-29,sorriso_mt,"Sorriso, MT",-12.5425,-55.7211,9.44,28.37,36.51,22.32,69.81,0.06,NASA_POWER
2008-09-30,sorriso_mt,"Sorriso, MT",-12.5425,-55.7211,0.17,29.13,36.3,22.92,66.2,0.03,NASA_POWER
2008-10-01,sorriso_mt,"Sorriso, MT",-12.5425,-55.7211,19.67,28.6,34.58,24.16,69.68,0.14,NASA_POWER
2008-10-02,sorriso_mt,"Sorriso, MT",-12.5425,-55.7211,9.25,28.11,34.67,23.49,70.82,0.21,NASA_POWER
2008-10-03,sorriso_mt,"Sorriso, MT",-12.5425,-55.7211,25.86,25.45,28.88,22.82,84.87,0.04,NASA_POWER
2008-10-04,sorriso_mt,"Sorriso, MT",-12.5425,-55.7211,1.08,27.09,33.52,20.89,68.49,0.08,NASA_POWER
2008-10-05,sorriso_mt,"Sorriso, MT",-12.5425,-55.7211,15.31,27.17,34.18,21.52,73.16,0.03,NASA_POWER
2008-10-06,sorriso_mt,"Sorriso, MT",-12.5425,-55.7211,2.48,26.72,33.21,21.09,74.63,0.04,NASA_POWER
2008-10-07,sorriso_mt,"Sorriso, MT",-12.5425,-55.7211,0.28,27.53,33.84,22.57,66.16,0.04,NASA_POWER
2008-10-08,sorriso_mt,"Sorriso, MT",-12.5425,-55.7211,0.23,28.25,35.75,21.29,60.9,0.06,NASA_POWER
2008-10-09,sorriso_mt,"Sorriso, MT",-12.5425,-55.7211,0.02,29.83,36.86,23.05,54.44,0.16,NASA_POWER
2008-10-10,sorriso_mt,"Sorriso, MT",-12.5425,-55.7211,0.02,29.97,36.8,22.19,48.29,0.15,NASA_POWER
2008-10-11,sorriso_mt,"Sorriso, MT",-12.5425,-55.7211,1.64,29.11,36.65,23.65,56.81,0.07,NASA_POWER
2008-10-12,sorriso_mt,"Sorriso, MT",-12.5425,-55.7211,1.61,28.79,36.35,21.95,64.11,0.13,NASA_POWER
2008-10-13,sorriso_mt,"Sorriso, MT",-12.5425,-55.7211,0.0,29.38,37.1,22.38,49.18,0.19,NASA_POWER
2008-10-14,sorriso_mt,"Sorriso, MT",-12.5425,-55.7211,0.04,29.27,37.85,22.35,45.88,0.21,NASA_POWER
2008-10-15,sorriso_mt,"Sorriso, MT",-12.5425,-55.7211,0.13,30.08,38.76,19.81,46.49,0.26,NASA_POWER
2008-10-16,sorriso_mt,"Sorriso, MT",-12.5425,-55.7211,0.0,29.82,39.86,21.21,45.95,0.28,NASA_POWER
2008-10-17,sorriso_mt,"Sorriso, MT",-12.5425,-55.7211,0.66,29.0,37.9,21.25,55.7,0.15,NASA_POWER
2008-10-18,sorriso_mt,"Sorriso, MT",-12.5425,-55.7211,0.72,27.48,33.62,23.04,70.55,0.03,NASA_POWER
2008-10-19,sorriso_mt,"Sorriso, MT",-12.5425,-55.7211,0.03,28.51,36.1,22.39,58.16,0.08,NASA_POWER
2008-10-20,sorriso_mt,"Sorriso, MT",-12.5425,-55.7211,4.51,28.26,35.89,22.71,63.15,0.04,NASA_POWER
2008-10-21,sorriso_mt,"Sorriso, MT",-12.5425,-55.7211,5.46,24.4,28.2,22.17,85.75,0.03,NASA_POWER
2008-10-22,sorriso_mt,"Sorriso, MT",-12.5425,-55.7211,1.07,27.09,33.67,21.09,69.56,0.05,NASA_POWER
2008-10-23,sorriso_mt,"Sorriso, MT",-12.5425,-55.7211,1.18,28.7,36.48,22.49,59.23,0.03,NASA_POWER
2008-10-24,sorriso_mt,"Sorriso, MT",-12.5425,-55.7211,13.2,27.89,35.32,22.24,70.52,0.08,NASA_POWER
2008-10-25,sorriso_mt,"Sorriso, MT",-12.5425,-55.7211,3.82,27.92,35.45,21.01,67.4,0.09,NASA_POWER
2008-10-26,sorriso_mt,"Sorriso, MT",-12.5425,-55.7211,0.0,29.35,35.98,22.9,62.34,0.11,NASA_POWER
2008-10-27,sorriso_mt,"Sorriso, MT",-12.5425,-55.7211,0.29,29.38,35.84,23.29,59.95,0.03,NASA_POWER
2008-10-28,sorriso_mt,"Sorriso, MT",-12.5425,-55.7211,11.98,29.39,37.05,23.01,61.2,0.03,NASA_POWER
2008-10-29,sorriso_mt,"Sorriso, MT",-12.5425,-55.7211,37.79,26.14,30.8,23.09,83.32,0.08,NASA_POWER
2008-10-30,sorriso_mt,"Sorriso, MT",-12.5425,-55.7211,5.29,26.08,31.07,22.8,79.75,0.09,NASA_POWER
2008-10-31,sorriso_mt,"Sorriso, MT",-12.5425,-55.7211,3.44,26.71,32.91,21.59,76.33,0.12,NASA_POWER
2008-11-01,sorriso_mt,"Sorriso, MT",-12.5425,-55.7211,0.23,27.34,33.07,21.62,72.91,0.07,NASA_POWER
2008-11-02,sorriso_mt,"Sorriso, MT",-12.5425,-55.7211,14.05,26.11,30.26,23.53,82.69,0.02,NASA_POWER
2008-11-03,sorriso_mt,"Sorriso, MT",-12.5425,-55.7211,9.4,26.04,30.51,22.87,84.73,0.02,NASA_POWER
2008-11-04,sorriso_mt,"Sorriso, MT",-12.5425,-55.7211,2.19,26.82,32.53,22.27,76.79,0.02,NASA_POWER
2008-11-05,sorriso_mt,"Sorriso, MT",-12.5425,-55.7211,45.75,26.74,33.36,21.72,82.02,0.04,NASA_POWER
2008-11-06,sorriso_mt,"Sorriso, MT",-12.5425,-55.7211,6.13,25.09,27.93,23.0,91.56,0.04,NASA_POWER
2008-11-07,sorriso_mt,"Sorriso, MT",-12.5425,-55.7211,0.09,25.96,30.61,21.77,79.81,0.09,NASA_POWER
2008-11-08,sorriso_mt,"Sorriso, MT",-12.5425,-55.7211,0.0,26.69,32.34,21.4,76.34,0.11,NASA_POWER
2008-11-09,sorriso_mt,"Sorriso, MT",-12.5425,-55.7211,10.88,26.55,31.57,22.59,82.75,0.1,NASA_POWER
2008-11-10,sorriso_mt,"Sorriso, MT",-12.5425,-55.7211,7.26,25.4,29.14,23.3,88.49,0.1,NASA_POWER
2008-11-11,sorriso_mt,"Sorriso, MT",-12.5425,-55.7211,0.46,25.64,29.68,21.76,81.79,0.16,NASA_POWER
2008-11-12,sorriso_mt,"Sorriso, MT",-12.5425,-55.7211,22.16,25.48,29.31,21.93,84.75,0.11,NASA_POWER
2008-11-13,sorriso_mt,"Sorriso, MT",-12.5425,-55.7211,3.5,24.35,27.49,22.43,90.62,0.08,NASA_POWER
2008-11-14,sorriso_mt,"Sorriso, MT",-12.5425,-55.7211,0.99,25.22,28.81,21.52,83.0,0.18,NASA_POWER
2008-11-15,sorriso_mt,"Sorriso, MT",-12.5425,-55.7211,3.49,26.92,30.26,22.97,77.31,0.14,NASA_POWER
2008-11-16,sorriso_mt,"Sorriso, MT",-12.5425,-55.7211,25.53,25.66,29.03,22.92,87.64,0.15,NASA_POWER
2008-11-17,sorriso_mt,"Sorriso, MT",-12.5425,-55.7211,43.27,24.41,26.86,22.1,96.27,0.03,NASA_POWER
2008-11-18,sorriso_mt,"Sorriso, MT",-12.5425,-55.7211,8.55,24.1,27.77,21.38,94.12,0.03,NASA_POWER
2008-11-19,sorriso_mt,"Sorriso, MT",-12.5425,-55.7211,11.24,24.35,27.67,22.34,92.01,0.09,NASA_POWER
2008-11-20,sorriso_mt,"Sorriso, MT",-12.5425,-55.7211,7.42,24.29,27.46,21.88,93.41,0.05,NASA_POWER
2008-11-21,sorriso_mt,"Sorriso, MT",-12.5425,-55.7211,28.85,24.22,26.11,22.97,95.59,0.1,NASA_POWER
2008-11-22,sorriso_mt,"Sorriso, MT",-12.5425,-55.7211,11.81,24.15,26.84,22.39,93.07,0.03,NASA_POWER
2008-11-23,sorriso_mt,"Sorriso, MT",-12.5425,-55.7211,6.53,24.88,28.22,21.75,90.85,0.02,NASA_POWER
2008-11-24,sorriso_mt,"Sorriso, MT",-12.5425,-55.7211,4.53,24.76,27.89,22.58,92.44,0.15,NASA_POWER
2008-11-25,sorriso_mt,"Sorriso, MT",-12.5425,-55.7211,3.3,24.61,27.32,22.56,91.88,0.12,NASA_POWER
2008-11-26,sorriso_mt,"Sorriso, MT",-12.5425,-55.7211,13.54,24.43,27.26,21.67,92.63,0.12,NASA_POWER
2008-11-27,sorriso_mt,"Sorriso, MT",-12.5425,-55.7211,11.78,24.36,28.08,21.63,90.74,0.16,NASA_POWER
2008-11-28,sorriso_mt,"Sorriso, MT",-12.5425,-55.7211,8.91,23.14,24.9,21.6,94.93,0.12,NASA_POWER
2008-11-29,sorriso_mt,"Sorriso, MT",-12.5425,-55.7211,2.0,24.99,28.96,21.06,88.4,0.09,NASA_POWER
2008-11-30,sorriso_mt,"Sorriso, MT",-12.5425,-55.7211,7.36,25.69,29.08,21.92,88.47,0.04,NASA_POWER
2008-12-01,sorriso_mt,"Sorriso, MT",-12.5425,-55.7211,4.0,23.81,25.64,22.55,93.53,0.04,NASA_POWER
2008-12-02,sorriso_mt,"Sorriso, MT",-12.5425,-55.7211,5.44,24.21,27.45,21.65,91.02,0.06,NASA_POWER
2008-12-03,sorriso_mt,"Sorriso, MT",-12.5425,-55.7211,5.81,23.37,25.73,21.89,95.52,0.03,NASA_POWER
2008-12-04,sorriso_mt,"Sorriso, MT",-12.5425,-55.7211,0.05,23.68,27.32,20.17,82.47,0.13,NASA_POWER
2008-12-05,sorriso_mt,"Sorriso, MT",-12.5425,-55.7211,0.58,23.81,28.03,19.85,84.48,0.09,NASA_POWER
2008-12-06,sorriso_mt,"Sorriso, MT",-12.5425,-55.7211,2.96,23.78,27.18,20.9,91.81,0.07,NASA_POWER
2008-12-07,sorriso_mt,"Sorriso, MT",-12.5425,-55.7211,17.75,24.14,27.27,21.47,94.32,0.1,NASA_POWER
2008-12-08,sorriso_mt,"Sorriso, MT",-12.5425,-55.7211,9.88,24.72,28.47,21.54,90.05,0.21,NASA_POWER
2008-12-09,sorriso_mt,"Sorriso, MT",-12.5425,-55.7211,0.27,25.31,28.67,22.2,85.72,0.22,NASA_POWER
2008-12-10,sorriso_mt,"Sorriso, MT",-12.5425,-55.7211,15.61,25.34,29.45,21.11,85.02,0.23,NASA_POWER
2008-12-11,sorriso_mt,"Sorriso, MT",-12.5425,-55.7211,0.93,25.33,29.13,21.64,85.35,0.2,NASA_POWER
2008-12-12,sorriso_mt,"Sorriso, MT",-12.5425,-55.7211,4.03,24.25,26.79,21.44,90.82,0.21,NASA_POWER
2008-12-13,sorriso_mt,"Sorriso, MT",-12.5425,-55.7211,4.33,23.7,26.98,21.38,89.93,0.22,NASA_POWER
2008-12-14,sorriso_mt,"Sorriso, MT",-12.5425,-55.7211,7.1,24.35,27.47,21.51,90.68,0.23,NASA_POWER
2008-12-15,sorriso_mt,"Sorriso, MT",-12.5425,-55.7211,10.83,23.61,25.88,22.11,95.93,0.03,NASA_POWER
2008-12-16,sorriso_mt,"Sorriso, MT",-12.5425,-55.7211,10.25,23.64,26.33,21.69,95.22,0.04,NASA_POWER
2008-12-17,sorriso_mt,"Sorriso, MT",-12.5425,-55.7211,14.0,23.02,24.32,21.95,98.19,0.04,NASA_POWER
2008-12-18,sorriso_mt,"Sorriso, MT",-12.5425,-55.7211,3.26,25.03,29.14,21.62,90.6,0.02,NASA_POWER
2008-12-19,sorriso_mt,"Sorriso, MT",-12.5425,-55.7211,7.03,24.95,27.93,22.23,89.88,0.04,NASA_POWER
2008-12-20,sorriso_mt,"Sorriso, MT",-12.5425,-55.7211,4.43,24.77,28.54,21.32,89.27,0.03,NASA_POWER
2008-12-21,sorriso_mt,"Sorriso, MT",-12.5425,-55.7211,1.34,25.03,28.66,22.0,88.73,0.03,NASA_POWER
2008-12-22,sorriso_mt,"Sorriso, MT",-12.5425,-55.7211,0.57,24.15,26.27,22.63,90.21,0.02,NASA_POWER
2008-12-23,sorriso_mt,"Sorriso, MT",-12.5425,-55.7211,1.75,24.1,27.02,21.67,89.43,0.04,NASA_POWER
2008-12-24,sorriso_mt,"Sorriso, MT",-12.5425,-55.7211,25.89,23.73,26.98,20.97,93.53,0.03,NASA_POWER
2008-12-25,sorriso_mt,"Sorriso, MT",-12.5425,-55.7211,5.51,24.41,28.11,21.76,91.68,0.07,NASA_POWER
2008-12-26,sorriso_mt,"Sorriso, MT",-12.5425,-55.7211,17.15,24.14,26.53,22.18,94.66,0.08,NASA_POWER
2008-12-27,sorriso_mt,"Sorriso, MT",-12.5425,-55.7211,22.61,24.23,27.08,22.19,94.3,0.03,NASA_POWER
2008-12-28,sorriso_mt,"Sorriso, MT",-12.5425,-55.7211,14.69,23.51,26.08,22.06,95.68,0.03,NASA_POWER
2008-12-29,sorriso_mt,"Sorriso, MT",-12.5425,-55.7211,2.86,24.1,28.3,21.68,91.25,0.03,NASA_POWER
2008-12-30,sorriso_mt,"Sorriso, MT",-12.5425,-55.7211,1.74,25.15,28.68,20.98,87.11,0.15,NASA_POWER
2008-12-31,sorriso_mt,"Sorriso, MT",-12.5425,-55.7211,0.19,25.75,29.04,22.04,85.63,0.23,NASA_POWER
2009-01-01,sorriso_mt,"Sorriso, MT",-12.5425,-55.7211,0.02,25.84,29.4,20.77,84.89,0.21,NASA_POWER
2009-01-02,sorriso_mt,"Sorriso, MT",-12.5425,-55.7211,5.37,25.19,28.35,22.42,90.45,0.13,NASA_POWER
2009-01-03,sorriso_mt,"Sorriso, MT",-12.5425,-55.7211,12.97,24.17,26.9,21.97,94.17,0.14,NASA_POWER
2009-01-04,sorriso_mt,"Sorriso, MT",-12.5425,-55.7211,28.75,23.75,26.88,21.1,93.71,0.06,NASA_POWER
2009-01-05,sorriso_mt,"Sorriso, MT",-12.5425,-55.7211,0.51,23.64,27.28,20.83,87.55,0.13,NASA_POWER
2009-01-06,sorriso_mt,"Sorriso, MT",-12.5425,-55.7211,0.97,23.58,27.46,19.02,83.62,0.13,NASA_POWER
2009-01-07,sorriso_mt,"Sorriso, MT",-12.5425,-55.7211,2.35,24.7,28.61,20.44,86.68,0.25,NASA_POWER
2009-01-08,sorriso_mt,"Sorriso, MT",-12.5425,-55.7211,25.4,24.75,28.39,21.23,91.59,0.2,NASA_POWER
2009-01-09,sorriso_mt,"Sorriso, MT",-12.5425,-55.7211,6.87,25.04,28.6,22.07,90.4,0.03,NASA_POWER
2009-01-10,sorriso_mt,"Sorriso, MT",-12.5425,-55.7211,0.02,25.4,29.27,21.87,87.98,0.04,NASA_POWER
2009-01-11,sorriso_mt,"Sorriso, MT",-12.5425,-55.7211,0.16,25.28,28.98,21.91,86.3,0.03,NASA_POWER
2009-01-12,sorriso_mt,"Sorriso, MT",-12.5425,-55.7211,0.1,25.35,29.26,21.38,86.76,0.07,NASA_POWER
2009-01-13,sorriso_mt,"Sorriso, MT",-12.5425,-55.7211,0.01,25.47,29.55,21.97,85.84,0.1,NASA_POWER
2009-01-14,sorriso_mt,"Sorriso, MT",-12.5425,-55.7211,0.65,25.83,29.85,20.65,83.31,0.22,NASA_POWER
2009-01-15,sorriso_mt,"Sorriso, MT",-12.5425,-55.7211,23.92,25.51,28.94,21.86,91.06,0.11,NASA_POWER
2009-01-16,sorriso_mt,"Sorriso, MT",-12.5425,-55.7211,41.03,24.58,26.78,22.8,95.57,0.08,NASA_POWER
2009-01-17,sorriso_mt,"Sorriso, MT",-12.5425,-55.7211,3.62,24.61,28.5,21.39,89.39,0.03,NASA_POWER
2009-01-18,sorriso_mt,"Sorriso, MT",-12.5425,-55.7211,0.83,24.04,26.85,21.84,88.47,0.14,NASA_POWER
2009-01-19,sorriso_mt,"Sorriso, MT",-12.5425,-55.7211,0.66,25.07,28.95,21.56,86.56,0.15,NASA_POWER
2009-01-20,sorriso_mt,"Sorriso, MT",-12.5425,-55.7211,2.22,23.54,25.1,21.96,92.97,0.12,NASA_POWER
2009-01-21,sorriso_mt,"Sorriso, MT",-12.5425,-55.7211,0.02,24.27,28.17,20.74,87.18,0.13,NASA_POWER
2009-01-22,sorriso_mt,"Sorriso, MT",-12.5425,-55.7211,13.07,23.88,26.56,20.99,93.31,0.08,NASA_POWER
2009-01-23,sorriso_mt,"Sorriso, MT",-12.5425,-55.7211,0.57,24.33,28.07,21.63,90.7,0.05,NASA_POWER
2009-01-24,sorriso_mt,"Sorriso, MT",-12.5425,-55.7211,0.5,24.86,27.92,22.12,89.8,0.03,NASA_POWER
2009-01-25,sorriso_mt,"Sorriso, MT",-12.5425,-55.7211,8.43,23.94,26.08,22.08,94.01,0.05,NASA_POWER
2009-01-26,sorriso_mt,"Sorriso, MT",-12.5425,-55.7211,4.01,23.76,27.3,21.52,92.66,0.08,NASA_POWER
2009-01-27,sorriso_mt,"Sorriso, MT",-12.5425,-55.7211,6.97,24.44,27.62,22.17,91.49,0.06,NASA_POWER
2009-01-28,sorriso_mt,"Sorriso, MT",-12.5425,-55.7211,9.78,23.5,26.64,21.08,92.38,0.06,NASA_POWER
2009-01-29,sorriso_mt,"Sorriso, MT",-12.5425,-55.7211,2.06,24.73,28.39,20.81,87.18,0.22,NASA_POWER
2009-01-30,sorriso_mt,"Sorriso, MT",-12.5425,-55.7211,4.49,25.19,28.53,21.33,89.91,0.21,NASA_POWER
2009-01-31,sorriso_mt,"Sorriso, MT",-12.5425,-55.7211,11.96,23.95,25.5,22.53,93.95,0.14,NASA_POWER
2009-02-01,sorriso_mt,"Sorriso, MT",-12.5425,-55.7211,0.85,24.18,27.52,21.13,89.75,0.23,NASA_POWER
2009-02-02,sorriso_mt,"Sorriso, MT",-12.5425,-55.7211,20.29,24.7,27.77,22.4,89.32,0.24,NASA_POWER
2009-02-03,sorriso_mt,"Sorriso, MT",-12.5425,-55.7211,4.61,24.39,27.41,22.31,91.49,0.25,NASA_POWER
2009-02-04,sorriso_mt,"Sorriso, MT",-12.5425,-55.7211,2.36,24.63,28.18,21.62,90.69,0.23,NASA_POWER
2009-02-05,sorriso_mt,"Sorriso, MT",-12.5425,-55.7211,1.65,24.6,28.28,21.8,88.07,0.13,NASA_POWER
2009-02-06,sorriso_mt,"Sorriso, MT",-12.5425,-55.7211,10.1,24.54,27.79,21.9,92.0,0.13,NASA_POWER
2009-02-07,sorriso_mt,"Sorriso, MT",-12.5425,-55.7211,3.38,25.84,29.98,22.22,86.31,0.21,NASA_POWER
2009-02-08,sorriso_mt,"Sorriso, MT",-12.5425,-55.7211,38.06,24.3,26.93,22.29,94.53,0.15,NASA_POWER
2009-02-09,sorriso_mt,"Sorriso, MT",-12.5425,-55.7211,18.4,23.63,26.87,21.48,90.05,0.22,NASA_POWER
2009-02-10,sorriso_mt,"Sorriso, MT",-12.5425,-55.7211,10.07,24.15,27.43,21.66,88.71,0.23,NASA_POWER
2009-02-11,sorriso_mt,"Sorriso, MT",-12.5425,-55.7211,1.17,25.01,28.86,20.83,84.0,0.14,NASA_POWER
2009-02-12,sorriso_mt,"Sorriso, MT",-12.5425,-55.7211,6.36,25.37,28.94,21.47,87.21,0.22,NASA_POWER
2009-02-13,sorriso_mt,"Sorriso, MT",-12.5425,-55.7211,5.8,25.23,28.7,21.93,90.46,0.14,NASA_POWER
2009-02-14,sorriso_mt,"Sorriso, MT",-12.5425,-55.7211,6.8,23.29,24.62,21.63,96.84,0.04,NASA_POWER
2009-02-15,sorriso_mt,"Sorriso, MT",-12.5425,-55.7211,29.66,23.68,27.28,20.75,92.67,0.03,NASA_POWER
2009-02-16,sorriso_mt,"Sorriso, MT",-12.5425,-55.7211,52.4,23.06,24.78,21.75,96.85,0.04,NASA_POWER
2009-02-17,sorriso_mt,"Sorriso, MT",-12.5425,-55.7211,11.36,23.54,26.87,21.06,93.17,0.12,NASA_POWER
2009-02-18,sorriso_mt,"Sorriso, MT",-12.5425,-55.7211,8.02,23.07,25.51,20.93,92.65,0.15,NASA_POWER
2009-02-19,sorriso_mt,"Sorriso, MT",-12.5425,-55.7211,0.25,24.54,28.64,21.42,87.02,0.24,NASA_POWER
2009-02-20,sorriso_mt,"Sorriso, MT",-12.5425,-55.7211,0.01,24.3,28.2,21.35,87.32,0.18,NASA_POWER
2009-02-21,sorriso_mt,"Sorriso, MT",-12.5425,-55.7211,12.7,23.94,26.25,21.55,91.37,0.21,NASA_POWER
2009-02-22,sorriso_mt,"Sorriso, MT",-12.5425,-55.7211,3.68,24.3,27.82,20.95,91.12,0.18,NASA_POWER
2009-02-23,sorriso_mt,"Sorriso, MT",-12.5425,-55.7211,5.89,25.26,28.39,22.51,88.78,0.16,NASA_POWER
2009-02-24,sorriso_mt,"Sorriso, MT",-12.5425,-55.7211,30.42,24.12,27.34,21.57,91.89,0.07,NASA_POWER
2009-02-25,sorriso_mt,"Sorriso, MT",-12.5425,-55.7211,6.18,24.03,27.31,21.44,90.3,0.05,NASA_POWER
2009-02-26,sorriso_mt,"Sorriso, MT",-12.5425,-55.7211,14.66,24.56,28.49,20.98,89.97,0.07,NASA_POWER
2009-02-27,sorriso_mt,"Sorriso, MT",-12.5425,-55.7211,8.91,24.06,26.77,21.92,90.76,0.07,NASA_POWER
2009-02-28,sorriso_mt,"Sorriso, MT",-12.5425,-55.7211,0.0,24.84,28.35,21.58,88.69,0.04,NASA_POWER
2009-03-01,sorriso_mt,"Sorriso, MT",-12.5425,-55.7211,0.03,24.93,28.62,21.66,89.51,0.04,NASA_POWER
2009-03-02,sorriso_mt,"Sorriso, MT",-12.5425,-55.7211,1.28,25.25,28.32,22.25,90.58,0.06,NASA_POWER
2009-03-03,sorriso_mt,"Sorriso, MT",-12.5425,-55.7211,0.12,26.01,29.51,22.51,87.04,0.15,NASA_POWER
2009-03-04,sorriso_mt,"Sorriso, MT",-12.5425,-55.7211,2.31,26.29,30.03,22.34,87.84,0.15,NASA_POWER
2009-03-05,sorriso_mt,"Sorriso, MT",-12.5425,-55.7211,2.3,26.03,30.25,23.6,90.32,0.07,NASA_POWER
2009-03-06,sorriso_mt,"Sorriso, MT",-12.5425,-55.7211,1.02,25.68,29.69,22.27,88.69,0.09,NASA_POWER
2009-03-07,sorriso_mt,"Sorriso, MT",-12.5425,-55.7211,28.9,24.51,26.92,22.48,94.67,0.15,NASA_POWER
2009-03-08,sorriso_mt,"Sorriso, MT",-12.5425,-55.7211,5.6,24.41,28.18,21.38,89.58,0.17,NASA_POWER
2009-03-09,sorriso_mt,"Sorriso, MT",-12.5425,-55.7211,1.09,24.89,28.7,21.32,88.15,0.19,NASA_POWER
2009-03-10,sorriso_mt,"Sorriso, MT",-12.5425,-55.7211,3.41,24.92,28.18,22.11,88.34,0.09,NASA_POWER
2009-03-11,sorriso_mt,"Sorriso, MT",-12.5425,-55.7211,2.67,24.54,28.09,21.35,88.82,0.19,NASA_POWER
2009-03-12,sorriso_mt,"Sorriso, MT",-12.5425,-55.7211,2.18,24.62,28.37,21.42,85.22,0.16,NASA_POWER
2009-03-13,sorriso_mt,"Sorriso, MT",-12.5425,-55.7211,2.74,24.03,27.8,19.94,89.08,0.15,NASA_POWER
2009-03-14,sorriso_mt,"Sorriso, MT",-12.5425,-55.7211,0.08,24.18,27.46,21.54,89.98,0.05,NASA_POWER
2009-03-15,sorriso_mt,"Sorriso, MT",-12.5425,-55.7211,5.43,25.21,29.1,21.68,88.74,0.21,NASA_POWER
2009-03-16,sorriso_mt,"Sorriso, MT",-12.5425,-55.7211,9.22,24.11,26.93,22.07,93.92,0.02,NASA_POWER
2009-03-17,sorriso_mt,"Sorriso, MT",-12.5425,-55.7211,23.74,23.62,27.3,20.72,91.5,0.06,NASA_POWER
2009-03-18,sorriso_mt,"Sorriso, MT",-12.5425,-55.7211,2.83,24.08,28.45,20.54,89.48,0.1,NASA_POWER
2009-03-19,sorriso_mt,"Sorriso, MT",-12.5425,-55.7211,9.77,24.75,28.36,20.78,88.97,0.1,NASA_POWER
2009-03-20,sorriso_mt,"Sorriso, MT",-12.5425,-55.7211,1.76,24.97,28.01,22.47,91.83,0.12,NASA_POWER
2009-03-21,sorriso_mt,"Sorriso, MT",-12.5425,-55.7211,0.2,24.96,27.9,22.52,89.05,0.15,NASA_POWER
2009-03-22,sorriso_mt,"Sorriso, MT",-12.5425,-55.7211,2.32,25.14,28.39,22.17,89.26,0.12,NASA_POWER
2009-03-23,sorriso_mt,"Sorriso, MT",-12.5425,-55.7211,2.19,24.89,28.07,22.38,91.83,0.19,NASA_POWER
2009-03-24,sorriso_mt,"Sorriso, MT",-12.5425,-55.7211,2.93,24.31,28.39,22.07,91.95,0.11,NASA_POWER
2009-03-25,sorriso_mt,"Sorriso, MT",-12.5425,-55.7211,4.94,24.09,27.6,21.24,89.89,0.1,NASA_POWER
2009-03-26,sorriso_mt,"Sorriso, MT",-12.5425,-55.7211,7.94,23.76,26.81,21.35,93.38,0.02,NASA_POWER
2009-03-27,sorriso_mt,"Sorriso, MT",-12.5425,-55.7211,10.92,23.42,26.07,21.15,94.79,0.16,NASA_POWER
2009-03-28,sorriso_mt,"Sorriso, MT",-12.5425,-55.7211,11.25,24.18,27.66,21.43,91.82,0.17,NASA_POWER
2009-03-29,sorriso_mt,"Sorriso, MT",-12.5425,-55.7211,3.43,24.41,28.3,21.46,89.97,0.05,NASA_POWER
2009-03-30,sorriso_mt,"Sorriso, MT",-12.5425,-55.7211,4.17,23.92,26.89,21.24,91.62,0.13,NASA_POWER
2009-03-31,sorriso_mt,"Sorriso, MT",-12.5425,-55.7211,4.11,24.46,27.95,21.92,92.69,0.04,NASA_POWER
2009-04-01,sorriso_mt,"Sorriso, MT",-12.5425,-55.7211,13.31,24.12,26.59,22.08,94.76,0.14,NASA_POWER
2009-04-02,sorriso_mt,"Sorriso, MT",-12.5425,-55.7211,3.53,24.23,27.69,21.42,91.54,0.11,NASA_POWER
2009-04-03,sorriso_mt,"Sorriso, MT",-12.5425,-55.7211,3.82,23.6,26.29,21.75,94.66,0.1,NASA_POWER
2009-04-04,sorriso_mt,"Sorriso, MT",-12.5425,-55.7211,0.37,24.85,28.6,21.65,89.69,0.16,NASA_POWER
2009-04-05,sorriso_mt,"Sorriso, MT",-12.5425,-55.7211,3.27,24.52,26.55,22.64,91.48,0.24,NASA_POWER
2009-04-06,sorriso_mt,"Sorriso, MT",-12.5425,-55.7211,0.21,24.49,27.9,21.2,90.31,0.22,NASA_POWER
2009-04-07,sorriso_mt,"Sorriso, MT",-12.5425,-55.7211,1.58,24.58,28.09,22.02,89.41,0.15,NASA_POWER
2009-04-08,sorriso_mt,"Sorriso, MT",-12.5425,-55.7211,3.3,23.6,26.25,21.77,95.27,0.19,NASA_POWER
2009-04-09,sorriso_mt,"Sorriso, MT",-12.5425,-55.7211,1.05,24.49,28.38,20.89,89.09,0.15,NASA_POWER
2009-04-10,sorriso_mt,"Sorriso, MT",-12.5425,-55.7211,3.88,25.03,28.33,21.89,88.77,0.27,NASA_POWER
2009-04-11,sorriso_mt,"Sorriso, MT",-12.5425,-55.7211,5.5,24.54,27.45,22.5,94.17,0.06,NASA_POWER
2009-04-12,sorriso_mt,"Sorriso, MT",-12.5425,-55.7211,1.96,24.63,27.95,21.86,91.37,0.08,NASA_POWER
2009-04-13,sorriso_mt,"Sorriso, MT",-12.5425,-55.7211,7.26,24.59,27.78,22.22,92.06,0.02,NASA_POWER
2009-04-14,sorriso_mt,"Sorriso, MT",-12.5425,-55.7211,2.37,23.91,27.0,21.81,93.12,0.09,NASA_POWER
2009-04-15,sorriso_mt,"Sorriso, MT",-12.5425,-55.7211,1.65,24.46,28.15,21.48,90.81,0.03,NASA_POWER
2009-04-16,sorriso_mt,"Sorriso, MT",-12.5425,-55.7211,8.64,24.72,28.25,21.9,90.68,0.14,NASA_POWER
2009-04-17,sorriso_mt,"Sorriso, MT",-12.5425,-55.7211,4.27,24.33,27.44,21.84,94.41,0.09,NASA_POWER
2009-04-18,sorriso_mt,"Sorriso, MT",-12.5425,-55.7211,2.81,23.95,26.51,22.13,94.48,0.05,NASA_POWER
2009-04-19,sorriso_mt,"Sorriso, MT",-12.5425,-55.7211,0.51,24.4,27.78,21.61,90.63,0.03,NASA_POWER
2009-04-20,sorriso_mt,"Sorriso, MT",-12.5425,-55.7211,0.02,24.18,27.26,21.89,90.36,0.04,NASA_POWER
2009-04-21,sorriso_mt,"Sorriso, MT",-12.5425,-55.7211,0.19,24.4,28.21,21.27,86.97,0.04,NASA_POWER
2009-04-22,sorriso_mt,"Sorriso, MT",-12.5425,-55.7211,1.43,23.84,27.0,21.64,91.46,0.14,NASA_POWER
2009-04-23,sorriso_mt,"Sorriso, MT",-12.5425,-55.7211,4.99,23.63,26.24,21.67,92.41,0.25,NASA_POWER
2009-04-24,sorriso_mt,"Sorriso, MT",-12.5425,-55.7211,0.27,24.2,28.21,21.18,90.42,0.16,NASA_POWER
2009-04-25,sorriso_mt,"Sorriso, MT",-12.5425,-55.7211,1.1,24.39,27.77,21.65,90.03,0.2,NASA_POWER
2009-04-26,sorriso_mt,"Sorriso, MT",-12.5425,-55.7211,8.98,24.53,27.49,22.05,92.7,0.04,NASA_POWER
2009-04-27,sorriso_mt,"Sorriso, MT",-12.5425,-55.7211,1.49,24.43,27.84,21.76,90.77,0.1,NASA_POWER
2009-04-28,sorriso_mt,"Sorriso, MT",-12.5425,-55.7211,0.0,24.49,28.13,21.25,88.16,0.06,NASA_POWER
2009-04-29,sorriso_mt,"Sorriso, MT",-12.5425,-55.7211,0.0,23.94,27.77,21.0,87.43,0.04,NASA_POWER
2009-04-30,sorriso_mt,"Sorriso, MT",-12.5425,-55.7211,0.12,23.08,27.22,20.0,87.66,0.09,NASA_POWER
2009-05-01,sorriso_mt,"Sorriso, MT",-12.5425,-55.7211,0.24,22.81,27.13,18.38,86.16,0.2,NASA_POWER
2009-05-02,sorriso_mt,"Sorriso, MT",-12.5425,-55.7211,0.34,23.22,27.91,18.3,88.84,0.12,NASA_POWER
2009-05-03,sorriso_mt,"Sorriso, MT",-12.5425,-55.7211,0.97,23.34,26.84,20.21,89.41,0.07,NASA_POWER
2009-05-04,sorriso_mt,"Sorriso, MT",-12.5425,-55.7211,0.25,23.5,27.39,19.95,89.08,0.05,NASA_POWER
2009-05-05,sorriso_mt,"Sorriso, MT",-12.5425,-55.7211,0.02,24.0,27.79,21.03,89.08,0.03,NASA_POWER
2009-05-06,sorriso_mt,"Sorriso, MT",-12.5425,-55.7211,0.0,23.33,27.11,20.21,89.7,0.07,NASA_POWER
2009-05-07,sorriso_mt,"Sorriso, MT",-12.5425,-55.7211,0.0,23.44,27.79,19.64,89.01,0.04,NASA_POWER
2009-05-08,sorriso_mt,"Sorriso, MT",-12.5425,-55.7211,0.06,23.7,27.93,20.31,89.32,0.03,NASA_POWER
2009-05-09,sorriso_mt,"Sorriso, MT",-12.5425,-55.7211,1.29,24.0,27.3,21.21,90.51,0.16,NASA_POWER
2009-05-10,sorriso_mt,"Sorriso, MT",-12.5425,-55.7211,0.29,23.96,26.69,21.7,92.17,0.13,NASA_POWER
2009-05-11,sorriso_mt,"Sorriso, MT",-12.5425,-55.7211,2.47,23.83,26.87,20.89,92.75,0.19,NASA_POWER
2009-05-12,sorriso_mt,"Sorriso, MT",-12.5425,-55.7211,0.38,24.09,27.88,21.28,90.76,0.1,NASA_POWER
2009-05-13,sorriso_mt,"Sorriso, MT",-12.5425,-55.7211,0.02,24.04,27.45,21.59,90.07,0.17,NASA_POWER
2009-05-14,sorriso_mt,"Sorriso, MT",-12.5425,-55.7211,13.27,23.33,25.98,20.95,95.3,0.16,NASA_POWER
2009-05-15,sorriso_mt,"Sorriso, MT",-12.5425,-55.7211,2.3,23.03,25.59,21.1,94.12,0.14,NASA_POWER
2009-05-16,sorriso_mt,"Sorriso, MT",-12.5425,-55.7211,0.23,22.98,26.37,20.61,90.59,0.04,NASA_POWER
2009-05-17,sorriso_mt,"Sorriso, MT",-12.5425,-55.7211,0.03,23.07,26.49,20.3,90.76,0.03,NASA_POWER
2009-05-18,sorriso_mt,"Sorriso, MT",-12.5425,-55.7211,0.0,22.7,24.98,20.8,92.93,0.02,NASA_POWER
2009-05-19,sorriso_mt,"Sorriso, MT",-12.5425,-55.7211,0.0,23.27,27.06,20.35,91.65,0.03,NASA_POWER
2009-05-20,sorriso_mt,"Sorriso, MT",-12.5425,-55.7211,0.01,23.9,27.59,20.81,89.24,0.04,NASA_POWER
2009-05-21,sorriso_mt,"Sorriso, MT",-12.5425,-55.7211,0.0,23.74,27.33,20.88,88.05,0.03,NASA_POWER
2009-05-22,sorriso_mt,"Sorriso, MT",-12.5425,-55.7211,0.0,23.33,26.94,20.35,87.83,0.05,NASA_POWER
2009-05-23,sorriso_mt,"Sorriso, MT",-12.5425,-55.7211,0.27,23.63,27.6,20.04,89.71,0.03,NASA_POWER
2009-05-24,sorriso_mt,"Sorriso, MT",-12.5425,-55.7211,0.0,23.72,27.1,20.98,91.21,0.12,NASA_POWER
2009-05-25,sorriso_mt,"Sorriso, MT",-12.5425,-55.7211,0.0,24.28,27.66,21.22,90.42,0.03,NASA_POWER
2009-05-26,sorriso_mt,"Sorriso, MT",-12.5425,-55.7211,0.0,23.52,26.62,21.35,89.3,0.03,NASA_POWER
2009-05-27,sorriso_mt,"Sorriso, MT",-12.5425,-55.7211,0.0,22.93,27.14,19.82,89.28,0.04,NASA_POWER
2009-05-28,sorriso_mt,"Sorriso, MT",-12.5425,-55.7211,0.0,22.46,27.0,18.46,87.3,0.2,NASA_POWER
2009-05-29,sorriso_mt,"Sorriso, MT",-12.5425,-55.7211,0.19,21.81,26.85,17.49,87.34,0.13,NASA_POWER
2009-05-30,sorriso_mt,"Sorriso, MT",-12.5425,-55.7211,0.03,21.86,27.48,16.5,86.88,0.18,NASA_POWER
2009-05-31,sorriso_mt,"Sorriso, MT",-12.5425,-55.7211,0.0,23.33,28.19,18.94,87.3,0.03,NASA_POWER
2009-06-01,sorriso_mt,"Sorriso, MT",-12.5425,-55.7211,0.0,22.2,26.44,19.04,84.51,0.03,NASA_POWER
2009-06-02,sorriso_mt,"Sorriso, MT",-12.5425,-55.7211,0.06,20.21,24.85,16.97,78.81,0.03,NASA_POWER
2009-06-03,sorriso_mt,"Sorriso, MT",-12.5425,-55.7211,0.0,18.54,23.73,14.17,75.07,0.03,NASA_POWER
2009-06-04,sorriso_mt,"Sorriso, MT",-12.5425,-55.7211,0.0,19.87,26.19,14.09,83.03,0.08,NASA_POWER
2009-06-05,sorriso_mt,"Sorriso, MT",-12.5425,-55.7211,0.37,22.5,28.57,16.72,86.78,0.03,NASA_POWER
2009-06-06,sorriso_mt,"Sorriso, MT",-12.5425,-55.7211,0.2,23.27,28.22,19.56,83.53,0.05,NASA_POWER
2009-06-07,sorriso_mt,"Sorriso, MT",-12.5425,-55.7211,0.0,22.51,28.07,18.47,81.81,0.03,NASA_POWER
2009-06-08,sorriso_mt,"Sorriso, MT",-12.5425,-55.7211,0.05,22.35,28.1,17.49,80.82,0.04,NASA_POWER
2009-06-09,sorriso_mt,"Sorriso, MT",-12.5425,-55.7211,0.0,23.2,28.66,18.88,81.53,0.04,NASA_POWER
2009-06-10,sorriso_mt,"Sorriso, MT",-12.5425,-55.7211,0.0,23.52,29.09,18.87,82.45,0.03,NASA_POWER
2009-06-11,sorriso_mt,"Sorriso, MT",-12.5425,-55.7211,0.21,24.0,29.28,19.75,80.39,0.03,NASA_POWER
2009-06-12,sorriso_mt,"Sorriso, MT",-12.5425,-55.7211,0.26,22.41,25.77,19.83,86.12,0.03,NASA_POWER
2009-06-13,sorriso_mt,"Sorriso, MT",-12.5425,-55.7211,0.03,22.37,28.18,17.64,79.5,0.02,NASA_POWER
2009-06-14,sorriso_mt,"Sorriso, MT",-12.5425,-55.7211,0.0,23.61,29.57,17.83,80.16,0.05,NASA_POWER
2009-06-15,sorriso_mt,"Sorriso, MT",-12.5425,-55.7211,8.46,24.46,29.39,21.41,83.22,0.07,NASA_POWER
2009-06-16,sorriso_mt,"Sorriso, MT",-12.5425,-55.7211,12.75,22.91,25.7,20.47,93.44,0.24,NASA_POWER
2009-06-17,sorriso_mt,"Sorriso, MT",-12.5425,-55.7211,2.29,23.02,27.64,19.37,88.26,0.14,NASA_POWER
2009-06-18,sorriso_mt,"Sorriso, MT",-12.5425,-55.7211,5.88,23.1,27.69,19.5,89.86,0.05,NASA_POWER
2009-06-19,sorriso_mt,"Sorriso, MT",-12.5425,-55.7211,0.08,22.83,26.85,19.93,88.6,0.03,NASA_POWER
2009-06-20,sorriso_mt,"Sorriso, MT",-12.5425,-55.7211,0.25,23.59,28.24,19.02,83.98,0.04,NASA_POWER
2009-06-21,sorriso_mt,"Sorriso, MT",-12.5425,-55.7211,0.01,23.77,28.66,20.28,82.21,0.03,NASA_POWER
2009-06-22,sorriso_mt,"Sorriso, MT",-12.5425,-55.7211,0.0,23.01,28.45,18.24,79.18,0.05,NASA_POWER
2009-06-23,sorriso_mt,"Sorriso, MT",-12.5425,-55.7211,0.0,23.18,29.12,17.79,79.9,0.04,NASA_POWER
2009-06-24,sorriso_mt,"Sorriso, MT",-12.5425,-55.7211,0.0,23.91,29.71,18.93,77.28,0.04,NASA_POWER
2009-06-25,sorriso_mt,"Sorriso, MT",-12.5425,-55.7211,0.0,23.77,29.65,18.94,75.97,0.04,NASA_POWER
2009-06-26,sorriso_mt,"Sorriso, MT",-12.5425,-55.7211,0.0,23.46,30.03,18.02,76.41,0.09,NASA_POWER
2009-06-27,sorriso_mt,"Sorriso, MT",-12.5425,-55.7211,0.0,23.51,30.26,17.38,75.99,0.06,NASA_POWER
2009-06-28,sorriso_mt,"Sorriso, MT",-12.5425,-55.7211,0.0,23.71,30.62,17.38,75.26,0.06,NASA_POWER
2009-06-29,sorriso_mt,"Sorriso, MT",-12.5425,-55.7211,0.0,24.33,31.08,18.36,75.21,0.15,NASA_POWER
2009-06-30,sorriso_mt,"Sorriso, MT",-12.5425,-55.7211,0.0,24.92,31.43,19.43,73.61,0.03,NASA_POWER
2009-07-01,sorriso_mt,"Sorriso, MT",-12.5425,-55.7211,0.0,24.61,31.44,18.67,70.98,0.04,NASA_POWER
2009-07-02,sorriso_mt,"Sorriso, MT",-12.5425,-55.7211,0.0,23.95,31.08,18.74,67.37,0.04,NASA_POWER
2009-07-03,sorriso_mt,"Sorriso, MT",-12.5425,-55.7211,0.0,23.25,31.07,16.65,65.81,0.03,NASA_POWER
2009-07-04,sorriso_mt,"Sorriso, MT",-12.5425,-55.7211,0.0,23.47,31.03,16.17,66.47,0.16,NASA_POWER
2009-07-05,sorriso_mt,"Sorriso, MT",-12.5425,-55.7211,0.0,24.53,31.67,17.88,69.93,0.1,NASA_POWER
2009-07-06,sorriso_mt,"Sorriso, MT",-12.5425,-55.7211,0.0,24.71,31.21,19.3,69.09,0.03,NASA_POWER
2009-07-07,sorriso_mt,"Sorriso, MT",-12.5425,-55.7211,0.0,23.93,30.51,19.13,69.99,0.03,NASA_POWER
2009-07-08,sorriso_mt,"Sorriso, MT",-12.5425,-55.7211,0.0,24.48,31.29,18.87,67.61,0.03,NASA_POWER
2009-07-09,sorriso_mt,"Sorriso, MT",-12.5425,-55.7211,0.0,24.81,32.03,18.23,66.8,0.08,NASA_POWER
2009-07-10,sorriso_mt,"Sorriso, MT",-12.5425,-55.7211,0.0,25.1,32.32,18.76,66.8,0.11,NASA_POWER
2009-07-11,sorriso_mt,"Sorriso, MT",-12.5425,-55.7211,2.36,25.14,31.96,19.93,68.83,0.15,NASA_POWER
2009-07-12,sorriso_mt,"Sorriso, MT",-12.5425,-55.7211,0.17,23.28,30.82,16.15,67.5,0.11,NASA_POWER
2009-07-13,sorriso_mt,"Sorriso, MT",-12.5425,-55.7211,0.0,25.18,32.2,18.79,67.5,0.17,NASA_POWER
2009-07-14,sorriso_mt,"Sorriso, MT",-12.5425,-55.7211,0.0,24.85,32.89,18.37,65.73,0.08,NASA_POWER
2009-07-15,sorriso_mt,"Sorriso, MT",-12.5425,-55.7211,0.0,25.14,32.72,18.87,68.7,0.05,NASA_POWER
2009-07-16,sorriso_mt,"Sorriso, MT",-12.5425,-55.7211,0.0,25.5,32.71,19.37,64.27,0.04,NASA_POWER
2009-07-17,sorriso_mt,"Sorriso, MT",-12.5425,-55.7211,0.0,25.16,32.78,18.59,61.03,0.03,NASA_POWER
2009-07-18,sorriso_mt,"Sorriso, MT",-12.5425,-55.7211,0.0,24.75,32.96,18.16,59.31,0.04,NASA_POWER
2009-07-19,sorriso_mt,"Sorriso, MT",-12.5425,-55.7211,0.0,24.93,33.04,16.82,59.75,0.14,NASA_POWER
2009-07-20,sorriso_mt,"Sorriso, MT",-12.5425,-55.7211,0.0,25.22,32.69,19.17,61.65,0.08,NASA_POWER
2009-07-21,sorriso_mt,"Sorriso, MT",-12.5425,-55.7211,0.0,25.54,33.0,18.21,63.88,0.03,NASA_POWER
2009-07-22,sorriso_mt,"Sorriso, MT",-12.5425,-55.7211,0.0,26.25,33.96,19.26,65.26,0.03,NASA_POWER
2009-07-23,sorriso_mt,"Sorriso, MT",-12.5425,-55.7211,0.0,26.79,34.33,20.8,64.76,0.12,NASA_POWER
2009-07-24,sorriso_mt,"Sorriso, MT",-12.5425,-55.7211,0.0,24.14,29.36,19.6,63.79,0.05,NASA_POWER
2009-07-25,sorriso_mt,"Sorriso, MT",-12.5425,-55.7211,0.38,21.86,30.35,15.09,63.29,0.05,NASA_POWER
2009-07-26,sorriso_mt,"Sorriso, MT",-12.5425,-55.7211,0.03,25.0,33.44,17.64,65.21,0.05,NASA_POWER
2009-07-27,sorriso_mt,"Sorriso, MT",-12.5425,-55.7211,0.18,25.49,32.8,19.23,67.09,0.08,NASA_POWER
2009-07-28,sorriso_mt,"Sorriso, MT",-12.5425,-55.7211,0.0,25.13,33.93,18.2,57.71,0.15,NASA_POWER
2009-07-29,sorriso_mt,"Sorriso, MT",-12.5425,-55.7211,0.0,25.85,34.33,17.82,54.26,0.16,NASA_POWER
2009-07-30,sorriso_mt,"Sorriso, MT",-12.5425,-55.7211,0.0,25.93,34.76,18.23,52.42,0.06,NASA_POWER
2009-07-31,sorriso_mt,"Sorriso, MT",-12.5425,-55.7211,0.0,25.36,34.8,17.67,51.37,0.05,NASA_POWER
2009-08-01,sorriso_mt,"Sorriso, MT",-12.5425,-55.7211,0.0,25.58,33.75,17.69,53.93,0.23,NASA_POWER
2009-08-02,sorriso_mt,"Sorriso, MT",-12.5425,-55.7211,0.0,26.47,34.35,18.92,54.73,0.11,NASA_POWER
2009-08-03,sorriso_mt,"Sorriso, MT",-12.5425,-55.7211,0.0,26.53,34.53,19.09,53.54,0.04,NASA_POWER
2009-08-04,sorriso_mt,"Sorriso, MT",-12.5425,-55.7211,0.0,25.94,34.62,19.11,53.15,0.07,NASA_POWER
2009-08-05,sorriso_mt,"Sorriso, MT",-12.5425,-55.7211,0.0,25.78,34.51,17.35,51.15,0.19,NASA_POWER
2009-08-06,sorriso_mt,"Sorriso, MT",-12.5425,-55.7211,0.0,26.36,34.02,19.57,53.54,0.15,NASA_POWER
2009-08-07,sorriso_mt,"Sorriso, MT",-12.5425,-55.7211,0.0,26.33,34.79,18.4,48.47,0.09,NASA_POWER
2009-08-08,sorriso_mt,"Sorriso, MT",-12.5425,-55.7211,0.0,25.88,34.68,17.6,46.82,0.19,NASA_POWER
2009-08-09,sorriso_mt,"Sorriso, MT",-12.5425,-55.7211,0.0,25.86,35.41,17.74,43.96,0.17,NASA_POWER
2009-08-10,sorriso_mt,"Sorriso, MT",-12.5425,-55.7211,0.0,24.42,32.48,17.75,45.45,0.04,NASA_POWER
2009-08-11,sorriso_mt,"Sorriso, MT",-12.5425,-55.7211,0.0,24.45,33.77,17.16,44.81,0.05,NASA_POWER
2009-08-12,sorriso_mt,"Sorriso, MT",-12.5425,-55.7211,0.0,25.45,35.13,16.48,49.8,0.06,NASA_POWER
2009-08-13,sorriso_mt,"Sorriso, MT",-12.5425,-55.7211,0.0,27.41,35.7,18.99,45.27,0.13,NASA_POWER
2009-08-14,sorriso_mt,"Sorriso, MT",-12.5425,-55.7211,0.0,27.58,35.19,20.57,40.97,0.05,NASA_POWER
2009-08-15,sorriso_mt,"Sorriso, MT",-12.5425,-55.7211,0.0,27.2,35.34,19.4,41.37,0.08,NASA_POWER
2009-08-16,sorriso_mt,"Sorriso, MT",-12.5425,-55.7211,0.0,27.89,36.27,19.53,44.92,0.06,NASA_POWER
2009-08-17,sorriso_mt,"Sorriso, MT",-12.5425,-55.7211,0.0,29.15,36.59,22.23,41.61,0.03,NASA_POWER
2009-08-18,sorriso_mt,"Sorriso, MT",-12.5425,-55.7211,0.0,28.99,36.83,21.11,39.92,0.03,NASA_POWER
2009-08-19,sorriso_mt,"Sorriso, MT",-12.5425,-55.7211,0.0,29.31,36.45,22.23,41.81,0.03,NASA_POWER
2009-08-20,sorriso_mt,"Sorriso, MT",-12.5425,-55.7211,0.02,29.94,36.77,22.39,47.62,0.16,NASA_POWER
2009-08-21,sorriso_mt,"Sorriso, MT",-12.5425,-55.7211,3.99,25.29,30.42,21.04,67.18,0.05,NASA_POWER
2009-08-22,sorriso_mt,"Sorriso, MT",-12.5425,-55.7211,0.0,27.52,36.27,18.7,55.68,0.18,NASA_POWER
2009-08-23,sorriso_mt,"Sorriso, MT",-12.5425,-55.7211,10.57,29.24,36.59,22.32,56.58,0.28,NASA_POWER
2009-08-24,sorriso_mt,"Sorriso, MT",-12.5425,-55.7211,13.24,25.41,31.68,21.75,82.07,0.05,NASA_POWER
2009-08-25,sorriso_mt,"Sorriso, MT",-12.5425,-55.7211,8.21,23.88,28.14,21.78,86.03,0.08,NASA_POWER
2009-08-26,sorriso_mt,"Sorriso, MT",-12.5425,-55.7211,0.0,25.45,32.35,20.21,68.76,0.03,NASA_POWER
2009-08-27,sorriso_mt,"Sorriso, MT",-12.5425,-55.7211,0.16,26.23,32.38,21.22,68.27,0.03,NASA_POWER
2009-08-28,sorriso_mt,"Sorriso, MT",-12.5425,-55.7211,0.0,26.92,34.09,21.38,66.58,0.05,NASA_POWER
2009-08-29,sorriso_mt,"Sorriso, MT",-12.5425,-55.7211,0.0,27.85,34.93,21.37,63.69,0.16,NASA_POWER
2009-08-30,sorriso_mt,"Sorriso, MT",-12.5425,-55.7211,7.57,27.9,34.15,23.27,64.43,0.14,NASA_POWER
2009-08-31,sorriso_mt,"Sorriso, MT",-12.5425,-55.7211,0.03,27.34,33.64,22.24,65.23,0.06,NASA_POWER
2009-09-01,sorriso_mt,"Sorriso, MT",-12.5425,-55.7211,0.6,28.29,34.42,21.47,62.31,0.17,NASA_POWER
2009-09-02,sorriso_mt,"Sorriso, MT",-12.5425,-55.7211,0.13,29.48,36.02,23.3,61.41,0.24,NASA_POWER
2009-09-03,sorriso_mt,"Sorriso, MT",-12.5425,-55.7211,0.0,30.55,37.05,23.54,54.35,0.2,NASA_POWER
2009-09-04,sorriso_mt,"Sorriso, MT",-12.5425,-55.7211,0.99,29.5,36.68,23.68,62.53,0.15,NASA_POWER
2009-09-05,sorriso_mt,"Sorriso, MT",-12.5425,-55.7211,1.73,27.18,33.91,22.9,72.95,0.02,NASA_POWER
2009-09-06,sorriso_mt,"Sorriso, MT",-12.5425,-55.7211,2.24,27.66,34.38,21.34,67.52,0.03,NASA_POWER
2009-09-07,sorriso_mt,"Sorriso, MT",-12.5425,-55.7211,0.02,28.83,35.76,23.06,62.39,0.03,NASA_POWER
2009-09-08,sorriso_mt,"Sorriso, MT",-12.5425,-55.7211,1.19,28.55,34.1,23.19,66.85,0.04,NASA_POWER
2009-09-09,sorriso_mt,"Sorriso, MT",-12.5425,-55.7211,2.1,27.43,33.61,23.21,73.01,0.03,NASA_POWER
2009-09-10,sorriso_mt,"Sorriso, MT",-12.5425,-55.7211,6.52,26.27,30.96,22.67,77.89,0.04,NASA_POWER
2009-09-11,sorriso_mt,"Sorriso, MT",-12.5425,-55.7211,0.53,25.93,31.98,21.81,72.43,0.03,NASA_POWER
2009-09-12,sorriso_mt,"Sorriso, MT",-12.5425,-55.7211,0.03,27.34,34.72,20.98,61.37,0.14,NASA_POWER
2009-09-13,sorriso_mt,"Sorriso, MT",-12.5425,-55.7211,0.21,27.87,35.22,21.48,60.53,0.1,NASA_POWER
2009-09-14,sorriso_mt,"Sorriso, MT",-12.5425,-55.7211,0.03,29.47,36.93,23.04,56.09,0.04,NASA_POWER
2009-09-15,sorriso_mt,"Sorriso, MT",-12.5425,-55.7211,0.0,30.2,38.01,22.38,56.88,0.07,NASA_POWER
2009-09-16,sorriso_mt,"Sorriso, MT",-12.5425,-55.7211,0.08,30.25,38.1,23.61,56.11,0.22,NASA_POWER
2009-09-17,sorriso_mt,"Sorriso, MT",-12.5425,-55.7211,2.7,29.76,37.52,24.77,56.13,0.05,NASA_POWER
2009-09-18,sorriso_mt,"Sorriso, MT",-12.5425,-55.7211,0.87,29.09,36.21,22.74,65.41,0.04,NASA_POWER
2009-09-19,sorriso_mt,"Sorriso, MT",-12.5425,-55.7211,1.0,28.73,35.05,23.22,66.69,0.04,NASA_POWER
2009-09-20,sorriso_mt,"Sorriso, MT",-12.5425,-55.7211,1.15,27.89,33.76,24.17,68.94,0.05,NASA_POWER
2009-09-21,sorriso_mt,"Sorriso, MT",-12.5425,-55.7211,4.35,25.79,28.76,23.13,79.72,0.05,NASA_POWER
2009-09-22,sorriso_mt,"Sorriso, MT",-12.5425,-55.7211,5.0,24.45,28.89,21.74,85.49,0.02,NASA_POWER
2009-09-23,sorriso_mt,"Sorriso, MT",-12.5425,-55.7211,45.83,25.42,31.83,20.86,80.02,0.02,NASA_POWER
2009-09-24,sorriso_mt,"Sorriso, MT",-12.5425,-55.7211,0.24,24.35,29.87,19.7,75.74,0.09,NASA_POWER
2009-09-25,sorriso_mt,"Sorriso, MT",-12.5425,-55.7211,0.01,26.68,34.1,19.96,66.56,0.03,NASA_POWER
2009-09-26,sorriso_mt,"Sorriso, MT",-12.5425,-55.7211,0.52,28.27,35.74,21.13,63.96,0.09,NASA_POWER
2009-09-27,sorriso_mt,"Sorriso, MT",-12.5425,-55.7211,0.02,28.47,34.92,22.52,67.21,0.09,NASA_POWER
2009-09-28,sorriso_mt,"Sorriso, MT",-12.5425,-55.7211,0.04,29.22,35.91,22.89,63.01,0.15,NASA_POWER
2009-09-29,sorriso_mt,"Sorriso, MT",-12.5425,-55.7211,1.34,28.05,34.5,23.34,65.75,0.03,NASA_POWER
2009-09-30,sorriso_mt,"Sorriso, MT",-12.5425,-55.7211,0.04,27.19,34.82,20.81,58.33,0.03,NASA_POWER
2009-10-01,sorriso_mt,"Sorriso, MT",-12.5425,-55.7211,0.32,28.35,37.13,21.29,58.42,0.03,NASA_POWER
2009-10-02,sorriso_mt,"Sorriso, MT",-12.5425,-55.7211,1.53,26.45,32.17,22.24,72.06,0.11,NASA_POWER
2009-10-03,sorriso_mt,"Sorriso, MT",-12.5425,-55.7211,0.03,29.14,37.04,21.78,56.92,0.04,NASA_POWER
2009-10-04,sorriso_mt,"Sorriso, MT",-12.5425,-55.7211,23.46,27.25,32.9,23.66,69.54,0.03,NASA_POWER
2009-10-05,sorriso_mt,"Sorriso, MT",-12.5425,-55.7211,1.91,25.97,31.68,21.93,73.3,0.04,NASA_POWER
2009-10-06,sorriso_mt,"Sorriso, MT",-12.5425,-55.7211,2.49,26.5,33.06,20.86,76.5,0.05,NASA_POWER
2009-10-07,sorriso_mt,"Sorriso, MT",-12.5425,-55.7211,1.43,27.38,33.95,22.72,72.06,0.05,NASA_POWER
2009-10-08,sorriso_mt,"Sorriso, MT",-12.5425,-55.7211,0.99,27.64,33.46,22.33,70.74,0.1,NASA_POWER
2009-10-09,sorriso_mt,"Sorriso, MT",-12.5425,-55.7211,1.54,27.48,33.97,22.77,70.63,0.08,NASA_POWER
2009-10-10,sorriso_mt,"Sorriso, MT",-12.5425,-55.7211,0.03,27.95,34.77,22.01,67.49,0.05,NASA_POWER
2009-10-11,sorriso_mt,"Sorriso, MT",-12.5425,-55.7211,0.28,29.09,36.55,21.8,61.89,0.04,NASA_POWER
2009-10-12,sorriso_mt,"Sorriso, MT",-12.5425,-55.7211,32.84,28.36,35.52,22.88,73.52,0.08,NASA_POWER
2009-10-13,sorriso_mt,"Sorriso, MT",-12.5425,-55.7211,5.75,25.22,28.31,23.17,87.11,0.04,NASA_POWER
2009-10-14,sorriso_mt,"Sorriso, MT",-12.5425,-55.7211,0.0,26.59,32.0,22.2,75.3,0.06,NASA_POWER
2009-10-15,sorriso_mt,"Sorriso, MT",-12.5425,-55.7211,0.2,27.16,32.86,22.71,72.46,0.08,NASA_POWER
2009-10-16,sorriso_mt,"Sorriso, MT",-12.5425,-55.7211,0.72,26.52,31.19,22.62,77.2,0.03,NASA_POWER
2009-10-17,sorriso_mt,"Sorriso, MT",-12.5425,-55.7211,0.07,27.49,34.32,21.61,67.82,0.05,NASA_POWER
2009-10-18,sorriso_mt,"Sorriso, MT",-12.5425,-55.7211,4.33,27.38,33.45,22.64,70.23,0.07,NASA_POWER
2009-10-19,sorriso_mt,"Sorriso, MT",-12.5425,-55.7211,4.46,27.74,34.18,22.16,69.06,0.04,NASA_POWER
2009-10-20,sorriso_mt,"Sorriso, MT",-12.5425,-55.7211,3.36,26.04,30.56,22.87,81.3,0.06,NASA_POWER
2009-10-21,sorriso_mt,"Sorriso, MT",-12.5425,-55.7211,0.13,27.79,34.32,22.17,69.73,0.05,NASA_POWER
2009-10-22,sorriso_mt,"Sorriso, MT",-12.5425,-55.7211,0.01,28.7,35.69,22.26,64.41,0.13,NASA_POWER
2009-10-23,sorriso_mt,"Sorriso, MT",-12.5425,-55.7211,0.41,28.46,33.3,24.42,67.53,0.11,NASA_POWER
2009-10-24,sorriso_mt,"Sorriso, MT",-12.5425,-55.7211,0.01,29.02,35.55,23.62,62.07,0.12,NASA_POWER
2009-10-25,sorriso_mt,"Sorriso, MT",-12.5425,-55.7211,0.08,28.27,34.75,23.12,63.39,0.04,NASA_POWER
2009-10-26,sorriso_mt,"Sorriso, MT",-12.5425,-55.7211,13.67,26.78,31.08,23.49,77.54,0.05,NASA_POWER
2009-10-27,sorriso_mt,"Sorriso, MT",-12.5425,-55.7211,0.4,26.36,31.22,22.21,76.47,0.08,NASA_POWER
2009-10-28,sorriso_mt,"Sorriso, MT",-12.5425,-55.7211,13.61,27.44,33.1,23.01,73.46,0.12,NASA_POWER
2009-10-29,sorriso_mt,"Sorriso, MT",-12.5425,-55.7211,4.56,26.48,31.83,23.37,83.04,0.12,NASA_POWER
2009-10-30,sorriso_mt,"Sorriso, MT",-12.5425,-55.7211,3.73,27.15,33.07,22.41,76.0,0.13,NASA_POWER
2009-10-31,sorriso_mt,"Sorriso, MT",-12.5425,-55.7211,2.26,26.38,32.17,21.65,77.37,0.05,NASA_POWER
2009-11-01,sorriso_mt,"Sorriso, MT",-12.5425,-55.7211,0.66,25.4,29.51,22.85,78.66,0.02,NASA_POWER
2009-11-02,sorriso_mt,"Sorriso, MT",-12.5425,-55.7211,2.62,25.87,31.43,21.63,76.99,0.03,NASA_POWER
2009-11-03,sorriso_mt,"Sorriso, MT",-12.5425,-55.7211,5.73,25.72,30.31,22.49,79.53,0.03,NASA_POWER
2009-11-04,sorriso_mt,"Sorriso, MT",-12.5425,-55.7211,1.53,26.49,32.85,21.6,74.99,0.02,NASA_POWER
2009-11-05,sorriso_mt,"Sorriso, MT",-12.5425,-55.7211,1.15,26.73,32.3,22.18,73.54,0.02,NASA_POWER
2009-11-06,sorriso_mt,"Sorriso, MT",-12.5425,-55.7211,28.05,25.21,29.76,22.44,86.67,0.03,NASA_POWER
2009-11-07,sorriso_mt,"Sorriso, MT",-12.5425,-55.7211,3.4,23.24,25.49,21.64,91.27,0.03,NASA_POWER
2009-11-08,sorriso_mt,"Sorriso, MT",-12.5425,-55.7211,0.1,25.81,31.81,20.23,77.31,0.1,NASA_POWER
2009-11-09,sorriso_mt,"Sorriso, MT",-12.5425,-55.7211,12.06,26.58,32.22,21.81,80.11,0.09,NASA_POWER
2009-11-10,sorriso_mt,"Sorriso, MT",-12.5425,-55.7211,11.2,25.75,30.52,22.9,87.19,0.03,NASA_POWER
2009-11-11,sorriso_mt,"Sorriso, MT",-12.5425,-55.7211,0.08,25.86,30.14,22.67,82.09,0.03,NASA_POWER
2009-11-12,sorriso_mt,"Sorriso, MT",-12.5425,-55.7211,0.0,26.85,30.77,21.99,77.07,0.09,NASA_POWER
2009-11-13,sorriso_mt,"Sorriso, MT",-12.5425,-55.7211,95.59,26.98,30.84,24.04,80.02,0.11,NASA_POWER
2009-11-14,sorriso_mt,"Sorriso, MT",-12.5425,-55.7211,4.53,25.03,28.23,22.74,89.89,0.16,NASA_POWER
2009-11-15,sorriso_mt,"Sorriso, MT",-12.5425,-55.7211,0.03,25.37,28.92,21.18,87.25,0.21,NASA_POWER
2009-11-16,sorriso_mt,"Sorriso, MT",-12.5425,-55.7211,0.01,26.75,30.8,22.11,78.1,0.16,NASA_POWER
2009-11-17,sorriso_mt,"Sorriso, MT",-12.5425,-55.7211,0.07,27.16,32.19,21.63,78.2,0.1,NASA_POWER
2009-11-18,sorriso_mt,"Sorriso, MT",-12.5425,-55.7211,1.12,26.19,29.19,23.81,86.63,0.06,NASA_POWER
2009-11-19,sorriso_mt,"Sorriso, MT",-12.5425,-55.7211,12.74,25.6,29.33,22.93,88.34,0.06,NASA_POWER
2009-11-20,sorriso_mt,"Sorriso, MT",-12.5425,-55.7211,9.16,24.57,28.12,21.74,89.16,0.15,NASA_POWER
2009-11-21,sorriso_mt,"Sorriso, MT",-12.5425,-55.7211,0.27,25.55,30.46,20.71,83.46,0.09,NASA_POWER
2009-11-22,sorriso_mt,"Sorriso, MT",-12.5425,-55.7211,0.0,26.37,30.74,22.88,81.38,0.03,NASA_POWER
2009-11-23,sorriso_mt,"Sorriso, MT",-12.5425,-55.7211,0.52,26.83,31.38,23.32,78.99,0.12,NASA_POWER
2009-11-24,sorriso_mt,"Sorriso, MT",-12.5425,-55.7211,44.74,24.73,26.86,22.9,91.88,0.16,NASA_POWER
2009-11-25,sorriso_mt,"Sorriso, MT",-12.5425,-55.7211,14.7,23.86,26.53,21.94,92.98,0.06,NASA_POWER
2009-11-26,sorriso_mt,"Sorriso, MT",-12.5425,-55.7211,10.18,24.36,28.43,20.84,90.6,0.08,NASA_POWER
2009-11-27,sorriso_mt,"Sorriso, MT",-12.5425,-55.7211,4.57,24.37,27.85,21.88,91.52,0.04,NASA_POWER
2009-11-28,sorriso_mt,"Sorriso, MT",-12.5425,-55.7211,0.05,25.24,29.49,21.0,86.3,0.11,NASA_POWER
2009-11-29,sorriso_mt,"Sorriso, MT",-12.5425,-55.7211,0.11,26.41,29.87,22.36,82.79,0.19,NASA_POWER
2009-11-30,sorriso_mt,"Sorriso, MT",-12.5425,-55.7211,5.47,26.17,29.97,23.14,84.04,0.14,NASA_POWER
2009-12-01,sorriso_mt,"Sorriso, MT",-12.5425,-55.7211,2.64,24.7,27.39,22.66,90.63,0.08,NASA_POWER
2009-12-02,sorriso_mt,"Sorriso, MT",-12.5425,-55.7211,0.9,25.67,29.63,21.61,82.53,0.03,NASA_POWER
2009-12-03,sorriso_mt,"Sorriso, MT",-12.5425,-55.7211,27.59,24.07,25.41,22.87,95.56,0.03,NASA_POWER
2009-12-04,sorriso_mt,"Sorriso, MT",-12.5425,-55.7211,23.42,24.4,27.42,21.99,93.43,0.03,NASA_POWER
2009-12-05,sorriso_mt,"Sorriso, MT",-12.5425,-55.7211,11.68,23.33,25.31,21.87,95.84,0.03,NASA_POWER
2009-12-06,sorriso_mt,"Sorriso, MT",-12.5425,-55.7211,4.8,23.8,27.1,21.46,92.04,0.05,NASA_POWER
2009-12-07,sorriso_mt,"Sorriso, MT",-12.5425,-55.7211,8.51,23.12,25.05,21.83,95.91,0.03,NASA_POWER
2009-12-08,sorriso_mt,"Sorriso, MT",-12.5425,-55.7211,8.28,23.89,27.01,21.16,91.47,0.17,NASA_POWER
2009-12-09,sorriso_mt,"Sorriso, MT",-12.5425,-55.7211,10.37,23.42,26.1,21.54,94.46,0.19,NASA_POWER
2009-12-10,sorriso_mt,"Sorriso, MT",-12.5425,-55.7211,10.14,24.54,28.13,21.4,90.65,0.21,NASA_POWER
2009-12-11,sorriso_mt,"Sorriso, MT",-12.5425,-55.7211,1.02,24.7,28.02,22.76,90.53,0.05,NASA_POWER
2009-12-12,sorriso_mt,"Sorriso, MT",-12.5425,-55.7211,25.53,24.21,26.82,21.67,91.4,0.18,NASA_POWER
2009-12-13,sorriso_mt,"Sorriso, MT",-12.5425,-55.7211,9.7,24.27,27.88,21.51,90.22,0.04,NASA_POWER
2009-12-14,sorriso_mt,"Sorriso, MT",-12.5425,-55.7211,8.01,23.74,26.33,21.91,93.38,0.04,NASA_POWER
2009-12-15,sorriso_mt,"Sorriso, MT",-12.5425,-55.7211,1.65,24.76,28.23,21.68,89.0,0.07,NASA_POWER
2009-12-16,sorriso_mt,"Sorriso, MT",-12.5425,-55.7211,1.2,25.07,28.58,22.06,88.04,0.08,NASA_POWER
2009-12-17,sorriso_mt,"Sorriso, MT",-12.5425,-55.7211,0.21,24.87,28.42,21.78,88.44,0.09,NASA_POWER
2009-12-18,sorriso_mt,"Sorriso, MT",-12.5425,-55.7211,1.73,25.15,28.68,21.81,88.35,0.07,NASA_POWER
2009-12-19,sorriso_mt,"Sorriso, MT",-12.5425,-55.7211,24.23,24.95,28.82,21.71,89.06,0.09,NASA_POWER
2009-12-20,sorriso_mt,"Sorriso, MT",-12.5425,-55.7211,7.87,23.65,26.78,21.48,89.37,0.1,NASA_POWER
2009-12-21,sorriso_mt,"Sorriso, MT",-12.5425,-55.7211,1.43,24.81,28.89,20.56,86.62,0.11,NASA_POWER
2009-12-22,sorriso_mt,"Sorriso, MT",-12.5425,-55.7211,0.82,24.98,28.68,21.33,87.13,0.05,NASA_POWER
2009-12-23,sorriso_mt,"Sorriso, MT",-12.5425,-55.7211,2.02,24.55,28.07,21.7,88.15,0.11,NASA_POWER
2009-12-24,sorriso_mt,"Sorriso, MT",-12.5425,-55.7211,0.28,24.97,28.8,21.19,87.06,0.22,NASA_POWER
2009-12-25,sorriso_mt,"Sorriso, MT",-12.5425,-55.7211,0.08,25.39,29.13,21.53,88.12,0.09,NASA_POWER
2009-12-26,sorriso_mt,"Sorriso, MT",-12.5425,-55.7211,1.43,24.89,27.97,22.58,89.94,0.03,NASA_POWER
2009-12-27,sorriso_mt,"Sorriso, MT",-12.5425,-55.7211,2.92,24.43,27.31,22.42,90.7,0.06,NASA_POWER
2009-12-28,sorriso_mt,"Sorriso, MT",-12.5425,-55.7211,18.9,23.32,26.28,20.41,90.14,0.07,NASA_POWER
2009-12-29,sorriso_mt,"Sorriso, MT",-12.5425,-55.7211,4.64,23.74,26.39,21.94,92.65,0.03,NASA_POWER
2009-12-30,sorriso_mt,"Sorriso, MT",-12.5425,-55.7211,1.47,23.62,26.4,20.92,89.83,0.05,NASA_POWER
2009-12-31,sorriso_mt,"Sorriso, MT",-12.5425,-55.7211,0.77,24.92,28.7,21.53,89.75,0.04,NASA_POWER
2010-01-01,sorriso_mt,"Sorriso, MT",-12.5425,-55.7211,10.03,24.09,26.22,22.58,93.14,0.03,NASA_POWER
2010-01-02,sorriso_mt,"Sorriso, MT",-12.5425,-55.7211,10.24,23.75,26.49,21.82,95.15,0.03,NASA_POWER
2010-01-03,sorriso_mt,"Sorriso, MT",-12.5425,-55.7211,2.36,24.23,27.89,21.56,91.32,0.05,NASA_POWER
2010-01-04,sorriso_mt,"Sorriso, MT",-12.5425,-55.7211,1.23,25.34,29.08,21.66,88.08,0.03,NASA_POWER
2010-01-05,sorriso_mt,"Sorriso, MT",-12.5425,-55.7211,9.92,25.51,29.17,22.06,90.48,0.09,NASA_POWER
2010-01-06,sorriso_mt,"Sorriso, MT",-12.5425,-55.7211,0.79,25.94,29.28,23.12,90.17,0.1,NASA_POWER
2010-01-07,sorriso_mt,"Sorriso, MT",-12.5425,-55.7211,9.79,24.22,25.99,22.65,95.46,0.03,NASA_POWER
2010-01-08,sorriso_mt,"Sorriso, MT",-12.5425,-55.7211,16.71,23.78,25.75,22.05,96.92,0.03,NASA_POWER
2010-01-09,sorriso_mt,"Sorriso, MT",-12.5425,-55.7211,8.27,23.91,26.27,21.98,95.15,0.03,NASA_POWER
2010-01-10,sorriso_mt,"Sorriso, MT",-12.5425,-55.7211,7.04,23.75,25.54,22.12,91.68,0.08,NASA_POWER
2010-01-11,sorriso_mt,"Sorriso, MT",-12.5425,-55.7211,18.41,24.43,28.29,20.37,90.95,0.11,NASA_POWER
2010-01-12,sorriso_mt,"Sorriso, MT",-12.5425,-55.7211,13.75,23.81,26.36,21.77,92.93,0.04,NASA_POWER
2010-01-13,sorriso_mt,"Sorriso, MT",-12.5425,-55.7211,10.86,23.84,27.07,21.25,92.35,0.13,NASA_POWER
2010-01-14,sorriso_mt,"Sorriso, MT",-12.5425,-55.7211,13.85,24.27,27.74,20.76,91.65,0.16,NASA_POWER
2010-01-15,sorriso_mt,"Sorriso, MT",-12.5425,-55.7211,4.62,24.25,27.68,21.94,92.01,0.06,NASA_POWER
2010-01-16,sorriso_mt,"Sorriso, MT",-12.5425,-55.7211,3.74,25.07,28.37,22.29,88.92,0.03,NASA_POWER
2010-01-17,sorriso_mt,"Sorriso, MT",-12.5425,-55.7211,11.39,25.29,28.92,21.99,91.31,0.08,NASA_POWER
2010-01-18,sorriso_mt,"Sorriso, MT",-12.5425,-55.7211,7.77,25.43,28.13,23.42,91.54,0.28,NASA_POWER
2010-01-19,sorriso_mt,"Sorriso, MT",-12.5425,-55.7211,3.64,25.35,29.4,22.04,88.97,0.19,NASA_POWER
2010-01-20,sorriso_mt,"Sorriso, MT",-12.5425,-55.7211,3.92,25.94,29.66,21.66,85.88,0.16,NASA_POWER
2010-01-21,sorriso_mt,"Sorriso, MT",-12.5425,-55.7211,38.38,25.55,28.93,22.43,90.44,0.04,NASA_POWER
2010-01-22,sorriso_mt,"Sorriso, MT",-12.5425,-55.7211,15.42,24.35,26.97,22.65,92.87,0.02,NASA_POWER
2010-01-23,sorriso_mt,"Sorriso, MT",-12.5425,-55.7211,11.04,23.87,26.14,22.06,95.0,0.02,NASA_POWER
2010-01-24,sorriso_mt,"Sorriso, MT",-12.5425,-55.7211,12.16,23.46,25.41,21.96,97.52,0.03,NASA_POWER
2010-01-25,sorriso_mt,"Sorriso, MT",-12.5425,-55.7211,5.13,24.45,28.11,21.74,91.97,0.02,NASA_POWER
2010-01-26,sorriso_mt,"Sorriso, MT",-12.5425,-55.7211,19.82,24.14,26.59,21.92,96.34,0.05,NASA_POWER
2010-01-27,sorriso_mt,"Sorriso, MT",-12.5425,-55.7211,8.55,24.86,28.29,22.08,92.07,0.03,NASA_POWER
2010-01-28,sorriso_mt,"Sorriso, MT",-12.5425,-55.7211,4.4,24.94,28.37,22.37,90.97,0.04,NASA_POWER
2010-01-29,sorriso_mt,"Sorriso, MT",-12.5425,-55.7211,6.2,25.03,28.04,22.42,91.95,0.02,NASA_POWER
2010-01-30,sorriso_mt,"Sorriso, MT",-12.5425,-55.7211,33.39,24.81,28.05,22.47,93.31,0.08,NASA_POWER
2010-01-31,sorriso_mt,"Sorriso, MT",-12.5425,-55.7211,8.05,24.34,26.93,22.54,92.04,0.02,NASA_POWER
2010-02-01,sorriso_mt,"Sorriso, MT",-12.5425,-55.7211,1.26,24.73,28.77,21.65,85.96,0.08,NASA_POWER
2010-02-02,sorriso_mt,"Sorriso, MT",-12.5425,-55.7211,0.79,24.93,28.17,22.12,88.85,0.04,NASA_POWER
2010-02-03,sorriso_mt,"Sorriso, MT",-12.5425,-55.7211,0.29,25.75,29.89,21.66,87.21,0.05,NASA_POWER
2010-02-04,sorriso_mt,"Sorriso, MT",-12.5425,-55.7211,0.11,26.5,30.53,22.67,87.92,0.04,NASA_POWER
2010-02-05,sorriso_mt,"Sorriso, MT",-12.5425,-55.7211,0.02,26.6,30.28,22.81,87.12,0.2,NASA_POWER
2010-02-06,sorriso_mt,"Sorriso, MT",-12.5425,-55.7211,28.32,26.23,29.1,23.75,88.52,0.15,NASA_POWER
2010-02-07,sorriso_mt,"Sorriso, MT",-12.5425,-55.7211,21.76,24.71,26.86,22.77,93.59,0.07,NASA_POWER
2010-02-08,sorriso_mt,"Sorriso, MT",-12.5425,-55.7211,3.09,24.53,27.48,22.74,90.05,0.03,NASA_POWER
2010-02-09,sorriso_mt,"Sorriso, MT",-12.5425,-55.7211,4.15,24.3,26.94,22.1,92.34,0.04,NASA_POWER
2010-02-10,sorriso_mt,"Sorriso, MT",-12.5425,-55.7211,29.01,23.45,24.63,22.0,98.36,0.03,NASA_POWER
2010-02-11,sorriso_mt,"Sorriso, MT",-12.5425,-55.7211,6.4,23.68,26.11,21.74,94.64,0.04,NASA_POWER
2010-02-12,sorriso_mt,"Sorriso, MT",-12.5425,-55.7211,1.28,25.3,29.19,21.8,87.89,0.03,NASA_POWER
2010-02-13,sorriso_mt,"Sorriso, MT",-12.5425,-55.7211,3.16,24.1,26.11,22.83,92.82,0.04,NASA_POWER
2010-02-14,sorriso_mt,"Sorriso, MT",-12.5425,-55.7211,6.96,24.83,28.34,22.15,90.65,0.05,NASA_POWER
2010-02-15,sorriso_mt,"Sorriso, MT",-12.5425,-55.7211,2.94,24.59,28.14,21.96,89.98,0.12,NASA_POWER
2010-02-16,sorriso_mt,"Sorriso, MT",-12.5425,-55.7211,0.69,25.49,29.34,21.19,86.04,0.09,NASA_POWER
2010-02-17,sorriso_mt,"Sorriso, MT",-12.5425,-55.7211,0.26,25.12,27.86,22.55,87.41,0.11,NASA_POWER
2010-02-18,sorriso_mt,"Sorriso, MT",-12.5425,-55.7211,1.79,25.92,29.78,22.61,88.21,0.12,NASA_POWER
2010-02-19,sorriso_mt,"Sorriso, MT",-12.5425,-55.7211,71.48,25.79,29.03,22.93,91.54,0.03,NASA_POWER
2010-02-20,sorriso_mt,"Sorriso, MT",-12.5425,-55.7211,19.07,25.58,29.41,22.75,90.69,0.04,NASA_POWER
2010-02-21,sorriso_mt,"Sorriso, MT",-12.5425,-55.7211,4.04,25.72,29.78,22.18,87.25,0.05,NASA_POWER
2010-02-22,sorriso_mt,"Sorriso, MT",-12.5425,-55.7211,6.83,25.14,28.93,21.59,87.94,0.05,NASA_POWER
2010-02-23,sorriso_mt,"Sorriso, MT",-12.5425,-55.7211,0.86,25.51,29.45,22.04,87.8,0.1,NASA_POWER
2010-02-24,sorriso_mt,"Sorriso, MT",-12.5425,-55.7211,11.78,26.01,30.0,22.09,86.0,0.16,NASA_POWER
2010-02-25,sorriso_mt,"Sorriso, MT",-12.5425,-55.7211,13.79,24.77,27.43,22.52,94.49,0.08,NASA_POWER
2010-02-26,sorriso_mt,"Sorriso, MT",-12.5425,-55.7211,52.19,24.53,27.08,22.72,95.8,0.09,NASA_POWER
2010-02-27,sorriso_mt,"Sorriso, MT",-12.5425,-55.7211,9.73,25.09,28.63,22.16,90.56,0.05,NASA_POWER
2010-02-28,sorriso_mt,"Sorriso, MT",-12.5425,-55.7211,1.29,23.96,26.21,22.26,92.91,0.06,NASA_POWER
2010-03-01,sorriso_mt,"Sorriso, MT",-12.5425,-55.7211,0.27,24.85,28.42,21.62,89.41,0.05,NASA_POWER
2010-03-02,sorriso_mt,"Sorriso, MT",-12.5425,-55.7211,2.53,24.55,26.88,22.87,94.06,0.09,NASA_POWER
2010-03-03,sorriso_mt,"Sorriso, MT",-12.5425,-55.7211,11.87,25.22,27.92,22.81,91.76,0.16,NASA_POWER
2010-03-04,sorriso_mt,"Sorriso, MT",-12.5425,-55.7211,4.73,25.41,28.84,23.17,91.15,0.21,NASA_POWER
2010-03-05,sorriso_mt,"Sorriso, MT",-12.5425,-55.7211,3.12,25.58,28.94,22.61,88.26,0.09,NASA_POWER
2010-03-06,sorriso_mt,"Sorriso, MT",-12.5425,-55.7211,0.38,25.26,28.52,22.6,91.29,0.03,NASA_POWER
2010-03-07,sorriso_mt,"Sorriso, MT",-12.5425,-55.7211,8.38,25.82,29.36,22.7,89.94,0.04,NASA_POWER
2010-03-08,sorriso_mt,"Sorriso, MT",-12.5425,-55.7211,41.81,24.73,26.71,23.02,96.0,0.07,NASA_POWER
2010-03-09,sorriso_mt,"Sorriso, MT",-12.5425,-55.7211,7.27,26.05,30.02,22.96,88.57,0.17,NASA_POWER
2010-03-10,sorriso_mt,"Sorriso, MT",-12.5425,-55.7211,9.41,26.16,29.33,23.07,89.5,0.08,NASA_POWER
2010-03-11,sorriso_mt,"Sorriso, MT",-12.5425,-55.7211,8.11,25.12,27.32,23.35,93.21,0.06,NASA_POWER
2010-03-12,sorriso_mt,"Sorriso, MT",-12.5425,-55.7211,9.04,24.73,27.8,22.61,93.24,0.09,NASA_POWER
2010-03-13,sorriso_mt,"Sorriso, MT",-12.5425,-55.7211,0.54,25.08,28.61,22.06,90.62,0.02,NASA_POWER
2010-03-14,sorriso_mt,"Sorriso, MT",-12.5425,-55.7211,1.95,25.19,28.24,22.61,89.36,0.03,NASA_POWER
2010-03-15,sorriso_mt,"Sorriso, MT",-12.5425,-55.7211,0.43,25.45,29.27,22.31,87.21,0.14,NASA_POWER
2010-03-16,sorriso_mt,"Sorriso, MT",-12.5425,-55.7211,0.05,25.88,29.82,22.64,86.6,0.24,NASA_POWER
2010-03-17,sorriso_mt,"Sorriso, MT",-12.5425,-55.7211,2.49,25.96,29.75,22.45,88.97,0.17,NASA_POWER
2010-03-18,sorriso_mt,"Sorriso, MT",-12.5425,-55.7211,1.4,26.05,30.1,22.53,89.6,0.15,NASA_POWER
2010-03-19,sorriso_mt,"Sorriso, MT",-12.5425,-55.7211,2.38,25.92,29.16,23.3,90.4,0.07,NASA_POWER
2010-03-20,sorriso_mt,"Sorriso, MT",-12.5425,-55.7211,19.51,24.36,26.22,21.83,94.2,0.26,NASA_POWER
2010-03-21,sorriso_mt,"Sorriso, MT",-12.5425,-55.7211,0.84,24.92,29.38,21.09,89.94,0.06,NASA_POWER
2010-03-22,sorriso_mt,"Sorriso, MT",-12.5425,-55.7211,5.4,24.96,28.0,22.59,91.08,0.03,NASA_POWER
2010-03-23,sorriso_mt,"Sorriso, MT",-12.5425,-55.7211,21.09,24.02,25.93,22.31,95.34,0.12,NASA_POWER
2010-03-24,sorriso_mt,"Sorriso, MT",-12.5425,-55.7211,33.85,24.29,27.21,21.93,92.94,0.21,NASA_POWER
2010-03-25,sorriso_mt,"Sorriso, MT",-12.5425,-55.7211,7.7,25.08,28.56,22.4,90.94,0.11,NASA_POWER
2010-03-26,sorriso_mt,"Sorriso, MT",-12.5425,-55.7211,37.38,24.43,27.65,22.28,92.82,0.03,NASA_POWER
2010-03-27,sorriso_mt,"Sorriso, MT",-12.5425,-55.7211,13.62,24.76,28.48,21.69,91.31,0.1,NASA_POWER
2010-03-28,sorriso_mt,"Sorriso, MT",-12.5425,-55.7211,7.13,23.58,26.86,21.28,92.26,0.07,NASA_POWER
2010-03-29,sorriso_mt,"Sorriso, MT",-12.5425,-55.7211,13.05,23.29,26.57,20.94,93.66,0.14,NASA_POWER
2010-03-30,sorriso_mt,"Sorriso, MT",-12.5425,-55.7211,4.91,24.06,27.64,20.93,92.07,0.13,NASA_POWER
2010-03-31,sorriso_mt,"Sorriso, MT",-12.5425,-55.7211,0.32,24.28,27.03,21.91,90.25,0.13,NASA_POWER
2010-04-01,sorriso_mt,"Sorriso, MT",-12.5425,-55.7211,2.37,24.98,28.55,21.9,88.49,0.12,NASA_POWER
2010-04-02,sorriso_mt,"Sorriso, MT",-12.5425,-55.7211,3.32,24.04,26.24,22.52,92.08,0.15,NASA_POWER
2010-04-03,sorriso_mt,"Sorriso, MT",-12.5425,-55.7211,10.62,23.85,25.91,21.66,95.09,0.13,NASA_POWER
2010-04-04,sorriso_mt,"Sorriso, MT",-12.5425,-55.7211,10.85,24.19,27.02,22.37,94.12,0.12,NASA_POWER
2010-04-05,sorriso_mt,"Sorriso, MT",-12.5425,-55.7211,6.88,24.42,27.7,21.97,93.62,0.05,NASA_POWER
2010-04-06,sorriso_mt,"Sorriso, MT",-12.5425,-55.7211,2.07,24.7,28.47,22.38,90.06,0.04,NASA_POWER
2010-04-07,sorriso_mt,"Sorriso, MT",-12.5425,-55.7211,0.0,24.19,28.1,21.3,86.33,0.03,NASA_POWER
2010-04-08,sorriso_mt,"Sorriso, MT",-12.5425,-55.7211,0.0,22.63,26.41,19.43,82.0,0.03,NASA_POWER
2010-04-09,sorriso_mt,"Sorriso, MT",-12.5425,-55.7211,0.0,21.63,26.05,17.1,84.11,0.03,NASA_POWER
2010-04-10,sorriso_mt,"Sorriso, MT",-12.5425,-55.7211,0.0,22.14,26.77,17.31,84.05,0.13,NASA_POWER
2010-04-11,sorriso_mt,"Sorriso, MT",-12.5425,-55.7211,0.0,23.23,28.32,17.96,86.38,0.15,NASA_POWER
2010-04-12,sorriso_mt,"Sorriso, MT",-12.5425,-55.7211,1.67,23.93,27.6,20.81,89.62,0.03,NASA_POWER
2010-04-13,sorriso_mt,"Sorriso, MT",-12.5425,-55.7211,0.13,23.65,27.59,20.15,86.5,0.03,NASA_POWER
2010-04-14,sorriso_mt,"Sorriso, MT",-12.5425,-55.7211,0.0,23.71,28.2,19.57,87.69,0.03,NASA_POWER
2010-04-15,sorriso_mt,"Sorriso, MT",-12.5425,-55.7211,0.0,24.54,28.82,20.37,88.43,0.03,NASA_POWER
2010-04-16,sorriso_mt,"Sorriso, MT",-12.5425,-55.7211,0.0,25.41,29.15,21.93,88.53,0.09,NASA_POWER
2010-04-17,sorriso_mt,"Sorriso, MT",-12.5425,-55.7211,0.0,25.83,29.52,23.13,89.27,0.04,NASA_POWER
2010-04-18,sorriso_mt,"Sorriso, MT",-12.5425,-55.7211,0.0,25.73,29.75,21.98,89.83,0.05,NASA_POWER
2010-04-19,sorriso_mt,"Sorriso, MT",-12.5425,-55.7211,0.0,25.93,29.87,22.31,89.89,0.04,NASA_POWER
2010-04-20,sorriso_mt,"Sorriso, MT",-12.5425,-55.7211,0.04,26.13,29.99,22.58,89.71,0.05,NASA_POWER
2010-04-21,sorriso_mt,"Sorriso, MT",-12.5425,-55.7211,0.06,26.43,29.73,22.99,89.16,0.16,NASA_POWER
2010-04-22,sorriso_mt,"Sorriso, MT",-12.5425,-55.7211,0.02,25.97,28.88,23.96,90.6,0.14,NASA_POWER
2010-04-23,sorriso_mt,"Sorriso, MT",-12.5425,-55.7211,0.08,26.01,29.53,22.72,90.3,0.07,NASA_POWER
2010-04-24,sorriso_mt,"Sorriso, MT",-12.5425,-55.7211,0.01,25.63,29.32,22.77,89.05,0.03,NASA_POWER
2010-04-25,sorriso_mt,"Sorriso, MT",-12.5425,-55.7211,0.0,25.11,29.39,20.84,89.65,0.15,NASA_POWER
2010-04-26,sorriso_mt,"Sorriso, MT",-12.5425,-55.7211,0.01,25.54,29.35,22.07,89.17,0.05,NASA_POWER
2010-04-27,sorriso_mt,"Sorriso, MT",-12.5425,-55.7211,0.0,25.04,29.0,21.73,87.89,0.03,NASA_POWER
2010-04-28,sorriso_mt,"Sorriso, MT",-12.5425,-55.7211,0.0,24.16,28.96,19.7,88.22,0.05,NASA_POWER
2010-04-29,sorriso_mt,"Sorriso, MT",-12.5425,-55.7211,0.0,24.13,28.64,20.22,88.98,0.05,NASA_POWER
2010-04-30,sorriso_mt,"Sorriso, MT",-12.5425,-55.7211,0.0,24.76,29.12,20.82,88.75,0.05,NASA_POWER
2010-05-01,sorriso_mt,"Sorriso, MT",-12.5425,-55.7211,0.0,25.01,29.01,20.42,85.31,0.22,NASA_POWER
2010-05-02,sorriso_mt,"Sorriso, MT",-12.5425,-55.7211,0.0,24.97,29.24,20.77,88.72,0.18,NASA_POWER
2010-05-03,sorriso_mt,"Sorriso, MT",-12.5425,-55.7211,0.93,25.27,29.13,21.52,89.74,0.07,NASA_POWER
2010-05-04,sorriso_mt,"Sorriso, MT",-12.5425,-55.7211,9.09,23.8,25.96,21.94,95.93,0.06,NASA_POWER
2010-05-05,sorriso_mt,"Sorriso, MT",-12.5425,-55.7211,0.13,24.18,28.23,21.3,89.02,0.19,NASA_POWER
2010-05-06,sorriso_mt,"Sorriso, MT",-12.5425,-55.7211,0.01,24.46,28.73,20.28,88.95,0.17,NASA_POWER
2010-05-07,sorriso_mt,"Sorriso, MT",-12.5425,-55.7211,0.0,24.32,28.63,20.06,89.08,0.16,NASA_POWER
2010-05-08,sorriso_mt,"Sorriso, MT",-12.5425,-55.7211,0.0,24.94,29.23,20.35,89.25,0.09,NASA_POWER
2010-05-09,sorriso_mt,"Sorriso, MT",-12.5425,-55.7211,0.0,22.62,25.26,19.69,81.25,0.05,NASA_POWER
2010-05-10,sorriso_mt,"Sorriso, MT",-12.5425,-55.7211,0.0,20.15,23.67,16.85,74.45,0.04,NASA_POWER
2010-05-11,sorriso_mt,"Sorriso, MT",-12.5425,-55.7211,0.0,18.5,22.17,15.23,75.25,0.04,NASA_POWER
2010-05-12,sorriso_mt,"Sorriso, MT",-12.5425,-55.7211,0.0,16.91,21.3,13.58,80.1,0.03,NASA_POWER
2010-05-13,sorriso_mt,"Sorriso, MT",-12.5425,-55.7211,30.19,16.49,22.4,11.27,83.36,0.14,NASA_POWER
2010-05-14,sorriso_mt,"Sorriso, MT",-12.5425,-55.7211,0.0,19.33,25.89,12.27,87.84,0.11,NASA_POWER
2010-05-15,sorriso_mt,"Sorriso, MT",-12.5425,-55.7211,0.0,22.82,28.05,17.2,89.31,0.22,NASA_POWER
2010-05-16,sorriso_mt,"Sorriso, MT",-12.5425,-55.7211,0.01,24.6,29.07,19.66,89.49,0.13,NASA_POWER
2010-05-17,sorriso_mt,"Sorriso, MT",-12.5425,-55.7211,0.0,24.77,28.54,21.72,90.41,0.03,NASA_POWER
2010-05-18,sorriso_mt,"Sorriso, MT",-12.5425,-55.7211,0.54,24.57,28.28,21.38,90.9,0.1,NASA_POWER
2010-05-19,sorriso_mt,"Sorriso, MT",-12.5425,-55.7211,0.15,23.46,28.05,19.03,86.07,0.02,NASA_POWER
2010-05-20,sorriso_mt,"Sorriso, MT",-12.5425,-55.7211,0.01,24.37,28.43,21.37,86.95,0.03,NASA_POWER
2010-05-21,sorriso_mt,"Sorriso, MT",-12.5425,-55.7211,0.0,23.34,27.67,19.63,84.25,0.03,NASA_POWER
2010-05-22,sorriso_mt,"Sorriso, MT",-12.5425,-55.7211,0.0,22.84,27.81,18.58,85.08,0.08,NASA_POWER
2010-05-23,sorriso_mt,"Sorriso, MT",-12.5425,-55.7211,0.0,23.09,27.99,18.62,86.44,0.07,NASA_POWER
2010-05-24,sorriso_mt,"Sorriso, MT",-12.5425,-55.7211,0.0,23.88,28.86,19.55,85.63,0.07,NASA_POWER
2010-05-25,sorriso_mt,"Sorriso, MT",-12.5425,-55.7211,0.0,23.59,27.13,20.73,88.29,0.02,NASA_POWER
2010-05-26,sorriso_mt,"Sorriso, MT",-12.5425,-55.7211,0.0,24.34,28.81,21.36,86.09,0.03,NASA_POWER
2010-05-27,sorriso_mt,"Sorriso, MT",-12.5425,-55.7211,0.0,24.6,29.44,20.93,84.74,0.03,NASA_POWER
2010-05-28,sorriso_mt,"Sorriso, MT",-12.5425,-55.7211,0.0,23.7,28.64,20.07,80.63,0.03,NASA_POWER
2010-05-29,sorriso_mt,"Sorriso, MT",-12.5425,-55.7211,0.0,23.52,29.32,18.55,79.37,0.06,NASA_POWER
2010-05-30,sorriso_mt,"Sorriso, MT",-12.5425,-55.7211,2.93,24.72,29.8,19.82,81.59,0.14,NASA_POWER
2010-05-31,sorriso_mt,"Sorriso, MT",-12.5425,-55.7211,1.06,22.42,25.84,18.56,84.44,0.04,NASA_POWER
2010-06-01,sorriso_mt,"Sorriso, MT",-12.5425,-55.7211,0.0,20.85,26.43,16.21,76.8,0.03,NASA_POWER
2010-06-02,sorriso_mt,"Sorriso, MT",-12.5425,-55.7211,0.0,22.63,28.7,17.71,80.6,0.08,NASA_POWER
2010-06-03,sorriso_mt,"Sorriso, MT",-12.5425,-55.7211,0.01,23.81,29.64,18.49,81.71,0.16,NASA_POWER
2010-06-04,sorriso_mt,"Sorriso, MT",-12.5425,-55.7211,0.0,24.99,30.73,20.06,79.66,0.07,NASA_POWER
2010-06-05,sorriso_mt,"Sorriso, MT",-12.5425,-55.7211,0.0,25.1,29.87,21.18,77.52,0.03,NASA_POWER
2010-06-06,sorriso_mt,"Sorriso, MT",-12.5425,-55.7211,0.0,24.21,29.6,20.28,78.16,0.03,NASA_POWER
2010-06-07,sorriso_mt,"Sorriso, MT",-12.5425,-55.7211,0.0,24.25,30.49,19.29,79.02,0.05,NASA_POWER
2010-06-08,sorriso_mt,"Sorriso, MT",-12.5425,-55.7211,0.0,24.27,30.82,19.25,76.46,0.03,NASA_POWER
2010-06-09,sorriso_mt,"Sorriso, MT",-12.5425,-55.7211,0.0,24.32,31.01,19.15,74.58,0.04,NASA_POWER
2010-06-10,sorriso_mt,"Sorriso, MT",-12.5425,-55.7211,0.04,24.26,31.28,18.88,71.46,0.03,NASA_POWER
2010-06-11,sorriso_mt,"Sorriso, MT",-12.5425,-55.7211,0.01,24.39,31.11,19.63,68.0,0.04,NASA_POWER
2010-06-12,sorriso_mt,"Sorriso, MT",-12.5425,-55.7211,0.0,23.64,30.83,18.61,67.51,0.09,NASA_POWER
2010-06-13,sorriso_mt,"Sorriso, MT",-12.5425,-55.7211,0.0,23.18,30.73,17.36,69.05,0.17,NASA_POWER
2010-06-14,sorriso_mt,"Sorriso, MT",-12.5425,-55.7211,0.0,23.41,30.99,17.09,66.04,0.13,NASA_POWER
2010-06-15,sorriso_mt,"Sorriso, MT",-12.5425,-55.7211,0.0,23.99,31.35,17.09,64.75,0.23,NASA_POWER
2010-06-16,sorriso_mt,"Sorriso, MT",-12.5425,-55.7211,0.0,23.78,31.07,16.47,65.08,0.28,NASA_POWER
2010-06-17,sorriso_mt,"Sorriso, MT",-12.5425,-55.7211,0.0,24.21,31.69,17.27,61.06,0.21,NASA_POWER
2010-06-18,sorriso_mt,"Sorriso, MT",-12.5425,-55.7211,0.05,24.22,32.0,17.51,60.6,0.22,NASA_POWER
2010-06-19,sorriso_mt,"Sorriso, MT",-12.5425,-55.7211,0.0,24.21,32.33,16.85,61.4,0.24,NASA_POWER
2010-06-20,sorriso_mt,"Sorriso, MT",-12.5425,-55.7211,0.0,25.71,33.06,19.06,65.23,0.3,NASA_POWER
2010-06-21,sorriso_mt,"Sorriso, MT",-12.5425,-55.7211,0.0,25.31,33.08,18.96,65.77,0.16,NASA_POWER
2010-06-22,sorriso_mt,"Sorriso, MT",-12.5425,-55.7211,0.0,25.04,33.33,18.68,65.46,0.13,NASA_POWER
2010-06-23,sorriso_mt,"Sorriso, MT",-12.5425,-55.7211,0.0,24.09,32.76,16.67,63.06,0.18,NASA_POWER
2010-06-24,sorriso_mt,"Sorriso, MT",-12.5425,-55.7211,0.16,25.76,32.78,19.72,55.36,0.31,NASA_POWER
2010-06-25,sorriso_mt,"Sorriso, MT",-12.5425,-55.7211,0.0,25.46,32.28,19.07,65.5,0.19,NASA_POWER
2010-06-26,sorriso_mt,"Sorriso, MT",-12.5425,-55.7211,0.0,24.32,32.1,18.06,59.1,0.18,NASA_POWER
2010-06-27,sorriso_mt,"Sorriso, MT",-12.5425,-55.7211,0.0,25.08,32.42,16.96,58.25,0.3,NASA_POWER
2010-06-28,sorriso_mt,"Sorriso, MT",-12.5425,-55.7211,0.02,24.09,31.82,18.73,59.55,0.09,NASA_POWER
2010-06-29,sorriso_mt,"Sorriso, MT",-12.5425,-55.7211,0.02,24.21,31.75,17.86,56.49,0.17,NASA_POWER
2010-06-30,sorriso_mt,"Sorriso, MT",-12.5425,-55.7211,0.0,23.59,32.27,16.53,56.98,0.09,NASA_POWER
2010-07-01,sorriso_mt,"Sorriso, MT",-12.5425,-55.7211,0.0,24.48,31.73,17.85,57.66,0.21,NASA_POWER
2010-07-02,sorriso_mt,"Sorriso, MT",-12.5425,-55.7211,0.0,24.64,32.7,17.63,59.44,0.2,NASA_POWER
2010-07-03,sorriso_mt,"Sorriso, MT",-12.5425,-55.7211,0.0,25.93,33.59,18.0,57.53,0.29,NASA_POWER
2010-07-04,sorriso_mt,"Sorriso, MT",-12.5425,-55.7211,0.06,25.29,33.78,17.87,59.72,0.17,NASA_POWER
2010-07-05,sorriso_mt,"Sorriso, MT",-12.5425,-55.7211,0.25,25.76,33.96,17.81,54.74,0.24,NASA_POWER
2010-07-06,sorriso_mt,"Sorriso, MT",-12.5425,-55.7211,0.0,25.66,33.14,18.54,49.23,0.26,NASA_POWER
2010-07-07,sorriso_mt,"Sorriso, MT",-12.5425,-55.7211,0.0,24.56,31.78,18.15,56.96,0.17,NASA_POWER
2010-07-08,sorriso_mt,"Sorriso, MT",-12.5425,-55.7211,0.0,25.55,32.8,19.44,58.57,0.19,NASA_POWER
2010-07-09,sorriso_mt,"Sorriso, MT",-12.5425,-55.7211,0.0,25.59,33.97,17.84,54.48,0.16,NASA_POWER
2010-07-10,sorriso_mt,"Sorriso, MT",-12.5425,-55.7211,0.0,25.85,33.73,19.04,51.85,0.23,NASA_POWER
2010-07-11,sorriso_mt,"Sorriso, MT",-12.5425,-55.7211,0.0,25.54,34.31,17.43,55.99,0.08,NASA_POWER
2010-07-12,sorriso_mt,"Sorriso, MT",-12.5425,-55.7211,1.24,26.11,33.55,20.26,61.52,0.3,NASA_POWER
2010-07-13,sorriso_mt,"Sorriso, MT",-12.5425,-55.7211,0.75,26.22,34.07,19.7,64.01,0.19,NASA_POWER
2010-07-14,sorriso_mt,"Sorriso, MT",-12.5425,-55.7211,0.0,24.52,32.26,18.07,62.42,0.03,NASA_POWER
2010-07-15,sorriso_mt,"Sorriso, MT",-12.5425,-55.7211,0.0,25.46,33.57,18.55,61.1,0.03,NASA_POWER
2010-07-16,sorriso_mt,"Sorriso, MT",-12.5425,-55.7211,0.0,22.95,28.77,18.13,58.42,0.05,NASA_POWER
2010-07-17,sorriso_mt,"Sorriso, MT",-12.5425,-55.7211,0.0,20.98,28.83,15.12,60.39,0.05,NASA_POWER
2010-07-18,sorriso_mt,"Sorriso, MT",-12.5425,-55.7211,0.0,20.78,29.99,13.2,62.89,0.03,NASA_POWER
2010-07-19,sorriso_mt,"Sorriso, MT",-12.5425,-55.7211,0.0,24.44,33.69,16.5,63.27,0.03,NASA_POWER
2010-07-20,sorriso_mt,"Sorriso, MT",-12.5425,-55.7211,0.0,26.01,34.07,19.16,59.38,0.17,NASA_POWER
2010-07-21,sorriso_mt,"Sorriso, MT",-12.5425,-55.7211,0.0,26.2,34.2,20.07,53.51,0.27,NASA_POWER
2010-07-22,sorriso_mt,"Sorriso, MT",-12.5425,-55.7211,0.0,27.22,34.74,20.46,48.8,0.43,NASA_POWER
2010-07-23,sorriso_mt,"Sorriso, MT",-12.5425,-55.7211,0.0,26.25,34.95,19.18,54.32,0.15,NASA_POWER
2010-07-24,sorriso_mt,"Sorriso, MT",-12.5425,-55.7211,0.0,25.06,34.1,18.45,46.47,0.19,NASA_POWER
2010-07-25,sorriso_mt,"Sorriso, MT",-12.5425,-55.7211,0.0,23.99,33.84,15.9,44.37,0.27,NASA_POWER
2010-07-26,sorriso_mt,"Sorriso, MT",-12.5425,-55.7211,0.0,23.57,32.94,15.63,42.66,0.05,NASA_POWER
2010-07-27,sorriso_mt,"Sorriso, MT",-12.5425,-55.7211,0.0,24.6,33.97,17.23,45.1,0.06,NASA_POWER
2010-07-28,sorriso_mt,"Sorriso, MT",-12.5425,-55.7211,0.0,25.27,35.0,16.9,48.13,0.1,NASA_POWER
2010-07-29,sorriso_mt,"Sorriso, MT",-12.5425,-55.7211,0.0,26.7,34.66,20.82,48.1,0.15,NASA_POWER
2010-07-30,sorriso_mt,"Sorriso, MT",-12.5425,-55.7211,0.0,26.77,34.68,20.87,45.94,0.16,NASA_POWER
2010-07-31,sorriso_mt,"Sorriso, MT",-12.5425,-55.7211,0.0,27.51,35.44,19.27,43.57,0.41,NASA_POWER
2010-08-01,sorriso_mt,"Sorriso, MT",-12.5425,-55.7211,0.0,26.01,35.38,18.38,41.64,0.13,NASA_POWER
2010-08-02,sorriso_mt,"Sorriso, MT",-12.5425,-55.7211,0.0,25.51,34.8,17.99,40.94,0.06,NASA_POWER
2010-08-03,sorriso_mt,"Sorriso, MT",-12.5425,-55.7211,0.0,25.66,34.89,17.56,41.63,0.04,NASA_POWER
2010-08-04,sorriso_mt,"Sorriso, MT",-12.5425,-55.7211,0.0,24.2,31.68,18.04,49.72,0.05,NASA_POWER
2010-08-05,sorriso_mt,"Sorriso, MT",-12.5425,-55.7211,0.0,22.79,30.19,16.58,49.92,0.05,NASA_POWER
2010-08-06,sorriso_mt,"Sorriso, MT",-12.5425,-55.7211,0.0,23.72,32.8,16.03,47.64,0.03,NASA_POWER
2010-08-07,sorriso_mt,"Sorriso, MT",-12.5425,-55.7211,0.0,25.44,35.28,16.64,46.52,0.25,NASA_POWER
2010-08-08,sorriso_mt,"Sorriso, MT",-12.5425,-55.7211,0.0,26.38,36.46,17.74,39.87,0.26,NASA_POWER
2010-08-09,sorriso_mt,"Sorriso, MT",-12.5425,-55.7211,0.0,26.09,35.89,18.26,36.45,0.12,NASA_POWER
2010-08-10,sorriso_mt,"Sorriso, MT",-12.5425,-55.7211,0.0,25.84,35.82,16.89,39.14,0.09,NASA_POWER
2010-08-11,sorriso_mt,"Sorriso, MT",-12.5425,-55.7211,0.0,26.23,35.82,18.34,33.99,0.13,NASA_POWER
2010-08-12,sorriso_mt,"Sorriso, MT",-12.5425,-55.7211,0.0,26.71,34.73,19.77,34.12,0.09,NASA_POWER
2010-08-13,sorriso_mt,"Sorriso, MT",-12.5425,-55.7211,0.0,26.04,34.45,18.47,32.32,0.05,NASA_POWER
2010-08-14,sorriso_mt,"Sorriso, MT",-12.5425,-55.7211,0.0,25.96,33.53,19.75,36.94,0.04,NASA_POWER
2010-08-15,sorriso_mt,"Sorriso, MT",-12.5425,-55.7211,0.0,24.92,32.47,18.11,37.01,0.04,NASA_POWER
2010-08-16,sorriso_mt,"Sorriso, MT",-12.5425,-55.7211,0.0,25.48,34.77,17.85,37.16,0.07,NASA_POWER
2010-08-17,sorriso_mt,"Sorriso, MT",-12.5425,-55.7211,0.0,25.19,35.62,16.45,34.54,0.21,NASA_POWER
2010-08-18,sorriso_mt,"Sorriso, MT",-12.5425,-55.7211,0.0,25.94,36.62,16.75,30.31,0.17,NASA_POWER
2010-08-19,sorriso_mt,"Sorriso, MT",-12.5425,-55.7211,0.0,27.26,36.38,19.42,31.83,0.04,NASA_POWER
2010-08-20,sorriso_mt,"Sorriso, MT",-12.5425,-55.7211,0.0,25.78,35.01,17.78,29.01,0.05,NASA_POWER
2010-08-21,sorriso_mt,"Sorriso, MT",-12.5425,-55.7211,0.0,25.84,35.89,17.04,28.0,0.15,NASA_POWER
2010-08-22,sorriso_mt,"Sorriso, MT",-12.5425,-55.7211,0.0,27.11,35.65,18.62,27.6,0.3,NASA_POWER
2010-08-23,sorriso_mt,"Sorriso, MT",-12.5425,-55.7211,0.0,27.23,36.24,17.88,33.14,0.36,NASA_POWER
2010-08-24,sorriso_mt,"Sorriso, MT",-12.5425,-55.7211,0.0,27.43,36.58,18.73,34.53,0.37,NASA_POWER
2010-08-25,sorriso_mt,"Sorriso, MT",-12.5425,-55.7211,0.0,27.79,36.74,19.52,31.2,0.29,NASA_POWER
2010-08-26,sorriso_mt,"Sorriso, MT",-12.5425,-55.7211,0.0,27.53,37.42,17.76,29.72,0.28,NASA_POWER
2010-08-27,sorriso_mt,"Sorriso, MT",-12.5425,-55.7211,0.0,28.52,37.85,20.67,32.22,0.23,NASA_POWER
2010-08-28,sorriso_mt,"Sorriso, MT",-12.5425,-55.7211,0.0,29.97,38.37,21.82,31.92,0.21,NASA_POWER
2010-08-29,sorriso_mt,"Sorriso, MT",-12.5425,-55.7211,0.0,30.69,38.51,24.57,32.76,0.18,NASA_POWER
2010-08-30,sorriso_mt,"Sorriso, MT",-12.5425,-55.7211,0.0,30.65,39.06,22.02,30.7,0.2,NASA_POWER
2010-08-31,sorriso_mt,"Sorriso, MT",-12.5425,-55.7211,0.01,30.42,37.91,24.28,35.21,0.14,NASA_POWER
2010-09-01,sorriso_mt,"Sorriso, MT",-12.5425,-55.7211,0.01,30.55,37.88,24.76,29.64,0.11,NASA_POWER
2010-09-02,sorriso_mt,"Sorriso, MT",-12.5425,-55.7211,0.0,29.6,37.8,22.01,31.12,0.14,NASA_POWER
2010-09-03,sorriso_mt,"Sorriso, MT",-12.5425,-55.7211,0.0,29.16,37.33,22.51,31.21,0.17,NASA_POWER
2010-09-04,sorriso_mt,"Sorriso, MT",-12.5425,-55.7211,0.0,28.25,37.55,19.87,28.39,0.15,NASA_POWER
2010-09-05,sorriso_mt,"Sorriso, MT",-12.5425,-55.7211,0.0,27.81,36.42,21.28,33.95,0.13,NASA_POWER
2010-09-06,sorriso_mt,"Sorriso, MT",-12.5425,-55.7211,0.0,28.21,37.23,20.0,33.46,0.09,NASA_POWER
2010-09-07,sorriso_mt,"Sorriso, MT",-12.5425,-55.7211,0.0,28.98,38.2,20.31,32.07,0.07,NASA_POWER
2010-09-08,sorriso_mt,"Sorriso, MT",-12.5425,-55.7211,0.0,28.82,37.63,20.93,32.53,0.17,NASA_POWER
2010-09-09,sorriso_mt,"Sorriso, MT",-12.5425,-55.7211,0.0,29.7,37.0,23.07,32.79,0.2,NASA_POWER
2010-09-10,sorriso_mt,"Sorriso, MT",-12.5425,-55.7211,0.0,30.17,37.72,24.35,28.34,0.07,NASA_POWER
2010-09-11,sorriso_mt,"Sorriso, MT",-12.5425,-55.7211,0.0,30.85,38.42,23.9,29.91,0.14,NASA_POWER
2010-09-12,sorriso_mt,"Sorriso, MT",-12.5425,-55.7211,0.0,31.22,37.89,25.45,28.75,0.04,NASA_POWER
2010-09-13,sorriso_mt,"Sorriso, MT",-12.5425,-55.7211,0.0,30.1,37.95,22.3,22.01,0.29,NASA_POWER
2010-09-14,sorriso_mt,"Sorriso, MT",-12.5425,-55.7211,0.0,30.45,39.65,21.46,25.59,0.23,NASA_POWER
2010-09-15,sorriso_mt,"Sorriso, MT",-12.5425,-55.7211,0.0,30.51,38.58,22.84,34.51,0.25,NASA_POWER
2010-09-16,sorriso_mt,"Sorriso, MT",-12.5425,-55.7211,0.0,31.22,39.71,23.58,28.59,0.3,NASA_POWER
2010-09-17,sorriso_mt,"Sorriso, MT",-12.5425,-55.7211,0.0,31.54,39.84,25.17,25.83,0.13,NASA_POWER
2010-09-18,sorriso_mt,"Sorriso, MT",-12.5425,-55.7211,0.0,31.76,40.01,24.82,22.05,0.04,NASA_POWER
2010-09-19,sorriso_mt,"Sorriso, MT",-12.5425,-55.7211,0.0,31.76,39.95,24.03,23.17,0.04,NASA_POWER
2010-09-20,sorriso_mt,"Sorriso, MT",-12.5425,-55.7211,0.0,31.48,39.3,23.88,20.32,0.05,NASA_POWER
2010-09-21,sorriso_mt,"Sorriso, MT",-12.5425,-55.7211,0.0,30.68,38.44,23.96,21.17,0.1,NASA_POWER
2010-09-22,sorriso_mt,"Sorriso, MT",-12.5425,-55.7211,0.0,29.61,37.48,23.27,27.08,0.06,NASA_POWER
2010-09-23,sorriso_mt,"Sorriso, MT",-12.5425,-55.7211,0.0,30.29,38.1,23.81,28.6,0.25,NASA_POWER
2010-09-24,sorriso_mt,"Sorriso, MT",-12.5425,-55.7211,0.0,32.02,39.43,25.65,29.21,0.25,NASA_POWER
2010-09-25,sorriso_mt,"Sorriso, MT",-12.5425,-55.7211,0.01,32.24,39.54,25.11,28.51,0.2,NASA_POWER
2010-09-26,sorriso_mt,"Sorriso, MT",-12.5425,-55.7211,0.0,31.87,38.79,25.6,33.5,0.07,NASA_POWER
2010-09-27,sorriso_mt,"Sorriso, MT",-12.5425,-55.7211,0.0,33.2,40.48,25.79,33.21,0.14,NASA_POWER
2010-09-28,sorriso_mt,"Sorriso, MT",-12.5425,-55.7211,0.04,33.44,39.82,28.11,37.21,0.03,NASA_POWER
2010-09-29,sorriso_mt,"Sorriso, MT",-12.5425,-55.7211,2.17,26.54,30.05,24.05,69.32,0.04,NASA_POWER
2010-09-30,sorriso_mt,"Sorriso, MT",-12.5425,-55.7211,0.39,30.86,38.67,23.32,49.47,0.1,NASA_POWER
2010-10-01,sorriso_mt,"Sorriso, MT",-12.5425,-55.7211,1.8,31.33,37.39,25.62,47.54,0.15,NASA_POWER
2010-10-02,sorriso_mt,"Sorriso, MT",-12.5425,-55.7211,0.92,27.25,31.2,24.25,63.06,0.03,NASA_POWER
2010-10-03,sorriso_mt,"Sorriso, MT",-12.5425,-55.7211,0.14,26.52,31.78,22.89,64.07,0.12,NASA_POWER
2010-10-04,sorriso_mt,"Sorriso, MT",-12.5425,-55.7211,0.0,30.22,38.24,22.12,48.25,0.02,NASA_POWER
2010-10-05,sorriso_mt,"Sorriso, MT",-12.5425,-55.7211,5.49,30.26,37.16,25.06,54.19,0.03,NASA_POWER
2010-10-06,sorriso_mt,"Sorriso, MT",-12.5425,-55.7211,6.82,29.06,36.33,23.39,69.21,0.07,NASA_POWER
2010-10-07,sorriso_mt,"Sorriso, MT",-12.5425,-55.7211,0.03,28.89,33.57,24.74,63.04,0.03,NASA_POWER
2010-10-08,sorriso_mt,"Sorriso, MT",-12.5425,-55.7211,0.0,30.6,38.26,23.79,54.46,0.03,NASA_POWER
2010-10-09,sorriso_mt,"Sorriso, MT",-12.5425,-55.7211,7.59,28.94,35.65,23.37,60.52,0.09,NASA_POWER
2010-10-10,sorriso_mt,"Sorriso, MT",-12.5425,-55.7211,13.51,27.74,33.87,23.18,73.4,0.13,NASA_POWER
2010-10-11,sorriso_mt,"Sorriso, MT",-12.5425,-55.7211,2.35,29.15,36.87,23.56,65.75,0.1,NASA_POWER
2010-10-12,sorriso_mt,"Sorriso, MT",-12.5425,-55.7211,1.02,28.82,35.05,23.42,65.69,0.09,NASA_POWER
2010-10-13,sorriso_mt,"Sorriso, MT",-12.5425,-55.7211,1.44,29.33,36.16,23.84,63.38,0.12,NASA_POWER
2010-10-14,sorriso_mt,"Sorriso, MT",-12.5425,-55.7211,0.45,27.82,32.8,24.21,72.97,0.09,NASA_POWER
2010-10-15,sorriso_mt,"Sorriso, MT",-12.5425,-55.7211,3.02,28.3,34.63,23.58,67.09,0.02,NASA_POWER
2010-10-16,sorriso_mt,"Sorriso, MT",-12.5425,-55.7211,1.27,28.57,35.93,23.34,69.25,0.04,NASA_POWER
2010-10-17,sorriso_mt,"Sorriso, MT",-12.5425,-55.7211,1.05,27.53,32.35,22.93,69.23,0.02,NASA_POWER
2010-10-18,sorriso_mt,"Sorriso, MT",-12.5425,-55.7211,5.13,27.11,32.43,23.86,74.52,0.03,NASA_POWER
2010-10-19,sorriso_mt,"Sorriso, MT",-12.5425,-55.7211,1.13,26.02,31.05,22.63,74.82,0.04,NASA_POWER
2010-10-20,sorriso_mt,"Sorriso, MT",-12.5425,-55.7211,3.75,27.4,32.52,21.77,71.94,0.08,NASA_POWER
2010-10-21,sorriso_mt,"Sorriso, MT",-12.5425,-55.7211,11.2,26.91,32.97,23.45,76.73,0.03,NASA_POWER
2010-10-22,sorriso_mt,"Sorriso, MT",-12.5425,-55.7211,6.1,27.08,34.4,22.28,76.49,0.06,NASA_POWER
2010-10-23,sorriso_mt,"Sorriso, MT",-12.5425,-55.7211,14.29,25.1,29.21,22.75,87.67,0.04,NASA_POWER
2010-10-24,sorriso_mt,"Sorriso, MT",-12.5425,-55.7211,2.79,25.6,31.22,22.32,79.57,0.05,NASA_POWER
2010-10-25,sorriso_mt,"Sorriso, MT",-12.5425,-55.7211,28.57,26.21,32.13,21.59,77.25,0.17,NASA_POWER
2010-10-26,sorriso_mt,"Sorriso, MT",-12.5425,-55.7211,16.91,25.05,28.26,22.54,89.56,0.15,NASA_POWER
2010-10-27,sorriso_mt,"Sorriso, MT",-12.5425,-55.7211,2.58,24.87,28.12,22.53,89.94,0.08,NASA_POWER
2010-10-28,sorriso_mt,"Sorriso, MT",-12.5425,-55.7211,0.0,27.25,32.46,22.11,75.59,0.13,NASA_POWER
2010-10-29,sorriso_mt,"Sorriso, MT",-12.5425,-55.7211,0.0,26.37,29.83,23.05,75.86,0.1,NASA_POWER
2010-10-30,sorriso_mt,"Sorriso, MT",-12.5425,-55.7211,23.24,26.39,30.87,21.97,78.39,0.1,NASA_POWER
2010-10-31,sorriso_mt,"Sorriso, MT",-12.5425,-55.7211,27.22,24.75,27.81,22.67,92.43,0.07,NASA_POWER
2010-11-01,sorriso_mt,"Sorriso, MT",-12.5425,-55.7211,4.99,24.46,27.08,22.6,93.32,0.03,NASA_POWER
2010-11-02,sorriso_mt,"Sorriso, MT",-12.5425,-55.7211,5.22,24.77,28.73,21.98,87.4,0.02,NASA_POWER
2010-11-03,sorriso_mt,"Sorriso, MT",-12.5425,-55.7211,4.56,25.59,30.1,21.8,85.87,0.01,NASA_POWER
2010-11-04,sorriso_mt,"Sorriso, MT",-12.5425,-55.7211,0.84,25.56,30.71,22.27,81.47,0.05,NASA_POWER
2010-11-05,sorriso_mt,"Sorriso, MT",-12.5425,-55.7211,10.91,25.52,30.09,21.98,85.28,0.04,NASA_POWER
2010-11-06,sorriso_mt,"Sorriso, MT",-12.5425,-55.7211,9.32,25.47,30.13,22.27,84.44,0.08,NASA_POWER
2010-11-07,sorriso_mt,"Sorriso, MT",-12.5425,-55.7211,3.29,25.36,29.83,21.67,84.93,0.03,NASA_POWER
2010-11-08,sorriso_mt,"Sorriso, MT",-12.5425,-55.7211,10.62,24.57,27.13,22.63,91.87,0.02,NASA_POWER
2010-11-09,sorriso_mt,"Sorriso, MT",-12.5425,-55.7211,2.03,25.49,30.04,21.65,81.75,0.09,NASA_POWER
2010-11-10,sorriso_mt,"Sorriso, MT",-12.5425,-55.7211,3.35,25.59,30.63,21.47,82.11,0.04,NASA_POWER
2010-11-11,sorriso_mt,"Sorriso, MT",-12.5425,-55.7211,8.35,26.14,31.02,22.05,83.08,0.06,NASA_POWER
2010-11-12,sorriso_mt,"Sorriso, MT",-12.5425,-55.7211,4.74,24.53,27.26,22.52,93.18,0.14,NASA_POWER
2010-11-13,sorriso_mt,"Sorriso, MT",-12.5425,-55.7211,0.1,25.09,29.6,21.88,83.82,0.08,NASA_POWER
2010-11-14,sorriso_mt,"Sorriso, MT",-12.5425,-55.7211,16.24,25.43,30.61,20.89,83.39,0.06,NASA_POWER
2010-11-15,sorriso_mt,"Sorriso, MT",-12.5425,-55.7211,2.91,24.14,26.7,21.97,89.41,0.09,NASA_POWER
2010-11-16,sorriso_mt,"Sorriso, MT",-12.5425,-55.7211,2.34,24.82,28.92,21.45,86.14,0.12,NASA_POWER
2010-11-17,sorriso_mt,"Sorriso, MT",-12.5425,-55.7211,1.56,23.75,26.17,21.93,88.9,0.04,NASA_POWER
2010-11-18,sorriso_mt,"Sorriso, MT",-12.5425,-55.7211,0.21,25.29,30.26,20.66,82.65,0.05,NASA_POWER
2010-11-19,sorriso_mt,"Sorriso, MT",-12.5425,-55.7211,2.09,26.35,31.13,22.62,79.49,0.05,NASA_POWER
2010-11-20,sorriso_mt,"Sorriso, MT",-12.5425,-55.7211,11.74,25.41,28.79,22.48,86.94,0.03,NASA_POWER
2010-11-21,sorriso_mt,"Sorriso, MT",-12.5425,-55.7211,2.53,24.67,27.94,22.29,89.89,0.12,NASA_POWER
2010-11-22,sorriso_mt,"Sorriso, MT",-12.5425,-55.7211,0.63,25.74,30.67,21.57,79.07,0.09,NASA_POWER
2010-11-23,sorriso_mt,"Sorriso, MT",-12.5425,-55.7211,5.76,25.18,30.41,21.49,82.5,0.07,NASA_POWER
2010-11-24,sorriso_mt,"Sorriso, MT",-12.5425,-55.7211,15.38,24.09,26.84,22.36,93.82,0.02,NASA_POWER
2010-11-25,sorriso_mt,"Sorriso, MT",-12.5425,-55.7211,10.83,23.98,26.92,21.78,90.05,0.11,NASA_POWER
2010-11-26,sorriso_mt,"Sorriso, MT",-12.5425,-55.7211,7.31,25.2,29.25,21.23,88.04,0.13,NASA_POWER
2010-11-27,sorriso_mt,"Sorriso, MT",-12.5425,-55.7211,28.23,24.86,27.64,22.69,92.47,0.19,NASA_POWER
2010-11-28,sorriso_mt,"Sorriso, MT",-12.5425,-55.7211,6.91,24.54,27.58,21.5,93.04,0.07,NASA_POWER
2010-11-29,sorriso_mt,"Sorriso, MT",-12.5425,-55.7211,3.06,24.54,27.24,22.21,91.86,0.13,NASA_POWER
2010-11-30,sorriso_mt,"Sorriso, MT",-12.5425,-55.7211,3.3,25.07,29.03,21.52,87.55,0.13,NASA_POWER
2010-12-01,sorriso_mt,"Sorriso, MT",-12.5425,-55.7211,22.5,24.54,27.43,21.83,92.95,0.14,NASA_POWER
2010-12-02,sorriso_mt,"Sorriso, MT",-12.5425,-55.7211,1.96,24.84,28.85,21.75,88.61,0.09,NASA_POWER
2010-12-03,sorriso_mt,"Sorriso, MT",-12.5425,-55.7211,0.01,25.67,29.7,21.85,86.84,0.12,NASA_POWER
2010-12-04,sorriso_mt,"Sorriso, MT",-12.5425,-55.7211,0.22,26.35,30.31,21.89,83.27,0.24,NASA_POWER
2010-12-05,sorriso_mt,"Sorriso, MT",-12.5425,-55.7211,33.33,25.39,28.9,22.39,91.11,0.1,NASA_POWER
2010-12-06,sorriso_mt,"Sorriso, MT",-12.5425,-55.7211,6.02,24.64,27.32,22.74,94.09,0.09,NASA_POWER
2010-12-07,sorriso_mt,"Sorriso, MT",-12.5425,-55.7211,0.54,25.57,29.25,22.59,89.01,0.15,NASA_POWER
2010-12-08,sorriso_mt,"Sorriso, MT",-12.5425,-55.7211,0.71,24.55,26.59,22.73,92.4,0.12,NASA_POWER
2010-12-09,sorriso_mt,"Sorriso, MT",-12.5425,-55.7211,1.49,25.04,28.9,21.57,89.25,0.11,NASA_POWER
2010-12-10,sorriso_mt,"Sorriso, MT",-12.5425,-55.7211,4.09,25.07,28.53,22.12,89.94,0.03,NASA_POWER
2010-12-11,sorriso_mt,"Sorriso, MT",-12.5425,-55.7211,3.61,24.98,28.4,22.44,90.17,0.03,NASA_POWER
2010-12-12,sorriso_mt,"Sorriso, MT",-12.5425,-55.7211,2.65,25.21,28.41,22.04,90.05,0.06,NASA_POWER
2010-12-13,sorriso_mt,"Sorriso, MT",-12.5425,-55.7211,59.22,24.03,27.13,19.32,93.7,0.04,NASA_POWER
2010-12-14,sorriso_mt,"Sorriso, MT",-12.5425,-55.7211,3.94,20.72,25.12,17.25,85.34,0.03,NASA_POWER
2010-12-15,sorriso_mt,"Sorriso, MT",-12.5425,-55.7211,0.11,21.83,25.95,17.53,78.11,0.17,NASA_POWER
2010-12-16,sorriso_mt,"Sorriso, MT",-12.5425,-55.7211,0.0,22.78,27.21,19.32,80.1,0.17,NASA_POWER
2010-12-17,sorriso_mt,"Sorriso, MT",-12.5425,-55.7211,1.45,21.84,26.3,17.56,87.69,0.06,NASA_POWER
2010-12-18,sorriso_mt,"Sorriso, MT",-12.5425,-55.7211,5.82,23.53,27.66,20.21,91.17,0.06,NASA_POWER
2010-12-19,sorriso_mt,"Sorriso, MT",-12.5425,-55.7211,3.51,23.81,27.93,20.22,89.28,0.03,NASA_POWER
2010-12-20,sorriso_mt,"Sorriso, MT",-12.5425,-55.7211,13.39,23.46,26.36,21.36,93.35,0.06,NASA_POWER
2010-12-21,sorriso_mt,"Sorriso, MT",-12.5425,-55.7211,2.1,23.78,27.35,20.79,90.86,0.03,NASA_POWER
2010-12-22,sorriso_mt,"Sorriso, MT",-12.5425,-55.7211,0.42,24.63,28.02,21.2,87.33,0.14,NASA_POWER
2010-12-23,sorriso_mt,"Sorriso, MT",-12.5425,-55.7211,5.74,24.83,28.21,21.52,90.32,0.28,NASA_POWER
2010-12-24,sorriso_mt,"Sorriso, MT",-12.5425,-55.7211,9.85,24.68,27.43,21.77,91.98,0.17,NASA_POWER
2010-12-25,sorriso_mt,"Sorriso, MT",-12.5425,-55.7211,2.08,24.64,28.18,21.61,88.69,0.21,NASA_POWER
2010-12-26,sorriso_mt,"Sorriso, MT",-12.5425,-55.7211,0.49,25.12,28.74,21.96,85.2,0.22,NASA_POWER
2010-12-27,sorriso_mt,"Sorriso, MT",-12.5425,-55.7211,1.72,25.1,28.88,21.37,88.29,0.06,NASA_POWER
2010-12-28,sorriso_mt,"Sorriso, MT",-12.5425,-55.7211,12.9,24.56,27.48,22.21,91.53,0.06,NASA_POWER
2010-12-29,sorriso_mt,"Sorriso, MT",-12.5425,-55.7211,11.04,23.66,26.2,21.98,93.87,0.04,NASA_POWER
2010-12-30,sorriso_mt,"Sorriso, MT",-12.5425,-55.7211,10.31,23.46,26.07,21.48,95.55,0.03,NASA_POWER
2010-12-31,sorriso_mt,"Sorriso, MT",-12.5425,-55.7211,12.65,22.84,25.09,21.23,95.54,0.04,NASA_POWER
2011-01-01,sorriso_mt,"Sorriso, MT",-12.5425,-55.7211,14.9,23.56,26.81,21.45,92.4,0.04,NASA_POWER
2011-01-02,sorriso_mt,"Sorriso, MT",-12.5425,-55.7211,8.5,22.83,25.42,20.9,91.36,0.04,NASA_POWER
2011-01-03,sorriso_mt,"Sorriso, MT",-12.5425,-55.7211,0.17,24.05,27.88,20.53,87.44,0.04,NASA_POWER
2011-01-04,sorriso_mt,"Sorriso, MT",-12.5425,-55.7211,8.9,24.58,27.79,21.69,91.05,0.04,NASA_POWER
2011-01-05,sorriso_mt,"Sorriso, MT",-12.5425,-55.7211,11.06,23.66,25.13,22.04,97.62,0.04,NASA_POWER
2011-01-06,sorriso_mt,"Sorriso, MT",-12.5425,-55.7211,10.35,22.88,24.27,21.76,97.82,0.05,NASA_POWER
2011-01-07,sorriso_mt,"Sorriso, MT",-12.5425,-55.7211,0.98,24.63,28.55,21.15,88.17,0.18,NASA_POWER
2011-01-08,sorriso_mt,"Sorriso, MT",-12.5425,-55.7211,0.0,25.53,29.29,21.37,85.41,0.15,NASA_POWER
2011-01-09,sorriso_mt,"Sorriso, MT",-12.5425,-55.7211,4.89,24.56,27.09,22.6,90.01,0.15,NASA_POWER
2011-01-10,sorriso_mt,"Sorriso, MT",-12.5425,-55.7211,1.21,24.67,28.67,21.96,90.84,0.09,NASA_POWER
2011-01-11,sorriso_mt,"Sorriso, MT",-12.5425,-55.7211,16.89,24.38,26.61,22.14,94.05,0.04,NASA_POWER
2011-01-12,sorriso_mt,"Sorriso, MT",-12.5425,-55.7211,22.67,23.56,25.42,22.01,96.56,0.08,NASA_POWER
2011-01-13,sorriso_mt,"Sorriso, MT",-12.5425,-55.7211,6.99,24.81,28.07,21.81,90.1,0.1,NASA_POWER
2011-01-14,sorriso_mt,"Sorriso, MT",-12.5425,-55.7211,9.55,24.63,27.62,21.47,91.66,0.23,NASA_POWER
2011-01-15,sorriso_mt,"Sorriso, MT",-12.5425,-55.7211,51.92,23.84,25.68,22.11,95.69,0.09,NASA_POWER
2011-01-16,sorriso_mt,"Sorriso, MT",-12.5425,-55.7211,9.2,23.66,26.09,21.73,94.45,0.18,NASA_POWER
2011-01-17,sorriso_mt,"Sorriso, MT",-12.5425,-55.7211,3.42,23.24,24.97,21.92,97.78,0.07,NASA_POWER
2011-01-18,sorriso_mt,"Sorriso, MT",-12.5425,-55.7211,2.81,24.45,28.04,21.19,89.56,0.16,NASA_POWER
2011-01-19,sorriso_mt,"Sorriso, MT",-12.5425,-55.7211,9.92,24.36,27.27,21.92,93.13,0.04,NASA_POWER
2011-01-20,sorriso_mt,"Sorriso, MT",-12.5425,-55.7211,16.61,22.91,24.53,21.56,96.43,0.1,NASA_POWER
2011-01-21,sorriso_mt,"Sorriso, MT",-12.5425,-55.7211,11.0,23.53,26.93,20.56,92.13,0.12,NASA_POWER
2011-01-22,sorriso_mt,"Sorriso, MT",-12.5425,-55.7211,1.0,23.01,25.2,21.1,92.93,0.06,NASA_POWER
2011-01-23,sorriso_mt,"Sorriso, MT",-12.5425,-55.7211,0.48,24.17,28.19,20.23,88.2,0.14,NASA_POWER
2011-01-24,sorriso_mt,"Sorriso, MT",-12.5425,-55.7211,6.97,24.35,28.13,20.1,89.12,0.17,NASA_POWER
2011-01-25,sorriso_mt,"Sorriso, MT",-12.5425,-55.7211,3.23,23.93,26.92,21.89,90.88,0.06,NASA_POWER
2011-01-26,sorriso_mt,"Sorriso, MT",-12.5425,-55.7211,4.73,24.13,28.02,21.82,88.47,0.09,NASA_POWER
2011-01-27,sorriso_mt,"Sorriso, MT",-12.5425,-55.7211,16.6,24.01,27.59,21.22,89.87,0.12,NASA_POWER
2011-01-28,sorriso_mt,"Sorriso, MT",-12.5425,-55.7211,15.29,23.36,25.34,21.55,95.03,0.19,NASA_POWER
2011-01-29,sorriso_mt,"Sorriso, MT",-12.5425,-55.7211,5.83,23.21,26.34,20.67,91.59,0.11,NASA_POWER
2011-01-30,sorriso_mt,"Sorriso, MT",-12.5425,-55.7211,1.22,24.33,28.28,20.51,87.03,0.2,NASA_POWER
2011-01-31,sorriso_mt,"Sorriso, MT",-12.5425,-55.7211,3.12,25.63,29.32,22.35,84.29,0.2,NASA_POWER
2011-02-01,sorriso_mt,"Sorriso, MT",-12.5425,-55.7211,0.75,24.31,26.86,21.71,92.86,0.23,NASA_POWER
2011-02-02,sorriso_mt,"Sorriso, MT",-12.5425,-55.7211,0.09,24.41,26.92,21.74,92.04,0.2,NASA_POWER
2011-02-03,sorriso_mt,"Sorriso, MT",-12.5425,-55.7211,29.57,23.74,26.41,21.42,91.79,0.15,NASA_POWER
2011-02-04,sorriso_mt,"Sorriso, MT",-12.5425,-55.7211,27.36,24.05,28.23,20.21,89.57,0.13,NASA_POWER
2011-02-05,sorriso_mt,"Sorriso, MT",-12.5425,-55.7211,23.95,23.82,27.22,20.91,92.06,0.04,NASA_POWER
2011-02-06,sorriso_mt,"Sorriso, MT",-12.5425,-55.7211,9.9,23.88,26.66,21.1,91.04,0.13,NASA_POWER
2011-02-07,sorriso_mt,"Sorriso, MT",-12.5425,-55.7211,8.27,24.06,27.73,21.24,90.36,0.15,NASA_POWER
2011-02-08,sorriso_mt,"Sorriso, MT",-12.5425,-55.7211,27.59,23.78,27.32,22.07,92.98,0.12,NASA_POWER
2011-02-09,sorriso_mt,"Sorriso, MT",-12.5425,-55.7211,17.01,23.79,27.39,21.13,89.3,0.08,NASA_POWER
2011-02-10,sorriso_mt,"Sorriso, MT",-12.5425,-55.7211,10.62,22.87,26.16,19.95,91.7,0.15,NASA_POWER
2011-02-11,sorriso_mt,"Sorriso, MT",-12.5425,-55.7211,7.37,23.69,27.1,20.63,91.45,0.05,NASA_POWER
2011-02-12,sorriso_mt,"Sorriso, MT",-12.5425,-55.7211,12.55,24.39,27.76,21.03,88.52,0.14,NASA_POWER
2011-02-13,sorriso_mt,"Sorriso, MT",-12.5425,-55.7211,14.14,23.05,25.32,21.56,95.49,0.08,NASA_POWER
2011-02-14,sorriso_mt,"Sorriso, MT",-12.5425,-55.7211,3.29,23.86,28.13,21.08,91.6,0.02,NASA_POWER
2011-02-15,sorriso_mt,"Sorriso, MT",-12.5425,-55.7211,4.13,24.57,28.04,21.3,90.9,0.06,NASA_POWER
2011-02-16,sorriso_mt,"Sorriso, MT",-12.5425,-55.7211,8.68,24.07,26.77,21.85,94.29,0.03,NASA_POWER
2011-02-17,sorriso_mt,"Sorriso, MT",-12.5425,-55.7211,6.06,24.65,28.19,21.81,91.89,0.06,NASA_POWER
2011-02-18,sorriso_mt,"Sorriso, MT",-12.5425,-55.7211,18.88,23.88,26.54,21.89,93.73,0.09,NASA_POWER
2011-02-19,sorriso_mt,"Sorriso, MT",-12.5425,-55.7211,6.73,22.98,25.15,21.61,94.68,0.12,NASA_POWER
2011-02-20,sorriso_mt,"Sorriso, MT",-12.5425,-55.7211,9.04,23.53,27.1,21.0,91.64,0.07,NASA_POWER
2011-02-21,sorriso_mt,"Sorriso, MT",-12.5425,-55.7211,6.26,23.57,26.53,21.73,90.9,0.04,NASA_POWER
2011-02-22,sorriso_mt,"Sorriso, MT",-12.5425,-55.7211,1.25,23.45,26.21,20.77,90.23,0.04,NASA_POWER
2011-02-23,sorriso_mt,"Sorriso, MT",-12.5425,-55.7211,6.86,24.18,27.33,21.17,90.86,0.16,NASA_POWER
2011-02-24,sorriso_mt,"Sorriso, MT",-12.5425,-55.7211,15.78,24.86,29.05,21.57,90.17,0.03,NASA_POWER
2011-02-25,sorriso_mt,"Sorriso, MT",-12.5425,-55.7211,5.73,24.79,27.99,22.06,91.4,0.16,NASA_POWER
2011-02-26,sorriso_mt,"Sorriso, MT",-12.5425,-55.7211,28.89,23.43,25.92,22.11,95.35,0.04,NASA_POWER
2011-02-27,sorriso_mt,"Sorriso, MT",-12.5425,-55.7211,35.23,22.62,24.18,21.33,97.54,0.02,NASA_POWER
2011-02-28,sorriso_mt,"Sorriso, MT",-12.5425,-55.7211,1.37,23.82,27.5,20.99,89.43,0.03,NASA_POWER
2011-03-01,sorriso_mt,"Sorriso, MT",-12.5425,-55.7211,9.97,24.04,27.31,21.87,91.43,0.04,NASA_POWER
2011-03-02,sorriso_mt,"Sorriso, MT",-12.5425,-55.7211,2.75,23.77,27.01,21.49,89.92,0.05,NASA_POWER
2011-03-03,sorriso_mt,"Sorriso, MT",-12.5425,-55.7211,15.81,23.0,24.78,21.31,93.19,0.04,NASA_POWER
2011-03-04,sorriso_mt,"Sorriso, MT",-12.5425,-55.7211,3.13,23.75,27.11,21.39,90.66,0.04,NASA_POWER
2011-03-05,sorriso_mt,"Sorriso, MT",-12.5425,-55.7211,2.11,24.54,28.37,20.93,89.11,0.03,NASA_POWER
2011-03-06,sorriso_mt,"Sorriso, MT",-12.5425,-55.7211,6.58,24.76,27.99,21.92,89.39,0.11,NASA_POWER
2011-03-07,sorriso_mt,"Sorriso, MT",-12.5425,-55.7211,4.88,23.94,26.76,22.07,93.61,0.03,NASA_POWER
2011-03-08,sorriso_mt,"Sorriso, MT",-12.5425,-55.7211,2.63,24.56,28.59,20.78,88.22,0.15,NASA_POWER
2011-03-09,sorriso_mt,"Sorriso, MT",-12.5425,-55.7211,7.32,24.06,26.49,21.87,93.33,0.18,NASA_POWER
2011-03-10,sorriso_mt,"Sorriso, MT",-12.5425,-55.7211,6.07,24.06,27.1,21.39,89.79,0.11,NASA_POWER
2011-03-11,sorriso_mt,"Sorriso, MT",-12.5425,-55.7211,1.22,24.1,27.45,21.53,90.05,0.05,NASA_POWER
2011-03-12,sorriso_mt,"Sorriso, MT",-12.5425,-55.7211,4.7,24.09,26.53,21.97,90.48,0.08,NASA_POWER
2011-03-13,sorriso_mt,"Sorriso, MT",-12.5425,-55.7211,8.9,23.49,26.14,22.01,93.86,0.07,NASA_POWER
2011-03-14,sorriso_mt,"Sorriso, MT",-12.5425,-55.7211,7.18,24.23,27.58,21.25,92.49,0.04,NASA_POWER
2011-03-15,sorriso_mt,"Sorriso, MT",-12.5425,-55.7211,6.92,23.35,25.51,21.87,95.4,0.09,NASA_POWER
2011-03-16,sorriso_mt,"Sorriso, MT",-12.5425,-55.7211,1.19,24.77,28.85,20.86,87.97,0.14,NASA_POWER
2011-03-17,sorriso_mt,"Sorriso, MT",-12.5425,-55.7211,6.52,24.15,26.36,21.96,93.7,0.18,NASA_POWER
2011-03-18,sorriso_mt,"Sorriso, MT",-12.5425,-55.7211,10.91,24.74,28.38,21.95,92.69,0.16,NASA_POWER
2011-03-19,sorriso_mt,"Sorriso, MT",-12.5425,-55.7211,4.0,25.27,28.68,21.92,88.52,0.06,NASA_POWER
2011-03-20,sorriso_mt,"Sorriso, MT",-12.5425,-55.7211,3.99,24.47,27.73,22.0,91.31,0.07,NASA_POWER
2011-03-21,sorriso_mt,"Sorriso, MT",-12.5425,-55.7211,20.26,24.7,28.67,21.95,90.67,0.08,NASA_POWER
2011-03-22,sorriso_mt,"Sorriso, MT",-12.5425,-55.7211,23.97,24.26,27.11,22.2,95.22,0.04,NASA_POWER
2011-03-23,sorriso_mt,"Sorriso, MT",-12.5425,-55.7211,4.68,23.87,26.7,21.62,93.64,0.13,NASA_POWER
2011-03-24,sorriso_mt,"Sorriso, MT",-12.5425,-55.7211,5.83,24.34,28.35,21.48,90.02,0.03,NASA_POWER
2011-03-25,sorriso_mt,"Sorriso, MT",-12.5425,-55.7211,2.61,24.76,28.49,21.52,90.91,0.03,NASA_POWER
2011-03-26,sorriso_mt,"Sorriso, MT",-12.5425,-55.7211,7.14,24.27,26.63,22.34,94.41,0.07,NASA_POWER
2011-03-27,sorriso_mt,"Sorriso, MT",-12.5425,-55.7211,3.38,24.75,28.63,21.67,88.51,0.26,NASA_POWER
2011-03-28,sorriso_mt,"Sorriso, MT",-12.5425,-55.7211,3.78,24.72,28.46,21.58,90.52,0.05,NASA_POWER
2011-03-29,sorriso_mt,"Sorriso, MT",-12.5425,-55.7211,10.44,25.0,28.95,21.43,89.91,0.03,NASA_POWER
2011-03-30,sorriso_mt,"Sorriso, MT",-12.5425,-55.7211,4.85,24.62,28.26,22.23,91.57,0.09,NASA_POWER
2011-03-31,sorriso_mt,"Sorriso, MT",-12.5425,-55.7211,2.65,24.89,28.66,21.9,89.22,0.18,NASA_POWER
2011-04-01,sorriso_mt,"Sorriso, MT",-12.5425,-55.7211,7.28,23.97,26.18,22.15,95.71,0.13,NASA_POWER
2011-04-02,sorriso_mt,"Sorriso, MT",-12.5425,-55.7211,13.54,24.41,27.63,21.34,90.45,0.18,NASA_POWER
2011-04-03,sorriso_mt,"Sorriso, MT",-12.5425,-55.7211,20.26,23.59,25.74,21.19,95.29,0.18,NASA_POWER
2011-04-04,sorriso_mt,"Sorriso, MT",-12.5425,-55.7211,4.92,23.94,27.11,21.47,91.85,0.21,NASA_POWER
2011-04-05,sorriso_mt,"Sorriso, MT",-12.5425,-55.7211,14.3,24.27,27.39,22.19,93.52,0.17,NASA_POWER
2011-04-06,sorriso_mt,"Sorriso, MT",-12.5425,-55.7211,3.34,23.68,26.26,21.87,95.53,0.03,NASA_POWER
2011-04-07,sorriso_mt,"Sorriso, MT",-12.5425,-55.7211,7.85,24.59,27.65,21.55,90.31,0.2,NASA_POWER
2011-04-08,sorriso_mt,"Sorriso, MT",-12.5425,-55.7211,11.26,24.77,27.91,22.08,92.76,0.12,NASA_POWER
2011-04-09,sorriso_mt,"Sorriso, MT",-12.5425,-55.7211,1.37,24.2,27.44,21.73,89.96,0.18,NASA_POWER
2011-04-10,sorriso_mt,"Sorriso, MT",-12.5425,-55.7211,0.14,24.49,28.72,20.26,87.33,0.13,NASA_POWER
2011-04-11,sorriso_mt,"Sorriso, MT",-12.5425,-55.7211,0.18,24.37,27.67,21.52,89.78,0.15,NASA_POWER
2011-04-12,sorriso_mt,"Sorriso, MT",-12.5425,-55.7211,0.95,23.94,26.1,21.93,92.3,0.13,NASA_POWER
2011-04-13,sorriso_mt,"Sorriso, MT",-12.5425,-55.7211,0.44,24.17,27.19,21.36,91.61,0.19,NASA_POWER
2011-04-14,sorriso_mt,"Sorriso, MT",-12.5425,-55.7211,1.66,24.4,26.99,22.21,90.7,0.14,NASA_POWER
2011-04-15,sorriso_mt,"Sorriso, MT",-12.5425,-55.7211,0.4,24.59,27.84,22.46,91.5,0.03,NASA_POWER
2011-04-16,sorriso_mt,"Sorriso, MT",-12.5425,-55.7211,0.0,24.46,28.57,20.54,89.15,0.05,NASA_POWER
2011-04-17,sorriso_mt,"Sorriso, MT",-12.5425,-55.7211,0.01,24.67,28.82,20.26,88.48,0.06,NASA_POWER
2011-04-18,sorriso_mt,"Sorriso, MT",-12.5425,-55.7211,1.82,24.61,28.35,21.4,87.94,0.03,NASA_POWER
2011-04-19,sorriso_mt,"Sorriso, MT",-12.5425,-55.7211,0.43,24.61,28.75,20.92,89.04,0.04,NASA_POWER
2011-04-20,sorriso_mt,"Sorriso, MT",-12.5425,-55.7211,0.0,24.83,28.75,21.29,88.79,0.08,NASA_POWER
2011-04-21,sorriso_mt,"Sorriso, MT",-12.5425,-55.7211,0.0,24.95,28.86,21.47,89.15,0.05,NASA_POWER
2011-04-22,sorriso_mt,"Sorriso, MT",-12.5425,-55.7211,0.0,24.91,28.42,21.73,88.61,0.12,NASA_POWER
2011-04-23,sorriso_mt,"Sorriso, MT",-12.5425,-55.7211,3.07,24.94,28.31,21.64,90.53,0.13,NASA_POWER
2011-04-24,sorriso_mt,"Sorriso, MT",-12.5425,-55.7211,6.14,24.48,28.08,21.57,90.54,0.07,NASA_POWER
2011-04-25,sorriso_mt,"Sorriso, MT",-12.5425,-55.7211,2.2,23.85,27.57,21.22,90.3,0.07,NASA_POWER
2011-04-26,sorriso_mt,"Sorriso, MT",-12.5425,-55.7211,0.09,23.93,27.96,20.48,89.02,0.03,NASA_POWER
2011-04-27,sorriso_mt,"Sorriso, MT",-12.5425,-55.7211,0.57,24.04,28.0,20.45,88.97,0.05,NASA_POWER
2011-04-28,sorriso_mt,"Sorriso, MT",-12.5425,-55.7211,0.12,23.78,27.66,20.01,88.87,0.09,NASA_POWER
2011-04-29,sorriso_mt,"Sorriso, MT",-12.5425,-55.7211,0.01,24.01,27.72,20.93,89.67,0.05,NASA_POWER
2011-04-30,sorriso_mt,"Sorriso, MT",-12.5425,-55.7211,0.0,23.88,27.81,21.16,89.35,0.06,NASA_POWER
2011-05-01,sorriso_mt,"Sorriso, MT",-12.5425,-55.7211,0.02,23.6,27.93,20.44,89.42,0.06,NASA_POWER
2011-05-02,sorriso_mt,"Sorriso, MT",-12.5425,-55.7211,0.0,22.19,25.33,19.64,82.95,0.04,NASA_POWER
2011-05-03,sorriso_mt,"Sorriso, MT",-12.5425,-55.7211,0.0,20.99,24.96,17.39,83.91,0.04,NASA_POWER
2011-05-04,sorriso_mt,"Sorriso, MT",-12.5425,-55.7211,0.0,22.44,27.04,18.17,86.91,0.03,NASA_POWER
2011-05-05,sorriso_mt,"Sorriso, MT",-12.5425,-55.7211,0.01,23.63,27.96,20.17,90.22,0.03,NASA_POWER
2011-05-06,sorriso_mt,"Sorriso, MT",-12.5425,-55.7211,1.57,24.09,26.54,22.14,94.1,0.03,NASA_POWER
2011-05-07,sorriso_mt,"Sorriso, MT",-12.5425,-55.7211,0.16,24.51,27.82,22.16,92.03,0.03,NASA_POWER
2011-05-08,sorriso_mt,"Sorriso, MT",-12.5425,-55.7211,0.0,24.86,28.61,21.58,89.96,0.05,NASA_POWER
2011-05-09,sorriso_mt,"Sorriso, MT",-12.5425,-55.7211,0.0,24.36,28.12,21.33,87.87,0.03,NASA_POWER
2011-05-10,sorriso_mt,"Sorriso, MT",-12.5425,-55.7211,0.0,23.56,27.33,19.69,86.47,0.1,NASA_POWER
2011-05-11,sorriso_mt,"Sorriso, MT",-12.5425,-55.7211,0.0,23.53,27.83,19.24,87.37,0.04,NASA_POWER
2011-05-12,sorriso_mt,"Sorriso, MT",-12.5425,-55.7211,0.0,22.93,27.29,19.26,87.93,0.07,NASA_POWER
2011-05-13,sorriso_mt,"Sorriso, MT",-12.5425,-55.7211,0.0,22.7,27.21,18.95,87.82,0.14,NASA_POWER
2011-05-14,sorriso_mt,"Sorriso, MT",-12.5425,-55.7211,0.0,22.72,27.28,18.59,89.64,0.1,NASA_POWER
2011-05-15,sorriso_mt,"Sorriso, MT",-12.5425,-55.7211,0.0,23.58,27.72,19.83,87.08,0.04,NASA_POWER
2011-05-16,sorriso_mt,"Sorriso, MT",-12.5425,-55.7211,0.02,22.91,26.53,19.87,85.07,0.04,NASA_POWER
2011-05-17,sorriso_mt,"Sorriso, MT",-12.5425,-55.7211,0.0,22.09,26.08,17.8,86.82,0.11,NASA_POWER
2011-05-18,sorriso_mt,"Sorriso, MT",-12.5425,-55.7211,0.0,23.06,27.03,19.99,89.77,0.04,NASA_POWER
2011-05-19,sorriso_mt,"Sorriso, MT",-12.5425,-55.7211,0.0,23.33,27.66,19.26,89.18,0.1,NASA_POWER
2011-05-20,sorriso_mt,"Sorriso, MT",-12.5425,-55.7211,0.0,24.39,28.41,20.91,89.84,0.04,NASA_POWER
2011-05-21,sorriso_mt,"Sorriso, MT",-12.5425,-55.7211,0.0,23.94,27.55,21.49,89.85,0.03,NASA_POWER
2011-05-22,sorriso_mt,"Sorriso, MT",-12.5425,-55.7211,0.0,23.45,27.46,20.09,89.27,0.04,NASA_POWER
2011-05-23,sorriso_mt,"Sorriso, MT",-12.5425,-55.7211,0.0,21.97,26.3,17.96,86.72,0.06,NASA_POWER
2011-05-24,sorriso_mt,"Sorriso, MT",-12.5425,-55.7211,0.0,20.37,25.59,15.27,86.64,0.19,NASA_POWER
2011-05-25,sorriso_mt,"Sorriso, MT",-12.5425,-55.7211,0.0,22.03,27.39,16.58,88.66,0.15,NASA_POWER
2011-05-26,sorriso_mt,"Sorriso, MT",-12.5425,-55.7211,0.0,23.45,27.84,19.47,88.99,0.04,NASA_POWER
2011-05-27,sorriso_mt,"Sorriso, MT",-12.5425,-55.7211,0.0,23.27,27.29,19.95,88.15,0.09,NASA_POWER
2011-05-28,sorriso_mt,"Sorriso, MT",-12.5425,-55.7211,0.0,22.38,26.61,19.15,85.16,0.06,NASA_POWER
2011-05-29,sorriso_mt,"Sorriso, MT",-12.5425,-55.7211,0.0,21.68,26.65,17.68,83.8,0.14,NASA_POWER
2011-05-30,sorriso_mt,"Sorriso, MT",-12.5425,-55.7211,0.0,21.63,27.1,17.05,85.67,0.18,NASA_POWER
2011-05-31,sorriso_mt,"Sorriso, MT",-12.5425,-55.7211,0.0,21.75,26.54,17.67,87.54,0.06,NASA_POWER
2011-06-01,sorriso_mt,"Sorriso, MT",-12.5425,-55.7211,2.01,21.83,26.79,17.98,87.21,0.13,NASA_POWER
2011-06-02,sorriso_mt,"Sorriso, MT",-12.5425,-55.7211,0.0,21.85,27.46,16.55,85.59,0.21,NASA_POWER
2011-06-03,sorriso_mt,"Sorriso, MT",-12.5425,-55.7211,0.01,22.74,28.05,17.9,83.6,0.28,NASA_POWER
2011-06-04,sorriso_mt,"Sorriso, MT",-12.5425,-55.7211,0.21,21.95,27.24,17.8,82.83,0.05,NASA_POWER
2011-06-05,sorriso_mt,"Sorriso, MT",-12.5425,-55.7211,0.0,21.77,27.37,16.95,80.13,0.09,NASA_POWER
2011-06-06,sorriso_mt,"Sorriso, MT",-12.5425,-55.7211,0.0,22.8,28.8,17.57,82.2,0.21,NASA_POWER
2011-06-07,sorriso_mt,"Sorriso, MT",-12.5425,-55.7211,0.95,24.38,29.61,19.34,82.22,0.21,NASA_POWER
2011-06-08,sorriso_mt,"Sorriso, MT",-12.5425,-55.7211,0.04,24.81,30.17,20.1,81.65,0.13,NASA_POWER
2011-06-09,sorriso_mt,"Sorriso, MT",-12.5425,-55.7211,5.49,23.86,26.95,21.01,88.41,0.15,NASA_POWER
2011-06-10,sorriso_mt,"Sorriso, MT",-12.5425,-55.7211,3.26,22.41,25.23,20.69,96.42,0.03,NASA_POWER
2011-06-11,sorriso_mt,"Sorriso, MT",-12.5425,-55.7211,0.47,22.66,26.81,20.25,89.99,0.03,NASA_POWER
2011-06-12,sorriso_mt,"Sorriso, MT",-12.5425,-55.7211,0.0,22.84,27.63,19.05,84.3,0.04,NASA_POWER
2011-06-13,sorriso_mt,"Sorriso, MT",-12.5425,-55.7211,0.0,23.18,28.51,19.44,83.8,0.05,NASA_POWER
2011-06-14,sorriso_mt,"Sorriso, MT",-12.5425,-55.7211,0.0,23.03,28.61,18.38,81.42,0.04,NASA_POWER
2011-06-15,sorriso_mt,"Sorriso, MT",-12.5425,-55.7211,0.0,23.27,29.16,18.36,79.53,0.06,NASA_POWER
2011-06-16,sorriso_mt,"Sorriso, MT",-12.5425,-55.7211,0.0,23.91,29.8,18.8,79.17,0.06,NASA_POWER
2011-06-17,sorriso_mt,"Sorriso, MT",-12.5425,-55.7211,0.0,23.46,29.52,19.08,77.34,0.05,NASA_POWER
2011-06-18,sorriso_mt,"Sorriso, MT",-12.5425,-55.7211,0.0,22.46,29.27,16.83,75.62,0.15,NASA_POWER
2011-06-19,sorriso_mt,"Sorriso, MT",-12.5425,-55.7211,0.0,22.97,30.21,16.31,75.26,0.19,NASA_POWER
2011-06-20,sorriso_mt,"Sorriso, MT",-12.5425,-55.7211,0.0,23.79,30.82,17.92,75.42,0.18,NASA_POWER
2011-06-21,sorriso_mt,"Sorriso, MT",-12.5425,-55.7211,0.0,23.73,31.01,17.03,73.15,0.23,NASA_POWER
2011-06-22,sorriso_mt,"Sorriso, MT",-12.5425,-55.7211,0.0,23.27,30.58,17.08,72.13,0.24,NASA_POWER
2011-06-23,sorriso_mt,"Sorriso, MT",-12.5425,-55.7211,0.0,23.43,30.99,17.4,68.7,0.25,NASA_POWER
2011-06-24,sorriso_mt,"Sorriso, MT",-12.5425,-55.7211,0.0,23.45,30.89,17.18,67.98,0.15,NASA_POWER
2011-06-25,sorriso_mt,"Sorriso, MT",-12.5425,-55.7211,0.0,23.7,31.31,17.1,69.79,0.1,NASA_POWER
2011-06-26,sorriso_mt,"Sorriso, MT",-12.5425,-55.7211,0.0,22.29,27.58,17.92,69.68,0.05,NASA_POWER
2011-06-27,sorriso_mt,"Sorriso, MT",-12.5425,-55.7211,0.0,19.2,25.57,14.59,63.59,0.03,NASA_POWER
2011-06-28,sorriso_mt,"Sorriso, MT",-12.5425,-55.7211,0.0,21.11,29.38,13.56,68.47,0.21,NASA_POWER
2011-06-29,sorriso_mt,"Sorriso, MT",-12.5425,-55.7211,0.0,22.6,30.94,16.1,68.74,0.12,NASA_POWER
2011-06-30,sorriso_mt,"Sorriso, MT",-12.5425,-55.7211,0.0,23.44,31.52,16.92,66.93,0.17,NASA_POWER
2011-07-01,sorriso_mt,"Sorriso, MT",-12.5425,-55.7211,0.0,24.17,31.82,16.97,67.69,0.31,NASA_POWER
2011-07-02,sorriso_mt,"Sorriso, MT",-12.5425,-55.7211,0.0,24.15,31.75,17.94,65.52,0.11,NASA_POWER
2011-07-03,sorriso_mt,"Sorriso, MT",-12.5425,-55.7211,0.0,23.73,31.0,18.03,66.5,0.06,NASA_POWER
2011-07-04,sorriso_mt,"Sorriso, MT",-12.5425,-55.7211,0.0,21.7,28.79,16.58,64.88,0.03,NASA_POWER
2011-07-05,sorriso_mt,"Sorriso, MT",-12.5425,-55.7211,0.0,22.65,31.74,15.51,69.08,0.18,NASA_POWER
2011-07-06,sorriso_mt,"Sorriso, MT",-12.5425,-55.7211,0.0,23.32,31.78,16.51,68.02,0.21,NASA_POWER
2011-07-07,sorriso_mt,"Sorriso, MT",-12.5425,-55.7211,0.0,23.32,32.11,16.61,64.95,0.13,NASA_POWER
2011-07-08,sorriso_mt,"Sorriso, MT",-12.5425,-55.7211,0.0,23.17,31.36,16.49,65.37,0.18,NASA_POWER
2011-07-09,sorriso_mt,"Sorriso, MT",-12.5425,-55.7211,0.0,23.98,32.72,17.04,60.36,0.16,NASA_POWER
2011-07-10,sorriso_mt,"Sorriso, MT",-12.5425,-55.7211,0.0,25.21,33.21,17.42,63.56,0.2,NASA_POWER
2011-07-11,sorriso_mt,"Sorriso, MT",-12.5425,-55.7211,0.0,25.6,33.29,19.57,64.05,0.16,NASA_POWER
2011-07-12,sorriso_mt,"Sorriso, MT",-12.5425,-55.7211,0.0,25.08,32.58,18.2,59.01,0.15,NASA_POWER
2011-07-13,sorriso_mt,"Sorriso, MT",-12.5425,-55.7211,0.0,25.07,33.01,18.13,58.77,0.22,NASA_POWER
2011-07-14,sorriso_mt,"Sorriso, MT",-12.5425,-55.7211,0.0,24.08,32.65,16.74,56.05,0.1,NASA_POWER
2011-07-15,sorriso_mt,"Sorriso, MT",-12.5425,-55.7211,0.0,24.19,33.06,16.69,56.4,0.22,NASA_POWER
2011-07-16,sorriso_mt,"Sorriso, MT",-12.5425,-55.7211,0.0,25.08,33.4,16.92,61.06,0.04,NASA_POWER
2011-07-17,sorriso_mt,"Sorriso, MT",-12.5425,-55.7211,0.0,26.35,33.75,19.6,62.68,0.09,NASA_POWER
2011-07-18,sorriso_mt,"Sorriso, MT",-12.5425,-55.7211,0.03,26.94,33.83,21.34,61.17,0.15,NASA_POWER
2011-07-19,sorriso_mt,"Sorriso, MT",-12.5425,-55.7211,0.0,26.64,33.83,20.42,59.08,0.14,NASA_POWER
2011-07-20,sorriso_mt,"Sorriso, MT",-12.5425,-55.7211,0.0,26.83,34.55,19.48,55.5,0.21,NASA_POWER
2011-07-21,sorriso_mt,"Sorriso, MT",-12.5425,-55.7211,0.0,26.49,34.72,19.06,55.2,0.28,NASA_POWER
2011-07-22,sorriso_mt,"Sorriso, MT",-12.5425,-55.7211,0.0,25.22,33.47,18.85,57.53,0.06,NASA_POWER
2011-07-23,sorriso_mt,"Sorriso, MT",-12.5425,-55.7211,0.0,24.52,33.12,17.57,56.0,0.11,NASA_POWER
2011-07-24,sorriso_mt,"Sorriso, MT",-12.5425,-55.7211,0.0,24.58,33.27,17.55,48.83,0.05,NASA_POWER
2011-07-25,sorriso_mt,"Sorriso, MT",-12.5425,-55.7211,0.0,25.35,33.21,17.74,52.18,0.13,NASA_POWER
2011-07-26,sorriso_mt,"Sorriso, MT",-12.5425,-55.7211,0.0,25.03,33.41,18.73,54.27,0.14,NASA_POWER
2011-07-27,sorriso_mt,"Sorriso, MT",-12.5425,-55.7211,0.0,24.1,32.95,17.48,49.9,0.05,NASA_POWER
2011-07-28,sorriso_mt,"Sorriso, MT",-12.5425,-55.7211,0.0,24.64,33.54,16.81,47.0,0.17,NASA_POWER
2011-07-29,sorriso_mt,"Sorriso, MT",-12.5425,-55.7211,0.0,25.6,34.33,18.87,49.04,0.26,NASA_POWER
2011-07-30,sorriso_mt,"Sorriso, MT",-12.5425,-55.7211,0.0,26.17,34.83,18.78,46.16,0.14,NASA_POWER
2011-07-31,sorriso_mt,"Sorriso, MT",-12.5425,-55.7211,0.0,26.79,34.88,20.17,46.33,0.18,NASA_POWER
2011-08-01,sorriso_mt,"Sorriso, MT",-12.5425,-55.7211,0.0,27.86,35.6,19.24,47.59,0.18,NASA_POWER
2011-08-02,sorriso_mt,"Sorriso, MT",-12.5425,-55.7211,0.0,26.84,34.41,20.11,54.63,0.17,NASA_POWER
2011-08-03,sorriso_mt,"Sorriso, MT",-12.5425,-55.7211,0.0,26.7,35.75,18.99,53.26,0.04,NASA_POWER
2011-08-04,sorriso_mt,"Sorriso, MT",-12.5425,-55.7211,0.0,22.31,30.84,15.44,52.0,0.03,NASA_POWER
2011-08-05,sorriso_mt,"Sorriso, MT",-12.5425,-55.7211,0.0,24.75,34.12,16.58,53.29,0.08,NASA_POWER
2011-08-06,sorriso_mt,"Sorriso, MT",-12.5425,-55.7211,0.0,28.08,36.31,19.57,47.33,0.25,NASA_POWER
2011-08-07,sorriso_mt,"Sorriso, MT",-12.5425,-55.7211,0.0,27.62,35.68,21.39,46.94,0.09,NASA_POWER
2011-08-08,sorriso_mt,"Sorriso, MT",-12.5425,-55.7211,0.01,27.76,35.9,19.04,39.63,0.35,NASA_POWER
2011-08-09,sorriso_mt,"Sorriso, MT",-12.5425,-55.7211,0.0,28.91,36.47,21.44,44.07,0.37,NASA_POWER
2011-08-10,sorriso_mt,"Sorriso, MT",-12.5425,-55.7211,0.0,27.99,36.92,19.94,46.83,0.14,NASA_POWER
2011-08-11,sorriso_mt,"Sorriso, MT",-12.5425,-55.7211,0.0,28.37,37.39,21.31,38.42,0.17,NASA_POWER
2011-08-12,sorriso_mt,"Sorriso, MT",-12.5425,-55.7211,0.0,28.59,37.43,19.82,34.4,0.36,NASA_POWER
2011-08-13,sorriso_mt,"Sorriso, MT",-12.5425,-55.7211,0.0,28.23,36.99,19.98,36.81,0.23,NASA_POWER
2011-08-14,sorriso_mt,"Sorriso, MT",-12.5425,-55.7211,0.0,28.41,36.64,20.64,38.88,0.29,NASA_POWER
2011-08-15,sorriso_mt,"Sorriso, MT",-12.5425,-55.7211,0.0,27.53,36.86,19.01,35.11,0.06,NASA_POWER
2011-08-16,sorriso_mt,"Sorriso, MT",-12.5425,-55.7211,0.0,29.12,37.83,21.49,33.07,0.09,NASA_POWER
2011-08-17,sorriso_mt,"Sorriso, MT",-12.5425,-55.7211,0.0,29.1,36.61,22.76,40.49,0.16,NASA_POWER
2011-08-18,sorriso_mt,"Sorriso, MT",-12.5425,-55.7211,0.0,29.16,37.12,21.53,38.02,0.16,NASA_POWER
2011-08-19,sorriso_mt,"Sorriso, MT",-12.5425,-55.7211,0.0,29.1,37.07,22.3,39.76,0.12,NASA_POWER
2011-08-20,sorriso_mt,"Sorriso, MT",-12.5425,-55.7211,0.29,25.88,32.93,18.52,52.56,0.18,NASA_POWER
2011-08-21,sorriso_mt,"Sorriso, MT",-12.5425,-55.7211,0.0,22.12,30.12,15.34,49.46,0.05,NASA_POWER
2011-08-22,sorriso_mt,"Sorriso, MT",-12.5425,-55.7211,0.0,24.18,33.05,16.69,40.24,0.04,NASA_POWER
2011-08-23,sorriso_mt,"Sorriso, MT",-12.5425,-55.7211,0.0,25.44,34.1,17.98,42.16,0.04,NASA_POWER
2011-08-24,sorriso_mt,"Sorriso, MT",-12.5425,-55.7211,0.0,26.51,35.98,18.0,45.5,0.19,NASA_POWER
2011-08-25,sorriso_mt,"Sorriso, MT",-12.5425,-55.7211,0.0,28.11,37.75,18.52,41.09,0.17,NASA_POWER
2011-08-26,sorriso_mt,"Sorriso, MT",-12.5425,-55.7211,0.0,29.86,37.83,22.01,39.24,0.19,NASA_POWER
2011-08-27,sorriso_mt,"Sorriso, MT",-12.5425,-55.7211,0.0,30.17,37.68,22.87,39.88,0.1,NASA_POWER
2011-08-28,sorriso_mt,"Sorriso, MT",-12.5425,-55.7211,0.0,30.24,37.88,22.32,35.34,0.07,NASA_POWER
2011-08-29,sorriso_mt,"Sorriso, MT",-12.5425,-55.7211,0.0,30.47,38.23,22.86,36.98,0.13,NASA_POWER
2011-08-30,sorriso_mt,"Sorriso, MT",-12.5425,-55.7211,0.0,31.17,38.84,23.6,34.98,0.33,NASA_POWER
2011-08-31,sorriso_mt,"Sorriso, MT",-12.5425,-55.7211,0.34,30.93,38.75,23.3,35.99,0.06,NASA_POWER
2011-09-01,sorriso_mt,"Sorriso, MT",-12.5425,-55.7211,0.03,31.25,38.26,25.07,42.97,0.04,NASA_POWER
2011-09-02,sorriso_mt,"Sorriso, MT",-12.5425,-55.7211,0.0,31.39,38.49,26.46,35.52,0.08,NASA_POWER
2011-09-03,sorriso_mt,"Sorriso, MT",-12.5425,-55.7211,0.0,30.62,38.08,23.22,33.44,0.07,NASA_POWER
2011-09-04,sorriso_mt,"Sorriso, MT",-12.5425,-55.7211,0.01,31.12,37.95,25.79,28.89,0.04,NASA_POWER
2011-09-05,sorriso_mt,"Sorriso, MT",-12.5425,-55.7211,0.0,29.68,37.95,22.01,27.88,0.24,NASA_POWER
2011-09-06,sorriso_mt,"Sorriso, MT",-12.5425,-55.7211,0.0,29.37,38.19,21.9,27.3,0.07,NASA_POWER
2011-09-07,sorriso_mt,"Sorriso, MT",-12.5425,-55.7211,0.0,29.21,38.13,20.47,24.07,0.05,NASA_POWER
2011-09-08,sorriso_mt,"Sorriso, MT",-12.5425,-55.7211,0.0,29.72,38.46,21.42,26.83,0.06,NASA_POWER
2011-09-09,sorriso_mt,"Sorriso, MT",-12.5425,-55.7211,0.27,31.5,39.51,23.37,30.46,0.11,NASA_POWER
2011-09-10,sorriso_mt,"Sorriso, MT",-12.5425,-55.7211,0.0,30.71,38.94,23.42,36.39,0.07,NASA_POWER
2011-09-11,sorriso_mt,"Sorriso, MT",-12.5425,-55.7211,0.0,31.14,38.88,24.25,33.78,0.04,NASA_POWER
2011-09-12,sorriso_mt,"Sorriso, MT",-12.5425,-55.7211,0.66,30.27,36.17,24.89,42.84,0.15,NASA_POWER
2011-09-13,sorriso_mt,"Sorriso, MT",-12.5425,-55.7211,0.29,30.51,38.0,24.21,43.94,0.03,NASA_POWER
2011-09-14,sorriso_mt,"Sorriso, MT",-12.5425,-55.7211,1.31,30.65,38.52,24.38,42.06,0.12,NASA_POWER
2011-09-15,sorriso_mt,"Sorriso, MT",-12.5425,-55.7211,0.15,29.48,36.91,23.3,40.43,0.08,NASA_POWER
2011-09-16,sorriso_mt,"Sorriso, MT",-12.5425,-55.7211,0.0,29.66,37.84,21.6,32.44,0.05,NASA_POWER
2011-09-17,sorriso_mt,"Sorriso, MT",-12.5425,-55.7211,0.0,30.23,38.74,22.07,30.01,0.12,NASA_POWER
2011-09-18,sorriso_mt,"Sorriso, MT",-12.5425,-55.7211,0.0,30.34,38.41,22.74,29.51,0.04,NASA_POWER
2011-09-19,sorriso_mt,"Sorriso, MT",-12.5425,-55.7211,0.0,30.69,38.61,22.48,31.69,0.04,NASA_POWER
2011-09-20,sorriso_mt,"Sorriso, MT",-12.5425,-55.7211,0.0,30.74,38.65,21.92,30.9,0.1,NASA_POWER
2011-09-21,sorriso_mt,"Sorriso, MT",-12.5425,-55.7211,0.0,30.91,38.72,22.95,33.05,0.17,NASA_POWER
2011-09-22,sorriso_mt,"Sorriso, MT",-12.5425,-55.7211,0.0,30.63,39.22,22.34,30.04,0.19,NASA_POWER
2011-09-23,sorriso_mt,"Sorriso, MT",-12.5425,-55.7211,0.0,31.77,40.36,22.93,27.83,0.18,NASA_POWER
2011-09-24,sorriso_mt,"Sorriso, MT",-12.5425,-55.7211,0.63,30.76,38.31,23.67,40.94,0.06,NASA_POWER
2011-09-25,sorriso_mt,"Sorriso, MT",-12.5425,-55.7211,0.0,31.62,39.11,25.1,38.73,0.05,NASA_POWER
2011-09-26,sorriso_mt,"Sorriso, MT",-12.5425,-55.7211,9.79,32.39,40.76,26.0,40.23,0.06,NASA_POWER
2011-09-27,sorriso_mt,"Sorriso, MT",-12.5425,-55.7211,10.98,28.11,35.92,22.37,62.24,0.04,NASA_POWER
2011-09-28,sorriso_mt,"Sorriso, MT",-12.5425,-55.7211,1.27,27.5,35.08,22.34,62.69,0.06,NASA_POWER
2011-09-29,sorriso_mt,"Sorriso, MT",-12.5425,-55.7211,16.26,27.21,32.03,22.51,66.25,0.07,NASA_POWER
2011-09-30,sorriso_mt,"Sorriso, MT",-12.5425,-55.7211,0.57,26.23,32.21,21.52,68.04,0.03,NASA_POWER
2011-10-01,sorriso_mt,"Sorriso, MT",-12.5425,-55.7211,3.32,27.65,35.07,21.32,68.31,0.09,NASA_POWER
2011-10-02,sorriso_mt,"Sorriso, MT",-12.5425,-55.7211,45.64,24.5,27.65,22.81,89.99,0.08,NASA_POWER
2011-10-03,sorriso_mt,"Sorriso, MT",-12.5425,-55.7211,1.18,25.25,29.74,21.46,80.58,0.17,NASA_POWER
2011-10-04,sorriso_mt,"Sorriso, MT",-12.5425,-55.7211,0.01,26.45,32.82,20.95,72.5,0.1,NASA_POWER
2011-10-05,sorriso_mt,"Sorriso, MT",-12.5425,-55.7211,3.5,26.88,33.08,21.63,72.4,0.05,NASA_POWER
2011-10-06,sorriso_mt,"Sorriso, MT",-12.5425,-55.7211,1.92,26.91,33.41,21.39,71.95,0.1,NASA_POWER
2011-10-07,sorriso_mt,"Sorriso, MT",-12.5425,-55.7211,0.38,28.0,34.49,22.08,65.11,0.13,NASA_POWER
2011-10-08,sorriso_mt,"Sorriso, MT",-12.5425,-55.7211,2.59,29.34,35.23,24.48,62.49,0.17,NASA_POWER
2011-10-09,sorriso_mt,"Sorriso, MT",-12.5425,-55.7211,0.05,27.72,32.57,23.76,70.62,0.04,NASA_POWER
2011-10-10,sorriso_mt,"Sorriso, MT",-12.5425,-55.7211,11.94,25.12,29.42,22.37,84.69,0.06,NASA_POWER
2011-10-11,sorriso_mt,"Sorriso, MT",-12.5425,-55.7211,1.13,26.26,32.57,21.51,77.59,0.04,NASA_POWER
2011-10-12,sorriso_mt,"Sorriso, MT",-12.5425,-55.7211,0.67,27.22,33.26,22.19,74.01,0.03,NASA_POWER
2011-10-13,sorriso_mt,"Sorriso, MT",-12.5425,-55.7211,0.3,26.01,29.35,23.05,78.57,0.04,NASA_POWER
2011-10-14,sorriso_mt,"Sorriso, MT",-12.5425,-55.7211,11.55,27.21,34.91,21.97,74.9,0.07,NASA_POWER
2011-10-15,sorriso_mt,"Sorriso, MT",-12.5425,-55.7211,1.62,26.64,31.77,23.03,79.61,0.02,NASA_POWER
2011-10-16,sorriso_mt,"Sorriso, MT",-12.5425,-55.7211,1.4,25.5,29.3,22.83,82.69,0.02,NASA_POWER
2011-10-17,sorriso_mt,"Sorriso, MT",-12.5425,-55.7211,4.8,26.43,32.89,22.17,77.67,0.03,NASA_POWER
2011-10-18,sorriso_mt,"Sorriso, MT",-12.5425,-55.7211,12.26,25.32,30.16,22.2,86.86,0.03,NASA_POWER
2011-10-19,sorriso_mt,"Sorriso, MT",-12.5425,-55.7211,3.17,25.19,29.35,22.14,83.07,0.13,NASA_POWER
2011-10-20,sorriso_mt,"Sorriso, MT",-12.5425,-55.7211,1.31,25.92,31.76,21.1,77.47,0.06,NASA_POWER
2011-10-21,sorriso_mt,"Sorriso, MT",-12.5425,-55.7211,1.64,26.05,31.65,22.06,76.07,0.03,NASA_POWER
2011-10-22,sorriso_mt,"Sorriso, MT",-12.5425,-55.7211,9.28,23.9,29.13,21.66,87.87,0.02,NASA_POWER
2011-10-23,sorriso_mt,"Sorriso, MT",-12.5425,-55.7211,0.26,25.83,31.93,21.06,75.35,0.04,NASA_POWER
2011-10-24,sorriso_mt,"Sorriso, MT",-12.5425,-55.7211,0.01,27.27,33.64,22.13,70.91,0.03,NASA_POWER
2011-10-25,sorriso_mt,"Sorriso, MT",-12.5425,-55.7211,27.05,27.93,34.07,22.2,70.25,0.18,NASA_POWER
2011-10-26,sorriso_mt,"Sorriso, MT",-12.5425,-55.7211,6.4,25.72,30.13,21.55,82.95,0.18,NASA_POWER
2011-10-27,sorriso_mt,"Sorriso, MT",-12.5425,-55.7211,0.39,26.53,32.05,22.27,77.6,0.02,NASA_POWER
2011-10-28,sorriso_mt,"Sorriso, MT",-12.5425,-55.7211,0.03,27.03,31.19,22.55,76.53,0.05,NASA_POWER
2011-10-29,sorriso_mt,"Sorriso, MT",-12.5425,-55.7211,0.08,26.53,31.25,23.6,76.41,0.08,NASA_POWER
2011-10-30,sorriso_mt,"Sorriso, MT",-12.5425,-55.7211,0.94,28.11,34.6,22.04,68.67,0.12,NASA_POWER
2011-10-31,sorriso_mt,"Sorriso, MT",-12.5425,-55.7211,4.01,25.59,30.04,22.55,83.13,0.05,NASA_POWER
2011-11-01,sorriso_mt,"Sorriso, MT",-12.5425,-55.7211,2.64,25.59,30.14,22.19,79.39,0.06,NASA_POWER
2011-11-02,sorriso_mt,"Sorriso, MT",-12.5425,-55.7211,21.14,25.84,32.18,20.78,78.83,0.09,NASA_POWER
2011-11-03,sorriso_mt,"Sorriso, MT",-12.5425,-55.7211,4.51,24.07,27.19,22.02,90.78,0.05,NASA_POWER
2011-11-04,sorriso_mt,"Sorriso, MT",-12.5425,-55.7211,7.1,24.99,29.77,21.26,83.38,0.06,NASA_POWER
2011-11-05,sorriso_mt,"Sorriso, MT",-12.5425,-55.7211,21.84,23.58,27.2,21.63,86.32,0.03,NASA_POWER
2011-11-06,sorriso_mt,"Sorriso, MT",-12.5425,-55.7211,16.3,23.23,26.96,20.92,92.49,0.07,NASA_POWER
2011-11-07,sorriso_mt,"Sorriso, MT",-12.5425,-55.7211,16.0,24.09,27.66,21.48,91.84,0.03,NASA_POWER
2011-11-08,sorriso_mt,"Sorriso, MT",-12.5425,-55.7211,8.57,24.51,27.68,21.95,90.85,0.02,NASA_POWER
2011-11-09,sorriso_mt,"Sorriso, MT",-12.5425,-55.7211,1.68,25.4,29.46,21.95,87.32,0.04,NASA_POWER
2011-11-10,sorriso_mt,"Sorriso, MT",-12.5425,-55.7211,1.2,25.95,30.15,22.05,85.77,0.03,NASA_POWER
2011-11-11,sorriso_mt,"Sorriso, MT",-12.5425,-55.7211,0.21,25.91,30.18,22.49,81.02,0.07,NASA_POWER
2011-11-12,sorriso_mt,"Sorriso, MT",-12.5425,-55.7211,4.89,24.45,28.25,21.88,88.18,0.11,NASA_POWER
2011-11-13,sorriso_mt,"Sorriso, MT",-12.5425,-55.7211,0.98,24.9,29.08,22.03,85.01,0.11,NASA_POWER
2011-11-14,sorriso_mt,"Sorriso, MT",-12.5425,-55.7211,3.15,25.55,30.05,21.87,82.62,0.06,NASA_POWER
2011-11-15,sorriso_mt,"Sorriso, MT",-12.5425,-55.7211,6.47,25.01,29.29,21.92,86.08,0.14,NASA_POWER
2011-11-16,sorriso_mt,"Sorriso, MT",-12.5425,-55.7211,0.52,26.4,31.37,22.34,80.95,0.1,NASA_POWER
2011-11-17,sorriso_mt,"Sorriso, MT",-12.5425,-55.7211,0.02,26.17,31.33,22.6,80.31,0.03,NASA_POWER
2011-11-18,sorriso_mt,"Sorriso, MT",-12.5425,-55.7211,6.21,26.52,31.85,22.28,79.79,0.02,NASA_POWER
2011-11-19,sorriso_mt,"Sorriso, MT",-12.5425,-55.7211,1.28,25.49,30.56,22.41,81.64,0.03,NASA_POWER
2011-11-20,sorriso_mt,"Sorriso, MT",-12.5425,-55.7211,0.12,26.25,30.51,21.49,78.11,0.07,NASA_POWER
2011-11-21,sorriso_mt,"Sorriso, MT",-12.5425,-55.7211,4.05,26.39,30.97,22.42,81.59,0.05,NASA_POWER
2011-11-22,sorriso_mt,"Sorriso, MT",-12.5425,-55.7211,14.88,24.72,27.79,22.9,90.85,0.06,NASA_POWER
2011-11-23,sorriso_mt,"Sorriso, MT",-12.5425,-55.7211,1.67,25.65,30.39,21.49,80.35,0.03,NASA_POWER
2011-11-24,sorriso_mt,"Sorriso, MT",-12.5425,-55.7211,10.16,25.78,30.31,22.23,84.74,0.02,NASA_POWER
2011-11-25,sorriso_mt,"Sorriso, MT",-12.5425,-55.7211,4.69,23.99,26.51,21.97,92.2,0.15,NASA_POWER
2011-11-26,sorriso_mt,"Sorriso, MT",-12.5425,-55.7211,2.82,24.69,29.23,20.81,85.78,0.12,NASA_POWER
2011-11-27,sorriso_mt,"Sorriso, MT",-12.5425,-55.7211,1.95,25.73,29.89,22.26,81.65,0.14,NASA_POWER
2011-11-28,sorriso_mt,"Sorriso, MT",-12.5425,-55.7211,6.18,26.02,30.31,21.63,81.09,0.13,NASA_POWER
2011-11-29,sorriso_mt,"Sorriso, MT",-12.5425,-55.7211,1.39,24.89,28.07,22.86,87.98,0.06,NASA_POWER
2011-11-30,sorriso_mt,"Sorriso, MT",-12.5425,-55.7211,11.92,25.38,30.1,22.13,85.15,0.03,NASA_POWER
2011-12-01,sorriso_mt,"Sorriso, MT",-12.5425,-55.7211,3.22,25.19,29.79,21.68,84.76,0.04,NASA_POWER
2011-12-02,sorriso_mt,"Sorriso, MT",-12.5425,-55.7211,0.09,25.87,30.48,21.57,80.24,0.09,NASA_POWER
2011-12-03,sorriso_mt,"Sorriso, MT",-12.5425,-55.7211,9.34,25.98,29.97,22.31,82.18,0.12,NASA_POWER
2011-12-04,sorriso_mt,"Sorriso, MT",-12.5425,-55.7211,4.2,24.26,27.08,22.32,92.52,0.06,NASA_POWER
2011-12-05,sorriso_mt,"Sorriso, MT",-12.5425,-55.7211,6.9,23.94,26.47,22.08,89.69,0.02,NASA_POWER
2011-12-06,sorriso_mt,"Sorriso, MT",-12.5425,-55.7211,7.01,25.26,29.46,21.44,81.12,0.1,NASA_POWER
2011-12-07,sorriso_mt,"Sorriso, MT",-12.5425,-55.7211,15.78,24.48,27.85,21.62,91.49,0.11,NASA_POWER
2011-12-08,sorriso_mt,"Sorriso, MT",-12.5425,-55.7211,5.83,25.03,28.58,21.83,90.45,0.2,NASA_POWER
2011-12-09,sorriso_mt,"Sorriso, MT",-12.5425,-55.7211,5.92,24.27,27.48,22.12,91.98,0.13,NASA_POWER
2011-12-10,sorriso_mt,"Sorriso, MT",-12.5425,-55.7211,0.23,25.02,29.1,21.81,86.09,0.15,NASA_POWER
2011-12-11,sorriso_mt,"Sorriso, MT",-12.5425,-55.7211,3.78,25.46,30.02,21.79,85.86,0.08,NASA_POWER
2011-12-12,sorriso_mt,"Sorriso, MT",-12.5425,-55.7211,1.76,25.49,29.37,22.93,85.99,0.03,NASA_POWER
2011-12-13,sorriso_mt,"Sorriso, MT",-12.5425,-55.7211,17.59,24.05,26.99,22.18,93.65,0.05,NASA_POWER
2011-12-14,sorriso_mt,"Sorriso, MT",-12.5425,-55.7211,14.85,23.33,25.22,21.48,96.22,0.02,NASA_POWER
2011-12-15,sorriso_mt,"Sorriso, MT",-12.5425,-55.7211,6.92,24.56,28.45,21.12,89.19,0.07,NASA_POWER
2011-12-16,sorriso_mt,"Sorriso, MT",-12.5425,-55.7211,14.65,24.6,28.17,21.66,91.87,0.03,NASA_POWER
2011-12-17,sorriso_mt,"Sorriso, MT",-12.5425,-55.7211,2.65,23.2,26.56,20.62,91.34,0.1,NASA_POWER
2011-12-18,sorriso_mt,"Sorriso, MT",-12.5425,-55.7211,1.24,23.6,26.55,21.84,91.66,0.06,NASA_POWER
2011-12-19,sorriso_mt,"Sorriso, MT",-12.5425,-55.7211,4.34,24.46,27.94,21.62,88.92,0.1,NASA_POWER
2011-12-20,sorriso_mt,"Sorriso, MT",-12.5425,-55.7211,15.41,25.08,29.02,21.47,89.07,0.04,NASA_POWER
2011-12-21,sorriso_mt,"Sorriso, MT",-12.5425,-55.7211,7.12,24.37,27.71,21.95,89.7,0.18,NASA_POWER
2011-12-22,sorriso_mt,"Sorriso, MT",-12.5425,-55.7211,4.78,24.87,29.1,20.75,87.56,0.08,NASA_POWER
2011-12-23,sorriso_mt,"Sorriso, MT",-12.5425,-55.7211,9.56,24.3,27.57,22.18,91.72,0.03,NASA_POWER
2011-12-24,sorriso_mt,"Sorriso, MT",-12.5425,-55.7211,7.25,23.95,27.16,21.81,90.38,0.04,NASA_POWER
2011-12-25,sorriso_mt,"Sorriso, MT",-12.5425,-55.7211,6.74,24.96,28.76,21.31,88.23,0.13,NASA_POWER
2011-12-26,sorriso_mt,"Sorriso, MT",-12.5425,-55.7211,12.37,25.38,29.06,21.76,90.32,0.05,NASA_POWER
2011-12-27,sorriso_mt,"Sorriso, MT",-12.5425,-55.7211,2.83,24.66,29.05,21.17,87.17,0.17,NASA_POWER
2011-12-28,sorriso_mt,"Sorriso, MT",-12.5425,-55.7211,2.45,24.89,28.94,21.41,89.3,0.16,NASA_POWER
2011-12-29,sorriso_mt,"Sorriso, MT",-12.5425,-55.7211,2.65,25.15,28.93,21.82,87.3,0.03,NASA_POWER
2011-12-30,sorriso_mt,"Sorriso, MT",-12.5425,-55.7211,4.83,24.45,26.87,22.21,91.16,0.11,NASA_POWER
2011-12-31,sorriso_mt,"Sorriso, MT",-12.5425,-55.7211,18.31,24.54,28.43,20.9,90.59,0.08,NASA_POWER
2012-01-01,sorriso_mt,"Sorriso, MT",-12.5425,-55.7211,8.58,24.58,27.76,22.25,93.03,0.03,NASA_POWER
2012-01-02,sorriso_mt,"Sorriso, MT",-12.5425,-55.7211,8.02,24.46,27.2,22.57,93.9,0.03,NASA_POWER
2012-01-03,sorriso_mt,"Sorriso, MT",-12.5425,-55.7211,3.2,24.86,28.65,21.69,90.12,0.03,NASA_POWER
2012-01-04,sorriso_mt,"Sorriso, MT",-12.5425,-55.7211,0.57,23.93,26.71,21.64,90.24,0.03,NASA_POWER
2012-01-05,sorriso_mt,"Sorriso, MT",-12.5425,-55.7211,0.33,24.81,29.31,19.79,85.86,0.08,NASA_POWER
2012-01-06,sorriso_mt,"Sorriso, MT",-12.5425,-55.7211,2.53,25.03,28.04,22.11,89.36,0.05,NASA_POWER
2012-01-07,sorriso_mt,"Sorriso, MT",-12.5425,-55.7211,18.72,24.39,27.49,22.19,91.2,0.03,NASA_POWER
2012-01-08,sorriso_mt,"Sorriso, MT",-12.5425,-55.7211,7.66,23.52,25.95,21.38,94.43,0.05,NASA_POWER
2012-01-09,sorriso_mt,"Sorriso, MT",-12.5425,-55.7211,12.45,24.45,27.55,21.55,90.15,0.04,NASA_POWER
2012-01-10,sorriso_mt,"Sorriso, MT",-12.5425,-55.7211,23.32,23.72,26.2,21.94,94.96,0.03,NASA_POWER
2012-01-11,sorriso_mt,"Sorriso, MT",-12.5425,-55.7211,9.79,23.1,25.05,21.65,95.25,0.03,NASA_POWER
2012-01-12,sorriso_mt,"Sorriso, MT",-12.5425,-55.7211,3.9,23.48,26.77,20.85,92.78,0.04,NASA_POWER
2012-01-13,sorriso_mt,"Sorriso, MT",-12.5425,-55.7211,12.02,24.27,27.55,21.67,92.72,0.02,NASA_POWER
2012-01-14,sorriso_mt,"Sorriso, MT",-12.5425,-55.7211,5.37,23.94,26.9,21.87,91.59,0.04,NASA_POWER
2012-01-15,sorriso_mt,"Sorriso, MT",-12.5425,-55.7211,1.03,23.76,26.85,21.24,90.4,0.04,NASA_POWER
2012-01-16,sorriso_mt,"Sorriso, MT",-12.5425,-55.7211,14.41,23.73,26.67,21.55,93.31,0.04,NASA_POWER
2012-01-17,sorriso_mt,"Sorriso, MT",-12.5425,-55.7211,9.85,22.65,24.61,20.84,96.49,0.1,NASA_POWER
2012-01-18,sorriso_mt,"Sorriso, MT",-12.5425,-55.7211,19.94,22.24,24.86,19.86,95.74,0.07,NASA_POWER
2012-01-19,sorriso_mt,"Sorriso, MT",-12.5425,-55.7211,11.12,23.12,26.64,20.61,92.81,0.03,NASA_POWER
2012-01-20,sorriso_mt,"Sorriso, MT",-12.5425,-55.7211,9.9,23.38,26.58,20.85,92.92,0.1,NASA_POWER
2012-01-21,sorriso_mt,"Sorriso, MT",-12.5425,-55.7211,18.98,23.78,27.11,21.1,93.63,0.04,NASA_POWER
2012-01-22,sorriso_mt,"Sorriso, MT",-12.5425,-55.7211,21.68,22.81,24.45,21.4,96.6,0.1,NASA_POWER
2012-01-23,sorriso_mt,"Sorriso, MT",-12.5425,-55.7211,6.98,23.96,27.57,19.88,89.77,0.17,NASA_POWER
2012-01-24,sorriso_mt,"Sorriso, MT",-12.5425,-55.7211,7.99,24.45,28.21,21.56,91.25,0.03,NASA_POWER
2012-01-25,sorriso_mt,"Sorriso, MT",-12.5425,-55.7211,7.46,24.13,27.33,21.55,92.28,0.08,NASA_POWER
2012-01-26,sorriso_mt,"Sorriso, MT",-12.5425,-55.7211,25.79,23.86,26.18,21.79,93.91,0.14,NASA_POWER
2012-01-27,sorriso_mt,"Sorriso, MT",-12.5425,-55.7211,3.52,23.35,25.95,21.65,92.87,0.22,NASA_POWER
2012-01-28,sorriso_mt,"Sorriso, MT",-12.5425,-55.7211,5.35,24.38,27.72,21.29,90.74,0.21,NASA_POWER
2012-01-29,sorriso_mt,"Sorriso, MT",-12.5425,-55.7211,6.06,23.95,27.04,21.49,93.26,0.17,NASA_POWER
2012-01-30,sorriso_mt,"Sorriso, MT",-12.5425,-55.7211,13.53,24.16,27.37,21.84,90.35,0.16,NASA_POWER
2012-01-31,sorriso_mt,"Sorriso, MT",-12.5425,-55.7211,1.24,24.41,28.02,21.12,90.23,0.11,NASA_POWER
2012-02-01,sorriso_mt,"Sorriso, MT",-12.5425,-55.7211,3.77,24.58,28.32,21.26,89.14,0.03,NASA_POWER
2012-02-02,sorriso_mt,"Sorriso, MT",-12.5425,-55.7211,2.76,24.62,27.69,21.34,90.71,0.04,NASA_POWER
2012-02-03,sorriso_mt,"Sorriso, MT",-12.5425,-55.7211,4.13,23.99,27.67,21.6,88.46,0.03,NASA_POWER
2012-02-04,sorriso_mt,"Sorriso, MT",-12.5425,-55.7211,0.53,24.22,28.57,20.62,88.15,0.09,NASA_POWER
2012-02-05,sorriso_mt,"Sorriso, MT",-12.5425,-55.7211,0.04,24.2,28.28,20.33,89.99,0.19,NASA_POWER
2012-02-06,sorriso_mt,"Sorriso, MT",-12.5425,-55.7211,0.31,24.8,28.63,20.23,85.09,0.22,NASA_POWER
2012-02-07,sorriso_mt,"Sorriso, MT",-12.5425,-55.7211,0.02,25.64,29.6,21.67,81.74,0.3,NASA_POWER
2012-02-08,sorriso_mt,"Sorriso, MT",-12.5425,-55.7211,12.56,25.71,29.41,22.08,82.05,0.3,NASA_POWER
2012-02-09,sorriso_mt,"Sorriso, MT",-12.5425,-55.7211,3.48,24.7,28.9,21.04,88.26,0.02,NASA_POWER
2012-02-10,sorriso_mt,"Sorriso, MT",-12.5425,-55.7211,2.18,24.65,28.34,20.8,86.8,0.09,NASA_POWER
2012-02-11,sorriso_mt,"Sorriso, MT",-12.5425,-55.7211,4.72,24.0,27.25,20.49,89.22,0.13,NASA_POWER
2012-02-12,sorriso_mt,"Sorriso, MT",-12.5425,-55.7211,11.65,23.79,27.01,20.81,91.18,0.03,NASA_POWER
2012-02-13,sorriso_mt,"Sorriso, MT",-12.5425,-55.7211,62.5,23.05,24.88,21.61,96.99,0.03,NASA_POWER
2012-02-14,sorriso_mt,"Sorriso, MT",-12.5425,-55.7211,15.52,22.82,25.24,20.98,93.95,0.03,NASA_POWER
2012-02-15,sorriso_mt,"Sorriso, MT",-12.5425,-55.7211,14.08,23.07,26.14,20.26,91.91,0.03,NASA_POWER
2012-02-16,sorriso_mt,"Sorriso, MT",-12.5425,-55.7211,0.87,23.21,27.38,19.85,86.32,0.05,NASA_POWER
2012-02-17,sorriso_mt,"Sorriso, MT",-12.5425,-55.7211,20.39,22.97,26.69,20.0,89.49,0.13,NASA_POWER
2012-02-18,sorriso_mt,"Sorriso, MT",-12.5425,-55.7211,8.08,23.58,27.71,19.96,88.6,0.11,NASA_POWER
2012-02-19,sorriso_mt,"Sorriso, MT",-12.5425,-55.7211,2.64,23.59,27.1,21.38,92.26,0.12,NASA_POWER
2012-02-20,sorriso_mt,"Sorriso, MT",-12.5425,-55.7211,10.94,23.99,27.62,21.06,89.96,0.07,NASA_POWER
2012-02-21,sorriso_mt,"Sorriso, MT",-12.5425,-55.7211,10.14,23.84,28.13,20.11,90.14,0.03,NASA_POWER
2012-02-22,sorriso_mt,"Sorriso, MT",-12.5425,-55.7211,4.16,24.12,28.3,20.58,89.43,0.06,NASA_POWER
2012-02-23,sorriso_mt,"Sorriso, MT",-12.5425,-55.7211,16.78,24.14,27.23,21.75,91.19,0.25,NASA_POWER
2012-02-24,sorriso_mt,"Sorriso, MT",-12.5425,-55.7211,10.27,25.2,28.73,22.41,82.09,0.2,NASA_POWER
2012-02-25,sorriso_mt,"Sorriso, MT",-12.5425,-55.7211,11.89,24.16,27.53,21.71,89.48,0.22,NASA_POWER
2012-02-26,sorriso_mt,"Sorriso, MT",-12.5425,-55.7211,17.17,23.8,27.3,20.94,91.69,0.09,NASA_POWER
2012-02-27,sorriso_mt,"Sorriso, MT",-12.5425,-55.7211,6.95,23.85,27.05,21.12,89.89,0.2,NASA_POWER
2012-02-28,sorriso_mt,"Sorriso, MT",-12.5425,-55.7211,7.85,23.66,26.71,20.79,91.45,0.23,NASA_POWER
2012-02-29,sorriso_mt,"Sorriso, MT",-12.5425,-55.7211,3.4,24.29,27.87,21.71,89.42,0.12,NASA_POWER
2012-03-01,sorriso_mt,"Sorriso, MT",-12.5425,-55.7211,8.06,24.08,27.36,21.5,88.89,0.13,NASA_POWER
2012-03-02,sorriso_mt,"Sorriso, MT",-12.5425,-55.7211,3.35,24.9,28.9,21.03,83.42,0.22,NASA_POWER
2012-03-03,sorriso_mt,"Sorriso, MT",-12.5425,-55.7211,1.97,25.17,28.85,22.06,87.46,0.23,NASA_POWER
2012-03-04,sorriso_mt,"Sorriso, MT",-12.5425,-55.7211,0.77,25.43,28.62,21.92,86.78,0.27,NASA_POWER
2012-03-05,sorriso_mt,"Sorriso, MT",-12.5425,-55.7211,9.65,24.95,28.21,22.02,87.46,0.28,NASA_POWER
2012-03-06,sorriso_mt,"Sorriso, MT",-12.5425,-55.7211,12.06,23.93,27.31,21.02,89.19,0.1,NASA_POWER
2012-03-07,sorriso_mt,"Sorriso, MT",-12.5425,-55.7211,6.92,22.74,25.75,20.98,92.82,0.14,NASA_POWER
2012-03-08,sorriso_mt,"Sorriso, MT",-12.5425,-55.7211,2.32,22.93,26.67,19.44,90.48,0.12,NASA_POWER
2012-03-09,sorriso_mt,"Sorriso, MT",-12.5425,-55.7211,12.65,24.12,27.84,20.54,84.81,0.15,NASA_POWER
2012-03-10,sorriso_mt,"Sorriso, MT",-12.5425,-55.7211,15.48,24.4,27.68,21.65,89.61,0.23,NASA_POWER
2012-03-11,sorriso_mt,"Sorriso, MT",-12.5425,-55.7211,0.82,24.55,27.97,22.24,88.3,0.26,NASA_POWER
2012-03-12,sorriso_mt,"Sorriso, MT",-12.5425,-55.7211,0.0,25.26,29.12,21.1,85.1,0.13,NASA_POWER
2012-03-13,sorriso_mt,"Sorriso, MT",-12.5425,-55.7211,25.41,25.21,28.87,21.87,89.78,0.19,NASA_POWER
2012-03-14,sorriso_mt,"Sorriso, MT",-12.5425,-55.7211,18.91,24.7,27.99,21.74,89.85,0.19,NASA_POWER
2012-03-15,sorriso_mt,"Sorriso, MT",-12.5425,-55.7211,14.1,24.06,28.11,21.12,88.86,0.24,NASA_POWER
2012-03-16,sorriso_mt,"Sorriso, MT",-12.5425,-55.7211,0.12,24.9,29.14,20.47,85.64,0.27,NASA_POWER
2012-03-17,sorriso_mt,"Sorriso, MT",-12.5425,-55.7211,11.1,25.2,29.16,21.09,89.19,0.09,NASA_POWER
2012-03-18,sorriso_mt,"Sorriso, MT",-12.5425,-55.7211,4.86,23.89,26.03,22.07,95.14,0.1,NASA_POWER
2012-03-19,sorriso_mt,"Sorriso, MT",-12.5425,-55.7211,7.93,23.26,25.82,21.61,94.58,0.03,NASA_POWER
2012-03-20,sorriso_mt,"Sorriso, MT",-12.5425,-55.7211,9.28,24.07,27.82,20.85,91.74,0.06,NASA_POWER
2012-03-21,sorriso_mt,"Sorriso, MT",-12.5425,-55.7211,25.2,24.28,27.63,21.48,91.4,0.08,NASA_POWER
2012-03-22,sorriso_mt,"Sorriso, MT",-12.5425,-55.7211,12.94,23.42,25.29,21.74,97.06,0.14,NASA_POWER
2012-03-23,sorriso_mt,"Sorriso, MT",-12.5425,-55.7211,0.72,23.36,26.24,20.99,90.06,0.18,NASA_POWER
2012-03-24,sorriso_mt,"Sorriso, MT",-12.5425,-55.7211,1.66,24.17,28.02,20.62,86.62,0.24,NASA_POWER
2012-03-25,sorriso_mt,"Sorriso, MT",-12.5425,-55.7211,7.43,24.33,27.32,20.76,91.56,0.25,NASA_POWER
2012-03-26,sorriso_mt,"Sorriso, MT",-12.5425,-55.7211,8.03,24.55,27.87,22.28,91.6,0.13,NASA_POWER
2012-03-27,sorriso_mt,"Sorriso, MT",-12.5425,-55.7211,0.49,24.55,29.06,21.07,89.02,0.05,NASA_POWER
2012-03-28,sorriso_mt,"Sorriso, MT",-12.5425,-55.7211,0.11,24.81,28.59,21.16,89.04,0.07,NASA_POWER
2012-03-29,sorriso_mt,"Sorriso, MT",-12.5425,-55.7211,1.22,25.34,28.82,22.25,86.18,0.16,NASA_POWER
2012-03-30,sorriso_mt,"Sorriso, MT",-12.5425,-55.7211,2.94,25.06,28.02,22.46,88.94,0.15,NASA_POWER
2012-03-31,sorriso_mt,"Sorriso, MT",-12.5425,-55.7211,0.27,25.1,28.23,21.75,88.1,0.1,NASA_POWER
2012-04-01,sorriso_mt,"Sorriso, MT",-12.5425,-55.7211,0.93,24.78,27.73,21.99,91.39,0.15,NASA_POWER
2012-04-02,sorriso_mt,"Sorriso, MT",-12.5425,-55.7211,2.65,24.78,28.44,22.41,89.01,0.13,NASA_POWER
2012-04-03,sorriso_mt,"Sorriso, MT",-12.5425,-55.7211,16.67,24.86,27.57,22.21,92.13,0.13,NASA_POWER
2012-04-04,sorriso_mt,"Sorriso, MT",-12.5425,-55.7211,2.77,24.51,27.36,21.65,91.53,0.27,NASA_POWER
2012-04-05,sorriso_mt,"Sorriso, MT",-12.5425,-55.7211,0.12,25.01,29.47,20.81,88.33,0.26,NASA_POWER
2012-04-06,sorriso_mt,"Sorriso, MT",-12.5425,-55.7211,0.0,25.49,29.64,21.54,88.42,0.06,NASA_POWER
2012-04-07,sorriso_mt,"Sorriso, MT",-12.5425,-55.7211,0.16,25.42,29.71,22.32,86.7,0.12,NASA_POWER
2012-04-08,sorriso_mt,"Sorriso, MT",-12.5425,-55.7211,8.76,24.64,28.44,21.61,90.56,0.15,NASA_POWER
2012-04-09,sorriso_mt,"Sorriso, MT",-12.5425,-55.7211,18.92,23.6,26.58,21.66,92.81,0.05,NASA_POWER
2012-04-10,sorriso_mt,"Sorriso, MT",-12.5425,-55.7211,1.71,24.29,28.13,21.0,88.57,0.16,NASA_POWER
2012-04-11,sorriso_mt,"Sorriso, MT",-12.5425,-55.7211,1.97,24.55,27.64,22.49,88.68,0.12,NASA_POWER
2012-04-12,sorriso_mt,"Sorriso, MT",-12.5425,-55.7211,2.94,24.32,27.57,21.93,92.13,0.02,NASA_POWER
2012-04-13,sorriso_mt,"Sorriso, MT",-12.5425,-55.7211,0.24,24.64,28.28,21.52,88.62,0.15,NASA_POWER
2012-04-14,sorriso_mt,"Sorriso, MT",-12.5425,-55.7211,13.38,23.92,26.56,21.94,95.53,0.15,NASA_POWER
2012-04-15,sorriso_mt,"Sorriso, MT",-12.5425,-55.7211,1.01,24.74,28.69,21.44,89.71,0.18,NASA_POWER
2012-04-16,sorriso_mt,"Sorriso, MT",-12.5425,-55.7211,6.45,25.24,28.82,21.84,89.02,0.19,NASA_POWER
2012-04-17,sorriso_mt,"Sorriso, MT",-12.5425,-55.7211,1.62,25.13,28.78,22.15,90.92,0.15,NASA_POWER
2012-04-18,sorriso_mt,"Sorriso, MT",-12.5425,-55.7211,1.13,24.85,28.4,22.26,89.92,0.05,NASA_POWER
2012-04-19,sorriso_mt,"Sorriso, MT",-12.5425,-55.7211,0.38,24.76,28.28,22.02,89.9,0.22,NASA_POWER
2012-04-20,sorriso_mt,"Sorriso, MT",-12.5425,-55.7211,0.94,24.66,27.71,21.72,90.28,0.16,NASA_POWER
2012-04-21,sorriso_mt,"Sorriso, MT",-12.5425,-55.7211,0.15,24.69,28.15,22.27,91.08,0.04,NASA_POWER
2012-04-22,sorriso_mt,"Sorriso, MT",-12.5425,-55.7211,2.13,24.58,27.78,22.41,92.58,0.06,NASA_POWER
2012-04-23,sorriso_mt,"Sorriso, MT",-12.5425,-55.7211,1.12,24.92,28.12,22.5,92.01,0.15,NASA_POWER
2012-04-24,sorriso_mt,"Sorriso, MT",-12.5425,-55.7211,0.37,25.2,28.06,23.02,88.33,0.22,NASA_POWER
2012-04-25,sorriso_mt,"Sorriso, MT",-12.5425,-55.7211,0.57,24.52,27.74,22.06,91.24,0.13,NASA_POWER
2012-04-26,sorriso_mt,"Sorriso, MT",-12.5425,-55.7211,0.32,24.72,28.27,21.98,89.8,0.14,NASA_POWER
2012-04-27,sorriso_mt,"Sorriso, MT",-12.5425,-55.7211,4.02,24.6,28.57,22.0,89.53,0.26,NASA_POWER
2012-04-28,sorriso_mt,"Sorriso, MT",-12.5425,-55.7211,0.43,24.37,28.0,21.55,92.6,0.05,NASA_POWER
2012-04-29,sorriso_mt,"Sorriso, MT",-12.5425,-55.7211,2.31,24.58,28.12,21.88,91.7,0.02,NASA_POWER
2012-04-30,sorriso_mt,"Sorriso, MT",-12.5425,-55.7211,0.72,22.65,25.69,19.64,86.68,0.04,NASA_POWER
2012-05-01,sorriso_mt,"Sorriso, MT",-12.5425,-55.7211,0.0,21.57,26.12,17.33,85.0,0.03,NASA_POWER
2012-05-02,sorriso_mt,"Sorriso, MT",-12.5425,-55.7211,0.0,21.98,26.88,17.24,86.14,0.04,NASA_POWER
2012-05-03,sorriso_mt,"Sorriso, MT",-12.5425,-55.7211,0.0,22.73,27.35,18.33,87.33,0.03,NASA_POWER
2012-05-04,sorriso_mt,"Sorriso, MT",-12.5425,-55.7211,0.0,23.44,28.01,19.21,85.32,0.03,NASA_POWER
2012-05-05,sorriso_mt,"Sorriso, MT",-12.5425,-55.7211,0.0,23.16,27.48,19.19,86.78,0.05,NASA_POWER
2012-05-06,sorriso_mt,"Sorriso, MT",-12.5425,-55.7211,0.0,22.72,27.18,18.78,85.58,0.03,NASA_POWER
2012-05-07,sorriso_mt,"Sorriso, MT",-12.5425,-55.7211,0.0,22.63,27.21,18.97,87.29,0.04,NASA_POWER
2012-05-08,sorriso_mt,"Sorriso, MT",-12.5425,-55.7211,0.0,22.96,27.27,19.98,84.04,0.03,NASA_POWER
2012-05-09,sorriso_mt,"Sorriso, MT",-12.5425,-55.7211,0.0,23.17,27.15,18.79,83.54,0.18,NASA_POWER
2012-05-10,sorriso_mt,"Sorriso, MT",-12.5425,-55.7211,0.0,24.01,28.16,18.96,86.73,0.28,NASA_POWER
2012-05-11,sorriso_mt,"Sorriso, MT",-12.5425,-55.7211,0.0,24.38,28.31,21.09,90.01,0.29,NASA_POWER
2012-05-12,sorriso_mt,"Sorriso, MT",-12.5425,-55.7211,0.02,23.96,27.16,21.3,89.99,0.3,NASA_POWER
2012-05-13,sorriso_mt,"Sorriso, MT",-12.5425,-55.7211,8.01,23.61,27.86,20.16,90.98,0.24,NASA_POWER
2012-05-14,sorriso_mt,"Sorriso, MT",-12.5425,-55.7211,9.04,23.49,26.6,21.45,92.42,0.18,NASA_POWER
2012-05-15,sorriso_mt,"Sorriso, MT",-12.5425,-55.7211,0.71,22.69,25.38,20.98,90.94,0.09,NASA_POWER
2012-05-16,sorriso_mt,"Sorriso, MT",-12.5425,-55.7211,0.0,23.49,27.52,19.63,86.92,0.15,NASA_POWER
2012-05-17,sorriso_mt,"Sorriso, MT",-12.5425,-55.7211,0.0,23.46,27.36,20.1,87.61,0.13,NASA_POWER
2012-05-18,sorriso_mt,"Sorriso, MT",-12.5425,-55.7211,0.04,22.88,26.75,20.23,88.88,0.08,NASA_POWER
2012-05-19,sorriso_mt,"Sorriso, MT",-12.5425,-55.7211,0.08,23.44,27.59,19.68,86.0,0.17,NASA_POWER
2012-05-20,sorriso_mt,"Sorriso, MT",-12.5425,-55.7211,0.12,23.94,27.12,20.46,85.99,0.16,NASA_POWER
2012-05-21,sorriso_mt,"Sorriso, MT",-12.5425,-55.7211,19.45,23.31,25.66,21.67,92.95,0.15,NASA_POWER
2012-05-22,sorriso_mt,"Sorriso, MT",-12.5425,-55.7211,6.76,22.42,25.36,20.58,95.04,0.03,NASA_POWER
2012-05-23,sorriso_mt,"Sorriso, MT",-12.5425,-55.7211,0.11,23.36,27.07,19.48,86.91,0.09,NASA_POWER
2012-05-24,sorriso_mt,"Sorriso, MT",-12.5425,-55.7211,2.59,23.15,26.62,19.16,91.01,0.23,NASA_POWER
2012-05-25,sorriso_mt,"Sorriso, MT",-12.5425,-55.7211,0.6,23.42,26.64,20.04,90.42,0.11,NASA_POWER
2012-05-26,sorriso_mt,"Sorriso, MT",-12.5425,-55.7211,0.05,23.94,27.84,19.21,86.46,0.27,NASA_POWER
2012-05-27,sorriso_mt,"Sorriso, MT",-12.5425,-55.7211,0.0,23.56,27.31,20.73,90.48,0.27,NASA_POWER
2012-05-28,sorriso_mt,"Sorriso, MT",-12.5425,-55.7211,0.06,24.05,27.64,20.46,88.65,0.25,NASA_POWER
2012-05-29,sorriso_mt,"Sorriso, MT",-12.5425,-55.7211,0.0,23.27,26.79,20.35,91.39,0.07,NASA_POWER
2012-05-30,sorriso_mt,"Sorriso, MT",-12.5425,-55.7211,0.0,23.51,28.1,19.89,89.13,0.14,NASA_POWER
2012-05-31,sorriso_mt,"Sorriso, MT",-12.5425,-55.7211,0.0,23.72,28.06,19.96,89.23,0.04,NASA_POWER
2012-06-01,sorriso_mt,"Sorriso, MT",-12.5425,-55.7211,0.0,24.17,28.38,19.84,88.42,0.03,NASA_POWER
2012-06-02,sorriso_mt,"Sorriso, MT",-12.5425,-55.7211,0.0,24.25,28.37,20.35,86.62,0.17,NASA_POWER
2012-06-03,sorriso_mt,"Sorriso, MT",-12.5425,-55.7211,2.95,24.13,28.49,19.72,87.77,0.3,NASA_POWER
2012-06-04,sorriso_mt,"Sorriso, MT",-12.5425,-55.7211,0.94,22.99,25.65,20.55,94.93,0.21,NASA_POWER
2012-06-05,sorriso_mt,"Sorriso, MT",-12.5425,-55.7211,10.41,22.8,25.14,19.98,95.25,0.28,NASA_POWER
2012-06-06,sorriso_mt,"Sorriso, MT",-12.5425,-55.7211,0.85,23.33,27.09,20.48,92.3,0.03,NASA_POWER
2012-06-07,sorriso_mt,"Sorriso, MT",-12.5425,-55.7211,0.01,21.99,24.74,17.77,84.05,0.05,NASA_POWER
2012-06-08,sorriso_mt,"Sorriso, MT",-12.5425,-55.7211,0.0,20.18,25.02,15.81,83.14,0.03,NASA_POWER
2012-06-09,sorriso_mt,"Sorriso, MT",-12.5425,-55.7211,0.0,21.65,26.72,16.89,85.54,0.03,NASA_POWER
2012-06-10,sorriso_mt,"Sorriso, MT",-12.5425,-55.7211,0.0,22.93,27.87,18.55,89.24,0.06,NASA_POWER
2012-06-11,sorriso_mt,"Sorriso, MT",-12.5425,-55.7211,0.0,23.93,28.52,19.91,88.72,0.06,NASA_POWER
2012-06-12,sorriso_mt,"Sorriso, MT",-12.5425,-55.7211,0.0,23.91,28.46,19.67,87.43,0.14,NASA_POWER
2012-06-13,sorriso_mt,"Sorriso, MT",-12.5425,-55.7211,0.0,22.63,27.71,18.67,85.49,0.14,NASA_POWER
2012-06-14,sorriso_mt,"Sorriso, MT",-12.5425,-55.7211,0.0,23.06,28.59,18.3,86.32,0.06,NASA_POWER
2012-06-15,sorriso_mt,"Sorriso, MT",-12.5425,-55.7211,0.01,23.67,28.65,18.79,81.85,0.14,NASA_POWER
2012-06-16,sorriso_mt,"Sorriso, MT",-12.5425,-55.7211,0.02,23.77,28.89,18.86,79.76,0.21,NASA_POWER
2012-06-17,sorriso_mt,"Sorriso, MT",-12.5425,-55.7211,0.0,23.45,28.87,18.39,83.21,0.28,NASA_POWER
2012-06-18,sorriso_mt,"Sorriso, MT",-12.5425,-55.7211,0.0,23.98,29.08,20.17,83.7,0.18,NASA_POWER
2012-06-19,sorriso_mt,"Sorriso, MT",-12.5425,-55.7211,0.13,24.57,29.64,20.43,83.0,0.14,NASA_POWER
2012-06-20,sorriso_mt,"Sorriso, MT",-12.5425,-55.7211,0.16,24.75,29.79,20.7,84.18,0.1,NASA_POWER
2012-06-21,sorriso_mt,"Sorriso, MT",-12.5425,-55.7211,0.25,25.29,29.92,21.47,82.63,0.24,NASA_POWER
2012-06-22,sorriso_mt,"Sorriso, MT",-12.5425,-55.7211,5.58,23.82,27.39,21.52,88.72,0.05,NASA_POWER
2012-06-23,sorriso_mt,"Sorriso, MT",-12.5425,-55.7211,0.05,23.92,29.03,20.11,79.34,0.03,NASA_POWER
2012-06-24,sorriso_mt,"Sorriso, MT",-12.5425,-55.7211,0.0,24.49,30.03,19.99,76.13,0.03,NASA_POWER
2012-06-25,sorriso_mt,"Sorriso, MT",-12.5425,-55.7211,0.07,24.55,29.9,19.75,76.56,0.03,NASA_POWER
2012-06-26,sorriso_mt,"Sorriso, MT",-12.5425,-55.7211,0.03,24.87,30.56,20.05,70.62,0.03,NASA_POWER
2012-06-27,sorriso_mt,"Sorriso, MT",-12.5425,-55.7211,0.0,23.97,30.29,18.98,76.92,0.14,NASA_POWER
2012-06-28,sorriso_mt,"Sorriso, MT",-12.5425,-55.7211,0.0,23.47,29.88,17.91,74.77,0.25,NASA_POWER
2012-06-29,sorriso_mt,"Sorriso, MT",-12.5425,-55.7211,0.0,23.12,30.12,16.88,73.65,0.28,NASA_POWER
2012-06-30,sorriso_mt,"Sorriso, MT",-12.5425,-55.7211,0.0,23.52,31.06,17.23,72.46,0.12,NASA_POWER
2012-07-01,sorriso_mt,"Sorriso, MT",-12.5425,-55.7211,0.0,24.25,31.65,18.02,69.09,0.03,NASA_POWER
2012-07-02,sorriso_mt,"Sorriso, MT",-12.5425,-55.7211,0.0,24.23,31.47,18.05,70.11,0.1,NASA_POWER
2012-07-03,sorriso_mt,"Sorriso, MT",-12.5425,-55.7211,0.0,23.31,30.84,17.38,64.46,0.3,NASA_POWER
2012-07-04,sorriso_mt,"Sorriso, MT",-12.5425,-55.7211,0.0,22.12,30.3,15.02,69.83,0.22,NASA_POWER
2012-07-05,sorriso_mt,"Sorriso, MT",-12.5425,-55.7211,0.0,23.88,31.62,17.07,71.1,0.05,NASA_POWER
2012-07-06,sorriso_mt,"Sorriso, MT",-12.5425,-55.7211,0.0,24.63,32.06,18.36,69.98,0.1,NASA_POWER
2012-07-07,sorriso_mt,"Sorriso, MT",-12.5425,-55.7211,0.0,24.14,31.91,18.34,65.94,0.06,NASA_POWER
2012-07-08,sorriso_mt,"Sorriso, MT",-12.5425,-55.7211,0.0,21.65,28.45,16.85,68.27,0.03,NASA_POWER
2012-07-09,sorriso_mt,"Sorriso, MT",-12.5425,-55.7211,0.0,23.16,31.92,16.28,69.69,0.05,NASA_POWER
2012-07-10,sorriso_mt,"Sorriso, MT",-12.5425,-55.7211,0.0,23.89,32.61,17.38,68.15,0.06,NASA_POWER
2012-07-11,sorriso_mt,"Sorriso, MT",-12.5425,-55.7211,0.0,23.98,32.02,17.93,68.02,0.03,NASA_POWER
2012-07-12,sorriso_mt,"Sorriso, MT",-12.5425,-55.7211,0.0,24.67,32.38,18.46,68.74,0.12,NASA_POWER
2012-07-13,sorriso_mt,"Sorriso, MT",-12.5425,-55.7211,0.0,25.14,32.6,18.9,66.39,0.03,NASA_POWER
2012-07-14,sorriso_mt,"Sorriso, MT",-12.5425,-55.7211,0.0,25.21,32.87,19.35,61.9,0.03,NASA_POWER
2012-07-15,sorriso_mt,"Sorriso, MT",-12.5425,-55.7211,0.0,24.68,32.63,18.79,57.6,0.03,NASA_POWER
2012-07-16,sorriso_mt,"Sorriso, MT",-12.5425,-55.7211,0.0,23.97,31.8,17.23,59.51,0.04,NASA_POWER
2012-07-17,sorriso_mt,"Sorriso, MT",-12.5425,-55.7211,0.0,21.98,27.91,17.28,55.31,0.04,NASA_POWER
2012-07-18,sorriso_mt,"Sorriso, MT",-12.5425,-55.7211,0.0,21.59,28.44,16.71,53.52,0.04,NASA_POWER
2012-07-19,sorriso_mt,"Sorriso, MT",-12.5425,-55.7211,0.0,21.99,29.85,16.17,46.67,0.03,NASA_POWER
2012-07-20,sorriso_mt,"Sorriso, MT",-12.5425,-55.7211,0.0,22.81,32.3,14.99,58.97,0.1,NASA_POWER
2012-07-21,sorriso_mt,"Sorriso, MT",-12.5425,-55.7211,0.0,24.33,33.18,17.5,61.64,0.06,NASA_POWER
2012-07-22,sorriso_mt,"Sorriso, MT",-12.5425,-55.7211,0.0,26.32,34.56,19.77,65.4,0.09,NASA_POWER
2012-07-23,sorriso_mt,"Sorriso, MT",-12.5425,-55.7211,0.0,26.76,34.04,20.61,62.38,0.17,NASA_POWER
2012-07-24,sorriso_mt,"Sorriso, MT",-12.5425,-55.7211,0.0,27.17,34.47,22.37,56.7,0.15,NASA_POWER
2012-07-25,sorriso_mt,"Sorriso, MT",-12.5425,-55.7211,0.0,27.15,34.97,20.39,57.15,0.14,NASA_POWER
2012-07-26,sorriso_mt,"Sorriso, MT",-12.5425,-55.7211,0.0,26.44,34.62,20.66,52.61,0.23,NASA_POWER
2012-07-27,sorriso_mt,"Sorriso, MT",-12.5425,-55.7211,0.0,25.72,34.91,17.82,53.36,0.29,NASA_POWER
2012-07-28,sorriso_mt,"Sorriso, MT",-12.5425,-55.7211,0.0,24.45,34.5,16.2,51.91,0.09,NASA_POWER
2012-07-29,sorriso_mt,"Sorriso, MT",-12.5425,-55.7211,0.0,25.43,34.79,17.11,54.25,0.39,NASA_POWER
2012-07-30,sorriso_mt,"Sorriso, MT",-12.5425,-55.7211,0.0,24.41,34.71,17.04,48.11,0.06,NASA_POWER
2012-07-31,sorriso_mt,"Sorriso, MT",-12.5425,-55.7211,0.0,25.54,34.42,15.6,36.48,0.2,NASA_POWER
2012-08-01,sorriso_mt,"Sorriso, MT",-12.5425,-55.7211,0.0,24.93,34.39,15.94,45.2,0.32,NASA_POWER
2012-08-02,sorriso_mt,"Sorriso, MT",-12.5425,-55.7211,0.0,25.11,34.2,16.6,51.83,0.34,NASA_POWER
2012-08-03,sorriso_mt,"Sorriso, MT",-12.5425,-55.7211,0.0,24.47,33.84,16.34,52.26,0.23,NASA_POWER
2012-08-04,sorriso_mt,"Sorriso, MT",-12.5425,-55.7211,0.0,24.37,34.29,16.19,55.96,0.25,NASA_POWER
2012-08-05,sorriso_mt,"Sorriso, MT",-12.5425,-55.7211,0.0,24.56,34.5,16.98,48.0,0.05,NASA_POWER
2012-08-06,sorriso_mt,"Sorriso, MT",-12.5425,-55.7211,0.0,25.29,34.79,16.23,51.22,0.24,NASA_POWER
2012-08-07,sorriso_mt,"Sorriso, MT",-12.5425,-55.7211,0.0,25.78,35.78,18.03,49.91,0.27,NASA_POWER
2012-08-08,sorriso_mt,"Sorriso, MT",-12.5425,-55.7211,0.0,26.69,36.29,17.69,47.28,0.39,NASA_POWER
2012-08-09,sorriso_mt,"Sorriso, MT",-12.5425,-55.7211,0.0,26.4,36.02,17.94,46.37,0.18,NASA_POWER
2012-08-10,sorriso_mt,"Sorriso, MT",-12.5425,-55.7211,0.0,27.57,35.84,20.64,40.93,0.27,NASA_POWER
2012-08-11,sorriso_mt,"Sorriso, MT",-12.5425,-55.7211,0.0,25.2,34.95,16.3,44.59,0.28,NASA_POWER
2012-08-12,sorriso_mt,"Sorriso, MT",-12.5425,-55.7211,0.0,26.46,35.06,16.98,46.76,0.3,NASA_POWER
2012-08-13,sorriso_mt,"Sorriso, MT",-12.5425,-55.7211,0.0,25.85,34.92,18.88,41.65,0.12,NASA_POWER
2012-08-14,sorriso_mt,"Sorriso, MT",-12.5425,-55.7211,0.0,25.97,34.82,17.48,39.8,0.07,NASA_POWER
2012-08-15,sorriso_mt,"Sorriso, MT",-12.5425,-55.7211,0.0,27.69,36.24,19.92,45.22,0.24,NASA_POWER
2012-08-16,sorriso_mt,"Sorriso, MT",-12.5425,-55.7211,0.0,27.96,36.66,19.7,41.72,0.24,NASA_POWER
2012-08-17,sorriso_mt,"Sorriso, MT",-12.5425,-55.7211,0.0,27.43,36.48,19.29,36.24,0.23,NASA_POWER
2012-08-18,sorriso_mt,"Sorriso, MT",-12.5425,-55.7211,0.0,27.99,36.33,20.35,32.8,0.19,NASA_POWER
2012-08-19,sorriso_mt,"Sorriso, MT",-12.5425,-55.7211,0.0,28.83,36.07,23.21,34.62,0.09,NASA_POWER
2012-08-20,sorriso_mt,"Sorriso, MT",-12.5425,-55.7211,0.0,28.89,35.63,22.91,33.46,0.1,NASA_POWER
2012-08-21,sorriso_mt,"Sorriso, MT",-12.5425,-55.7211,0.0,28.34,35.38,22.85,31.65,0.09,NASA_POWER
2012-08-22,sorriso_mt,"Sorriso, MT",-12.5425,-55.7211,0.0,28.25,35.4,20.74,33.95,0.25,NASA_POWER
2012-08-23,sorriso_mt,"Sorriso, MT",-12.5425,-55.7211,0.0,28.49,35.86,22.23,33.65,0.1,NASA_POWER
2012-08-24,sorriso_mt,"Sorriso, MT",-12.5425,-55.7211,0.0,29.1,36.53,23.06,33.46,0.08,NASA_POWER
2012-08-25,sorriso_mt,"Sorriso, MT",-12.5425,-55.7211,0.0,28.69,35.29,23.08,31.39,0.04,NASA_POWER
2012-08-26,sorriso_mt,"Sorriso, MT",-12.5425,-55.7211,0.0,27.2,34.58,19.69,37.2,0.04,NASA_POWER
2012-08-27,sorriso_mt,"Sorriso, MT",-12.5425,-55.7211,0.0,26.92,33.71,21.82,38.14,0.05,NASA_POWER
2012-08-28,sorriso_mt,"Sorriso, MT",-12.5425,-55.7211,0.0,26.16,33.89,19.53,40.45,0.04,NASA_POWER
2012-08-29,sorriso_mt,"Sorriso, MT",-12.5425,-55.7211,0.0,27.31,35.65,20.09,37.28,0.03,NASA_POWER
2012-08-30,sorriso_mt,"Sorriso, MT",-12.5425,-55.7211,0.0,28.52,37.2,21.12,35.62,0.07,NASA_POWER
2012-08-31,sorriso_mt,"Sorriso, MT",-12.5425,-55.7211,0.0,29.42,38.66,20.79,31.71,0.04,NASA_POWER
2012-09-01,sorriso_mt,"Sorriso, MT",-12.5425,-55.7211,0.0,30.53,38.2,22.0,29.86,0.17,NASA_POWER
2012-09-02,sorriso_mt,"Sorriso, MT",-12.5425,-55.7211,0.03,31.37,38.25,25.94,38.63,0.2,NASA_POWER
2012-09-03,sorriso_mt,"Sorriso, MT",-12.5425,-55.7211,0.03,30.43,39.19,22.79,33.92,0.25,NASA_POWER
2012-09-04,sorriso_mt,"Sorriso, MT",-12.5425,-55.7211,0.0,29.27,38.81,21.35,27.11,0.23,NASA_POWER
2012-09-05,sorriso_mt,"Sorriso, MT",-12.5425,-55.7211,0.0,28.9,38.48,21.54,23.14,0.11,NASA_POWER
2012-09-06,sorriso_mt,"Sorriso, MT",-12.5425,-55.7211,0.0,28.7,37.88,20.86,25.8,0.14,NASA_POWER
2012-09-07,sorriso_mt,"Sorriso, MT",-12.5425,-55.7211,0.0,27.86,37.13,19.27,32.11,0.14,NASA_POWER
2012-09-08,sorriso_mt,"Sorriso, MT",-12.5425,-55.7211,0.0,28.1,37.08,19.88,35.46,0.23,NASA_POWER
2012-09-09,sorriso_mt,"Sorriso, MT",-12.5425,-55.7211,0.0,29.81,37.49,20.58,27.01,0.19,NASA_POWER
2012-09-10,sorriso_mt,"Sorriso, MT",-12.5425,-55.7211,0.0,30.19,38.65,20.99,26.56,0.41,NASA_POWER
2012-09-11,sorriso_mt,"Sorriso, MT",-12.5425,-55.7211,0.0,29.8,39.51,19.37,28.58,0.35,NASA_POWER
2012-09-12,sorriso_mt,"Sorriso, MT",-12.5425,-55.7211,0.0,30.99,38.27,24.77,30.12,0.39,NASA_POWER
2012-09-13,sorriso_mt,"Sorriso, MT",-12.5425,-55.7211,0.0,32.03,39.13,24.12,33.11,0.25,NASA_POWER
2012-09-14,sorriso_mt,"Sorriso, MT",-12.5425,-55.7211,0.0,33.2,40.18,26.85,33.02,0.34,NASA_POWER
2012-09-15,sorriso_mt,"Sorriso, MT",-12.5425,-55.7211,0.05,33.1,40.05,26.61,31.91,0.25,NASA_POWER
2012-09-16,sorriso_mt,"Sorriso, MT",-12.5425,-55.7211,0.02,32.14,40.22,24.68,32.08,0.05,NASA_POWER
2012-09-17,sorriso_mt,"Sorriso, MT",-12.5425,-55.7211,0.07,31.59,39.12,24.45,33.0,0.04,NASA_POWER
2012-09-18,sorriso_mt,"Sorriso, MT",-12.5425,-55.7211,0.37,31.46,38.32,25.18,37.01,0.13,NASA_POWER
2012-09-19,sorriso_mt,"Sorriso, MT",-12.5425,-55.7211,3.05,30.22,36.51,24.71,48.64,0.09,NASA_POWER
2012-09-20,sorriso_mt,"Sorriso, MT",-12.5425,-55.7211,0.15,30.06,36.35,23.69,51.73,0.14,NASA_POWER
2012-09-21,sorriso_mt,"Sorriso, MT",-12.5425,-55.7211,2.76,29.63,37.31,24.6,55.48,0.11,NASA_POWER
2012-09-22,sorriso_mt,"Sorriso, MT",-12.5425,-55.7211,9.92,26.76,32.31,22.72,73.41,0.03,NASA_POWER
2012-09-23,sorriso_mt,"Sorriso, MT",-12.5425,-55.7211,0.06,28.48,35.86,21.83,64.2,0.03,NASA_POWER
2012-09-24,sorriso_mt,"Sorriso, MT",-12.5425,-55.7211,31.18,25.82,30.77,23.33,79.93,0.07,NASA_POWER
2012-09-25,sorriso_mt,"Sorriso, MT",-12.5425,-55.7211,21.41,24.8,30.4,21.39,85.5,0.03,NASA_POWER
2012-09-26,sorriso_mt,"Sorriso, MT",-12.5425,-55.7211,3.61,23.98,28.2,21.62,85.93,0.04,NASA_POWER
2012-09-27,sorriso_mt,"Sorriso, MT",-12.5425,-55.7211,0.0,24.54,32.0,18.27,61.75,0.04,NASA_POWER
2012-09-28,sorriso_mt,"Sorriso, MT",-12.5425,-55.7211,0.0,26.99,35.8,18.98,55.85,0.05,NASA_POWER
2012-09-29,sorriso_mt,"Sorriso, MT",-12.5425,-55.7211,1.87,26.82,33.41,21.28,67.09,0.03,NASA_POWER
2012-09-30,sorriso_mt,"Sorriso, MT",-12.5425,-55.7211,6.41,25.98,33.68,21.36,75.01,0.03,NASA_POWER
2012-10-01,sorriso_mt,"Sorriso, MT",-12.5425,-55.7211,1.3,27.34,33.82,21.65,69.8,0.09,NASA_POWER
2012-10-02,sorriso_mt,"Sorriso, MT",-12.5425,-55.7211,0.5,28.1,34.08,22.59,66.06,0.07,NASA_POWER
2012-10-03,sorriso_mt,"Sorriso, MT",-12.5425,-55.7211,11.66,28.27,35.03,22.36,68.32,0.03,NASA_POWER
2012-10-04,sorriso_mt,"Sorriso, MT",-12.5425,-55.7211,4.72,26.62,33.54,22.4,75.28,0.02,NASA_POWER
2012-10-05,sorriso_mt,"Sorriso, MT",-12.5425,-55.7211,0.0,27.7,33.99,23.06,67.85,0.06,NASA_POWER
2012-10-06,sorriso_mt,"Sorriso, MT",-12.5425,-55.7211,0.01,28.96,36.32,22.01,59.51,0.04,NASA_POWER
2012-10-07,sorriso_mt,"Sorriso, MT",-12.5425,-55.7211,0.12,29.9,37.26,24.08,57.66,0.07,NASA_POWER
2012-10-08,sorriso_mt,"Sorriso, MT",-12.5425,-55.7211,0.09,29.05,35.16,24.07,61.75,0.03,NASA_POWER
2012-10-09,sorriso_mt,"Sorriso, MT",-12.5425,-55.7211,1.14,27.91,32.46,23.42,65.68,0.06,NASA_POWER
2012-10-10,sorriso_mt,"Sorriso, MT",-12.5425,-55.7211,14.75,27.45,33.78,22.14,71.25,0.1,NASA_POWER
2012-10-11,sorriso_mt,"Sorriso, MT",-12.5425,-55.7211,9.02,26.3,30.97,22.29,78.22,0.05,NASA_POWER
2012-10-12,sorriso_mt,"Sorriso, MT",-12.5425,-55.7211,0.82,26.46,32.72,22.0,74.86,0.07,NASA_POWER
2012-10-13,sorriso_mt,"Sorriso, MT",-12.5425,-55.7211,6.88,28.23,34.39,22.23,68.34,0.03,NASA_POWER
2012-10-14,sorriso_mt,"Sorriso, MT",-12.5425,-55.7211,17.75,25.47,31.13,22.27,83.77,0.07,NASA_POWER
2012-10-15,sorriso_mt,"Sorriso, MT",-12.5425,-55.7211,3.46,25.49,30.62,22.51,85.43,0.05,NASA_POWER
2012-10-16,sorriso_mt,"Sorriso, MT",-12.5425,-55.7211,12.72,25.91,30.56,22.28,84.0,0.09,NASA_POWER
2012-10-17,sorriso_mt,"Sorriso, MT",-12.5425,-55.7211,0.38,27.26,32.66,21.4,74.17,0.15,NASA_POWER
2012-10-18,sorriso_mt,"Sorriso, MT",-12.5425,-55.7211,0.84,27.35,32.83,22.88,71.66,0.06,NASA_POWER
2012-10-19,sorriso_mt,"Sorriso, MT",-12.5425,-55.7211,0.0,26.19,30.74,23.19,73.21,0.15,NASA_POWER
2012-10-20,sorriso_mt,"Sorriso, MT",-12.5425,-55.7211,4.37,27.4,33.63,23.04,69.84,0.12,NASA_POWER
2012-10-21,sorriso_mt,"Sorriso, MT",-12.5425,-55.7211,0.72,27.38,33.91,22.07,72.79,0.03,NASA_POWER
2012-10-22,sorriso_mt,"Sorriso, MT",-12.5425,-55.7211,0.03,26.32,31.2,22.08,71.96,0.09,NASA_POWER
2012-10-23,sorriso_mt,"Sorriso, MT",-12.5425,-55.7211,11.09,24.69,29.86,20.99,80.92,0.11,NASA_POWER
2012-10-24,sorriso_mt,"Sorriso, MT",-12.5425,-55.7211,0.03,27.7,34.18,21.28,70.69,0.07,NASA_POWER
2012-10-25,sorriso_mt,"Sorriso, MT",-12.5425,-55.7211,2.38,28.07,34.69,22.77,71.64,0.12,NASA_POWER
2012-10-26,sorriso_mt,"Sorriso, MT",-12.5425,-55.7211,2.21,26.3,30.57,23.53,82.46,0.04,NASA_POWER
2012-10-27,sorriso_mt,"Sorriso, MT",-12.5425,-55.7211,0.22,28.8,35.39,22.21,64.8,0.03,NASA_POWER
2012-10-28,sorriso_mt,"Sorriso, MT",-12.5425,-55.7211,0.14,28.95,35.38,23.16,63.74,0.03,NASA_POWER
2012-10-29,sorriso_mt,"Sorriso, MT",-12.5425,-55.7211,0.0,30.14,37.7,22.74,58.35,0.03,NASA_POWER
2012-10-30,sorriso_mt,"Sorriso, MT",-12.5425,-55.7211,2.32,29.67,36.36,24.04,64.04,0.04,NASA_POWER
2012-10-31,sorriso_mt,"Sorriso, MT",-12.5425,-55.7211,0.31,28.1,35.1,23.98,65.85,0.03,NASA_POWER
2012-11-01,sorriso_mt,"Sorriso, MT",-12.5425,-55.7211,2.54,27.25,34.05,21.82,71.3,0.06,NASA_POWER
2012-11-02,sorriso_mt,"Sorriso, MT",-12.5425,-55.7211,12.63,26.96,34.04,21.72,77.11,0.05,NASA_POWER
2012-11-03,sorriso_mt,"Sorriso, MT",-12.5425,-55.7211,11.06,25.52,29.35,22.63,81.17,0.15,NASA_POWER
2012-11-04,sorriso_mt,"Sorriso, MT",-12.5425,-55.7211,6.05,26.37,31.51,22.03,78.51,0.18,NASA_POWER
2012-11-05,sorriso_mt,"Sorriso, MT",-12.5425,-55.7211,0.47,26.31,31.0,22.31,77.34,0.06,NASA_POWER
2012-11-06,sorriso_mt,"Sorriso, MT",-12.5425,-55.7211,5.3,25.56,29.58,22.65,79.66,0.18,NASA_POWER
2012-11-07,sorriso_mt,"Sorriso, MT",-12.5425,-55.7211,5.28,25.79,31.03,21.13,80.22,0.14,NASA_POWER
2012-11-08,sorriso_mt,"Sorriso, MT",-12.5425,-55.7211,10.0,25.51,30.28,21.71,83.84,0.05,NASA_POWER
2012-11-09,sorriso_mt,"Sorriso, MT",-12.5425,-55.7211,2.48,26.63,31.63,22.64,78.2,0.03,NASA_POWER
2012-11-10,sorriso_mt,"Sorriso, MT",-12.5425,-55.7211,21.78,26.15,30.27,23.19,81.69,0.04,NASA_POWER
2012-11-11,sorriso_mt,"Sorriso, MT",-12.5425,-55.7211,6.58,24.82,28.6,22.27,86.83,0.02,NASA_POWER
2012-11-12,sorriso_mt,"Sorriso, MT",-12.5425,-55.7211,28.01,23.76,26.23,22.16,95.99,0.15,NASA_POWER
2012-11-13,sorriso_mt,"Sorriso, MT",-12.5425,-55.7211,5.47,24.78,28.32,21.95,89.14,0.09,NASA_POWER
2012-11-14,sorriso_mt,"Sorriso, MT",-12.5425,-55.7211,11.8,25.32,29.1,21.77,89.06,0.11,NASA_POWER
2012-11-15,sorriso_mt,"Sorriso, MT",-12.5425,-55.7211,15.89,24.68,26.83,22.86,95.72,0.03,NASA_POWER
2012-11-16,sorriso_mt,"Sorriso, MT",-12.5425,-55.7211,1.55,24.38,26.52,22.78,94.34,0.04,NASA_POWER
2012-11-17,sorriso_mt,"Sorriso, MT",-12.5425,-55.7211,0.32,25.73,29.73,21.58,83.42,0.06,NASA_POWER
2012-11-18,sorriso_mt,"Sorriso, MT",-12.5425,-55.7211,3.75,25.67,29.84,22.1,84.91,0.09,NASA_POWER
2012-11-19,sorriso_mt,"Sorriso, MT",-12.5425,-55.7211,2.59,26.22,30.05,22.87,79.96,0.13,NASA_POWER
2012-11-20,sorriso_mt,"Sorriso, MT",-12.5425,-55.7211,1.84,25.46,30.31,20.92,80.59,0.08,NASA_POWER
2012-11-21,sorriso_mt,"Sorriso, MT",-12.5425,-55.7211,5.18,25.92,30.02,21.98,81.27,0.06,NASA_POWER
2012-11-22,sorriso_mt,"Sorriso, MT",-12.5425,-55.7211,3.82,25.98,31.02,22.11,81.26,0.1,NASA_POWER
2012-11-23,sorriso_mt,"Sorriso, MT",-12.5425,-55.7211,17.41,23.85,25.67,22.23,97.07,0.06,NASA_POWER
2012-11-24,sorriso_mt,"Sorriso, MT",-12.5425,-55.7211,1.71,25.08,28.85,22.36,87.85,0.07,NASA_POWER
2012-11-25,sorriso_mt,"Sorriso, MT",-12.5425,-55.7211,0.94,26.09,30.59,21.43,82.9,0.1,NASA_POWER
2012-11-26,sorriso_mt,"Sorriso, MT",-12.5425,-55.7211,2.12,23.51,25.61,21.82,92.58,0.03,NASA_POWER
2012-11-27,sorriso_mt,"Sorriso, MT",-12.5425,-55.7211,1.44,25.4,30.32,21.18,85.93,0.08,NASA_POWER
2012-11-28,sorriso_mt,"Sorriso, MT",-12.5425,-55.7211,0.67,24.77,27.01,22.98,87.55,0.03,NASA_POWER
2012-11-29,sorriso_mt,"Sorriso, MT",-12.5425,-55.7211,0.09,25.66,28.8,22.26,84.04,0.08,NASA_POWER
2012-11-30,sorriso_mt,"Sorriso, MT",-12.5425,-55.7211,2.01,25.19,28.34,22.77,87.57,0.08,NASA_POWER
2012-12-01,sorriso_mt,"Sorriso, MT",-12.5425,-55.7211,0.81,25.41,29.63,22.02,84.03,0.06,NASA_POWER
2012-12-02,sorriso_mt,"Sorriso, MT",-12.5425,-55.7211,8.21,24.07,26.83,22.26,91.13,0.07,NASA_POWER
2012-12-03,sorriso_mt,"Sorriso, MT",-12.5425,-55.7211,12.61,24.48,28.5,21.66,87.37,0.03,NASA_POWER
2012-12-04,sorriso_mt,"Sorriso, MT",-12.5425,-55.7211,8.03,24.5,28.51,21.71,87.94,0.04,NASA_POWER
2012-12-05,sorriso_mt,"Sorriso, MT",-12.5425,-55.7211,7.7,23.75,27.57,21.19,89.04,0.03,NASA_POWER
2012-12-06,sorriso_mt,"Sorriso, MT",-12.5425,-55.7211,6.83,24.26,28.03,20.79,86.76,0.03,NASA_POWER
2012-12-07,sorriso_mt,"Sorriso, MT",-12.5425,-55.7211,7.23,24.87,28.21,21.93,87.23,0.14,NASA_POWER
2012-12-08,sorriso_mt,"Sorriso, MT",-12.5425,-55.7211,2.03,25.01,28.01,21.79,89.46,0.23,NASA_POWER
2012-12-09,sorriso_mt,"Sorriso, MT",-12.5425,-55.7211,0.12,26.42,30.7,22.78,82.99,0.15,NASA_POWER
2012-12-10,sorriso_mt,"Sorriso, MT",-12.5425,-55.7211,0.16,26.42,30.57,22.57,82.11,0.07,NASA_POWER
2012-12-11,sorriso_mt,"Sorriso, MT",-12.5425,-55.7211,0.28,25.7,29.53,22.96,82.49,0.12,NASA_POWER
2012-12-12,sorriso_mt,"Sorriso, MT",-12.5425,-55.7211,12.09,25.34,29.17,21.9,86.35,0.05,NASA_POWER
2012-12-13,sorriso_mt,"Sorriso, MT",-12.5425,-55.7211,7.56,24.32,27.73,22.1,92.41,0.03,NASA_POWER
2012-12-14,sorriso_mt,"Sorriso, MT",-12.5425,-55.7211,1.48,24.43,28.87,21.23,88.17,0.03,NASA_POWER
2012-12-15,sorriso_mt,"Sorriso, MT",-12.5425,-55.7211,5.41,24.32,27.03,21.58,88.51,0.09,NASA_POWER
2012-12-16,sorriso_mt,"Sorriso, MT",-12.5425,-55.7211,3.95,24.64,28.62,21.46,88.8,0.04,NASA_POWER
2012-12-17,sorriso_mt,"Sorriso, MT",-12.5425,-55.7211,0.92,25.62,29.47,21.44,78.93,0.21,NASA_POWER
2012-12-18,sorriso_mt,"Sorriso, MT",-12.5425,-55.7211,0.01,26.95,32.06,21.31,73.91,0.12,NASA_POWER
2012-12-19,sorriso_mt,"Sorriso, MT",-12.5425,-55.7211,0.27,27.08,31.61,23.02,76.02,0.02,NASA_POWER
2012-12-20,sorriso_mt,"Sorriso, MT",-12.5425,-55.7211,0.24,27.96,33.6,23.03,71.1,0.08,NASA_POWER
2012-12-21,sorriso_mt,"Sorriso, MT",-12.5425,-55.7211,1.42,27.68,32.96,23.09,73.19,0.09,NASA_POWER
2012-12-22,sorriso_mt,"Sorriso, MT",-12.5425,-55.7211,6.16,27.07,32.83,22.65,77.18,0.03,NASA_POWER
2012-12-23,sorriso_mt,"Sorriso, MT",-12.5425,-55.7211,1.51,25.7,29.38,23.5,81.88,0.13,NASA_POWER
2012-12-24,sorriso_mt,"Sorriso, MT",-12.5425,-55.7211,0.1,26.7,32.27,21.24,71.38,0.11,NASA_POWER
2012-12-25,sorriso_mt,"Sorriso, MT",-12.5425,-55.7211,0.15,26.4,31.81,21.93,71.28,0.05,NASA_POWER
2012-12-26,sorriso_mt,"Sorriso, MT",-12.5425,-55.7211,0.02,26.35,32.26,20.56,67.99,0.08,NASA_POWER
2012-12-27,sorriso_mt,"Sorriso, MT",-12.5425,-55.7211,5.7,27.05,34.03,21.18,69.09,0.12,NASA_POWER
2012-12-28,sorriso_mt,"Sorriso, MT",-12.5425,-55.7211,15.36,23.72,27.18,21.86,85.02,0.05,NASA_POWER
2012-12-29,sorriso_mt,"Sorriso, MT",-12.5425,-55.7211,1.63,25.66,30.76,20.48,77.52,0.12,NASA_POWER
2012-12-30,sorriso_mt,"Sorriso, MT",-12.5425,-55.7211,0.92,26.6,31.55,22.81,76.46,0.1,NASA_POWER
2012-12-31,sorriso_mt,"Sorriso, MT",-12.5425,-55.7211,4.73,26.37,31.31,23.0,78.37,0.04,NASA_POWER
2013-01-01,sorriso_mt,"Sorriso, MT",-12.5425,-55.7211,1.31,26.46,31.82,21.87,75.2,0.07,NASA_POWER
2013-01-02,sorriso_mt,"Sorriso, MT",-12.5425,-55.7211,0.81,26.15,31.17,22.22,76.16,0.03,NASA_POWER
2013-01-03,sorriso_mt,"Sorriso, MT",-12.5425,-55.7211,0.26,28.4,33.93,22.97,68.23,0.02,NASA_POWER
2013-01-04,sorriso_mt,"Sorriso, MT",-12.5425,-55.7211,0.88,27.88,32.84,22.82,70.51,0.05,NASA_POWER
2013-01-05,sorriso_mt,"Sorriso, MT",-12.5425,-55.7211,1.03,26.27,31.35,23.15,77.9,0.04,NASA_POWER
2013-01-06,sorriso_mt,"Sorriso, MT",-12.5425,-55.7211,0.96,26.29,31.4,21.6,74.41,0.09,NASA_POWER
2013-01-07,sorriso_mt,"Sorriso, MT",-12.5425,-55.7211,3.05,27.55,33.84,22.49,73.06,0.06,NASA_POWER
2013-01-08,sorriso_mt,"Sorriso, MT",-12.5425,-55.7211,0.51,27.98,33.08,22.58,70.72,0.12,NASA_POWER
2013-01-09,sorriso_mt,"Sorriso, MT",-12.5425,-55.7211,0.72,28.09,34.16,22.87,69.29,0.03,NASA_POWER
2013-01-10,sorriso_mt,"Sorriso, MT",-12.5425,-55.7211,3.62,26.69,31.69,23.2,79.44,0.06,NASA_POWER
2013-01-11,sorriso_mt,"Sorriso, MT",-12.5425,-55.7211,12.39,24.79,29.27,22.36,86.99,0.03,NASA_POWER
2013-01-12,sorriso_mt,"Sorriso, MT",-12.5425,-55.7211,21.23,23.41,25.69,22.11,95.94,0.03,NASA_POWER
2013-01-13,sorriso_mt,"Sorriso, MT",-12.5425,-55.7211,8.81,23.59,26.4,21.51,92.39,0.04,NASA_POWER
2013-01-14,sorriso_mt,"Sorriso, MT",-12.5425,-55.7211,7.08,23.33,26.0,21.25,94.3,0.04,NASA_POWER
2013-01-15,sorriso_mt,"Sorriso, MT",-12.5425,-55.7211,4.47,23.78,27.28,21.26,87.48,0.03,NASA_POWER
2013-01-16,sorriso_mt,"Sorriso, MT",-12.5425,-55.7211,15.31,23.2,26.1,20.68,93.6,0.06,NASA_POWER
2013-01-17,sorriso_mt,"Sorriso, MT",-12.5425,-55.7211,0.52,25.47,29.47,21.93,84.86,0.15,NASA_POWER
2013-01-18,sorriso_mt,"Sorriso, MT",-12.5425,-55.7211,4.9,25.72,29.84,22.07,87.21,0.12,NASA_POWER
2013-01-19,sorriso_mt,"Sorriso, MT",-12.5425,-55.7211,0.59,26.29,30.6,22.94,84.27,0.02,NASA_POWER
2013-01-20,sorriso_mt,"Sorriso, MT",-12.5425,-55.7211,12.1,25.38,29.07,23.35,88.07,0.03,NASA_POWER
2013-01-21,sorriso_mt,"Sorriso, MT",-12.5425,-55.7211,4.95,24.53,28.26,21.76,90.14,0.09,NASA_POWER
2013-01-22,sorriso_mt,"Sorriso, MT",-12.5425,-55.7211,2.04,25.74,29.58,22.58,84.99,0.22,NASA_POWER
2013-01-23,sorriso_mt,"Sorriso, MT",-12.5425,-55.7211,3.47,26.06,30.46,22.24,85.65,0.17,NASA_POWER
2013-01-24,sorriso_mt,"Sorriso, MT",-12.5425,-55.7211,13.99,24.69,26.85,23.15,96.25,0.04,NASA_POWER
2013-01-25,sorriso_mt,"Sorriso, MT",-12.5425,-55.7211,13.66,24.47,26.72,22.65,95.76,0.03,NASA_POWER
2013-01-26,sorriso_mt,"Sorriso, MT",-12.5425,-55.7211,12.82,23.87,26.27,22.32,94.47,0.12,NASA_POWER
2013-01-27,sorriso_mt,"Sorriso, MT",-12.5425,-55.7211,5.61,23.5,26.16,21.33,94.11,0.13,NASA_POWER
2013-01-28,sorriso_mt,"Sorriso, MT",-12.5425,-55.7211,7.41,24.35,26.92,21.76,95.11,0.04,NASA_POWER
2013-01-29,sorriso_mt,"Sorriso, MT",-12.5425,-55.7211,13.16,24.39,27.28,22.13,94.52,0.1,NASA_POWER
2013-01-30,sorriso_mt,"Sorriso, MT",-12.5425,-55.7211,5.73,23.83,25.87,22.4,95.72,0.13,NASA_POWER
2013-01-31,sorriso_mt,"Sorriso, MT",-12.5425,-55.7211,8.55,24.56,27.52,21.58,92.69,0.13,NASA_POWER
2013-02-01,sorriso_mt,"Sorriso, MT",-12.5425,-55.7211,18.63,23.89,25.5,22.78,96.41,0.12,NASA_POWER
2013-02-02,sorriso_mt,"Sorriso, MT",-12.5425,-55.7211,7.57,24.61,27.99,22.04,92.49,0.03,NASA_POWER
2013-02-03,sorriso_mt,"Sorriso, MT",-12.5425,-55.7211,14.13,23.64,25.89,21.24,91.99,0.14,NASA_POWER
2013-02-04,sorriso_mt,"Sorriso, MT",-12.5425,-55.7211,11.81,24.6,28.98,20.1,89.33,0.17,NASA_POWER
2013-02-05,sorriso_mt,"Sorriso, MT",-12.5425,-55.7211,7.02,24.24,26.75,22.61,93.7,0.03,NASA_POWER
2013-02-06,sorriso_mt,"Sorriso, MT",-12.5425,-55.7211,5.3,23.8,26.45,21.81,92.34,0.1,NASA_POWER
2013-02-07,sorriso_mt,"Sorriso, MT",-12.5425,-55.7211,6.36,23.23,25.98,21.6,92.97,0.03,NASA_POWER
2013-02-08,sorriso_mt,"Sorriso, MT",-12.5425,-55.7211,5.63,22.69,25.53,20.92,93.12,0.03,NASA_POWER
2013-02-09,sorriso_mt,"Sorriso, MT",-12.5425,-55.7211,15.18,23.12,26.25,20.48,93.51,0.03,NASA_POWER
2013-02-10,sorriso_mt,"Sorriso, MT",-12.5425,-55.7211,4.79,23.15,25.77,20.79,91.48,0.11,NASA_POWER
2013-02-11,sorriso_mt,"Sorriso, MT",-12.5425,-55.7211,5.98,24.15,28.06,20.04,85.39,0.14,NASA_POWER
2013-02-12,sorriso_mt,"Sorriso, MT",-12.5425,-55.7211,12.7,24.42,28.46,21.22,89.44,0.04,NASA_POWER
2013-02-13,sorriso_mt,"Sorriso, MT",-12.5425,-55.7211,4.25,24.9,28.79,21.07,87.7,0.1,NASA_POWER
2013-02-14,sorriso_mt,"Sorriso, MT",-12.5425,-55.7211,9.53,24.82,28.81,22.44,90.69,0.08,NASA_POWER
2013-02-15,sorriso_mt,"Sorriso, MT",-12.5425,-55.7211,0.12,25.56,28.81,22.05,86.52,0.24,NASA_POWER
2013-02-16,sorriso_mt,"Sorriso, MT",-12.5425,-55.7211,10.46,25.14,28.87,21.95,87.51,0.19,NASA_POWER
2013-02-17,sorriso_mt,"Sorriso, MT",-12.5425,-55.7211,0.06,25.09,28.75,21.75,88.1,0.13,NASA_POWER
2013-02-18,sorriso_mt,"Sorriso, MT",-12.5425,-55.7211,2.08,24.94,28.46,22.5,89.35,0.11,NASA_POWER
2013-02-19,sorriso_mt,"Sorriso, MT",-12.5425,-55.7211,6.6,25.23,29.19,21.56,85.43,0.21,NASA_POWER
2013-02-20,sorriso_mt,"Sorriso, MT",-12.5425,-55.7211,5.58,24.88,28.06,22.62,84.92,0.27,NASA_POWER
2013-02-21,sorriso_mt,"Sorriso, MT",-12.5425,-55.7211,2.03,24.9,28.54,20.86,86.89,0.16,NASA_POWER
2013-02-22,sorriso_mt,"Sorriso, MT",-12.5425,-55.7211,6.62,25.53,29.37,21.87,86.57,0.18,NASA_POWER
2013-02-23,sorriso_mt,"Sorriso, MT",-12.5425,-55.7211,0.54,25.56,29.53,21.77,87.04,0.21,NASA_POWER
2013-02-24,sorriso_mt,"Sorriso, MT",-12.5425,-55.7211,135.02,23.85,26.73,22.08,92.77,0.06,NASA_POWER
2013-02-25,sorriso_mt,"Sorriso, MT",-12.5425,-55.7211,7.59,23.45,26.57,21.12,93.08,0.04,NASA_POWER
2013-02-26,sorriso_mt,"Sorriso, MT",-12.5425,-55.7211,6.43,24.56,29.42,19.55,87.4,0.12,NASA_POWER
2013-02-27,sorriso_mt,"Sorriso, MT",-12.5425,-55.7211,13.56,25.1,29.04,21.67,89.97,0.09,NASA_POWER
2013-02-28,sorriso_mt,"Sorriso, MT",-12.5425,-55.7211,5.78,25.47,29.4,21.92,88.72,0.13,NASA_POWER
2013-03-01,sorriso_mt,"Sorriso, MT",-12.5425,-55.7211,9.64,24.43,27.59,22.21,90.05,0.2,NASA_POWER
2013-03-02,sorriso_mt,"Sorriso, MT",-12.5425,-55.7211,4.01,24.66,28.52,21.24,89.0,0.17,NASA_POWER
2013-03-03,sorriso_mt,"Sorriso, MT",-12.5425,-55.7211,3.07,25.25,29.69,21.41,85.02,0.13,NASA_POWER
2013-03-04,sorriso_mt,"Sorriso, MT",-12.5425,-55.7211,0.85,25.31,29.36,21.63,84.53,0.14,NASA_POWER
2013-03-05,sorriso_mt,"Sorriso, MT",-12.5425,-55.7211,0.08,25.74,29.48,22.93,84.98,0.14,NASA_POWER
2013-03-06,sorriso_mt,"Sorriso, MT",-12.5425,-55.7211,3.82,26.26,30.06,22.54,84.56,0.26,NASA_POWER
2013-03-07,sorriso_mt,"Sorriso, MT",-12.5425,-55.7211,6.58,25.39,28.24,23.4,92.43,0.03,NASA_POWER
2013-03-08,sorriso_mt,"Sorriso, MT",-12.5425,-55.7211,0.43,25.05,29.16,21.93,88.05,0.02,NASA_POWER
2013-03-09,sorriso_mt,"Sorriso, MT",-12.5425,-55.7211,0.46,25.65,29.1,22.26,88.34,0.18,NASA_POWER
2013-03-10,sorriso_mt,"Sorriso, MT",-12.5425,-55.7211,1.18,26.12,29.58,23.32,88.76,0.15,NASA_POWER
2013-03-11,sorriso_mt,"Sorriso, MT",-12.5425,-55.7211,0.38,25.39,28.32,22.97,90.31,0.15,NASA_POWER
2013-03-12,sorriso_mt,"Sorriso, MT",-12.5425,-55.7211,3.57,25.67,28.6,23.32,88.94,0.13,NASA_POWER
2013-03-13,sorriso_mt,"Sorriso, MT",-12.5425,-55.7211,2.25,25.6,27.98,23.86,90.72,0.21,NASA_POWER
2013-03-14,sorriso_mt,"Sorriso, MT",-12.5425,-55.7211,4.94,25.13,28.66,22.83,91.71,0.15,NASA_POWER
2013-03-15,sorriso_mt,"Sorriso, MT",-12.5425,-55.7211,2.09,24.86,27.18,22.46,93.88,0.08,NASA_POWER
2013-03-16,sorriso_mt,"Sorriso, MT",-12.5425,-55.7211,3.93,24.63,26.82,23.24,95.4,0.04,NASA_POWER
2013-03-17,sorriso_mt,"Sorriso, MT",-12.5425,-55.7211,1.86,24.81,28.27,22.29,90.33,0.06,NASA_POWER
2013-03-18,sorriso_mt,"Sorriso, MT",-12.5425,-55.7211,9.07,23.71,25.27,22.14,97.25,0.04,NASA_POWER
2013-03-19,sorriso_mt,"Sorriso, MT",-12.5425,-55.7211,8.17,23.78,26.4,21.99,94.81,0.07,NASA_POWER
2013-03-20,sorriso_mt,"Sorriso, MT",-12.5425,-55.7211,3.51,24.18,27.77,21.68,91.71,0.04,NASA_POWER
2013-03-21,sorriso_mt,"Sorriso, MT",-12.5425,-55.7211,8.26,24.94,28.63,21.87,91.06,0.06,NASA_POWER
2013-03-22,sorriso_mt,"Sorriso, MT",-12.5425,-55.7211,13.41,24.07,26.6,22.5,94.46,0.08,NASA_POWER
2013-03-23,sorriso_mt,"Sorriso, MT",-12.5425,-55.7211,14.62,24.54,27.97,21.52,91.34,0.13,NASA_POWER
2013-03-24,sorriso_mt,"Sorriso, MT",-12.5425,-55.7211,9.65,23.7,26.3,22.18,94.61,0.04,NASA_POWER
2013-03-25,sorriso_mt,"Sorriso, MT",-12.5425,-55.7211,18.09,24.1,27.76,20.95,92.15,0.03,NASA_POWER
2013-03-26,sorriso_mt,"Sorriso, MT",-12.5425,-55.7211,7.14,23.31,25.56,21.88,95.58,0.04,NASA_POWER
2013-03-27,sorriso_mt,"Sorriso, MT",-12.5425,-55.7211,18.98,24.4,28.02,21.07,90.76,0.15,NASA_POWER
2013-03-28,sorriso_mt,"Sorriso, MT",-12.5425,-55.7211,9.35,23.71,26.38,21.48,93.39,0.15,NASA_POWER
2013-03-29,sorriso_mt,"Sorriso, MT",-12.5425,-55.7211,21.39,24.1,27.55,21.13,93.09,0.16,NASA_POWER
2013-03-30,sorriso_mt,"Sorriso, MT",-12.5425,-55.7211,4.34,24.0,27.06,21.86,92.01,0.12,NASA_POWER
2013-03-31,sorriso_mt,"Sorriso, MT",-12.5425,-55.7211,7.68,24.9,28.56,21.61,90.52,0.05,NASA_POWER
2013-04-01,sorriso_mt,"Sorriso, MT",-12.5425,-55.7211,2.41,25.18,28.57,22.63,90.73,0.14,NASA_POWER
2013-04-02,sorriso_mt,"Sorriso, MT",-12.5425,-55.7211,5.5,25.47,29.28,21.82,90.94,0.15,NASA_POWER
2013-04-03,sorriso_mt,"Sorriso, MT",-12.5425,-55.7211,8.21,25.1,27.67,22.66,91.58,0.12,NASA_POWER
2013-04-04,sorriso_mt,"Sorriso, MT",-12.5425,-55.7211,0.63,25.11,29.32,22.52,90.17,0.14,NASA_POWER
2013-04-05,sorriso_mt,"Sorriso, MT",-12.5425,-55.7211,11.71,25.19,28.55,22.57,91.65,0.17,NASA_POWER
2013-04-06,sorriso_mt,"Sorriso, MT",-12.5425,-55.7211,9.93,24.38,27.13,22.39,94.47,0.12,NASA_POWER
2013-04-07,sorriso_mt,"Sorriso, MT",-12.5425,-55.7211,24.28,24.56,28.43,21.13,90.16,0.23,NASA_POWER
2013-04-08,sorriso_mt,"Sorriso, MT",-12.5425,-55.7211,2.27,24.18,27.39,22.44,92.03,0.28,NASA_POWER
2013-04-09,sorriso_mt,"Sorriso, MT",-12.5425,-55.7211,0.01,24.43,27.62,21.6,89.86,0.19,NASA_POWER
2013-04-10,sorriso_mt,"Sorriso, MT",-12.5425,-55.7211,4.2,24.84,28.64,21.08,89.66,0.12,NASA_POWER
2013-04-11,sorriso_mt,"Sorriso, MT",-12.5425,-55.7211,3.4,25.02,28.02,22.48,92.8,0.03,NASA_POWER
2013-04-12,sorriso_mt,"Sorriso, MT",-12.5425,-55.7211,0.25,24.48,26.89,22.46,93.14,0.15,NASA_POWER
2013-04-13,sorriso_mt,"Sorriso, MT",-12.5425,-55.7211,10.79,24.22,27.17,21.75,94.1,0.04,NASA_POWER
2013-04-14,sorriso_mt,"Sorriso, MT",-12.5425,-55.7211,0.69,24.31,27.94,21.84,89.53,0.07,NASA_POWER
2013-04-15,sorriso_mt,"Sorriso, MT",-12.5425,-55.7211,0.01,24.99,28.66,21.73,88.89,0.05,NASA_POWER
2013-04-16,sorriso_mt,"Sorriso, MT",-12.5425,-55.7211,0.98,25.1,28.48,22.37,88.04,0.05,NASA_POWER
2013-04-17,sorriso_mt,"Sorriso, MT",-12.5425,-55.7211,54.74,24.93,28.03,22.01,89.34,0.1,NASA_POWER
2013-04-18,sorriso_mt,"Sorriso, MT",-12.5425,-55.7211,39.88,23.63,25.69,21.93,96.0,0.05,NASA_POWER
2013-04-19,sorriso_mt,"Sorriso, MT",-12.5425,-55.7211,2.18,23.49,27.05,20.89,92.17,0.07,NASA_POWER
2013-04-20,sorriso_mt,"Sorriso, MT",-12.5425,-55.7211,0.02,23.45,27.15,20.38,88.5,0.05,NASA_POWER
2013-04-21,sorriso_mt,"Sorriso, MT",-12.5425,-55.7211,9.66,23.45,26.4,20.25,92.58,0.16,NASA_POWER
2013-04-22,sorriso_mt,"Sorriso, MT",-12.5425,-55.7211,3.79,23.13,25.85,21.66,92.87,0.1,NASA_POWER
2013-04-23,sorriso_mt,"Sorriso, MT",-12.5425,-55.7211,3.44,22.92,26.16,20.63,88.5,0.03,NASA_POWER
2013-04-24,sorriso_mt,"Sorriso, MT",-12.5425,-55.7211,7.45,21.59,24.05,19.89,92.55,0.03,NASA_POWER
2013-04-25,sorriso_mt,"Sorriso, MT",-12.5425,-55.7211,2.92,21.86,25.19,19.21,93.53,0.03,NASA_POWER
2013-04-26,sorriso_mt,"Sorriso, MT",-12.5425,-55.7211,0.58,22.54,26.51,19.27,91.92,0.04,NASA_POWER
2013-04-27,sorriso_mt,"Sorriso, MT",-12.5425,-55.7211,0.04,23.82,27.84,20.41,90.19,0.03,NASA_POWER
2013-04-28,sorriso_mt,"Sorriso, MT",-12.5425,-55.7211,0.01,24.47,28.56,20.55,89.12,0.13,NASA_POWER
2013-04-29,sorriso_mt,"Sorriso, MT",-12.5425,-55.7211,0.0,24.49,28.64,21.11,88.82,0.1,NASA_POWER
2013-04-30,sorriso_mt,"Sorriso, MT",-12.5425,-55.7211,0.02,24.34,28.61,19.9,88.9,0.04,NASA_POWER
2013-05-01,sorriso_mt,"Sorriso, MT",-12.5425,-55.7211,0.0,25.01,28.8,21.94,89.25,0.05,NASA_POWER
2013-05-02,sorriso_mt,"Sorriso, MT",-12.5425,-55.7211,0.0,24.41,28.63,20.35,88.34,0.11,NASA_POWER
2013-05-03,sorriso_mt,"Sorriso, MT",-12.5425,-55.7211,0.0,24.18,28.59,20.18,88.83,0.09,NASA_POWER
2013-05-04,sorriso_mt,"Sorriso, MT",-12.5425,-55.7211,0.02,24.35,28.44,19.59,85.54,0.19,NASA_POWER
2013-05-05,sorriso_mt,"Sorriso, MT",-12.5425,-55.7211,0.01,24.19,28.33,20.4,85.84,0.06,NASA_POWER
2013-05-06,sorriso_mt,"Sorriso, MT",-12.5425,-55.7211,0.0,23.87,27.89,19.82,86.72,0.13,NASA_POWER
2013-05-07,sorriso_mt,"Sorriso, MT",-12.5425,-55.7211,11.24,23.62,26.93,20.83,91.48,0.04,NASA_POWER
2013-05-08,sorriso_mt,"Sorriso, MT",-12.5425,-55.7211,0.02,23.28,26.95,20.59,87.5,0.12,NASA_POWER
2013-05-09,sorriso_mt,"Sorriso, MT",-12.5425,-55.7211,0.02,23.82,28.11,19.48,87.03,0.05,NASA_POWER
2013-05-10,sorriso_mt,"Sorriso, MT",-12.5425,-55.7211,0.0,23.96,28.11,19.61,88.1,0.13,NASA_POWER
2013-05-11,sorriso_mt,"Sorriso, MT",-12.5425,-55.7211,0.22,24.53,28.32,20.85,89.06,0.08,NASA_POWER
2013-05-12,sorriso_mt,"Sorriso, MT",-12.5425,-55.7211,0.06,24.34,28.23,21.17,88.68,0.08,NASA_POWER
2013-05-13,sorriso_mt,"Sorriso, MT",-12.5425,-55.7211,0.02,24.06,28.0,20.56,88.61,0.11,NASA_POWER
2013-05-14,sorriso_mt,"Sorriso, MT",-12.5425,-55.7211,0.03,24.54,28.67,20.26,88.17,0.11,NASA_POWER
2013-05-15,sorriso_mt,"Sorriso, MT",-12.5425,-55.7211,0.0,24.52,28.63,21.14,88.03,0.09,NASA_POWER
2013-05-16,sorriso_mt,"Sorriso, MT",-12.5425,-55.7211,0.0,23.92,28.24,20.39,87.28,0.12,NASA_POWER
2013-05-17,sorriso_mt,"Sorriso, MT",-12.5425,-55.7211,0.03,23.74,28.41,18.7,85.08,0.12,NASA_POWER
2013-05-18,sorriso_mt,"Sorriso, MT",-12.5425,-55.7211,0.0,24.29,28.9,19.73,84.19,0.05,NASA_POWER
2013-05-19,sorriso_mt,"Sorriso, MT",-12.5425,-55.7211,0.0,23.62,28.44,19.39,85.96,0.16,NASA_POWER
2013-05-20,sorriso_mt,"Sorriso, MT",-12.5425,-55.7211,0.0,23.54,28.85,18.92,85.85,0.16,NASA_POWER
2013-05-21,sorriso_mt,"Sorriso, MT",-12.5425,-55.7211,0.0,23.56,28.57,18.59,84.83,0.21,NASA_POWER
2013-05-22,sorriso_mt,"Sorriso, MT",-12.5425,-55.7211,0.0,23.61,28.84,18.94,85.23,0.19,NASA_POWER
2013-05-23,sorriso_mt,"Sorriso, MT",-12.5425,-55.7211,0.0,23.31,28.5,18.83,83.3,0.09,NASA_POWER
2013-05-24,sorriso_mt,"Sorriso, MT",-12.5425,-55.7211,0.0,23.09,28.48,18.01,80.05,0.03,NASA_POWER
2013-05-25,sorriso_mt,"Sorriso, MT",-12.5425,-55.7211,0.0,23.57,28.88,19.17,81.43,0.07,NASA_POWER
2013-05-26,sorriso_mt,"Sorriso, MT",-12.5425,-55.7211,0.0,24.12,29.19,19.28,80.43,0.26,NASA_POWER
2013-05-27,sorriso_mt,"Sorriso, MT",-12.5425,-55.7211,0.71,24.5,29.8,20.13,83.9,0.18,NASA_POWER
2013-05-28,sorriso_mt,"Sorriso, MT",-12.5425,-55.7211,0.71,24.34,28.48,21.12,87.95,0.04,NASA_POWER
2013-05-29,sorriso_mt,"Sorriso, MT",-12.5425,-55.7211,0.3,24.79,28.7,21.46,85.71,0.15,NASA_POWER
2013-05-30,sorriso_mt,"Sorriso, MT",-12.5425,-55.7211,32.29,23.29,25.13,21.68,95.76,0.09,NASA_POWER
2013-05-31,sorriso_mt,"Sorriso, MT",-12.5425,-55.7211,1.93,23.02,26.18,21.18,95.21,0.06,NASA_POWER
2013-06-01,sorriso_mt,"Sorriso, MT",-12.5425,-55.7211,0.1,23.55,26.84,20.51,91.37,0.11,NASA_POWER
2013-06-02,sorriso_mt,"Sorriso, MT",-12.5425,-55.7211,1.43,23.79,27.26,20.92,90.75,0.1,NASA_POWER
2013-06-03,sorriso_mt,"Sorriso, MT",-12.5425,-55.7211,0.03,23.83,27.9,20.44,87.52,0.13,NASA_POWER
2013-06-04,sorriso_mt,"Sorriso, MT",-12.5425,-55.7211,0.0,23.49,27.49,20.08,84.23,0.12,NASA_POWER
2013-06-05,sorriso_mt,"Sorriso, MT",-12.5425,-55.7211,0.0,23.75,28.29,19.05,81.69,0.14,NASA_POWER
2013-06-06,sorriso_mt,"Sorriso, MT",-12.5425,-55.7211,0.97,24.19,29.03,19.28,84.06,0.08,NASA_POWER
2013-06-07,sorriso_mt,"Sorriso, MT",-12.5425,-55.7211,0.0,23.96,27.53,20.89,84.78,0.06,NASA_POWER
2013-06-08,sorriso_mt,"Sorriso, MT",-12.5425,-55.7211,0.0,24.66,29.69,20.12,79.37,0.03,NASA_POWER
2013-06-09,sorriso_mt,"Sorriso, MT",-12.5425,-55.7211,0.0,24.59,29.16,20.97,80.47,0.06,NASA_POWER
2013-06-10,sorriso_mt,"Sorriso, MT",-12.5425,-55.7211,0.0,24.91,29.94,19.66,76.19,0.04,NASA_POWER
2013-06-11,sorriso_mt,"Sorriso, MT",-12.5425,-55.7211,0.0,24.22,29.52,20.53,75.54,0.06,NASA_POWER
2013-06-12,sorriso_mt,"Sorriso, MT",-12.5425,-55.7211,0.0,24.47,30.91,18.75,71.62,0.09,NASA_POWER
2013-06-13,sorriso_mt,"Sorriso, MT",-12.5425,-55.7211,0.0,23.88,30.95,18.47,73.32,0.18,NASA_POWER
2013-06-14,sorriso_mt,"Sorriso, MT",-12.5425,-55.7211,0.0,23.69,31.14,16.8,75.22,0.14,NASA_POWER
2013-06-15,sorriso_mt,"Sorriso, MT",-12.5425,-55.7211,0.0,24.6,31.01,20.12,74.54,0.24,NASA_POWER
2013-06-16,sorriso_mt,"Sorriso, MT",-12.5425,-55.7211,0.03,24.26,28.69,20.11,78.35,0.32,NASA_POWER
2013-06-17,sorriso_mt,"Sorriso, MT",-12.5425,-55.7211,0.0,24.94,31.06,19.88,74.02,0.16,NASA_POWER
2013-06-18,sorriso_mt,"Sorriso, MT",-12.5425,-55.7211,0.0,24.97,30.8,20.34,73.93,0.17,NASA_POWER
2013-06-19,sorriso_mt,"Sorriso, MT",-12.5425,-55.7211,0.02,25.53,32.26,19.48,71.25,0.11,NASA_POWER
2013-06-20,sorriso_mt,"Sorriso, MT",-12.5425,-55.7211,0.07,25.5,32.33,19.45,68.41,0.18,NASA_POWER
2013-06-21,sorriso_mt,"Sorriso, MT",-12.5425,-55.7211,0.01,25.08,31.97,19.22,70.75,0.24,NASA_POWER
2013-06-22,sorriso_mt,"Sorriso, MT",-12.5425,-55.7211,0.0,25.53,32.1,19.46,74.7,0.16,NASA_POWER
2013-06-23,sorriso_mt,"Sorriso, MT",-12.5425,-55.7211,0.0,26.56,32.73,21.28,72.09,0.1,NASA_POWER
2013-06-24,sorriso_mt,"Sorriso, MT",-12.5425,-55.7211,0.02,26.24,33.39,20.22,67.72,0.11,NASA_POWER
2013-06-25,sorriso_mt,"Sorriso, MT",-12.5425,-55.7211,0.03,26.05,33.03,20.3,70.11,0.07,NASA_POWER
2013-06-26,sorriso_mt,"Sorriso, MT",-12.5425,-55.7211,0.0,25.96,31.94,21.02,70.8,0.13,NASA_POWER
2013-06-27,sorriso_mt,"Sorriso, MT",-12.5425,-55.7211,0.0,26.39,33.54,20.5,68.29,0.07,NASA_POWER
2013-06-28,sorriso_mt,"Sorriso, MT",-12.5425,-55.7211,0.0,25.64,32.51,20.49,66.7,0.1,NASA_POWER
2013-06-29,sorriso_mt,"Sorriso, MT",-12.5425,-55.7211,0.0,26.19,33.11,20.54,70.87,0.21,NASA_POWER
2013-06-30,sorriso_mt,"Sorriso, MT",-12.5425,-55.7211,0.0,27.25,33.6,21.32,63.79,0.19,NASA_POWER
2013-07-01,sorriso_mt,"Sorriso, MT",-12.5425,-55.7211,0.0,26.88,33.24,21.35,61.64,0.18,NASA_POWER
2013-07-02,sorriso_mt,"Sorriso, MT",-12.5425,-55.7211,0.02,26.59,33.52,20.92,62.84,0.12,NASA_POWER
2013-07-03,sorriso_mt,"Sorriso, MT",-12.5425,-55.7211,0.17,25.91,33.08,19.71,62.8,0.19,NASA_POWER
2013-07-04,sorriso_mt,"Sorriso, MT",-12.5425,-55.7211,0.0,25.62,33.23,18.47,62.66,0.24,NASA_POWER
2013-07-05,sorriso_mt,"Sorriso, MT",-12.5425,-55.7211,0.0,25.6,33.44,18.41,59.21,0.23,NASA_POWER
2013-07-06,sorriso_mt,"Sorriso, MT",-12.5425,-55.7211,0.0,25.14,33.05,18.59,62.15,0.1,NASA_POWER
2013-07-07,sorriso_mt,"Sorriso, MT",-12.5425,-55.7211,0.0,26.4,33.78,19.91,57.59,0.13,NASA_POWER
2013-07-08,sorriso_mt,"Sorriso, MT",-12.5425,-55.7211,0.0,25.67,33.18,19.18,52.59,0.04,NASA_POWER
2013-07-09,sorriso_mt,"Sorriso, MT",-12.5425,-55.7211,0.0,25.21,33.23,18.12,52.46,0.19,NASA_POWER
2013-07-10,sorriso_mt,"Sorriso, MT",-12.5425,-55.7211,0.0,25.79,33.75,18.18,57.2,0.24,NASA_POWER
2013-07-11,sorriso_mt,"Sorriso, MT",-12.5425,-55.7211,0.0,26.06,33.84,19.79,54.72,0.11,NASA_POWER
2013-07-12,sorriso_mt,"Sorriso, MT",-12.5425,-55.7211,0.0,25.08,33.59,17.92,53.21,0.1,NASA_POWER
2013-07-13,sorriso_mt,"Sorriso, MT",-12.5425,-55.7211,0.0,25.24,33.54,18.52,53.2,0.12,NASA_POWER
2013-07-14,sorriso_mt,"Sorriso, MT",-12.5425,-55.7211,0.0,25.44,33.94,17.45,54.93,0.23,NASA_POWER
2013-07-15,sorriso_mt,"Sorriso, MT",-12.5425,-55.7211,0.0,25.96,34.84,17.3,54.24,0.17,NASA_POWER
2013-07-16,sorriso_mt,"Sorriso, MT",-12.5425,-55.7211,0.0,26.2,34.75,19.51,50.87,0.11,NASA_POWER
2013-07-17,sorriso_mt,"Sorriso, MT",-12.5425,-55.7211,0.0,25.77,34.71,18.74,53.91,0.04,NASA_POWER
2013-07-18,sorriso_mt,"Sorriso, MT",-12.5425,-55.7211,0.08,26.26,33.4,21.12,67.33,0.13,NASA_POWER
2013-07-19,sorriso_mt,"Sorriso, MT",-12.5425,-55.7211,2.9,25.72,34.14,20.14,71.74,0.11,NASA_POWER
2013-07-20,sorriso_mt,"Sorriso, MT",-12.5425,-55.7211,0.0,26.62,34.45,20.8,65.2,0.08,NASA_POWER
2013-07-21,sorriso_mt,"Sorriso, MT",-12.5425,-55.7211,0.04,26.1,34.37,19.12,61.64,0.06,NASA_POWER
2013-07-22,sorriso_mt,"Sorriso, MT",-12.5425,-55.7211,0.06,26.68,34.79,19.72,61.14,0.09,NASA_POWER
2013-07-23,sorriso_mt,"Sorriso, MT",-12.5425,-55.7211,0.0,21.98,27.66,17.1,51.0,0.05,NASA_POWER
2013-07-24,sorriso_mt,"Sorriso, MT",-12.5425,-55.7211,0.0,20.3,28.24,13.82,50.77,0.04,NASA_POWER
2013-07-25,sorriso_mt,"Sorriso, MT",-12.5425,-55.7211,0.0,20.76,29.71,13.29,46.57,0.04,NASA_POWER
2013-07-26,sorriso_mt,"Sorriso, MT",-12.5425,-55.7211,0.0,23.54,33.23,14.74,49.12,0.15,NASA_POWER
2013-07-27,sorriso_mt,"Sorriso, MT",-12.5425,-55.7211,0.0,25.23,34.68,16.91,51.87,0.12,NASA_POWER
2013-07-28,sorriso_mt,"Sorriso, MT",-12.5425,-55.7211,0.0,25.61,35.08,17.63,48.08,0.08,NASA_POWER
2013-07-29,sorriso_mt,"Sorriso, MT",-12.5425,-55.7211,0.03,25.03,35.15,16.59,45.63,0.12,NASA_POWER
2013-07-30,sorriso_mt,"Sorriso, MT",-12.5425,-55.7211,0.0,26.14,35.65,17.5,42.87,0.15,NASA_POWER
2013-07-31,sorriso_mt,"Sorriso, MT",-12.5425,-55.7211,0.0,26.26,35.78,17.62,48.16,0.11,NASA_POWER
2013-08-01,sorriso_mt,"Sorriso, MT",-12.5425,-55.7211,0.03,27.78,35.58,21.3,52.19,0.26,NASA_POWER
2013-08-02,sorriso_mt,"Sorriso, MT",-12.5425,-55.7211,0.06,27.81,36.09,19.97,46.34,0.27,NASA_POWER
2013-08-03,sorriso_mt,"Sorriso, MT",-12.5425,-55.7211,0.0,26.94,35.75,18.3,38.89,0.22,NASA_POWER
2013-08-04,sorriso_mt,"Sorriso, MT",-12.5425,-55.7211,0.0,26.3,36.08,17.21,41.03,0.34,NASA_POWER
2013-08-05,sorriso_mt,"Sorriso, MT",-12.5425,-55.7211,0.0,26.09,35.51,16.87,41.14,0.31,NASA_POWER
2013-08-06,sorriso_mt,"Sorriso, MT",-12.5425,-55.7211,0.0,26.35,36.14,16.6,41.75,0.34,NASA_POWER
2013-08-07,sorriso_mt,"Sorriso, MT",-12.5425,-55.7211,0.0,26.03,36.42,16.93,38.19,0.15,NASA_POWER
2013-08-08,sorriso_mt,"Sorriso, MT",-12.5425,-55.7211,0.0,27.34,35.98,19.43,42.12,0.38,NASA_POWER
2013-08-09,sorriso_mt,"Sorriso, MT",-12.5425,-55.7211,0.0,28.39,36.74,20.49,39.39,0.28,NASA_POWER
2013-08-10,sorriso_mt,"Sorriso, MT",-12.5425,-55.7211,0.0,25.19,31.46,20.71,41.42,0.05,NASA_POWER
2013-08-11,sorriso_mt,"Sorriso, MT",-12.5425,-55.7211,0.0,24.25,33.66,17.05,41.41,0.09,NASA_POWER
2013-08-12,sorriso_mt,"Sorriso, MT",-12.5425,-55.7211,0.0,26.29,35.84,17.48,42.53,0.08,NASA_POWER
2013-08-13,sorriso_mt,"Sorriso, MT",-12.5425,-55.7211,0.01,28.16,36.69,19.74,44.66,0.16,NASA_POWER
2013-08-14,sorriso_mt,"Sorriso, MT",-12.5425,-55.7211,0.04,26.26,30.86,21.39,44.57,0.07,NASA_POWER
2013-08-15,sorriso_mt,"Sorriso, MT",-12.5425,-55.7211,0.0,22.4,29.42,17.29,34.51,0.04,NASA_POWER
2013-08-16,sorriso_mt,"Sorriso, MT",-12.5425,-55.7211,0.0,25.12,35.0,15.66,40.87,0.11,NASA_POWER
2013-08-17,sorriso_mt,"Sorriso, MT",-12.5425,-55.7211,0.0,27.2,34.45,21.63,40.63,0.03,NASA_POWER
2013-08-18,sorriso_mt,"Sorriso, MT",-12.5425,-55.7211,0.0,28.01,35.91,20.29,38.59,0.05,NASA_POWER
2013-08-19,sorriso_mt,"Sorriso, MT",-12.5425,-55.7211,0.0,27.84,34.35,22.32,41.41,0.12,NASA_POWER
2013-08-20,sorriso_mt,"Sorriso, MT",-12.5425,-55.7211,0.0,28.97,35.56,22.83,37.16,0.04,NASA_POWER
2013-08-21,sorriso_mt,"Sorriso, MT",-12.5425,-55.7211,0.0,28.84,36.47,21.64,33.56,0.21,NASA_POWER
2013-08-22,sorriso_mt,"Sorriso, MT",-12.5425,-55.7211,0.0,28.53,36.85,19.79,32.68,0.25,NASA_POWER
2013-08-23,sorriso_mt,"Sorriso, MT",-12.5425,-55.7211,0.0,28.65,36.39,19.99,38.94,0.25,NASA_POWER
2013-08-24,sorriso_mt,"Sorriso, MT",-12.5425,-55.7211,0.0,31.24,37.97,25.08,37.41,0.19,NASA_POWER
2013-08-25,sorriso_mt,"Sorriso, MT",-12.5425,-55.7211,0.0,30.55,36.87,25.14,37.76,0.11,NASA_POWER
2013-08-26,sorriso_mt,"Sorriso, MT",-12.5425,-55.7211,0.0,27.45,34.45,21.02,34.7,0.06,NASA_POWER
2013-08-27,sorriso_mt,"Sorriso, MT",-12.5425,-55.7211,0.0,22.58,29.81,16.47,39.38,0.06,NASA_POWER
2013-08-28,sorriso_mt,"Sorriso, MT",-12.5425,-55.7211,0.0,24.24,33.05,16.17,31.93,0.04,NASA_POWER
2013-08-29,sorriso_mt,"Sorriso, MT",-12.5425,-55.7211,0.0,26.61,36.42,17.84,29.42,0.1,NASA_POWER
2013-08-30,sorriso_mt,"Sorriso, MT",-12.5425,-55.7211,0.0,28.47,36.39,19.7,35.08,0.03,NASA_POWER
2013-08-31,sorriso_mt,"Sorriso, MT",-12.5425,-55.7211,0.0,30.49,37.74,24.91,39.07,0.07,NASA_POWER
2013-09-01,sorriso_mt,"Sorriso, MT",-12.5425,-55.7211,0.19,29.86,36.96,24.48,39.63,0.05,NASA_POWER
2013-09-02,sorriso_mt,"Sorriso, MT",-12.5425,-55.7211,0.44,30.38,37.35,23.78,41.23,0.22,NASA_POWER
2013-09-03,sorriso_mt,"Sorriso, MT",-12.5425,-55.7211,0.62,27.59,32.6,22.58,56.84,0.05,NASA_POWER
2013-09-04,sorriso_mt,"Sorriso, MT",-12.5425,-55.7211,0.0,28.16,34.67,22.5,48.59,0.11,NASA_POWER
2013-09-05,sorriso_mt,"Sorriso, MT",-12.5425,-55.7211,0.5,29.78,36.72,23.01,44.94,0.06,NASA_POWER
2013-09-06,sorriso_mt,"Sorriso, MT",-12.5425,-55.7211,16.34,28.83,35.12,23.7,58.27,0.05,NASA_POWER
2013-09-07,sorriso_mt,"Sorriso, MT",-12.5425,-55.7211,4.58,26.33,32.39,22.2,71.08,0.03,NASA_POWER
2013-09-08,sorriso_mt,"Sorriso, MT",-12.5425,-55.7211,0.22,26.08,31.75,21.62,66.74,0.03,NASA_POWER
2013-09-09,sorriso_mt,"Sorriso, MT",-12.5425,-55.7211,0.0,26.94,34.6,20.84,58.84,0.03,NASA_POWER
2013-09-10,sorriso_mt,"Sorriso, MT",-12.5425,-55.7211,0.03,27.76,36.18,20.42,53.18,0.05,NASA_POWER
2013-09-11,sorriso_mt,"Sorriso, MT",-12.5425,-55.7211,0.19,27.65,35.98,21.17,50.24,0.13,NASA_POWER
2013-09-12,sorriso_mt,"Sorriso, MT",-12.5425,-55.7211,0.0,27.69,35.01,20.42,52.6,0.2,NASA_POWER
2013-09-13,sorriso_mt,"Sorriso, MT",-12.5425,-55.7211,0.0,28.43,35.41,22.95,51.37,0.2,NASA_POWER
2013-09-14,sorriso_mt,"Sorriso, MT",-12.5425,-55.7211,0.0,28.93,36.82,21.34,48.17,0.16,NASA_POWER
2013-09-15,sorriso_mt,"Sorriso, MT",-12.5425,-55.7211,0.0,30.02,37.75,21.39,47.79,0.35,NASA_POWER
2013-09-16,sorriso_mt,"Sorriso, MT",-12.5425,-55.7211,0.0,31.23,39.26,23.17,43.99,0.21,NASA_POWER
2013-09-17,sorriso_mt,"Sorriso, MT",-12.5425,-55.7211,4.64,29.19,37.22,24.3,59.51,0.04,NASA_POWER
2013-09-18,sorriso_mt,"Sorriso, MT",-12.5425,-55.7211,0.09,24.25,31.12,20.22,69.42,0.05,NASA_POWER
2013-09-19,sorriso_mt,"Sorriso, MT",-12.5425,-55.7211,0.0,27.39,34.7,19.9,67.2,0.06,NASA_POWER
2013-09-20,sorriso_mt,"Sorriso, MT",-12.5425,-55.7211,0.0,29.65,36.25,23.75,53.67,0.03,NASA_POWER
2013-09-21,sorriso_mt,"Sorriso, MT",-12.5425,-55.7211,0.01,29.51,37.54,21.32,50.33,0.1,NASA_POWER
2013-09-22,sorriso_mt,"Sorriso, MT",-12.5425,-55.7211,0.0,30.2,38.09,21.93,50.04,0.06,NASA_POWER
2013-09-23,sorriso_mt,"Sorriso, MT",-12.5425,-55.7211,0.0,31.23,38.94,23.18,41.97,0.05,NASA_POWER
2013-09-24,sorriso_mt,"Sorriso, MT",-12.5425,-55.7211,0.01,27.21,32.74,23.55,43.72,0.06,NASA_POWER
2013-09-25,sorriso_mt,"Sorriso, MT",-12.5425,-55.7211,0.0,27.7,35.6,21.14,36.23,0.04,NASA_POWER
2013-09-26,sorriso_mt,"Sorriso, MT",-12.5425,-55.7211,0.0,29.61,37.95,20.92,34.96,0.19,NASA_POWER
2013-09-27,sorriso_mt,"Sorriso, MT",-12.5425,-55.7211,0.05,30.88,39.08,23.65,37.94,0.23,NASA_POWER
2013-09-28,sorriso_mt,"Sorriso, MT",-12.5425,-55.7211,0.07,29.05,35.52,23.06,50.38,0.18,NASA_POWER
2013-09-29,sorriso_mt,"Sorriso, MT",-12.5425,-55.7211,0.0,30.93,37.85,24.37,47.19,0.1,NASA_POWER
2013-09-30,sorriso_mt,"Sorriso, MT",-12.5425,-55.7211,3.22,31.34,39.37,25.04,47.83,0.12,NASA_POWER
2013-10-01,sorriso_mt,"Sorriso, MT",-12.5425,-55.7211,3.37,25.96,30.07,22.7,75.58,0.07,NASA_POWER
2013-10-02,sorriso_mt,"Sorriso, MT",-12.5425,-55.7211,0.7,28.72,35.77,21.87,61.37,0.03,NASA_POWER
2013-10-03,sorriso_mt,"Sorriso, MT",-12.5425,-55.7211,0.62,29.22,35.97,22.92,55.67,0.1,NASA_POWER
2013-10-04,sorriso_mt,"Sorriso, MT",-12.5425,-55.7211,37.06,27.11,33.56,22.76,67.66,0.19,NASA_POWER
2013-10-05,sorriso_mt,"Sorriso, MT",-12.5425,-55.7211,0.23,24.71,27.77,22.16,83.62,0.04,NASA_POWER
2013-10-06,sorriso_mt,"Sorriso, MT",-12.5425,-55.7211,18.61,26.13,33.51,21.09,77.03,0.03,NASA_POWER
2013-10-07,sorriso_mt,"Sorriso, MT",-12.5425,-55.7211,0.01,26.51,31.79,22.34,73.8,0.04,NASA_POWER
2013-10-08,sorriso_mt,"Sorriso, MT",-12.5425,-55.7211,0.0,26.33,33.59,21.12,72.4,0.11,NASA_POWER
2013-10-09,sorriso_mt,"Sorriso, MT",-12.5425,-55.7211,8.12,26.61,32.77,22.03,74.1,0.03,NASA_POWER
2013-10-10,sorriso_mt,"Sorriso, MT",-12.5425,-55.7211,2.24,26.72,31.57,22.39,73.39,0.11,NASA_POWER
2013-10-11,sorriso_mt,"Sorriso, MT",-12.5425,-55.7211,10.96,25.04,30.78,22.06,84.74,0.05,NASA_POWER
2013-10-12,sorriso_mt,"Sorriso, MT",-12.5425,-55.7211,5.57,24.45,29.96,21.3,83.06,0.03,NASA_POWER
2013-10-13,sorriso_mt,"Sorriso, MT",-12.5425,-55.7211,6.15,23.86,29.83,20.96,82.99,0.07,NASA_POWER
2013-10-14,sorriso_mt,"Sorriso, MT",-12.5425,-55.7211,0.23,26.96,34.91,19.24,69.0,0.08,NASA_POWER
2013-10-15,sorriso_mt,"Sorriso, MT",-12.5425,-55.7211,5.16,27.4,33.39,22.38,70.31,0.08,NASA_POWER
2013-10-16,sorriso_mt,"Sorriso, MT",-12.5425,-55.7211,4.53,26.98,33.29,21.92,72.78,0.02,NASA_POWER
2013-10-17,sorriso_mt,"Sorriso, MT",-12.5425,-55.7211,0.01,27.95,34.99,22.19,67.33,0.01,NASA_POWER
2013-10-18,sorriso_mt,"Sorriso, MT",-12.5425,-55.7211,7.79,24.87,27.53,22.39,83.25,0.02,NASA_POWER
2013-10-19,sorriso_mt,"Sorriso, MT",-12.5425,-55.7211,2.04,25.45,30.11,21.53,79.65,0.13,NASA_POWER
2013-10-20,sorriso_mt,"Sorriso, MT",-12.5425,-55.7211,0.08,26.65,32.36,22.35,72.84,0.03,NASA_POWER
2013-10-21,sorriso_mt,"Sorriso, MT",-12.5425,-55.7211,12.8,26.88,33.15,22.6,75.47,0.03,NASA_POWER
2013-10-22,sorriso_mt,"Sorriso, MT",-12.5425,-55.7211,0.56,26.51,31.94,22.9,77.13,0.04,NASA_POWER
2013-10-23,sorriso_mt,"Sorriso, MT",-12.5425,-55.7211,10.66,25.99,31.12,21.95,77.89,0.03,NASA_POWER
2013-10-24,sorriso_mt,"Sorriso, MT",-12.5425,-55.7211,4.59,26.37,31.61,21.86,75.83,0.04,NASA_POWER
2013-10-25,sorriso_mt,"Sorriso, MT",-12.5425,-55.7211,1.5,26.98,31.72,22.2,73.64,0.06,NASA_POWER
2013-10-26,sorriso_mt,"Sorriso, MT",-12.5425,-55.7211,4.57,27.41,33.52,22.71,75.97,0.15,NASA_POWER
2013-10-27,sorriso_mt,"Sorriso, MT",-12.5425,-55.7211,21.54,25.8,31.06,22.46,84.48,0.05,NASA_POWER
2013-10-28,sorriso_mt,"Sorriso, MT",-12.5425,-55.7211,1.87,26.0,31.26,22.14,82.79,0.04,NASA_POWER
2013-10-29,sorriso_mt,"Sorriso, MT",-12.5425,-55.7211,1.01,26.1,30.75,22.57,78.18,0.15,NASA_POWER
2013-10-30,sorriso_mt,"Sorriso, MT",-12.5425,-55.7211,3.72,24.86,28.04,21.82,83.68,0.12,NASA_POWER
2013-10-31,sorriso_mt,"Sorriso, MT",-12.5425,-55.7211,9.12,25.89,30.83,22.57,81.98,0.08,NASA_POWER
2013-11-01,sorriso_mt,"Sorriso, MT",-12.5425,-55.7211,3.86,24.72,28.38,22.46,85.59,0.07,NASA_POWER
2013-11-02,sorriso_mt,"Sorriso, MT",-12.5425,-55.7211,7.19,23.94,27.84,21.66,86.77,0.09,NASA_POWER
2013-11-03,sorriso_mt,"Sorriso, MT",-12.5425,-55.7211,2.33,25.69,31.18,20.52,76.33,0.07,NASA_POWER
2013-11-04,sorriso_mt,"Sorriso, MT",-12.5425,-55.7211,1.39,26.03,30.73,22.69,78.93,0.08,NASA_POWER
2013-11-05,sorriso_mt,"Sorriso, MT",-12.5425,-55.7211,3.57,25.64,30.95,22.16,80.43,0.04,NASA_POWER
2013-11-06,sorriso_mt,"Sorriso, MT",-12.5425,-55.7211,7.56,23.4,26.97,21.36,87.36,0.04,NASA_POWER
2013-11-07,sorriso_mt,"Sorriso, MT",-12.5425,-55.7211,1.07,23.62,27.26,20.83,85.3,0.09,NASA_POWER
2013-11-08,sorriso_mt,"Sorriso, MT",-12.5425,-55.7211,5.93,24.88,30.29,20.91,83.63,0.06,NASA_POWER
2013-11-09,sorriso_mt,"Sorriso, MT",-12.5425,-55.7211,0.66,26.3,32.29,21.77,79.42,0.06,NASA_POWER
2013-11-10,sorriso_mt,"Sorriso, MT",-12.5425,-55.7211,0.36,27.29,33.83,21.89,70.13,0.08,NASA_POWER
2013-11-11,sorriso_mt,"Sorriso, MT",-12.5425,-55.7211,18.44,26.36,30.9,22.33,81.65,0.04,NASA_POWER
2013-11-12,sorriso_mt,"Sorriso, MT",-12.5425,-55.7211,24.23,24.23,26.2,22.93,95.27,0.16,NASA_POWER
2013-11-13,sorriso_mt,"Sorriso, MT",-12.5425,-55.7211,1.72,25.53,29.16,21.08,84.16,0.18,NASA_POWER
2013-11-14,sorriso_mt,"Sorriso, MT",-12.5425,-55.7211,0.48,26.7,30.78,21.52,78.25,0.15,NASA_POWER
2013-11-15,sorriso_mt,"Sorriso, MT",-12.5425,-55.7211,7.48,26.48,31.27,22.06,81.72,0.11,NASA_POWER
2013-11-16,sorriso_mt,"Sorriso, MT",-12.5425,-55.7211,2.01,25.02,28.7,22.61,85.57,0.13,NASA_POWER
2013-11-17,sorriso_mt,"Sorriso, MT",-12.5425,-55.7211,7.9,25.32,29.76,21.83,83.88,0.09,NASA_POWER
2013-11-18,sorriso_mt,"Sorriso, MT",-12.5425,-55.7211,10.92,23.99,26.78,21.98,92.32,0.09,NASA_POWER
2013-11-19,sorriso_mt,"Sorriso, MT",-12.5425,-55.7211,0.77,24.09,27.47,20.69,85.51,0.15,NASA_POWER
2013-11-20,sorriso_mt,"Sorriso, MT",-12.5425,-55.7211,16.33,23.97,26.68,22.16,93.29,0.11,NASA_POWER
2013-11-21,sorriso_mt,"Sorriso, MT",-12.5425,-55.7211,0.49,24.04,28.36,20.8,86.62,0.02,NASA_POWER
2013-11-22,sorriso_mt,"Sorriso, MT",-12.5425,-55.7211,1.73,24.76,29.48,20.58,84.57,0.13,NASA_POWER
2013-11-23,sorriso_mt,"Sorriso, MT",-12.5425,-55.7211,3.61,24.87,28.55,21.55,85.85,0.11,NASA_POWER
2013-11-24,sorriso_mt,"Sorriso, MT",-12.5425,-55.7211,32.86,23.69,26.25,21.67,93.95,0.05,NASA_POWER
2013-11-25,sorriso_mt,"Sorriso, MT",-12.5425,-55.7211,15.35,23.42,25.77,21.89,94.79,0.03,NASA_POWER
2013-11-26,sorriso_mt,"Sorriso, MT",-12.5425,-55.7211,3.06,24.26,27.67,20.83,87.76,0.09,NASA_POWER
2013-11-27,sorriso_mt,"Sorriso, MT",-12.5425,-55.7211,9.38,23.58,26.39,21.77,94.38,0.04,NASA_POWER
2013-11-28,sorriso_mt,"Sorriso, MT",-12.5425,-55.7211,1.82,24.36,28.07,21.29,90.05,0.04,NASA_POWER
2013-11-29,sorriso_mt,"Sorriso, MT",-12.5425,-55.7211,0.12,25.02,28.53,21.94,87.23,0.02,NASA_POWER
2013-11-30,sorriso_mt,"Sorriso, MT",-12.5425,-55.7211,1.46,24.8,27.82,22.72,85.53,0.03,NASA_POWER
2013-12-01,sorriso_mt,"Sorriso, MT",-12.5425,-55.7211,18.0,25.12,29.58,21.44,87.19,0.11,NASA_POWER
2013-12-02,sorriso_mt,"Sorriso, MT",-12.5425,-55.7211,14.6,25.0,28.45,21.46,88.11,0.23,NASA_POWER
2013-12-03,sorriso_mt,"Sorriso, MT",-12.5425,-55.7211,8.98,24.25,27.34,21.89,93.45,0.15,NASA_POWER
2013-12-04,sorriso_mt,"Sorriso, MT",-12.5425,-55.7211,0.18,25.56,29.57,21.43,85.13,0.11,NASA_POWER
2013-12-05,sorriso_mt,"Sorriso, MT",-12.5425,-55.7211,0.0,25.77,29.76,22.26,86.97,0.2,NASA_POWER
2013-12-06,sorriso_mt,"Sorriso, MT",-12.5425,-55.7211,10.37,25.07,28.06,22.08,92.52,0.08,NASA_POWER
2013-12-07,sorriso_mt,"Sorriso, MT",-12.5425,-55.7211,6.76,24.8,27.81,22.08,91.55,0.13,NASA_POWER
2013-12-08,sorriso_mt,"Sorriso, MT",-12.5425,-55.7211,9.52,24.74,28.16,21.79,90.17,0.03,NASA_POWER
2013-12-09,sorriso_mt,"Sorriso, MT",-12.5425,-55.7211,5.12,23.73,26.34,21.69,91.77,0.11,NASA_POWER
2013-12-10,sorriso_mt,"Sorriso, MT",-12.5425,-55.7211,1.8,24.3,28.12,20.7,89.37,0.11,NASA_POWER
2013-12-11,sorriso_mt,"Sorriso, MT",-12.5425,-55.7211,6.0,24.51,28.28,21.48,90.63,0.05,NASA_POWER
2013-12-12,sorriso_mt,"Sorriso, MT",-12.5425,-55.7211,8.45,24.84,28.71,21.18,90.57,0.03,NASA_POWER
2013-12-13,sorriso_mt,"Sorriso, MT",-12.5425,-55.7211,7.01,24.57,27.56,21.98,91.95,0.06,NASA_POWER
2013-12-14,sorriso_mt,"Sorriso, MT",-12.5425,-55.7211,13.39,23.93,26.76,21.96,93.52,0.02,NASA_POWER
2013-12-15,sorriso_mt,"Sorriso, MT",-12.5425,-55.7211,3.25,24.43,28.47,21.39,88.78,0.15,NASA_POWER
2013-12-16,sorriso_mt,"Sorriso, MT",-12.5425,-55.7211,9.0,24.83,28.56,21.28,92.04,0.1,NASA_POWER
2013-12-17,sorriso_mt,"Sorriso, MT",-12.5425,-55.7211,10.31,24.35,26.82,22.42,95.01,0.08,NASA_POWER
2013-12-18,sorriso_mt,"Sorriso, MT",-12.5425,-55.7211,29.29,24.08,27.02,21.92,94.51,0.07,NASA_POWER
2013-12-19,sorriso_mt,"Sorriso, MT",-12.5425,-55.7211,21.68,22.82,24.7,21.43,97.44,0.03,NASA_POWER
2013-12-20,sorriso_mt,"Sorriso, MT",-12.5425,-55.7211,14.29,23.43,26.19,21.79,94.81,0.04,NASA_POWER
2013-12-21,sorriso_mt,"Sorriso, MT",-12.5425,-55.7211,13.98,23.69,26.38,21.48,93.46,0.04,NASA_POWER
2013-12-22,sorriso_mt,"Sorriso, MT",-12.5425,-55.7211,8.49,23.51,25.44,21.6,95.64,0.04,NASA_POWER
2013-12-23,sorriso_mt,"Sorriso, MT",-12.5425,-55.7211,18.14,23.06,24.78,21.79,96.37,0.04,NASA_POWER
2013-12-24,sorriso_mt,"Sorriso, MT",-12.5425,-55.7211,6.4,23.26,26.57,21.3,93.0,0.06,NASA_POWER
2013-12-25,sorriso_mt,"Sorriso, MT",-12.5425,-55.7211,6.02,22.95,25.58,21.23,95.97,0.07,NASA_POWER
2013-12-26,sorriso_mt,"Sorriso, MT",-12.5425,-55.7211,1.3,24.35,27.96,20.47,89.36,0.14,NASA_POWER
2013-12-27,sorriso_mt,"Sorriso, MT",-12.5425,-55.7211,2.35,24.9,27.93,22.58,91.3,0.05,NASA_POWER
2013-12-28,sorriso_mt,"Sorriso, MT",-12.5425,-55.7211,12.76,24.56,27.3,21.72,93.84,0.08,NASA_POWER
2013-12-29,sorriso_mt,"Sorriso, MT",-12.5425,-55.7211,1.56,24.54,27.21,22.45,92.91,0.04,NASA_POWER
2013-12-30,sorriso_mt,"Sorriso, MT",-12.5425,-55.7211,2.8,24.33,26.71,22.43,93.4,0.03,NASA_POWER
2013-12-31,sorriso_mt,"Sorriso, MT",-12.5425,-55.7211,1.61,24.54,27.77,22.29,91.27,0.05,NASA_POWER
2014-01-01,sorriso_mt,"Sorriso, MT",-12.5425,-55.7211,1.15,24.95,28.17,22.28,87.57,0.11,NASA_POWER
2014-01-02,sorriso_mt,"Sorriso, MT",-12.5425,-55.7211,0.4,25.55,28.81,22.52,84.78,0.22,NASA_POWER
2014-01-03,sorriso_mt,"Sorriso, MT",-12.5425,-55.7211,11.44,25.56,29.25,20.9,87.0,0.26,NASA_POWER
2014-01-04,sorriso_mt,"Sorriso, MT",-12.5425,-55.7211,8.72,25.61,29.21,21.62,86.02,0.14,NASA_POWER
2014-01-05,sorriso_mt,"Sorriso, MT",-12.5425,-55.7211,2.1,25.36,29.2,20.94,85.56,0.18,NASA_POWER
2014-01-06,sorriso_mt,"Sorriso, MT",-12.5425,-55.7211,1.23,25.0,28.26,22.83,85.64,0.05,NASA_POWER
2014-01-07,sorriso_mt,"Sorriso, MT",-12.5425,-55.7211,0.62,23.92,27.29,20.98,86.68,0.15,NASA_POWER
2014-01-08,sorriso_mt,"Sorriso, MT",-12.5425,-55.7211,0.12,24.17,28.0,20.32,86.89,0.17,NASA_POWER
2014-01-09,sorriso_mt,"Sorriso, MT",-12.5425,-55.7211,0.65,24.61,27.77,21.33,84.5,0.22,NASA_POWER
2014-01-10,sorriso_mt,"Sorriso, MT",-12.5425,-55.7211,1.11,23.28,26.06,20.32,88.92,0.2,NASA_POWER
2014-01-11,sorriso_mt,"Sorriso, MT",-12.5425,-55.7211,3.82,22.53,25.84,20.21,91.66,0.1,NASA_POWER
2014-01-12,sorriso_mt,"Sorriso, MT",-12.5425,-55.7211,0.72,23.93,28.21,19.63,86.86,0.07,NASA_POWER
2014-01-13,sorriso_mt,"Sorriso, MT",-12.5425,-55.7211,0.3,22.77,25.15,21.02,87.56,0.12,NASA_POWER
2014-01-14,sorriso_mt,"Sorriso, MT",-12.5425,-55.7211,1.92,24.0,28.62,19.14,85.47,0.16,NASA_POWER
2014-01-15,sorriso_mt,"Sorriso, MT",-12.5425,-55.7211,0.5,24.06,27.82,20.84,85.93,0.16,NASA_POWER
2014-01-16,sorriso_mt,"Sorriso, MT",-12.5425,-55.7211,1.35,24.37,28.36,20.39,83.43,0.19,NASA_POWER
2014-01-17,sorriso_mt,"Sorriso, MT",-12.5425,-55.7211,1.37,25.26,29.02,20.54,85.22,0.2,NASA_POWER
2014-01-18,sorriso_mt,"Sorriso, MT",-12.5425,-55.7211,3.39,24.8,27.37,21.91,89.73,0.19,NASA_POWER
2014-01-19,sorriso_mt,"Sorriso, MT",-12.5425,-55.7211,3.47,24.56,28.16,22.15,91.84,0.18,NASA_POWER
2014-01-20,sorriso_mt,"Sorriso, MT",-12.5425,-55.7211,3.46,23.55,25.36,21.83,94.48,0.13,NASA_POWER
2014-01-21,sorriso_mt,"Sorriso, MT",-12.5425,-55.7211,0.95,23.81,27.01,21.3,89.84,0.05,NASA_POWER
2014-01-22,sorriso_mt,"Sorriso, MT",-12.5425,-55.7211,4.38,23.84,26.48,21.77,89.91,0.02,NASA_POWER
2014-01-23,sorriso_mt,"Sorriso, MT",-12.5425,-55.7211,2.76,24.07,27.96,20.95,87.51,0.07,NASA_POWER
2014-01-24,sorriso_mt,"Sorriso, MT",-12.5425,-55.7211,7.98,22.81,24.91,21.22,93.76,0.02,NASA_POWER
2014-01-25,sorriso_mt,"Sorriso, MT",-12.5425,-55.7211,5.16,22.93,26.04,20.47,92.95,0.03,NASA_POWER
2014-01-26,sorriso_mt,"Sorriso, MT",-12.5425,-55.7211,3.02,23.2,26.14,21.2,90.33,0.03,NASA_POWER
2014-01-27,sorriso_mt,"Sorriso, MT",-12.5425,-55.7211,0.31,21.91,24.59,19.52,86.86,0.04,NASA_POWER
2014-01-28,sorriso_mt,"Sorriso, MT",-12.5425,-55.7211,2.04,22.93,27.52,18.35,86.65,0.07,NASA_POWER
2014-01-29,sorriso_mt,"Sorriso, MT",-12.5425,-55.7211,0.02,23.69,27.15,20.39,85.35,0.03,NASA_POWER
2014-01-30,sorriso_mt,"Sorriso, MT",-12.5425,-55.7211,0.35,23.67,28.21,19.28,85.09,0.06,NASA_POWER
2014-01-31,sorriso_mt,"Sorriso, MT",-12.5425,-55.7211,3.13,23.82,27.5,20.88,87.62,0.09,NASA_POWER
2014-02-01,sorriso_mt,"Sorriso, MT",-12.5425,-55.7211,0.18,24.41,28.71,20.57,86.5,0.09,NASA_POWER
2014-02-02,sorriso_mt,"Sorriso, MT",-12.5425,-55.7211,0.05,24.05,27.18,21.57,86.58,0.08,NASA_POWER
2014-02-03,sorriso_mt,"Sorriso, MT",-12.5425,-55.7211,2.55,24.38,28.25,20.93,87.45,0.11,NASA_POWER
2014-02-04,sorriso_mt,"Sorriso, MT",-12.5425,-55.7211,3.09,23.91,27.14,21.37,88.93,0.2,NASA_POWER
2014-02-05,sorriso_mt,"Sorriso, MT",-12.5425,-55.7211,0.67,24.71,29.1,21.26,83.48,0.22,NASA_POWER
2014-02-06,sorriso_mt,"Sorriso, MT",-12.5425,-55.7211,6.42,24.95,29.14,20.53,87.41,0.09,NASA_POWER
2014-02-07,sorriso_mt,"Sorriso, MT",-12.5425,-55.7211,3.76,24.5,28.01,22.4,90.63,0.08,NASA_POWER
2014-02-08,sorriso_mt,"Sorriso, MT",-12.5425,-55.7211,1.68,24.18,28.58,21.09,85.93,0.04,NASA_POWER
2014-02-09,sorriso_mt,"Sorriso, MT",-12.5425,-55.7211,0.6,24.34,28.3,20.65,84.86,0.07,NASA_POWER
2014-02-10,sorriso_mt,"Sorriso, MT",-12.5425,-55.7211,0.6,25.22,29.6,21.2,80.3,0.02,NASA_POWER
2014-02-11,sorriso_mt,"Sorriso, MT",-12.5425,-55.7211,63.7,23.99,27.04,22.28,89.13,0.12,NASA_POWER
2014-02-12,sorriso_mt,"Sorriso, MT",-12.5425,-55.7211,2.52,23.69,26.52,20.89,89.22,0.2,NASA_POWER
2014-02-13,sorriso_mt,"Sorriso, MT",-12.5425,-55.7211,0.87,23.2,25.57,20.95,88.64,0.14,NASA_POWER
2014-02-14,sorriso_mt,"Sorriso, MT",-12.5425,-55.7211,18.96,24.14,27.91,20.53,89.69,0.14,NASA_POWER
2014-02-15,sorriso_mt,"Sorriso, MT",-12.5425,-55.7211,28.32,24.15,26.74,21.9,94.35,0.04,NASA_POWER
2014-02-16,sorriso_mt,"Sorriso, MT",-12.5425,-55.7211,7.89,23.67,25.91,21.89,93.33,0.05,NASA_POWER
2014-02-17,sorriso_mt,"Sorriso, MT",-12.5425,-55.7211,5.43,23.42,26.28,21.7,93.76,0.06,NASA_POWER
2014-02-18,sorriso_mt,"Sorriso, MT",-12.5425,-55.7211,4.43,23.39,25.36,21.87,95.29,0.03,NASA_POWER
2014-02-19,sorriso_mt,"Sorriso, MT",-12.5425,-55.7211,1.82,24.03,27.42,21.19,90.85,0.04,NASA_POWER
2014-02-20,sorriso_mt,"Sorriso, MT",-12.5425,-55.7211,6.13,24.06,26.9,21.83,90.22,0.13,NASA_POWER
2014-02-21,sorriso_mt,"Sorriso, MT",-12.5425,-55.7211,10.81,23.16,25.87,21.34,95.33,0.15,NASA_POWER
2014-02-22,sorriso_mt,"Sorriso, MT",-12.5425,-55.7211,4.48,23.14,26.0,21.06,92.77,0.12,NASA_POWER
2014-02-23,sorriso_mt,"Sorriso, MT",-12.5425,-55.7211,42.49,23.62,26.73,21.29,92.64,0.04,NASA_POWER
2014-02-24,sorriso_mt,"Sorriso, MT",-12.5425,-55.7211,6.73,23.24,26.41,21.11,91.75,0.05,NASA_POWER
2014-02-25,sorriso_mt,"Sorriso, MT",-12.5425,-55.7211,0.14,24.06,28.76,19.97,84.8,0.03,NASA_POWER
2014-02-26,sorriso_mt,"Sorriso, MT",-12.5425,-55.7211,0.12,25.32,29.5,20.42,83.57,0.11,NASA_POWER
2014-02-27,sorriso_mt,"Sorriso, MT",-12.5425,-55.7211,4.89,25.36,29.47,20.71,84.48,0.17,NASA_POWER
2014-02-28,sorriso_mt,"Sorriso, MT",-12.5425,-55.7211,12.71,23.42,25.79,21.84,94.69,0.09,NASA_POWER
2014-03-01,sorriso_mt,"Sorriso, MT",-12.5425,-55.7211,9.86,25.06,29.18,21.3,89.64,0.07,NASA_POWER
2014-03-02,sorriso_mt,"Sorriso, MT",-12.5425,-55.7211,3.29,23.8,26.62,21.65,92.76,0.12,NASA_POWER
2014-03-03,sorriso_mt,"Sorriso, MT",-12.5425,-55.7211,15.8,24.53,28.14,20.49,89.16,0.15,NASA_POWER
2014-03-04,sorriso_mt,"Sorriso, MT",-12.5425,-55.7211,6.05,24.53,27.61,22.51,91.34,0.24,NASA_POWER
2014-03-05,sorriso_mt,"Sorriso, MT",-12.5425,-55.7211,6.15,24.31,26.95,22.09,92.55,0.18,NASA_POWER
2014-03-06,sorriso_mt,"Sorriso, MT",-12.5425,-55.7211,19.04,24.97,28.58,22.15,91.8,0.17,NASA_POWER
2014-03-07,sorriso_mt,"Sorriso, MT",-12.5425,-55.7211,9.57,24.89,28.36,22.23,92.51,0.07,NASA_POWER
2014-03-08,sorriso_mt,"Sorriso, MT",-12.5425,-55.7211,3.49,24.22,26.44,22.35,94.0,0.07,NASA_POWER
2014-03-09,sorriso_mt,"Sorriso, MT",-12.5425,-55.7211,0.41,25.13,29.06,22.07,88.65,0.03,NASA_POWER
2014-03-10,sorriso_mt,"Sorriso, MT",-12.5425,-55.7211,8.01,24.63,28.52,21.59,89.42,0.14,NASA_POWER
2014-03-11,sorriso_mt,"Sorriso, MT",-12.5425,-55.7211,1.86,24.6,27.88,22.03,92.97,0.1,NASA_POWER
2014-03-12,sorriso_mt,"Sorriso, MT",-12.5425,-55.7211,2.24,24.71,28.15,22.13,88.09,0.08,NASA_POWER
2014-03-13,sorriso_mt,"Sorriso, MT",-12.5425,-55.7211,0.92,24.53,28.29,20.98,86.4,0.2,NASA_POWER
2014-03-14,sorriso_mt,"Sorriso, MT",-12.5425,-55.7211,0.09,24.72,28.05,20.96,85.9,0.26,NASA_POWER
2014-03-15,sorriso_mt,"Sorriso, MT",-12.5425,-55.7211,7.7,25.1,28.71,21.85,89.06,0.15,NASA_POWER
2014-03-16,sorriso_mt,"Sorriso, MT",-12.5425,-55.7211,0.3,24.32,28.33,21.0,85.61,0.03,NASA_POWER
2014-03-17,sorriso_mt,"Sorriso, MT",-12.5425,-55.7211,0.09,24.71,28.94,20.48,86.76,0.09,NASA_POWER
2014-03-18,sorriso_mt,"Sorriso, MT",-12.5425,-55.7211,0.32,25.22,28.5,21.8,84.68,0.12,NASA_POWER
2014-03-19,sorriso_mt,"Sorriso, MT",-12.5425,-55.7211,0.64,24.84,28.03,22.08,85.51,0.11,NASA_POWER
2014-03-20,sorriso_mt,"Sorriso, MT",-12.5425,-55.7211,2.12,24.59,27.88,21.2,88.36,0.24,NASA_POWER
2014-03-21,sorriso_mt,"Sorriso, MT",-12.5425,-55.7211,1.85,24.99,28.35,21.3,88.53,0.15,NASA_POWER
2014-03-22,sorriso_mt,"Sorriso, MT",-12.5425,-55.7211,0.8,24.52,26.62,22.06,93.02,0.08,NASA_POWER
2014-03-23,sorriso_mt,"Sorriso, MT",-12.5425,-55.7211,6.04,24.52,27.54,21.84,89.73,0.03,NASA_POWER
2014-03-24,sorriso_mt,"Sorriso, MT",-12.5425,-55.7211,3.13,23.92,27.39,21.83,94.08,0.11,NASA_POWER
2014-03-25,sorriso_mt,"Sorriso, MT",-12.5425,-55.7211,2.31,24.59,28.14,21.05,88.17,0.2,NASA_POWER
2014-03-26,sorriso_mt,"Sorriso, MT",-12.5425,-55.7211,4.58,24.92,28.57,20.99,88.63,0.24,NASA_POWER
2014-03-27,sorriso_mt,"Sorriso, MT",-12.5425,-55.7211,7.02,23.57,25.48,22.06,93.59,0.21,NASA_POWER
2014-03-28,sorriso_mt,"Sorriso, MT",-12.5425,-55.7211,5.27,23.79,27.17,21.11,91.07,0.17,NASA_POWER
2014-03-29,sorriso_mt,"Sorriso, MT",-12.5425,-55.7211,3.72,23.94,27.3,21.5,91.46,0.04,NASA_POWER
2014-03-30,sorriso_mt,"Sorriso, MT",-12.5425,-55.7211,4.43,24.36,27.57,21.6,89.48,0.09,NASA_POWER
2014-03-31,sorriso_mt,"Sorriso, MT",-12.5425,-55.7211,1.01,24.5,28.1,22.05,90.25,0.14,NASA_POWER
2014-04-01,sorriso_mt,"Sorriso, MT",-12.5425,-55.7211,0.08,24.56,28.21,22.12,89.91,0.12,NASA_POWER
2014-04-02,sorriso_mt,"Sorriso, MT",-12.5425,-55.7211,6.26,25.25,29.1,22.4,88.17,0.18,NASA_POWER
2014-04-03,sorriso_mt,"Sorriso, MT",-12.5425,-55.7211,6.73,24.21,27.22,21.86,95.37,0.1,NASA_POWER
2014-04-04,sorriso_mt,"Sorriso, MT",-12.5425,-55.7211,3.7,24.82,28.85,20.97,89.87,0.23,NASA_POWER
2014-04-05,sorriso_mt,"Sorriso, MT",-12.5425,-55.7211,1.29,25.88,29.43,22.59,87.49,0.27,NASA_POWER
2014-04-06,sorriso_mt,"Sorriso, MT",-12.5425,-55.7211,2.07,25.41,28.82,22.8,91.43,0.18,NASA_POWER
2014-04-07,sorriso_mt,"Sorriso, MT",-12.5425,-55.7211,3.39,25.08,28.58,21.89,90.51,0.17,NASA_POWER
2014-04-08,sorriso_mt,"Sorriso, MT",-12.5425,-55.7211,1.46,24.82,28.37,22.33,91.34,0.08,NASA_POWER
2014-04-09,sorriso_mt,"Sorriso, MT",-12.5425,-55.7211,8.42,24.93,28.43,22.28,91.25,0.17,NASA_POWER
2014-04-10,sorriso_mt,"Sorriso, MT",-12.5425,-55.7211,2.27,24.67,26.9,22.8,91.41,0.07,NASA_POWER
2014-04-11,sorriso_mt,"Sorriso, MT",-12.5425,-55.7211,1.3,24.5,27.35,22.59,90.28,0.16,NASA_POWER
2014-04-12,sorriso_mt,"Sorriso, MT",-12.5425,-55.7211,4.6,24.75,28.14,21.54,88.4,0.23,NASA_POWER
2014-04-13,sorriso_mt,"Sorriso, MT",-12.5425,-55.7211,6.24,24.04,26.46,21.85,94.85,0.2,NASA_POWER
2014-04-14,sorriso_mt,"Sorriso, MT",-12.5425,-55.7211,8.17,24.55,27.9,22.15,93.31,0.02,NASA_POWER
2014-04-15,sorriso_mt,"Sorriso, MT",-12.5425,-55.7211,4.97,24.27,27.79,21.89,92.1,0.03,NASA_POWER
2014-04-16,sorriso_mt,"Sorriso, MT",-12.5425,-55.7211,3.31,24.41,28.59,20.66,90.21,0.04,NASA_POWER
2014-04-17,sorriso_mt,"Sorriso, MT",-12.5425,-55.7211,3.3,24.67,28.15,20.85,89.38,0.26,NASA_POWER
2014-04-18,sorriso_mt,"Sorriso, MT",-12.5425,-55.7211,10.18,23.91,27.04,21.02,91.27,0.26,NASA_POWER
2014-04-19,sorriso_mt,"Sorriso, MT",-12.5425,-55.7211,0.77,24.62,27.93,21.88,91.35,0.26,NASA_POWER
2014-04-20,sorriso_mt,"Sorriso, MT",-12.5425,-55.7211,1.22,25.03,28.43,21.99,87.43,0.1,NASA_POWER
2014-04-21,sorriso_mt,"Sorriso, MT",-12.5425,-55.7211,0.38,24.78,28.1,21.04,88.17,0.24,NASA_POWER
2014-04-22,sorriso_mt,"Sorriso, MT",-12.5425,-55.7211,2.43,24.35,27.32,22.03,90.24,0.16,NASA_POWER
2014-04-23,sorriso_mt,"Sorriso, MT",-12.5425,-55.7211,0.72,23.91,27.02,21.83,91.56,0.02,NASA_POWER
2014-04-24,sorriso_mt,"Sorriso, MT",-12.5425,-55.7211,0.06,24.57,28.88,21.18,88.26,0.1,NASA_POWER
2014-04-25,sorriso_mt,"Sorriso, MT",-12.5425,-55.7211,0.01,23.94,26.27,21.97,89.45,0.1,NASA_POWER
2014-04-26,sorriso_mt,"Sorriso, MT",-12.5425,-55.7211,2.91,24.61,28.51,20.75,87.41,0.15,NASA_POWER
2014-04-27,sorriso_mt,"Sorriso, MT",-12.5425,-55.7211,0.91,24.52,28.88,21.76,89.76,0.06,NASA_POWER
2014-04-28,sorriso_mt,"Sorriso, MT",-12.5425,-55.7211,0.04,24.93,29.09,21.19,88.03,0.1,NASA_POWER
2014-04-29,sorriso_mt,"Sorriso, MT",-12.5425,-55.7211,0.0,24.65,28.64,21.77,82.57,0.03,NASA_POWER
2014-04-30,sorriso_mt,"Sorriso, MT",-12.5425,-55.7211,0.0,23.39,28.33,19.68,81.7,0.07,NASA_POWER
2014-05-01,sorriso_mt,"Sorriso, MT",-12.5425,-55.7211,0.0,23.46,28.76,18.26,80.43,0.23,NASA_POWER
2014-05-02,sorriso_mt,"Sorriso, MT",-12.5425,-55.7211,0.11,23.92,28.94,18.82,78.15,0.14,NASA_POWER
2014-05-03,sorriso_mt,"Sorriso, MT",-12.5425,-55.7211,0.0,24.53,30.17,19.09,77.32,0.07,NASA_POWER
2014-05-04,sorriso_mt,"Sorriso, MT",-12.5425,-55.7211,0.01,25.84,30.97,20.0,75.16,0.09,NASA_POWER
2014-05-05,sorriso_mt,"Sorriso, MT",-12.5425,-55.7211,0.24,26.29,31.32,20.79,73.23,0.16,NASA_POWER
2014-05-06,sorriso_mt,"Sorriso, MT",-12.5425,-55.7211,0.98,25.09,29.44,21.26,78.96,0.12,NASA_POWER
2014-05-07,sorriso_mt,"Sorriso, MT",-12.5425,-55.7211,0.24,24.7,28.84,21.78,82.39,0.06,NASA_POWER
2014-05-08,sorriso_mt,"Sorriso, MT",-12.5425,-55.7211,0.26,24.88,29.54,21.42,77.56,0.04,NASA_POWER
2014-05-09,sorriso_mt,"Sorriso, MT",-12.5425,-55.7211,0.02,24.95,30.66,20.04,74.97,0.03,NASA_POWER
2014-05-10,sorriso_mt,"Sorriso, MT",-12.5425,-55.7211,0.0,25.25,31.08,20.54,75.33,0.02,NASA_POWER
2014-05-11,sorriso_mt,"Sorriso, MT",-12.5425,-55.7211,0.0,26.08,31.95,20.52,72.35,0.13,NASA_POWER
2014-05-12,sorriso_mt,"Sorriso, MT",-12.5425,-55.7211,0.0,26.28,32.15,20.83,74.5,0.09,NASA_POWER
2014-05-13,sorriso_mt,"Sorriso, MT",-12.5425,-55.7211,0.75,26.09,30.9,23.22,78.65,0.09,NASA_POWER
2014-05-14,sorriso_mt,"Sorriso, MT",-12.5425,-55.7211,0.14,25.07,29.06,22.46,80.3,0.13,NASA_POWER
2014-05-15,sorriso_mt,"Sorriso, MT",-12.5425,-55.7211,0.03,26.03,31.17,21.92,76.77,0.14,NASA_POWER
2014-05-16,sorriso_mt,"Sorriso, MT",-12.5425,-55.7211,0.02,26.6,32.45,21.87,75.15,0.08,NASA_POWER
2014-05-17,sorriso_mt,"Sorriso, MT",-12.5425,-55.7211,0.0,26.6,32.1,22.41,73.49,0.02,NASA_POWER
2014-05-18,sorriso_mt,"Sorriso, MT",-12.5425,-55.7211,0.0,26.9,33.1,22.42,72.38,0.02,NASA_POWER
2014-05-19,sorriso_mt,"Sorriso, MT",-12.5425,-55.7211,0.0,26.76,32.44,22.53,71.47,0.02,NASA_POWER
2014-05-20,sorriso_mt,"Sorriso, MT",-12.5425,-55.7211,0.46,26.14,31.24,22.18,75.73,0.04,NASA_POWER
2014-05-21,sorriso_mt,"Sorriso, MT",-12.5425,-55.7211,0.31,25.98,30.57,22.68,78.65,0.11,NASA_POWER
2014-05-22,sorriso_mt,"Sorriso, MT",-12.5425,-55.7211,0.31,25.71,30.81,22.09,80.94,0.05,NASA_POWER
2014-05-23,sorriso_mt,"Sorriso, MT",-12.5425,-55.7211,5.02,25.2,31.47,18.96,81.73,0.16,NASA_POWER
2014-05-24,sorriso_mt,"Sorriso, MT",-12.5425,-55.7211,2.33,20.61,26.94,16.1,80.63,0.04,NASA_POWER
2014-05-25,sorriso_mt,"Sorriso, MT",-12.5425,-55.7211,0.05,24.28,31.68,18.22,76.25,0.02,NASA_POWER
2014-05-26,sorriso_mt,"Sorriso, MT",-12.5425,-55.7211,0.04,24.96,29.92,21.53,74.82,0.03,NASA_POWER
2014-05-27,sorriso_mt,"Sorriso, MT",-12.5425,-55.7211,0.57,24.04,30.89,19.17,72.02,0.03,NASA_POWER
2014-05-28,sorriso_mt,"Sorriso, MT",-12.5425,-55.7211,0.01,23.98,31.34,18.1,69.3,0.03,NASA_POWER
2014-05-29,sorriso_mt,"Sorriso, MT",-12.5425,-55.7211,0.0,24.97,32.59,18.63,70.06,0.05,NASA_POWER
2014-05-30,sorriso_mt,"Sorriso, MT",-12.5425,-55.7211,0.0,25.2,32.86,18.52,67.68,0.15,NASA_POWER
2014-05-31,sorriso_mt,"Sorriso, MT",-12.5425,-55.7211,0.0,25.3,33.55,18.1,67.93,0.03,NASA_POWER
2014-06-01,sorriso_mt,"Sorriso, MT",-12.5425,-55.7211,3.83,25.73,32.44,20.54,79.12,0.12,NASA_POWER
2014-06-02,sorriso_mt,"Sorriso, MT",-12.5425,-55.7211,14.95,25.09,30.16,21.16,83.7,0.16,NASA_POWER
2014-06-03,sorriso_mt,"Sorriso, MT",-12.5425,-55.7211,0.25,25.81,31.45,21.49,79.25,0.09,NASA_POWER
2014-06-04,sorriso_mt,"Sorriso, MT",-12.5425,-55.7211,0.0,26.29,32.04,21.85,77.54,0.12,NASA_POWER
2014-06-05,sorriso_mt,"Sorriso, MT",-12.5425,-55.7211,0.0,26.5,32.55,21.58,75.19,0.03,NASA_POWER
2014-06-06,sorriso_mt,"Sorriso, MT",-12.5425,-55.7211,0.0,26.69,33.53,21.9,72.94,0.1,NASA_POWER
2014-06-07,sorriso_mt,"Sorriso, MT",-12.5425,-55.7211,0.0,26.26,33.2,21.06,71.21,0.03,NASA_POWER
2014-06-08,sorriso_mt,"Sorriso, MT",-12.5425,-55.7211,0.0,26.18,32.79,20.89,70.85,0.1,NASA_POWER
2014-06-09,sorriso_mt,"Sorriso, MT",-12.5425,-55.7211,0.0,25.53,32.83,19.12,66.64,0.23,NASA_POWER
2014-06-10,sorriso_mt,"Sorriso, MT",-12.5425,-55.7211,0.0,24.63,32.41,18.78,60.03,0.1,NASA_POWER
2014-06-11,sorriso_mt,"Sorriso, MT",-12.5425,-55.7211,0.0,24.93,32.89,18.95,66.67,0.16,NASA_POWER
2014-06-12,sorriso_mt,"Sorriso, MT",-12.5425,-55.7211,0.0,26.05,33.7,19.5,70.26,0.13,NASA_POWER
2014-06-13,sorriso_mt,"Sorriso, MT",-12.5425,-55.7211,0.0,26.14,33.48,20.37,66.2,0.26,NASA_POWER
2014-06-14,sorriso_mt,"Sorriso, MT",-12.5425,-55.7211,0.0,25.0,32.86,18.84,58.32,0.14,NASA_POWER
2014-06-15,sorriso_mt,"Sorriso, MT",-12.5425,-55.7211,0.0,25.14,32.56,18.88,64.11,0.15,NASA_POWER
2014-06-16,sorriso_mt,"Sorriso, MT",-12.5425,-55.7211,0.0,25.88,33.07,20.02,59.26,0.04,NASA_POWER
2014-06-17,sorriso_mt,"Sorriso, MT",-12.5425,-55.7211,0.0,26.11,32.34,21.73,60.28,0.09,NASA_POWER
2014-06-18,sorriso_mt,"Sorriso, MT",-12.5425,-55.7211,0.0,25.69,32.47,21.23,62.99,0.03,NASA_POWER
2014-06-19,sorriso_mt,"Sorriso, MT",-12.5425,-55.7211,0.0,24.25,28.1,21.72,67.42,0.03,NASA_POWER
2014-06-20,sorriso_mt,"Sorriso, MT",-12.5425,-55.7211,0.0,25.85,33.42,20.59,64.38,0.12,NASA_POWER
2014-06-21,sorriso_mt,"Sorriso, MT",-12.5425,-55.7211,0.0,26.33,34.15,19.69,61.36,0.05,NASA_POWER
2014-06-22,sorriso_mt,"Sorriso, MT",-12.5425,-55.7211,0.0,27.42,34.3,20.96,61.09,0.14,NASA_POWER
2014-06-23,sorriso_mt,"Sorriso, MT",-12.5425,-55.7211,0.0,26.2,33.33,20.72,56.21,0.13,NASA_POWER
2014-06-24,sorriso_mt,"Sorriso, MT",-12.5425,-55.7211,0.0,25.14,33.57,18.79,60.98,0.1,NASA_POWER
2014-06-25,sorriso_mt,"Sorriso, MT",-12.5425,-55.7211,0.0,25.39,34.08,18.19,63.84,0.15,NASA_POWER
2014-06-26,sorriso_mt,"Sorriso, MT",-12.5425,-55.7211,0.0,25.8,34.72,18.42,63.15,0.08,NASA_POWER
2014-06-27,sorriso_mt,"Sorriso, MT",-12.5425,-55.7211,0.0,25.35,34.09,18.37,60.11,0.08,NASA_POWER
2014-06-28,sorriso_mt,"Sorriso, MT",-12.5425,-55.7211,0.45,23.13,30.43,17.47,68.09,0.05,NASA_POWER
2014-06-29,sorriso_mt,"Sorriso, MT",-12.5425,-55.7211,0.0,22.02,30.09,16.34,61.64,0.04,NASA_POWER
2014-06-30,sorriso_mt,"Sorriso, MT",-12.5425,-55.7211,0.0,22.91,32.29,15.87,64.05,0.07,NASA_POWER
2014-07-01,sorriso_mt,"Sorriso, MT",-12.5425,-55.7211,0.0,24.25,33.64,16.81,61.98,0.1,NASA_POWER
2014-07-02,sorriso_mt,"Sorriso, MT",-12.5425,-55.7211,0.0,25.08,33.87,17.55,61.61,0.13,NASA_POWER
2014-07-03,sorriso_mt,"Sorriso, MT",-12.5425,-55.7211,0.0,25.82,34.38,17.13,55.46,0.22,NASA_POWER
2014-07-04,sorriso_mt,"Sorriso, MT",-12.5425,-55.7211,0.0,26.12,34.25,18.39,47.45,0.25,NASA_POWER
2014-07-05,sorriso_mt,"Sorriso, MT",-12.5425,-55.7211,0.0,25.62,33.87,17.86,56.37,0.25,NASA_POWER
2014-07-06,sorriso_mt,"Sorriso, MT",-12.5425,-55.7211,0.0,26.19,34.37,18.92,58.64,0.18,NASA_POWER
2014-07-07,sorriso_mt,"Sorriso, MT",-12.5425,-55.7211,0.0,26.0,34.06,19.94,53.3,0.18,NASA_POWER
2014-07-08,sorriso_mt,"Sorriso, MT",-12.5425,-55.7211,0.0,24.13,33.14,17.74,55.33,0.1,NASA_POWER
2014-07-09,sorriso_mt,"Sorriso, MT",-12.5425,-55.7211,0.0,23.81,33.38,16.33,55.73,0.14,NASA_POWER
2014-07-10,sorriso_mt,"Sorriso, MT",-12.5425,-55.7211,0.0,24.4,33.4,16.3,59.38,0.03,NASA_POWER
2014-07-11,sorriso_mt,"Sorriso, MT",-12.5425,-55.7211,0.0,25.42,33.98,17.71,61.57,0.09,NASA_POWER
2014-07-12,sorriso_mt,"Sorriso, MT",-12.5425,-55.7211,0.0,26.6,34.25,20.03,53.69,0.08,NASA_POWER
2014-07-13,sorriso_mt,"Sorriso, MT",-12.5425,-55.7211,0.0,27.26,35.03,21.31,44.56,0.07,NASA_POWER
2014-07-14,sorriso_mt,"Sorriso, MT",-12.5425,-55.7211,0.0,26.74,35.02,19.43,47.54,0.14,NASA_POWER
2014-07-15,sorriso_mt,"Sorriso, MT",-12.5425,-55.7211,0.0,27.09,35.26,20.19,51.84,0.12,NASA_POWER
2014-07-16,sorriso_mt,"Sorriso, MT",-12.5425,-55.7211,0.0,27.58,35.47,19.85,53.32,0.11,NASA_POWER
2014-07-17,sorriso_mt,"Sorriso, MT",-12.5425,-55.7211,0.0,27.68,34.24,22.08,53.61,0.16,NASA_POWER
2014-07-18,sorriso_mt,"Sorriso, MT",-12.5425,-55.7211,0.0,26.87,33.41,21.13,48.72,0.12,NASA_POWER
2014-07-19,sorriso_mt,"Sorriso, MT",-12.5425,-55.7211,0.0,26.24,32.76,21.5,54.75,0.05,NASA_POWER
2014-07-20,sorriso_mt,"Sorriso, MT",-12.5425,-55.7211,0.0,27.27,34.79,21.27,52.01,0.09,NASA_POWER
2014-07-21,sorriso_mt,"Sorriso, MT",-12.5425,-55.7211,0.0,27.95,35.77,19.89,47.89,0.16,NASA_POWER
2014-07-22,sorriso_mt,"Sorriso, MT",-12.5425,-55.7211,0.02,28.46,35.37,21.86,47.94,0.13,NASA_POWER
2014-07-23,sorriso_mt,"Sorriso, MT",-12.5425,-55.7211,0.05,29.06,35.22,23.88,42.2,0.04,NASA_POWER
2014-07-24,sorriso_mt,"Sorriso, MT",-12.5425,-55.7211,2.4,26.84,35.64,16.86,53.09,0.05,NASA_POWER
2014-07-25,sorriso_mt,"Sorriso, MT",-12.5425,-55.7211,0.31,21.84,30.35,14.96,58.44,0.04,NASA_POWER
2014-07-26,sorriso_mt,"Sorriso, MT",-12.5425,-55.7211,0.0,25.85,34.39,17.99,55.23,0.05,NASA_POWER
2014-07-27,sorriso_mt,"Sorriso, MT",-12.5425,-55.7211,0.0,26.89,33.84,20.9,53.96,0.03,NASA_POWER
2014-07-28,sorriso_mt,"Sorriso, MT",-12.5425,-55.7211,0.0,26.48,33.86,22.46,53.05,0.05,NASA_POWER
2014-07-29,sorriso_mt,"Sorriso, MT",-12.5425,-55.7211,0.0,27.31,35.35,20.11,43.48,0.22,NASA_POWER
2014-07-30,sorriso_mt,"Sorriso, MT",-12.5425,-55.7211,0.0,27.83,36.3,19.84,43.54,0.1,NASA_POWER
2014-07-31,sorriso_mt,"Sorriso, MT",-12.5425,-55.7211,0.0,28.73,35.93,22.35,38.36,0.22,NASA_POWER
2014-08-01,sorriso_mt,"Sorriso, MT",-12.5425,-55.7211,0.0,27.32,35.42,20.41,41.25,0.2,NASA_POWER
2014-08-02,sorriso_mt,"Sorriso, MT",-12.5425,-55.7211,0.0,27.33,34.9,21.52,40.16,0.04,NASA_POWER
2014-08-03,sorriso_mt,"Sorriso, MT",-12.5425,-55.7211,0.0,28.14,35.27,21.66,42.86,0.09,NASA_POWER
2014-08-04,sorriso_mt,"Sorriso, MT",-12.5425,-55.7211,0.0,29.76,37.25,21.96,39.05,0.13,NASA_POWER
2014-08-05,sorriso_mt,"Sorriso, MT",-12.5425,-55.7211,0.0,29.8,36.6,22.96,33.49,0.04,NASA_POWER
2014-08-06,sorriso_mt,"Sorriso, MT",-12.5425,-55.7211,0.0,29.15,37.19,21.58,32.58,0.32,NASA_POWER
2014-08-07,sorriso_mt,"Sorriso, MT",-12.5425,-55.7211,0.0,29.57,36.85,20.97,31.1,0.16,NASA_POWER
2014-08-08,sorriso_mt,"Sorriso, MT",-12.5425,-55.7211,0.0,28.03,35.21,21.69,29.42,0.05,NASA_POWER
2014-08-09,sorriso_mt,"Sorriso, MT",-12.5425,-55.7211,0.0,26.26,35.33,18.11,32.91,0.23,NASA_POWER
2014-08-10,sorriso_mt,"Sorriso, MT",-12.5425,-55.7211,0.0,27.09,36.79,17.06,33.61,0.35,NASA_POWER
2014-08-11,sorriso_mt,"Sorriso, MT",-12.5425,-55.7211,0.0,29.07,37.38,21.58,33.44,0.33,NASA_POWER
2014-08-12,sorriso_mt,"Sorriso, MT",-12.5425,-55.7211,0.0,28.99,37.33,22.01,33.07,0.18,NASA_POWER
2014-08-13,sorriso_mt,"Sorriso, MT",-12.5425,-55.7211,0.0,28.29,36.16,20.39,32.32,0.04,NASA_POWER
2014-08-14,sorriso_mt,"Sorriso, MT",-12.5425,-55.7211,0.0,26.84,34.72,20.78,46.98,0.05,NASA_POWER
2014-08-15,sorriso_mt,"Sorriso, MT",-12.5425,-55.7211,0.0,27.93,37.02,19.97,39.13,0.04,NASA_POWER
2014-08-16,sorriso_mt,"Sorriso, MT",-12.5425,-55.7211,0.0,28.22,36.96,20.09,27.27,0.09,NASA_POWER
2014-08-17,sorriso_mt,"Sorriso, MT",-12.5425,-55.7211,0.0,27.9,35.73,20.38,30.26,0.04,NASA_POWER
2014-08-18,sorriso_mt,"Sorriso, MT",-12.5425,-55.7211,0.0,27.13,35.37,19.5,33.99,0.17,NASA_POWER
2014-08-19,sorriso_mt,"Sorriso, MT",-12.5425,-55.7211,0.0,27.94,36.01,21.23,29.71,0.09,NASA_POWER
2014-08-20,sorriso_mt,"Sorriso, MT",-12.5425,-55.7211,0.0,28.06,36.9,19.42,31.54,0.17,NASA_POWER
2014-08-21,sorriso_mt,"Sorriso, MT",-12.5425,-55.7211,0.0,29.41,36.91,22.26,32.26,0.25,NASA_POWER
2014-08-22,sorriso_mt,"Sorriso, MT",-12.5425,-55.7211,0.0,29.61,36.86,22.5,31.63,0.37,NASA_POWER
2014-08-23,sorriso_mt,"Sorriso, MT",-12.5425,-55.7211,0.0,29.85,37.58,22.52,31.0,0.29,NASA_POWER
2014-08-24,sorriso_mt,"Sorriso, MT",-12.5425,-55.7211,0.0,29.84,37.26,22.78,28.46,0.03,NASA_POWER
2014-08-25,sorriso_mt,"Sorriso, MT",-12.5425,-55.7211,0.0,30.5,37.69,24.22,31.77,0.25,NASA_POWER
2014-08-26,sorriso_mt,"Sorriso, MT",-12.5425,-55.7211,0.0,30.22,38.04,23.11,32.65,0.04,NASA_POWER
2014-08-27,sorriso_mt,"Sorriso, MT",-12.5425,-55.7211,0.0,28.85,37.02,22.07,39.79,0.11,NASA_POWER
2014-08-28,sorriso_mt,"Sorriso, MT",-12.5425,-55.7211,2.44,28.49,36.84,22.69,44.57,0.04,NASA_POWER
2014-08-29,sorriso_mt,"Sorriso, MT",-12.5425,-55.7211,1.09,26.16,36.16,20.45,64.45,0.06,NASA_POWER
2014-08-30,sorriso_mt,"Sorriso, MT",-12.5425,-55.7211,0.57,29.81,38.43,22.14,47.34,0.05,NASA_POWER
2014-08-31,sorriso_mt,"Sorriso, MT",-12.5425,-55.7211,0.0,31.32,38.47,25.18,41.11,0.02,NASA_POWER
2014-09-01,sorriso_mt,"Sorriso, MT",-12.5425,-55.7211,0.3,28.56,31.86,25.42,54.26,0.16,NASA_POWER
2014-09-02,sorriso_mt,"Sorriso, MT",-12.5425,-55.7211,0.47,28.91,35.27,23.05,56.03,0.09,NASA_POWER
2014-09-03,sorriso_mt,"Sorriso, MT",-12.5425,-55.7211,0.11,30.43,36.88,24.85,49.81,0.14,NASA_POWER
2014-09-04,sorriso_mt,"Sorriso, MT",-12.5425,-55.7211,0.04,31.02,37.24,25.79,41.85,0.04,NASA_POWER
2014-09-05,sorriso_mt,"Sorriso, MT",-12.5425,-55.7211,0.15,29.79,36.69,25.64,49.14,0.04,NASA_POWER
2014-09-06,sorriso_mt,"Sorriso, MT",-12.5425,-55.7211,0.39,28.79,36.78,24.33,60.69,0.03,NASA_POWER
2014-09-07,sorriso_mt,"Sorriso, MT",-12.5425,-55.7211,0.0,29.03,34.89,23.96,57.49,0.07,NASA_POWER
2014-09-08,sorriso_mt,"Sorriso, MT",-12.5425,-55.7211,0.0,30.23,38.17,23.81,32.8,0.08,NASA_POWER
2014-09-09,sorriso_mt,"Sorriso, MT",-12.5425,-55.7211,0.0,29.14,37.59,20.9,27.68,0.13,NASA_POWER
2014-09-10,sorriso_mt,"Sorriso, MT",-12.5425,-55.7211,0.0,30.12,38.04,21.93,33.41,0.22,NASA_POWER
2014-09-11,sorriso_mt,"Sorriso, MT",-12.5425,-55.7211,0.0,30.91,37.15,25.14,36.59,0.13,NASA_POWER
2014-09-12,sorriso_mt,"Sorriso, MT",-12.5425,-55.7211,0.0,31.83,39.05,25.65,26.75,0.25,NASA_POWER
2014-09-13,sorriso_mt,"Sorriso, MT",-12.5425,-55.7211,0.0,31.58,38.86,23.18,29.96,0.19,NASA_POWER
2014-09-14,sorriso_mt,"Sorriso, MT",-12.5425,-55.7211,0.0,31.42,38.43,23.78,31.86,0.21,NASA_POWER
2014-09-15,sorriso_mt,"Sorriso, MT",-12.5425,-55.7211,0.04,31.67,38.52,24.58,33.43,0.16,NASA_POWER
2014-09-16,sorriso_mt,"Sorriso, MT",-12.5425,-55.7211,0.1,30.18,35.76,24.4,46.3,0.04,NASA_POWER
2014-09-17,sorriso_mt,"Sorriso, MT",-12.5425,-55.7211,0.79,31.66,38.61,24.47,42.64,0.1,NASA_POWER
2014-09-18,sorriso_mt,"Sorriso, MT",-12.5425,-55.7211,0.02,32.24,39.32,26.14,35.83,0.07,NASA_POWER
2014-09-19,sorriso_mt,"Sorriso, MT",-12.5425,-55.7211,7.23,30.97,37.34,26.71,44.55,0.07,NASA_POWER
2014-09-20,sorriso_mt,"Sorriso, MT",-12.5425,-55.7211,2.35,29.6,37.25,24.38,59.02,0.03,NASA_POWER
2014-09-21,sorriso_mt,"Sorriso, MT",-12.5425,-55.7211,21.6,26.61,33.08,23.14,76.24,0.04,NASA_POWER
2014-09-22,sorriso_mt,"Sorriso, MT",-12.5425,-55.7211,4.56,27.06,34.07,22.47,72.05,0.03,NASA_POWER
2014-09-23,sorriso_mt,"Sorriso, MT",-12.5425,-55.7211,0.44,29.37,37.37,21.55,61.89,0.14,NASA_POWER
2014-09-24,sorriso_mt,"Sorriso, MT",-12.5425,-55.7211,7.04,29.02,34.7,23.74,64.4,0.05,NASA_POWER
2014-09-25,sorriso_mt,"Sorriso, MT",-12.5425,-55.7211,10.74,27.08,31.87,23.32,75.67,0.06,NASA_POWER
2014-09-26,sorriso_mt,"Sorriso, MT",-12.5425,-55.7211,0.39,26.94,33.01,23.38,71.48,0.04,NASA_POWER
2014-09-27,sorriso_mt,"Sorriso, MT",-12.5425,-55.7211,4.61,28.08,35.09,21.9,70.79,0.08,NASA_POWER
2014-09-28,sorriso_mt,"Sorriso, MT",-12.5425,-55.7211,2.11,29.09,36.3,22.53,67.71,0.08,NASA_POWER
2014-09-29,sorriso_mt,"Sorriso, MT",-12.5425,-55.7211,0.81,25.05,27.74,22.39,76.22,0.12,NASA_POWER
2014-09-30,sorriso_mt,"Sorriso, MT",-12.5425,-55.7211,0.14,28.83,36.4,21.17,61.15,0.21,NASA_POWER
2014-10-01,sorriso_mt,"Sorriso, MT",-12.5425,-55.7211,0.84,29.99,37.22,23.98,57.42,0.2,NASA_POWER
2014-10-02,sorriso_mt,"Sorriso, MT",-12.5425,-55.7211,2.75,28.11,34.46,22.96,63.96,0.05,NASA_POWER
2014-10-03,sorriso_mt,"Sorriso, MT",-12.5425,-55.7211,0.59,28.31,35.38,22.35,66.11,0.04,NASA_POWER
2014-10-04,sorriso_mt,"Sorriso, MT",-12.5425,-55.7211,0.35,28.27,35.49,22.02,63.19,0.05,NASA_POWER
2014-10-05,sorriso_mt,"Sorriso, MT",-12.5425,-55.7211,0.01,29.3,36.66,22.58,55.74,0.07,NASA_POWER
2014-10-06,sorriso_mt,"Sorriso, MT",-12.5425,-55.7211,0.0,30.35,37.96,22.79,53.06,0.11,NASA_POWER
2014-10-07,sorriso_mt,"Sorriso, MT",-12.5425,-55.7211,0.0,31.15,38.28,23.95,39.27,0.13,NASA_POWER
2014-10-08,sorriso_mt,"Sorriso, MT",-12.5425,-55.7211,0.0,31.1,38.45,24.43,39.31,0.13,NASA_POWER
2014-10-09,sorriso_mt,"Sorriso, MT",-12.5425,-55.7211,0.0,30.49,38.17,23.6,43.78,0.15,NASA_POWER
2014-10-10,sorriso_mt,"Sorriso, MT",-12.5425,-55.7211,0.07,31.02,39.15,23.71,42.08,0.14,NASA_POWER
2014-10-11,sorriso_mt,"Sorriso, MT",-12.5425,-55.7211,0.0,32.07,38.93,25.14,38.92,0.13,NASA_POWER
2014-10-12,sorriso_mt,"Sorriso, MT",-12.5425,-55.7211,0.17,32.13,40.3,24.32,40.77,0.28,NASA_POWER
2014-10-13,sorriso_mt,"Sorriso, MT",-12.5425,-55.7211,0.08,32.78,40.58,25.4,36.09,0.05,NASA_POWER
2014-10-14,sorriso_mt,"Sorriso, MT",-12.5425,-55.7211,0.0,32.71,39.49,25.42,40.65,0.08,NASA_POWER
2014-10-15,sorriso_mt,"Sorriso, MT",-12.5425,-55.7211,0.0,32.84,39.98,25.95,40.41,0.15,NASA_POWER
2014-10-16,sorriso_mt,"Sorriso, MT",-12.5425,-55.7211,0.0,32.98,40.67,25.82,36.7,0.07,NASA_POWER
2014-10-17,sorriso_mt,"Sorriso, MT",-12.5425,-55.7211,0.0,33.27,41.42,26.13,30.97,0.12,NASA_POWER
2014-10-18,sorriso_mt,"Sorriso, MT",-12.5425,-55.7211,0.02,31.93,40.0,23.01,33.85,0.1,NASA_POWER
2014-10-19,sorriso_mt,"Sorriso, MT",-12.5425,-55.7211,3.83,31.84,38.39,26.75,46.2,0.03,NASA_POWER
2014-10-20,sorriso_mt,"Sorriso, MT",-12.5425,-55.7211,2.96,27.09,31.69,24.63,68.1,0.06,NASA_POWER
2014-10-21,sorriso_mt,"Sorriso, MT",-12.5425,-55.7211,0.11,29.98,38.3,22.26,52.3,0.04,NASA_POWER
2014-10-22,sorriso_mt,"Sorriso, MT",-12.5425,-55.7211,0.0,30.99,37.66,24.78,48.26,0.02,NASA_POWER
2014-10-23,sorriso_mt,"Sorriso, MT",-12.5425,-55.7211,0.0,28.06,34.75,24.66,56.65,0.06,NASA_POWER
2014-10-24,sorriso_mt,"Sorriso, MT",-12.5425,-55.7211,15.25,26.12,32.22,22.92,73.14,0.08,NASA_POWER
2014-10-25,sorriso_mt,"Sorriso, MT",-12.5425,-55.7211,5.29,24.68,30.02,21.73,83.49,0.04,NASA_POWER
2014-10-26,sorriso_mt,"Sorriso, MT",-12.5425,-55.7211,1.09,25.84,31.33,21.8,77.73,0.03,NASA_POWER
2014-10-27,sorriso_mt,"Sorriso, MT",-12.5425,-55.7211,6.84,25.61,31.11,22.09,78.93,0.03,NASA_POWER
2014-10-28,sorriso_mt,"Sorriso, MT",-12.5425,-55.7211,1.29,26.68,32.75,22.36,75.71,0.03,NASA_POWER
2014-10-29,sorriso_mt,"Sorriso, MT",-12.5425,-55.7211,0.05,27.62,33.29,22.92,68.84,0.09,NASA_POWER
2014-10-30,sorriso_mt,"Sorriso, MT",-12.5425,-55.7211,7.17,26.85,32.26,22.57,75.67,0.13,NASA_POWER
2014-10-31,sorriso_mt,"Sorriso, MT",-12.5425,-55.7211,2.11,26.93,33.6,22.7,72.79,0.03,NASA_POWER
2014-11-01,sorriso_mt,"Sorriso, MT",-12.5425,-55.7211,0.08,28.27,35.17,21.94,63.71,0.03,NASA_POWER
2014-11-02,sorriso_mt,"Sorriso, MT",-12.5425,-55.7211,17.01,27.28,32.91,23.47,71.1,0.04,NASA_POWER
2014-11-03,sorriso_mt,"Sorriso, MT",-12.5425,-55.7211,0.34,26.67,32.65,22.77,73.84,0.03,NASA_POWER
2014-11-04,sorriso_mt,"Sorriso, MT",-12.5425,-55.7211,0.42,28.96,35.79,22.03,62.37,0.03,NASA_POWER
2014-11-05,sorriso_mt,"Sorriso, MT",-12.5425,-55.7211,0.2,27.36,33.8,23.21,64.52,0.05,NASA_POWER
2014-11-06,sorriso_mt,"Sorriso, MT",-12.5425,-55.7211,0.1,29.05,36.9,21.69,61.44,0.09,NASA_POWER
2014-11-07,sorriso_mt,"Sorriso, MT",-12.5425,-55.7211,4.73,28.78,33.78,24.87,69.51,0.04,NASA_POWER
2014-11-08,sorriso_mt,"Sorriso, MT",-12.5425,-55.7211,3.68,28.09,33.8,23.93,72.02,0.03,NASA_POWER
2014-11-09,sorriso_mt,"Sorriso, MT",-12.5425,-55.7211,0.45,28.05,35.07,23.04,72.27,0.04,NASA_POWER
2014-11-10,sorriso_mt,"Sorriso, MT",-12.5425,-55.7211,0.01,27.54,33.52,23.14,67.84,0.04,NASA_POWER
2014-11-11,sorriso_mt,"Sorriso, MT",-12.5425,-55.7211,0.06,28.81,36.18,22.47,62.24,0.07,NASA_POWER
2014-11-12,sorriso_mt,"Sorriso, MT",-12.5425,-55.7211,0.05,29.77,37.47,23.56,59.0,0.07,NASA_POWER
2014-11-13,sorriso_mt,"Sorriso, MT",-12.5425,-55.7211,4.62,27.55,33.76,23.34,69.03,0.03,NASA_POWER
2014-11-14,sorriso_mt,"Sorriso, MT",-12.5425,-55.7211,3.61,24.7,27.92,22.72,87.45,0.04,NASA_POWER
2014-11-15,sorriso_mt,"Sorriso, MT",-12.5425,-55.7211,13.26,26.5,33.67,21.95,75.57,0.03,NASA_POWER
2014-11-16,sorriso_mt,"Sorriso, MT",-12.5425,-55.7211,3.76,25.91,32.42,21.41,76.7,0.03,NASA_POWER
2014-11-17,sorriso_mt,"Sorriso, MT",-12.5425,-55.7211,0.02,28.11,34.19,21.91,66.68,0.11,NASA_POWER
2014-11-18,sorriso_mt,"Sorriso, MT",-12.5425,-55.7211,0.07,28.29,33.4,23.83,65.59,0.02,NASA_POWER
2014-11-19,sorriso_mt,"Sorriso, MT",-12.5425,-55.7211,5.18,27.54,32.42,22.85,69.9,0.04,NASA_POWER
2014-11-20,sorriso_mt,"Sorriso, MT",-12.5425,-55.7211,3.79,26.38,33.44,21.34,73.89,0.03,NASA_POWER
2014-11-21,sorriso_mt,"Sorriso, MT",-12.5425,-55.7211,3.2,26.39,32.08,22.99,79.47,0.11,NASA_POWER
2014-11-22,sorriso_mt,"Sorriso, MT",-12.5425,-55.7211,9.69,27.28,34.11,22.24,74.28,0.09,NASA_POWER
2014-11-23,sorriso_mt,"Sorriso, MT",-12.5425,-55.7211,10.39,23.96,25.35,22.74,95.96,0.1,NASA_POWER
2014-11-24,sorriso_mt,"Sorriso, MT",-12.5425,-55.7211,5.94,26.28,32.34,22.1,77.49,0.05,NASA_POWER
2014-11-25,sorriso_mt,"Sorriso, MT",-12.5425,-55.7211,1.91,26.51,32.12,21.84,77.87,0.03,NASA_POWER
2014-11-26,sorriso_mt,"Sorriso, MT",-12.5425,-55.7211,10.45,25.4,28.47,22.82,85.68,0.05,NASA_POWER
2014-11-27,sorriso_mt,"Sorriso, MT",-12.5425,-55.7211,3.98,25.6,30.05,22.48,82.61,0.09,NASA_POWER
2014-11-28,sorriso_mt,"Sorriso, MT",-12.5425,-55.7211,2.09,26.03,32.01,21.45,78.72,0.07,NASA_POWER
2014-11-29,sorriso_mt,"Sorriso, MT",-12.5425,-55.7211,0.0,27.91,34.08,22.56,70.1,0.03,NASA_POWER
2014-11-30,sorriso_mt,"Sorriso, MT",-12.5425,-55.7211,0.0,28.21,33.6,22.2,69.3,0.05,NASA_POWER
2014-12-01,sorriso_mt,"Sorriso, MT",-12.5425,-55.7211,16.21,26.5,30.32,23.7,81.07,0.09,NASA_POWER
2014-12-02,sorriso_mt,"Sorriso, MT",-12.5425,-55.7211,20.23,24.93,28.76,22.43,89.51,0.07,NASA_POWER
2014-12-03,sorriso_mt,"Sorriso, MT",-12.5425,-55.7211,16.72,24.08,27.13,22.28,91.5,0.06,NASA_POWER
2014-12-04,sorriso_mt,"Sorriso, MT",-12.5425,-55.7211,2.11,25.22,29.75,21.23,81.67,0.11,NASA_POWER
2014-12-05,sorriso_mt,"Sorriso, MT",-12.5425,-55.7211,0.02,26.92,31.59,21.7,73.36,0.17,NASA_POWER
2014-12-06,sorriso_mt,"Sorriso, MT",-12.5425,-55.7211,10.87,25.97,30.65,22.1,80.4,0.15,NASA_POWER
2014-12-07,sorriso_mt,"Sorriso, MT",-12.5425,-55.7211,10.31,22.66,23.71,21.65,95.35,0.07,NASA_POWER
2014-12-08,sorriso_mt,"Sorriso, MT",-12.5425,-55.7211,10.4,22.95,26.0,20.45,93.42,0.06,NASA_POWER
2014-12-09,sorriso_mt,"Sorriso, MT",-12.5425,-55.7211,2.21,23.97,27.61,21.07,87.2,0.14,NASA_POWER
2014-12-10,sorriso_mt,"Sorriso, MT",-12.5425,-55.7211,59.73,24.37,28.16,20.79,89.86,0.09,NASA_POWER
2014-12-11,sorriso_mt,"Sorriso, MT",-12.5425,-55.7211,8.81,23.83,26.73,21.66,91.71,0.09,NASA_POWER
2014-12-12,sorriso_mt,"Sorriso, MT",-12.5425,-55.7211,30.18,23.61,26.67,21.11,93.18,0.04,NASA_POWER
2014-12-13,sorriso_mt,"Sorriso, MT",-12.5425,-55.7211,15.96,23.63,26.37,21.63,94.66,0.03,NASA_POWER
2014-12-14,sorriso_mt,"Sorriso, MT",-12.5425,-55.7211,4.99,24.32,27.7,21.48,91.48,0.04,NASA_POWER
2014-12-15,sorriso_mt,"Sorriso, MT",-12.5425,-55.7211,3.44,23.66,26.07,22.17,92.14,0.05,NASA_POWER
2014-12-16,sorriso_mt,"Sorriso, MT",-12.5425,-55.7211,5.87,24.6,28.27,21.46,91.37,0.06,NASA_POWER
2014-12-17,sorriso_mt,"Sorriso, MT",-12.5425,-55.7211,6.61,24.43,27.4,22.18,93.37,0.02,NASA_POWER
2014-12-18,sorriso_mt,"Sorriso, MT",-12.5425,-55.7211,9.84,24.17,26.01,22.36,96.6,0.05,NASA_POWER
2014-12-19,sorriso_mt,"Sorriso, MT",-12.5425,-55.7211,4.77,24.52,27.65,22.21,93.39,0.04,NASA_POWER
2014-12-20,sorriso_mt,"Sorriso, MT",-12.5425,-55.7211,2.83,23.93,26.3,22.63,93.4,0.03,NASA_POWER
2014-12-21,sorriso_mt,"Sorriso, MT",-12.5425,-55.7211,1.03,25.08,28.83,21.58,88.09,0.05,NASA_POWER
2014-12-22,sorriso_mt,"Sorriso, MT",-12.5425,-55.7211,1.56,24.75,27.95,22.12,90.27,0.04,NASA_POWER
2014-12-23,sorriso_mt,"Sorriso, MT",-12.5425,-55.7211,3.94,24.28,26.94,22.73,92.95,0.07,NASA_POWER
2014-12-24,sorriso_mt,"Sorriso, MT",-12.5425,-55.7211,6.42,24.5,27.89,21.88,91.03,0.11,NASA_POWER
2014-12-25,sorriso_mt,"Sorriso, MT",-12.5425,-55.7211,5.17,24.88,28.43,21.87,89.3,0.12,NASA_POWER
2014-12-26,sorriso_mt,"Sorriso, MT",-12.5425,-55.7211,0.59,25.45,29.49,21.81,87.89,0.15,NASA_POWER
2014-12-27,sorriso_mt,"Sorriso, MT",-12.5425,-55.7211,4.15,26.0,29.92,22.6,85.0,0.05,NASA_POWER
2014-12-28,sorriso_mt,"Sorriso, MT",-12.5425,-55.7211,0.4,25.97,30.3,22.05,85.12,0.04,NASA_POWER
2014-12-29,sorriso_mt,"Sorriso, MT",-12.5425,-55.7211,1.12,26.23,30.35,22.23,84.13,0.08,NASA_POWER
2014-12-30,sorriso_mt,"Sorriso, MT",-12.5425,-55.7211,0.28,25.53,29.07,22.98,86.79,0.04,NASA_POWER
2014-12-31,sorriso_mt,"Sorriso, MT",-12.5425,-55.7211,3.65,25.02,28.09,22.65,88.5,0.08,NASA_POWER
2015-01-01,sorriso_mt,"Sorriso, MT",-12.5425,-55.7211,0.22,25.48,29.56,22.2,86.48,0.08,NASA_POWER
2015-01-02,sorriso_mt,"Sorriso, MT",-12.5425,-55.7211,0.38,26.42,30.42,23.05,80.85,0.23,NASA_POWER
2015-01-03,sorriso_mt,"Sorriso, MT",-12.5425,-55.7211,0.26,25.7,29.57,22.4,82.99,0.13,NASA_POWER
2015-01-04,sorriso_mt,"Sorriso, MT",-12.5425,-55.7211,2.13,25.92,29.81,22.49,82.91,0.08,NASA_POWER
2015-01-05,sorriso_mt,"Sorriso, MT",-12.5425,-55.7211,0.28,25.57,28.97,22.79,84.38,0.02,NASA_POWER
2015-01-06,sorriso_mt,"Sorriso, MT",-12.5425,-55.7211,0.59,25.67,30.25,22.34,81.34,0.06,NASA_POWER
2015-01-07,sorriso_mt,"Sorriso, MT",-12.5425,-55.7211,1.3,26.2,30.51,23.0,79.49,0.12,NASA_POWER
2015-01-08,sorriso_mt,"Sorriso, MT",-12.5425,-55.7211,1.91,26.67,31.47,22.71,79.99,0.06,NASA_POWER
2015-01-09,sorriso_mt,"Sorriso, MT",-12.5425,-55.7211,8.05,25.32,28.95,22.2,85.71,0.04,NASA_POWER
2015-01-10,sorriso_mt,"Sorriso, MT",-12.5425,-55.7211,5.48,24.59,28.5,22.07,88.41,0.04,NASA_POWER
2015-01-11,sorriso_mt,"Sorriso, MT",-12.5425,-55.7211,6.37,24.8,29.28,21.26,86.98,0.12,NASA_POWER
2015-01-12,sorriso_mt,"Sorriso, MT",-12.5425,-55.7211,1.48,24.2,27.87,21.68,85.97,0.16,NASA_POWER
2015-01-13,sorriso_mt,"Sorriso, MT",-12.5425,-55.7211,0.38,25.28,30.39,21.1,78.92,0.06,NASA_POWER
2015-01-14,sorriso_mt,"Sorriso, MT",-12.5425,-55.7211,0.71,25.6,30.6,21.93,76.98,0.1,NASA_POWER
2015-01-15,sorriso_mt,"Sorriso, MT",-12.5425,-55.7211,1.31,26.41,31.63,21.59,75.05,0.05,NASA_POWER
2015-01-16,sorriso_mt,"Sorriso, MT",-12.5425,-55.7211,0.52,25.69,30.08,22.26,76.99,0.07,NASA_POWER
2015-01-17,sorriso_mt,"Sorriso, MT",-12.5425,-55.7211,0.03,24.56,28.44,21.62,80.09,0.05,NASA_POWER
2015-01-18,sorriso_mt,"Sorriso, MT",-12.5425,-55.7211,0.47,24.65,29.46,21.33,78.09,0.04,NASA_POWER
2015-01-19,sorriso_mt,"Sorriso, MT",-12.5425,-55.7211,0.1,25.61,30.85,21.18,77.76,0.02,NASA_POWER
2015-01-20,sorriso_mt,"Sorriso, MT",-12.5425,-55.7211,0.08,24.97,29.12,22.17,81.03,0.03,NASA_POWER
2015-01-21,sorriso_mt,"Sorriso, MT",-12.5425,-55.7211,0.02,26.09,31.09,21.34,76.26,0.05,NASA_POWER
2015-01-22,sorriso_mt,"Sorriso, MT",-12.5425,-55.7211,0.67,26.26,31.14,23.16,74.47,0.02,NASA_POWER
2015-01-23,sorriso_mt,"Sorriso, MT",-12.5425,-55.7211,13.88,24.06,27.08,22.56,88.81,0.06,NASA_POWER
2015-01-24,sorriso_mt,"Sorriso, MT",-12.5425,-55.7211,3.91,24.39,29.06,21.14,84.5,0.1,NASA_POWER
2015-01-25,sorriso_mt,"Sorriso, MT",-12.5425,-55.7211,0.88,23.49,27.07,20.66,84.62,0.03,NASA_POWER
2015-01-26,sorriso_mt,"Sorriso, MT",-12.5425,-55.7211,2.05,24.46,29.4,20.65,81.9,0.04,NASA_POWER
2015-01-27,sorriso_mt,"Sorriso, MT",-12.5425,-55.7211,0.82,25.3,30.72,21.1,80.32,0.11,NASA_POWER
2015-01-28,sorriso_mt,"Sorriso, MT",-12.5425,-55.7211,0.38,24.0,27.23,21.94,85.45,0.16,NASA_POWER
2015-01-29,sorriso_mt,"Sorriso, MT",-12.5425,-55.7211,0.01,26.86,33.01,20.88,71.74,0.05,NASA_POWER
2015-01-30,sorriso_mt,"Sorriso, MT",-12.5425,-55.7211,1.07,28.28,34.65,22.29,66.13,0.02,NASA_POWER
2015-01-31,sorriso_mt,"Sorriso, MT",-12.5425,-55.7211,7.85,28.04,34.32,23.15,71.76,0.11,NASA_POWER
2015-02-01,sorriso_mt,"Sorriso, MT",-12.5425,-55.7211,4.2,26.38,31.03,23.27,79.53,0.07,NASA_POWER
2015-02-02,sorriso_mt,"Sorriso, MT",-12.5425,-55.7211,0.02,26.7,33.12,21.61,65.76,0.04,NASA_POWER
2015-02-03,sorriso_mt,"Sorriso, MT",-12.5425,-55.7211,0.24,27.52,33.68,22.85,71.33,0.04,NASA_POWER
2015-02-04,sorriso_mt,"Sorriso, MT",-12.5425,-55.7211,0.18,26.77,31.61,22.68,75.59,0.08,NASA_POWER
2015-02-05,sorriso_mt,"Sorriso, MT",-12.5425,-55.7211,2.51,26.09,31.31,22.93,79.16,0.03,NASA_POWER
2015-02-06,sorriso_mt,"Sorriso, MT",-12.5425,-55.7211,20.03,24.19,27.64,21.83,88.38,0.03,NASA_POWER
2015-02-07,sorriso_mt,"Sorriso, MT",-12.5425,-55.7211,14.82,24.2,28.29,20.56,90.4,0.05,NASA_POWER
2015-02-08,sorriso_mt,"Sorriso, MT",-12.5425,-55.7211,5.58,23.33,25.6,21.69,93.05,0.04,NASA_POWER
2015-02-09,sorriso_mt,"Sorriso, MT",-12.5425,-55.7211,2.69,24.79,29.29,21.41,84.42,0.03,NASA_POWER
2015-02-10,sorriso_mt,"Sorriso, MT",-12.5425,-55.7211,0.69,25.0,29.53,21.45,81.69,0.04,NASA_POWER
2015-02-11,sorriso_mt,"Sorriso, MT",-12.5425,-55.7211,0.01,25.69,30.24,22.0,77.71,0.07,NASA_POWER
2015-02-12,sorriso_mt,"Sorriso, MT",-12.5425,-55.7211,0.0,26.73,33.02,21.36,75.05,0.12,NASA_POWER
2015-02-13,sorriso_mt,"Sorriso, MT",-12.5425,-55.7211,1.65,25.84,30.76,23.07,79.63,0.02,NASA_POWER
2015-02-14,sorriso_mt,"Sorriso, MT",-12.5425,-55.7211,0.8,27.13,33.41,21.18,72.82,0.05,NASA_POWER
2015-02-15,sorriso_mt,"Sorriso, MT",-12.5425,-55.7211,0.16,26.46,29.65,23.16,75.77,0.08,NASA_POWER
2015-02-16,sorriso_mt,"Sorriso, MT",-12.5425,-55.7211,9.69,27.05,32.41,21.7,73.31,0.18,NASA_POWER
2015-02-17,sorriso_mt,"Sorriso, MT",-12.5425,-55.7211,4.95,25.53,29.82,22.28,84.39,0.12,NASA_POWER
2015-02-18,sorriso_mt,"Sorriso, MT",-12.5425,-55.7211,0.76,25.12,28.72,21.97,81.3,0.04,NASA_POWER
2015-02-19,sorriso_mt,"Sorriso, MT",-12.5425,-55.7211,1.89,24.31,28.08,22.05,86.65,0.09,NASA_POWER
2015-02-20,sorriso_mt,"Sorriso, MT",-12.5425,-55.7211,8.01,24.18,28.46,21.55,86.29,0.16,NASA_POWER
2015-02-21,sorriso_mt,"Sorriso, MT",-12.5425,-55.7211,13.9,23.46,27.48,21.2,90.96,0.04,NASA_POWER
2015-02-22,sorriso_mt,"Sorriso, MT",-12.5425,-55.7211,1.75,25.26,30.28,19.97,81.57,0.05,NASA_POWER
2015-02-23,sorriso_mt,"Sorriso, MT",-12.5425,-55.7211,0.44,25.71,30.13,21.2,76.29,0.11,NASA_POWER
2015-02-24,sorriso_mt,"Sorriso, MT",-12.5425,-55.7211,0.03,26.16,32.05,20.13,72.25,0.03,NASA_POWER
2015-02-25,sorriso_mt,"Sorriso, MT",-12.5425,-55.7211,0.15,26.31,31.76,21.25,73.67,0.04,NASA_POWER
2015-02-26,sorriso_mt,"Sorriso, MT",-12.5425,-55.7211,0.1,25.49,30.38,21.91,78.94,0.03,NASA_POWER
2015-02-27,sorriso_mt,"Sorriso, MT",-12.5425,-55.7211,0.34,27.22,34.43,20.98,68.23,0.02,NASA_POWER
2015-02-28,sorriso_mt,"Sorriso, MT",-12.5425,-55.7211,0.1,27.0,33.65,22.55,72.27,0.04,NASA_POWER
2015-03-01,sorriso_mt,"Sorriso, MT",-12.5425,-55.7211,0.02,25.99,31.53,22.79,71.0,0.03,NASA_POWER
2015-03-02,sorriso_mt,"Sorriso, MT",-12.5425,-55.7211,0.21,27.0,33.76,21.45,69.58,0.06,NASA_POWER
2015-03-03,sorriso_mt,"Sorriso, MT",-12.5425,-55.7211,0.57,27.78,34.23,23.46,67.75,0.06,NASA_POWER
2015-03-04,sorriso_mt,"Sorriso, MT",-12.5425,-55.7211,0.53,26.64,31.66,23.38,74.01,0.02,NASA_POWER
2015-03-05,sorriso_mt,"Sorriso, MT",-12.5425,-55.7211,0.14,26.7,32.95,22.38,72.36,0.04,NASA_POWER
2015-03-06,sorriso_mt,"Sorriso, MT",-12.5425,-55.7211,0.65,27.34,34.56,21.62,69.41,0.09,NASA_POWER
2015-03-07,sorriso_mt,"Sorriso, MT",-12.5425,-55.7211,11.12,25.38,31.69,21.92,74.61,0.04,NASA_POWER
2015-03-08,sorriso_mt,"Sorriso, MT",-12.5425,-55.7211,1.83,26.38,33.36,21.54,76.67,0.07,NASA_POWER
2015-03-09,sorriso_mt,"Sorriso, MT",-12.5425,-55.7211,0.01,28.28,34.78,22.84,68.27,0.05,NASA_POWER
2015-03-10,sorriso_mt,"Sorriso, MT",-12.5425,-55.7211,0.68,27.49,33.0,23.76,74.91,0.06,NASA_POWER
2015-03-11,sorriso_mt,"Sorriso, MT",-12.5425,-55.7211,0.24,27.67,33.6,23.23,68.28,0.03,NASA_POWER
2015-03-12,sorriso_mt,"Sorriso, MT",-12.5425,-55.7211,0.2,26.23,30.18,23.25,74.56,0.03,NASA_POWER
2015-03-13,sorriso_mt,"Sorriso, MT",-12.5425,-55.7211,4.3,25.41,30.52,22.5,82.28,0.02,NASA_POWER
2015-03-14,sorriso_mt,"Sorriso, MT",-12.5425,-55.7211,0.25,26.67,33.06,21.74,73.8,0.02,NASA_POWER
2015-03-15,sorriso_mt,"Sorriso, MT",-12.5425,-55.7211,0.65,25.84,30.01,23.31,74.02,0.08,NASA_POWER
2015-03-16,sorriso_mt,"Sorriso, MT",-12.5425,-55.7211,0.52,26.66,33.54,21.39,73.13,0.03,NASA_POWER
2015-03-17,sorriso_mt,"Sorriso, MT",-12.5425,-55.7211,0.47,24.9,28.72,22.23,79.63,0.05,NASA_POWER
2015-03-18,sorriso_mt,"Sorriso, MT",-12.5425,-55.7211,0.58,26.25,33.56,20.76,74.21,0.11,NASA_POWER
2015-03-19,sorriso_mt,"Sorriso, MT",-12.5425,-55.7211,0.31,25.77,31.48,22.15,74.01,0.03,NASA_POWER
2015-03-20,sorriso_mt,"Sorriso, MT",-12.5425,-55.7211,0.41,26.7,33.03,21.21,71.83,0.06,NASA_POWER
2015-03-21,sorriso_mt,"Sorriso, MT",-12.5425,-55.7211,4.66,26.77,33.47,22.03,72.66,0.03,NASA_POWER
2015-03-22,sorriso_mt,"Sorriso, MT",-12.5425,-55.7211,2.43,26.93,33.54,21.9,73.79,0.03,NASA_POWER
2015-03-23,sorriso_mt,"Sorriso, MT",-12.5425,-55.7211,0.52,27.36,32.73,23.6,72.03,0.02,NASA_POWER
2015-03-24,sorriso_mt,"Sorriso, MT",-12.5425,-55.7211,0.04,26.36,30.99,23.58,76.32,0.04,NASA_POWER
2015-03-25,sorriso_mt,"Sorriso, MT",-12.5425,-55.7211,0.01,26.93,31.55,22.87,73.69,0.08,NASA_POWER
2015-03-26,sorriso_mt,"Sorriso, MT",-12.5425,-55.7211,2.6,26.44,31.61,22.65,74.46,0.03,NASA_POWER
2015-03-27,sorriso_mt,"Sorriso, MT",-12.5425,-55.7211,1.25,26.63,31.52,22.44,77.0,0.12,NASA_POWER
2015-03-28,sorriso_mt,"Sorriso, MT",-12.5425,-55.7211,0.07,28.77,36.07,22.97,65.63,0.04,NASA_POWER
2015-03-29,sorriso_mt,"Sorriso, MT",-12.5425,-55.7211,0.23,27.89,33.71,23.5,72.54,0.04,NASA_POWER
2015-03-30,sorriso_mt,"Sorriso, MT",-12.5425,-55.7211,0.71,27.86,34.39,23.15,73.01,0.05,NASA_POWER
2015-03-31,sorriso_mt,"Sorriso, MT",-12.5425,-55.7211,0.3,27.93,33.52,24.23,69.25,0.09,NASA_POWER
2015-04-01,sorriso_mt,"Sorriso, MT",-12.5425,-55.7211,0.54,27.64,33.53,23.61,69.48,0.03,NASA_POWER
2015-04-02,sorriso_mt,"Sorriso, MT",-12.5425,-55.7211,0.02,27.59,33.74,23.0,70.27,0.02,NASA_POWER
2015-04-03,sorriso_mt,"Sorriso, MT",-12.5425,-55.7211,0.02,26.33,30.67,23.66,76.36,0.02,NASA_POWER
2015-04-04,sorriso_mt,"Sorriso, MT",-12.5425,-55.7211,7.05,27.33,34.45,22.26,73.78,0.03,NASA_POWER
2015-04-05,sorriso_mt,"Sorriso, MT",-12.5425,-55.7211,2.77,25.52,30.68,23.02,82.97,0.09,NASA_POWER
2015-04-06,sorriso_mt,"Sorriso, MT",-12.5425,-55.7211,0.28,25.52,30.5,22.09,75.93,0.04,NASA_POWER
2015-04-07,sorriso_mt,"Sorriso, MT",-12.5425,-55.7211,0.23,26.89,32.56,22.92,75.23,0.02,NASA_POWER
2015-04-08,sorriso_mt,"Sorriso, MT",-12.5425,-55.7211,4.71,26.26,31.34,23.0,77.99,0.13,NASA_POWER
2015-04-09,sorriso_mt,"Sorriso, MT",-12.5425,-55.7211,1.72,26.04,30.32,21.81,79.6,0.1,NASA_POWER
2015-04-10,sorriso_mt,"Sorriso, MT",-12.5425,-55.7211,33.37,25.23,27.93,22.95,86.26,0.12,NASA_POWER
2015-04-11,sorriso_mt,"Sorriso, MT",-12.5425,-55.7211,3.78,24.61,27.86,22.1,89.83,0.11,NASA_POWER
2015-04-12,sorriso_mt,"Sorriso, MT",-12.5425,-55.7211,0.23,25.92,30.54,21.89,81.13,0.02,NASA_POWER
2015-04-13,sorriso_mt,"Sorriso, MT",-12.5425,-55.7211,0.91,24.32,26.25,22.39,87.48,0.11,NASA_POWER
2015-04-14,sorriso_mt,"Sorriso, MT",-12.5425,-55.7211,1.67,25.98,31.69,20.91,78.43,0.1,NASA_POWER
2015-04-15,sorriso_mt,"Sorriso, MT",-12.5425,-55.7211,1.35,25.9,30.59,22.33,81.05,0.16,NASA_POWER
2015-04-16,sorriso_mt,"Sorriso, MT",-12.5425,-55.7211,10.7,26.4,31.83,22.89,78.04,0.1,NASA_POWER
2015-04-17,sorriso_mt,"Sorriso, MT",-12.5425,-55.7211,2.88,25.11,29.9,21.93,83.4,0.25,NASA_POWER
2015-04-18,sorriso_mt,"Sorriso, MT",-12.5425,-55.7211,0.07,26.36,32.33,20.92,76.19,0.12,NASA_POWER
2015-04-19,sorriso_mt,"Sorriso, MT",-12.5425,-55.7211,0.09,27.33,33.2,23.37,74.28,0.08,NASA_POWER
2015-04-20,sorriso_mt,"Sorriso, MT",-12.5425,-55.7211,0.13,26.67,30.99,23.35,80.84,0.12,NASA_POWER
2015-04-21,sorriso_mt,"Sorriso, MT",-12.5425,-55.7211,0.15,27.11,32.31,23.45,76.39,0.1,NASA_POWER
2015-04-22,sorriso_mt,"Sorriso, MT",-12.5425,-55.7211,0.72,26.71,31.81,23.42,77.26,0.05,NASA_POWER
2015-04-23,sorriso_mt,"Sorriso, MT",-12.5425,-55.7211,0.31,26.73,31.96,22.08,75.99,0.09,NASA_POWER
2015-04-24,sorriso_mt,"Sorriso, MT",-12.5425,-55.7211,2.05,26.38,31.43,22.28,77.84,0.11,NASA_POWER
2015-04-25,sorriso_mt,"Sorriso, MT",-12.5425,-55.7211,8.86,26.25,30.76,22.04,80.5,0.15,NASA_POWER
2015-04-26,sorriso_mt,"Sorriso, MT",-12.5425,-55.7211,2.57,26.15,30.45,22.81,83.16,0.16,NASA_POWER
2015-04-27,sorriso_mt,"Sorriso, MT",-12.5425,-55.7211,0.56,26.08,31.16,22.52,80.37,0.06,NASA_POWER
2015-04-28,sorriso_mt,"Sorriso, MT",-12.5425,-55.7211,0.38,25.5,30.19,22.97,78.26,0.03,NASA_POWER
2015-04-29,sorriso_mt,"Sorriso, MT",-12.5425,-55.7211,1.33,25.37,29.49,22.37,78.33,0.09,NASA_POWER
2015-04-30,sorriso_mt,"Sorriso, MT",-12.5425,-55.7211,0.85,25.91,30.24,22.3,76.38,0.16,NASA_POWER
2015-05-01,sorriso_mt,"Sorriso, MT",-12.5425,-55.7211,3.23,25.75,31.12,21.61,76.02,0.12,NASA_POWER
2015-05-02,sorriso_mt,"Sorriso, MT",-12.5425,-55.7211,0.65,26.22,32.07,21.46,75.34,0.03,NASA_POWER
2015-05-03,sorriso_mt,"Sorriso, MT",-12.5425,-55.7211,1.39,24.25,27.97,21.02,84.27,0.03,NASA_POWER
2015-05-04,sorriso_mt,"Sorriso, MT",-12.5425,-55.7211,0.96,25.07,31.34,19.53,76.83,0.08,NASA_POWER
2015-05-05,sorriso_mt,"Sorriso, MT",-12.5425,-55.7211,0.9,26.86,32.68,21.89,72.42,0.04,NASA_POWER
2015-05-06,sorriso_mt,"Sorriso, MT",-12.5425,-55.7211,1.35,24.12,26.58,21.87,86.17,0.04,NASA_POWER
2015-05-07,sorriso_mt,"Sorriso, MT",-12.5425,-55.7211,0.23,25.21,31.42,21.12,79.44,0.12,NASA_POWER
2015-05-08,sorriso_mt,"Sorriso, MT",-12.5425,-55.7211,0.09,26.65,33.2,21.37,70.97,0.04,NASA_POWER
2015-05-09,sorriso_mt,"Sorriso, MT",-12.5425,-55.7211,0.03,26.89,32.43,21.7,72.36,0.05,NASA_POWER
2015-05-10,sorriso_mt,"Sorriso, MT",-12.5425,-55.7211,0.02,27.48,32.79,23.05,71.34,0.02,NASA_POWER
2015-05-11,sorriso_mt,"Sorriso, MT",-12.5425,-55.7211,0.05,25.38,28.81,22.58,79.82,0.03,NASA_POWER
2015-05-12,sorriso_mt,"Sorriso, MT",-12.5425,-55.7211,0.02,25.03,30.26,21.27,75.3,0.02,NASA_POWER
2015-05-13,sorriso_mt,"Sorriso, MT",-12.5425,-55.7211,0.04,25.42,30.86,21.88,73.98,0.03,NASA_POWER
2015-05-14,sorriso_mt,"Sorriso, MT",-12.5425,-55.7211,0.22,25.16,30.69,20.68,68.62,0.03,NASA_POWER
2015-05-15,sorriso_mt,"Sorriso, MT",-12.5425,-55.7211,0.47,24.87,30.33,20.88,76.24,0.04,NASA_POWER
2015-05-16,sorriso_mt,"Sorriso, MT",-12.5425,-55.7211,11.19,25.28,30.92,21.64,78.38,0.03,NASA_POWER
2015-05-17,sorriso_mt,"Sorriso, MT",-12.5425,-55.7211,1.0,25.04,30.67,21.09,78.87,0.08,NASA_POWER
2015-05-18,sorriso_mt,"Sorriso, MT",-12.5425,-55.7211,0.0,25.33,30.29,21.11,72.81,0.04,NASA_POWER
2015-05-19,sorriso_mt,"Sorriso, MT",-12.5425,-55.7211,0.01,26.54,32.95,20.59,67.95,0.03,NASA_POWER
2015-05-20,sorriso_mt,"Sorriso, MT",-12.5425,-55.7211,0.13,26.76,32.76,21.26,67.21,0.1,NASA_POWER
2015-05-21,sorriso_mt,"Sorriso, MT",-12.5425,-55.7211,0.15,27.13,33.19,21.96,65.71,0.04,NASA_POWER
2015-05-22,sorriso_mt,"Sorriso, MT",-12.5425,-55.7211,0.0,26.69,30.9,22.53,69.02,0.06,NASA_POWER
2015-05-23,sorriso_mt,"Sorriso, MT",-12.5425,-55.7211,0.0,27.53,33.64,22.34,65.79,0.05,NASA_POWER
2015-05-24,sorriso_mt,"Sorriso, MT",-12.5425,-55.7211,0.0,27.13,32.33,23.27,70.08,0.09,NASA_POWER
2015-05-25,sorriso_mt,"Sorriso, MT",-12.5425,-55.7211,0.0,27.41,34.05,21.89,63.87,0.14,NASA_POWER
2015-05-26,sorriso_mt,"Sorriso, MT",-12.5425,-55.7211,0.0,27.07,34.19,20.38,60.5,0.16,NASA_POWER
2015-05-27,sorriso_mt,"Sorriso, MT",-12.5425,-55.7211,0.0,27.04,34.88,19.91,62.06,0.15,NASA_POWER
2015-05-28,sorriso_mt,"Sorriso, MT",-12.5425,-55.7211,0.0,27.59,34.37,22.44,62.36,0.04,NASA_POWER
2015-05-29,sorriso_mt,"Sorriso, MT",-12.5425,-55.7211,0.03,27.84,34.13,22.52,62.54,0.11,NASA_POWER
2015-05-30,sorriso_mt,"Sorriso, MT",-12.5425,-55.7211,0.04,27.89,34.58,21.44,63.23,0.09,NASA_POWER
2015-05-31,sorriso_mt,"Sorriso, MT",-12.5425,-55.7211,5.53,28.15,34.64,23.46,65.02,0.09,NASA_POWER
2015-06-01,sorriso_mt,"Sorriso, MT",-12.5425,-55.7211,1.52,27.52,34.58,21.58,71.33,0.15,NASA_POWER
2015-06-02,sorriso_mt,"Sorriso, MT",-12.5425,-55.7211,0.0,27.97,33.92,22.68,63.23,0.14,NASA_POWER
2015-06-03,sorriso_mt,"Sorriso, MT",-12.5425,-55.7211,0.0,27.64,33.95,22.46,64.13,0.12,NASA_POWER
2015-06-04,sorriso_mt,"Sorriso, MT",-12.5425,-55.7211,0.02,26.14,32.25,21.4,62.22,0.04,NASA_POWER
2015-06-05,sorriso_mt,"Sorriso, MT",-12.5425,-55.7211,0.0,26.61,33.99,19.81,61.52,0.1,NASA_POWER
2015-06-06,sorriso_mt,"Sorriso, MT",-12.5425,-55.7211,0.0,27.74,34.14,21.03,55.25,0.11,NASA_POWER
2015-06-07,sorriso_mt,"Sorriso, MT",-12.5425,-55.7211,0.0,27.78,34.75,21.38,58.8,0.15,NASA_POWER
2015-06-08,sorriso_mt,"Sorriso, MT",-12.5425,-55.7211,0.0,27.28,34.05,20.86,57.87,0.09,NASA_POWER
2015-06-09,sorriso_mt,"Sorriso, MT",-12.5425,-55.7211,0.0,27.15,34.38,20.43,57.58,0.06,NASA_POWER
2015-06-10,sorriso_mt,"Sorriso, MT",-12.5425,-55.7211,0.0,27.2,34.49,21.26,62.64,0.06,NASA_POWER
2015-06-11,sorriso_mt,"Sorriso, MT",-12.5425,-55.7211,0.0,25.82,32.0,21.87,64.78,0.15,NASA_POWER
2015-06-12,sorriso_mt,"Sorriso, MT",-12.5425,-55.7211,0.0,26.88,34.68,19.22,54.28,0.14,NASA_POWER
2015-06-13,sorriso_mt,"Sorriso, MT",-12.5425,-55.7211,0.0,26.18,33.69,20.12,63.99,0.14,NASA_POWER
2015-06-14,sorriso_mt,"Sorriso, MT",-12.5425,-55.7211,0.0,26.94,34.62,20.54,62.09,0.13,NASA_POWER
2015-06-15,sorriso_mt,"Sorriso, MT",-12.5425,-55.7211,0.0,27.64,35.39,21.13,62.46,0.08,NASA_POWER
2015-06-16,sorriso_mt,"Sorriso, MT",-12.5425,-55.7211,0.0,28.19,35.22,21.7,56.23,0.1,NASA_POWER
2015-06-17,sorriso_mt,"Sorriso, MT",-12.5425,-55.7211,0.0,28.38,35.48,21.97,54.39,0.26,NASA_POWER
2015-06-18,sorriso_mt,"Sorriso, MT",-12.5425,-55.7211,0.0,27.94,34.63,20.95,47.38,0.19,NASA_POWER
2015-06-19,sorriso_mt,"Sorriso, MT",-12.5425,-55.7211,0.0,25.98,31.75,21.03,53.94,0.04,NASA_POWER
2015-06-20,sorriso_mt,"Sorriso, MT",-12.5425,-55.7211,0.0,25.67,32.88,19.72,57.82,0.05,NASA_POWER
2015-06-21,sorriso_mt,"Sorriso, MT",-12.5425,-55.7211,0.0,26.0,33.06,19.3,50.29,0.04,NASA_POWER
2015-06-22,sorriso_mt,"Sorriso, MT",-12.5425,-55.7211,0.0,26.89,33.98,20.17,48.59,0.09,NASA_POWER
2015-06-23,sorriso_mt,"Sorriso, MT",-12.5425,-55.7211,0.0,27.51,34.37,21.92,42.03,0.05,NASA_POWER
2015-06-24,sorriso_mt,"Sorriso, MT",-12.5425,-55.7211,0.0,26.73,32.94,20.52,42.39,0.04,NASA_POWER
2015-06-25,sorriso_mt,"Sorriso, MT",-12.5425,-55.7211,0.0,26.04,33.65,19.56,41.5,0.21,NASA_POWER
2015-06-26,sorriso_mt,"Sorriso, MT",-12.5425,-55.7211,0.0,26.74,34.57,19.04,46.95,0.07,NASA_POWER
2015-06-27,sorriso_mt,"Sorriso, MT",-12.5425,-55.7211,0.0,27.43,33.97,21.57,48.25,0.04,NASA_POWER
2015-06-28,sorriso_mt,"Sorriso, MT",-12.5425,-55.7211,0.0,26.24,33.51,20.17,39.91,0.04,NASA_POWER
2015-06-29,sorriso_mt,"Sorriso, MT",-12.5425,-55.7211,0.0,26.21,33.72,18.79,46.79,0.13,NASA_POWER
2015-06-30,sorriso_mt,"Sorriso, MT",-12.5425,-55.7211,0.0,28.14,35.05,20.58,46.33,0.23,NASA_POWER
2015-07-01,sorriso_mt,"Sorriso, MT",-12.5425,-55.7211,0.0,27.65,35.13,21.89,39.52,0.22,NASA_POWER
2015-07-02,sorriso_mt,"Sorriso, MT",-12.5425,-55.7211,0.0,26.48,34.75,19.3,37.69,0.13,NASA_POWER
2015-07-03,sorriso_mt,"Sorriso, MT",-12.5425,-55.7211,0.0,27.43,35.37,19.63,50.79,0.15,NASA_POWER
2015-07-04,sorriso_mt,"Sorriso, MT",-12.5425,-55.7211,0.0,28.49,34.49,23.4,52.55,0.03,NASA_POWER
2015-07-05,sorriso_mt,"Sorriso, MT",-12.5425,-55.7211,0.0,26.23,33.04,21.45,50.49,0.03,NASA_POWER
2015-07-06,sorriso_mt,"Sorriso, MT",-12.5425,-55.7211,0.21,26.51,33.14,20.94,53.61,0.02,NASA_POWER
2015-07-07,sorriso_mt,"Sorriso, MT",-12.5425,-55.7211,0.02,26.16,31.24,21.97,51.24,0.08,NASA_POWER
2015-07-08,sorriso_mt,"Sorriso, MT",-12.5425,-55.7211,0.0,26.09,31.99,21.82,52.4,0.07,NASA_POWER
2015-07-09,sorriso_mt,"Sorriso, MT",-12.5425,-55.7211,0.0,27.43,34.7,20.72,51.13,0.05,NASA_POWER
2015-07-10,sorriso_mt,"Sorriso, MT",-12.5425,-55.7211,0.0,28.42,35.13,22.55,50.74,0.12,NASA_POWER
2015-07-11,sorriso_mt,"Sorriso, MT",-12.5425,-55.7211,0.16,28.43,35.34,22.16,47.78,0.19,NASA_POWER
2015-07-12,sorriso_mt,"Sorriso, MT",-12.5425,-55.7211,0.05,27.83,35.12,21.0,51.43,0.1,NASA_POWER
2015-07-13,sorriso_mt,"Sorriso, MT",-12.5425,-55.7211,0.02,28.48,35.2,22.39,52.52,0.05,NASA_POWER
2015-07-14,sorriso_mt,"Sorriso, MT",-12.5425,-55.7211,0.0,28.38,35.78,22.34,49.97,0.12,NASA_POWER
2015-07-15,sorriso_mt,"Sorriso, MT",-12.5425,-55.7211,0.05,28.27,35.6,22.38,43.28,0.16,NASA_POWER
2015-07-16,sorriso_mt,"Sorriso, MT",-12.5425,-55.7211,0.22,28.04,35.7,22.23,38.46,0.14,NASA_POWER
2015-07-17,sorriso_mt,"Sorriso, MT",-12.5425,-55.7211,0.0,27.21,34.89,20.48,37.91,0.08,NASA_POWER
2015-07-18,sorriso_mt,"Sorriso, MT",-12.5425,-55.7211,0.0,27.1,34.86,20.87,38.67,0.19,NASA_POWER
2015-07-19,sorriso_mt,"Sorriso, MT",-12.5425,-55.7211,0.0,26.23,34.62,18.48,40.31,0.22,NASA_POWER
2015-07-20,sorriso_mt,"Sorriso, MT",-12.5425,-55.7211,0.0,27.56,36.13,20.07,41.16,0.32,NASA_POWER
2015-07-21,sorriso_mt,"Sorriso, MT",-12.5425,-55.7211,0.01,27.25,34.95,20.34,38.18,0.04,NASA_POWER
2015-07-22,sorriso_mt,"Sorriso, MT",-12.5425,-55.7211,0.0,27.05,35.07,20.38,43.14,0.06,NASA_POWER
2015-07-23,sorriso_mt,"Sorriso, MT",-12.5425,-55.7211,0.0,26.7,35.43,18.91,36.13,0.07,NASA_POWER
2015-07-24,sorriso_mt,"Sorriso, MT",-12.5425,-55.7211,0.0,27.37,34.96,20.35,34.17,0.04,NASA_POWER
2015-07-25,sorriso_mt,"Sorriso, MT",-12.5425,-55.7211,0.0,26.9,35.2,19.84,32.54,0.11,NASA_POWER
2015-07-26,sorriso_mt,"Sorriso, MT",-12.5425,-55.7211,0.0,26.21,35.47,17.8,32.39,0.19,NASA_POWER
2015-07-27,sorriso_mt,"Sorriso, MT",-12.5425,-55.7211,0.0,27.16,36.45,17.31,29.68,0.29,NASA_POWER
2015-07-28,sorriso_mt,"Sorriso, MT",-12.5425,-55.7211,0.0,28.57,36.66,21.99,31.45,0.4,NASA_POWER
2015-07-29,sorriso_mt,"Sorriso, MT",-12.5425,-55.7211,0.0,28.66,36.6,21.15,33.71,0.19,NASA_POWER
2015-07-30,sorriso_mt,"Sorriso, MT",-12.5425,-55.7211,0.0,28.79,36.61,21.74,29.89,0.07,NASA_POWER
2015-07-31,sorriso_mt,"Sorriso, MT",-12.5425,-55.7211,0.0,27.71,36.08,20.44,27.01,0.25,NASA_POWER
2015-08-01,sorriso_mt,"Sorriso, MT",-12.5425,-55.7211,0.0,27.2,35.81,18.2,31.43,0.36,NASA_POWER
2015-08-02,sorriso_mt,"Sorriso, MT",-12.5425,-55.7211,0.0,26.8,35.38,19.01,30.86,0.11,NASA_POWER
2015-08-03,sorriso_mt,"Sorriso, MT",-12.5425,-55.7211,0.0,27.62,36.07,18.78,34.1,0.33,NASA_POWER
2015-08-04,sorriso_mt,"Sorriso, MT",-12.5425,-55.7211,0.0,28.5,36.89,21.81,31.89,0.13,NASA_POWER
2015-08-05,sorriso_mt,"Sorriso, MT",-12.5425,-55.7211,0.0,28.0,36.92,20.17,29.68,0.18,NASA_POWER
2015-08-06,sorriso_mt,"Sorriso, MT",-12.5425,-55.7211,0.0,28.43,37.45,20.45,28.0,0.11,NASA_POWER
2015-08-07,sorriso_mt,"Sorriso, MT",-12.5425,-55.7211,0.0,29.53,38.09,21.31,33.08,0.09,NASA_POWER
2015-08-08,sorriso_mt,"Sorriso, MT",-12.5425,-55.7211,0.0,29.39,37.45,22.23,29.91,0.04,NASA_POWER
2015-08-09,sorriso_mt,"Sorriso, MT",-12.5425,-55.7211,0.0,28.6,36.84,21.59,28.02,0.1,NASA_POWER
2015-08-10,sorriso_mt,"Sorriso, MT",-12.5425,-55.7211,0.0,28.75,37.02,22.09,29.39,0.11,NASA_POWER
2015-08-11,sorriso_mt,"Sorriso, MT",-12.5425,-55.7211,0.0,28.98,36.48,21.45,27.58,0.04,NASA_POWER
2015-08-12,sorriso_mt,"Sorriso, MT",-12.5425,-55.7211,0.0,28.53,35.92,22.89,30.86,0.15,NASA_POWER
2015-08-13,sorriso_mt,"Sorriso, MT",-12.5425,-55.7211,0.0,27.65,35.85,21.73,24.09,0.11,NASA_POWER
2015-08-14,sorriso_mt,"Sorriso, MT",-12.5425,-55.7211,0.0,27.06,35.39,20.32,26.64,0.18,NASA_POWER
2015-08-15,sorriso_mt,"Sorriso, MT",-12.5425,-55.7211,0.0,27.64,36.37,20.56,26.48,0.15,NASA_POWER
2015-08-16,sorriso_mt,"Sorriso, MT",-12.5425,-55.7211,0.0,28.09,36.86,20.02,27.1,0.18,NASA_POWER
2015-08-17,sorriso_mt,"Sorriso, MT",-12.5425,-55.7211,0.0,29.42,37.44,21.18,30.32,0.28,NASA_POWER
2015-08-18,sorriso_mt,"Sorriso, MT",-12.5425,-55.7211,0.32,30.46,37.08,23.92,33.45,0.07,NASA_POWER
2015-08-19,sorriso_mt,"Sorriso, MT",-12.5425,-55.7211,0.01,30.1,37.7,22.82,31.36,0.04,NASA_POWER
2015-08-20,sorriso_mt,"Sorriso, MT",-12.5425,-55.7211,0.0,29.63,37.81,21.69,30.73,0.06,NASA_POWER
2015-08-21,sorriso_mt,"Sorriso, MT",-12.5425,-55.7211,0.0,30.48,38.33,22.66,30.19,0.16,NASA_POWER
2015-08-22,sorriso_mt,"Sorriso, MT",-12.5425,-55.7211,0.0,31.49,38.9,25.11,28.36,0.24,NASA_POWER
2015-08-23,sorriso_mt,"Sorriso, MT",-12.5425,-55.7211,0.0,31.03,39.65,23.8,27.86,0.12,NASA_POWER
2015-08-24,sorriso_mt,"Sorriso, MT",-12.5425,-55.7211,0.0,30.99,38.88,24.61,28.75,0.2,NASA_POWER
2015-08-25,sorriso_mt,"Sorriso, MT",-12.5425,-55.7211,0.0,31.82,39.93,24.54,26.66,0.29,NASA_POWER
2015-08-26,sorriso_mt,"Sorriso, MT",-12.5425,-55.7211,0.55,30.36,36.94,24.37,38.05,0.17,NASA_POWER
2015-08-27,sorriso_mt,"Sorriso, MT",-12.5425,-55.7211,1.04,30.98,36.72,24.9,42.26,0.15,NASA_POWER
2015-08-28,sorriso_mt,"Sorriso, MT",-12.5425,-55.7211,0.0,31.06,37.97,24.2,40.89,0.04,NASA_POWER
2015-08-29,sorriso_mt,"Sorriso, MT",-12.5425,-55.7211,0.0,31.32,38.34,25.14,35.17,0.06,NASA_POWER
2015-08-30,sorriso_mt,"Sorriso, MT",-12.5425,-55.7211,0.12,32.07,39.33,24.45,30.45,0.04,NASA_POWER
2015-08-31,sorriso_mt,"Sorriso, MT",-12.5425,-55.7211,0.0,32.08,39.06,25.12,28.28,0.07,NASA_POWER
2015-09-01,sorriso_mt,"Sorriso, MT",-12.5425,-55.7211,0.0,31.93,38.77,26.34,27.25,0.04,NASA_POWER
2015-09-02,sorriso_mt,"Sorriso, MT",-12.5425,-55.7211,0.0,31.32,39.47,23.08,24.44,0.17,NASA_POWER
2015-09-03,sorriso_mt,"Sorriso, MT",-12.5425,-55.7211,0.0,30.81,39.8,22.0,23.15,0.23,NASA_POWER
2015-09-04,sorriso_mt,"Sorriso, MT",-12.5425,-55.7211,0.0,31.67,40.08,23.15,21.95,0.44,NASA_POWER
2015-09-05,sorriso_mt,"Sorriso, MT",-12.5425,-55.7211,0.0,32.1,39.23,25.78,25.94,0.3,NASA_POWER
2015-09-06,sorriso_mt,"Sorriso, MT",-12.5425,-55.7211,0.03,33.38,40.18,27.22,29.93,0.07,NASA_POWER
2015-09-07,sorriso_mt,"Sorriso, MT",-12.5425,-55.7211,0.05,33.25,38.48,28.07,37.69,0.05,NASA_POWER
2015-09-08,sorriso_mt,"Sorriso, MT",-12.5425,-55.7211,0.0,33.27,38.4,28.75,38.41,0.04,NASA_POWER
2015-09-09,sorriso_mt,"Sorriso, MT",-12.5425,-55.7211,0.0,32.09,37.58,26.13,38.22,0.11,NASA_POWER
2015-09-10,sorriso_mt,"Sorriso, MT",-12.5425,-55.7211,0.0,33.17,39.55,25.91,33.5,0.06,NASA_POWER
2015-09-11,sorriso_mt,"Sorriso, MT",-12.5425,-55.7211,0.0,34.09,40.28,27.27,30.64,0.25,NASA_POWER
2015-09-12,sorriso_mt,"Sorriso, MT",-12.5425,-55.7211,0.0,30.75,35.85,26.49,42.68,0.05,NASA_POWER
2015-09-13,sorriso_mt,"Sorriso, MT",-12.5425,-55.7211,0.03,30.31,37.07,23.92,43.57,0.04,NASA_POWER
2015-09-14,sorriso_mt,"Sorriso, MT",-12.5425,-55.7211,0.0,31.41,38.15,25.44,39.2,0.05,NASA_POWER
2015-09-15,sorriso_mt,"Sorriso, MT",-12.5425,-55.7211,0.0,31.38,36.68,26.46,42.45,0.16,NASA_POWER
2015-09-16,sorriso_mt,"Sorriso, MT",-12.5425,-55.7211,0.0,33.41,40.56,25.83,31.3,0.19,NASA_POWER
2015-09-17,sorriso_mt,"Sorriso, MT",-12.5425,-55.7211,0.0,32.64,40.19,26.38,26.73,0.08,NASA_POWER
2015-09-18,sorriso_mt,"Sorriso, MT",-12.5425,-55.7211,0.0,31.89,40.43,24.2,22.91,0.14,NASA_POWER
2015-09-19,sorriso_mt,"Sorriso, MT",-12.5425,-55.7211,0.0,32.42,40.53,25.28,19.83,0.11,NASA_POWER
2015-09-20,sorriso_mt,"Sorriso, MT",-12.5425,-55.7211,0.0,31.56,39.51,24.09,23.6,0.24,NASA_POWER
2015-09-21,sorriso_mt,"Sorriso, MT",-12.5425,-55.7211,0.0,32.74,40.25,24.56,26.99,0.1,NASA_POWER
2015-09-22,sorriso_mt,"Sorriso, MT",-12.5425,-55.7211,0.0,32.82,39.5,27.07,31.64,0.11,NASA_POWER
2015-09-23,sorriso_mt,"Sorriso, MT",-12.5425,-55.7211,0.0,32.36,39.39,26.1,35.56,0.05,NASA_POWER
2015-09-24,sorriso_mt,"Sorriso, MT",-12.5425,-55.7211,0.0,32.29,38.49,26.29,37.3,0.09,NASA_POWER
2015-09-25,sorriso_mt,"Sorriso, MT",-12.5425,-55.7211,0.0,33.36,38.97,27.42,32.87,0.2,NASA_POWER
2015-09-26,sorriso_mt,"Sorriso, MT",-12.5425,-55.7211,0.0,32.49,38.96,27.2,34.98,0.13,NASA_POWER
2015-09-27,sorriso_mt,"Sorriso, MT",-12.5425,-55.7211,0.0,33.27,40.77,25.78,31.28,0.14,NASA_POWER
2015-09-28,sorriso_mt,"Sorriso, MT",-12.5425,-55.7211,0.08,31.84,38.8,26.08,36.83,0.08,NASA_POWER
2015-09-29,sorriso_mt,"Sorriso, MT",-12.5425,-55.7211,1.93,31.43,37.17,25.3,45.02,0.04,NASA_POWER
2015-09-30,sorriso_mt,"Sorriso, MT",-12.5425,-55.7211,0.57,30.3,35.74,25.0,48.58,0.03,NASA_POWER
2015-10-01,sorriso_mt,"Sorriso, MT",-12.5425,-55.7211,0.04,31.98,39.41,24.44,39.3,0.05,NASA_POWER
2015-10-02,sorriso_mt,"Sorriso, MT",-12.5425,-55.7211,0.0,33.37,40.38,27.82,32.22,0.12,NASA_POWER
2015-10-03,sorriso_mt,"Sorriso, MT",-12.5425,-55.7211,0.02,32.44,38.47,26.2,38.69,0.03,NASA_POWER
2015-10-04,sorriso_mt,"Sorriso, MT",-12.5425,-55.7211,0.05,33.43,39.9,27.16,41.25,0.03,NASA_POWER
2015-10-05,sorriso_mt,"Sorriso, MT",-12.5425,-55.7211,0.2,33.37,39.64,28.28,38.06,0.11,NASA_POWER
2015-10-06,sorriso_mt,"Sorriso, MT",-12.5425,-55.7211,7.18,31.83,39.04,26.14,44.65,0.06,NASA_POWER
2015-10-07,sorriso_mt,"Sorriso, MT",-12.5425,-55.7211,2.82,29.24,36.09,24.14,65.65,0.07,NASA_POWER
2015-10-08,sorriso_mt,"Sorriso, MT",-12.5425,-55.7211,0.12,28.95,35.67,24.31,60.67,0.03,NASA_POWER
2015-10-09,sorriso_mt,"Sorriso, MT",-12.5425,-55.7211,0.01,30.67,38.07,23.66,52.17,0.08,NASA_POWER
2015-10-10,sorriso_mt,"Sorriso, MT",-12.5425,-55.7211,4.01,28.52,35.05,23.14,61.96,0.05,NASA_POWER
2015-10-11,sorriso_mt,"Sorriso, MT",-12.5425,-55.7211,0.67,28.9,36.63,22.26,62.83,0.07,NASA_POWER
2015-10-12,sorriso_mt,"Sorriso, MT",-12.5425,-55.7211,0.0,29.74,36.53,24.44,49.07,0.05,NASA_POWER
2015-10-13,sorriso_mt,"Sorriso, MT",-12.5425,-55.7211,0.0,31.16,38.97,23.74,44.65,0.03,NASA_POWER
2015-10-14,sorriso_mt,"Sorriso, MT",-12.5425,-55.7211,0.0,32.2,39.57,24.76,42.98,0.09,NASA_POWER
2015-10-15,sorriso_mt,"Sorriso, MT",-12.5425,-55.7211,0.0,32.12,40.23,25.43,40.66,0.19,NASA_POWER
2015-10-16,sorriso_mt,"Sorriso, MT",-12.5425,-55.7211,0.0,32.84,40.86,24.08,32.61,0.14,NASA_POWER
2015-10-17,sorriso_mt,"Sorriso, MT",-12.5425,-55.7211,0.0,33.93,40.98,27.58,31.68,0.18,NASA_POWER
2015-10-18,sorriso_mt,"Sorriso, MT",-12.5425,-55.7211,0.02,33.07,41.79,24.78,30.13,0.12,NASA_POWER
2015-10-19,sorriso_mt,"Sorriso, MT",-12.5425,-55.7211,20.94,30.64,39.22,24.65,49.24,0.12,NASA_POWER
2015-10-20,sorriso_mt,"Sorriso, MT",-12.5425,-55.7211,0.05,30.07,37.71,24.41,59.74,0.04,NASA_POWER
2015-10-21,sorriso_mt,"Sorriso, MT",-12.5425,-55.7211,0.0,30.28,38.03,24.61,58.28,0.05,NASA_POWER
2015-10-22,sorriso_mt,"Sorriso, MT",-12.5425,-55.7211,0.0,31.76,40.69,24.5,50.71,0.2,NASA_POWER
2015-10-23,sorriso_mt,"Sorriso, MT",-12.5425,-55.7211,1.8,30.23,38.14,23.78,51.42,0.05,NASA_POWER
2015-10-24,sorriso_mt,"Sorriso, MT",-12.5425,-55.7211,0.0,30.13,38.09,22.36,52.66,0.04,NASA_POWER
2015-10-25,sorriso_mt,"Sorriso, MT",-12.5425,-55.7211,0.12,29.77,34.84,24.31,57.89,0.11,NASA_POWER
2015-10-26,sorriso_mt,"Sorriso, MT",-12.5425,-55.7211,3.74,29.76,37.18,24.06,63.51,0.03,NASA_POWER
2015-10-27,sorriso_mt,"Sorriso, MT",-12.5425,-55.7211,1.97,29.32,36.71,24.79,64.34,0.02,NASA_POWER
2015-10-28,sorriso_mt,"Sorriso, MT",-12.5425,-55.7211,6.55,27.63,34.15,23.27,73.45,0.02,NASA_POWER
2015-10-29,sorriso_mt,"Sorriso, MT",-12.5425,-55.7211,29.25,24.51,26.69,22.65,93.57,0.02,NASA_POWER
2015-10-30,sorriso_mt,"Sorriso, MT",-12.5425,-55.7211,0.8,27.81,34.76,21.7,70.8,0.03,NASA_POWER
2015-10-31,sorriso_mt,"Sorriso, MT",-12.5425,-55.7211,9.14,28.98,36.3,23.25,66.67,0.05,NASA_POWER
2015-11-01,sorriso_mt,"Sorriso, MT",-12.5425,-55.7211,9.3,25.9,28.32,23.62,84.65,0.06,NASA_POWER
2015-11-02,sorriso_mt,"Sorriso, MT",-12.5425,-55.7211,6.42,26.72,31.88,22.67,77.22,0.06,NASA_POWER
2015-11-03,sorriso_mt,"Sorriso, MT",-12.5425,-55.7211,3.19,27.03,32.89,23.19,76.05,0.06,NASA_POWER
2015-11-04,sorriso_mt,"Sorriso, MT",-12.5425,-55.7211,1.14,27.59,33.29,23.08,73.71,0.07,NASA_POWER
2015-11-05,sorriso_mt,"Sorriso, MT",-12.5425,-55.7211,1.72,27.09,33.44,23.08,74.73,0.05,NASA_POWER
2015-11-06,sorriso_mt,"Sorriso, MT",-12.5425,-55.7211,1.2,27.09,33.44,22.65,72.41,0.02,NASA_POWER
2015-11-07,sorriso_mt,"Sorriso, MT",-12.5425,-55.7211,0.06,28.45,36.15,21.89,64.48,0.02,NASA_POWER
2015-11-08,sorriso_mt,"Sorriso, MT",-12.5425,-55.7211,3.56,28.98,35.71,22.58,65.25,0.02,NASA_POWER
2015-11-09,sorriso_mt,"Sorriso, MT",-12.5425,-55.7211,5.62,27.61,31.77,23.82,75.66,0.1,NASA_POWER
2015-11-10,sorriso_mt,"Sorriso, MT",-12.5425,-55.7211,0.0,29.06,35.98,23.34,67.15,0.07,NASA_POWER
2015-11-11,sorriso_mt,"Sorriso, MT",-12.5425,-55.7211,0.0,30.5,37.68,24.07,62.57,0.09,NASA_POWER
2015-11-12,sorriso_mt,"Sorriso, MT",-12.5425,-55.7211,0.91,31.57,38.39,25.18,56.7,0.18,NASA_POWER
2015-11-13,sorriso_mt,"Sorriso, MT",-12.5425,-55.7211,0.85,31.02,37.93,24.5,56.03,0.03,NASA_POWER
2015-11-14,sorriso_mt,"Sorriso, MT",-12.5425,-55.7211,1.99,29.78,37.18,24.88,62.05,0.02,NASA_POWER
2015-11-15,sorriso_mt,"Sorriso, MT",-12.5425,-55.7211,1.67,29.0,35.67,24.22,67.44,0.02,NASA_POWER
2015-11-16,sorriso_mt,"Sorriso, MT",-12.5425,-55.7211,0.78,29.21,35.91,23.88,64.02,0.02,NASA_POWER
2015-11-17,sorriso_mt,"Sorriso, MT",-12.5425,-55.7211,0.23,30.09,36.18,24.13,61.3,0.06,NASA_POWER
2015-11-18,sorriso_mt,"Sorriso, MT",-12.5425,-55.7211,0.68,30.14,36.51,25.08,59.19,0.02,NASA_POWER
2015-11-19,sorriso_mt,"Sorriso, MT",-12.5425,-55.7211,0.27,28.29,34.06,23.69,65.39,0.03,NASA_POWER
2015-11-20,sorriso_mt,"Sorriso, MT",-12.5425,-55.7211,0.98,28.78,35.79,23.32,66.07,0.02,NASA_POWER
2015-11-21,sorriso_mt,"Sorriso, MT",-12.5425,-55.7211,0.55,29.89,37.03,23.8,63.24,0.03,NASA_POWER
2015-11-22,sorriso_mt,"Sorriso, MT",-12.5425,-55.7211,0.9,31.22,38.12,25.36,58.48,0.05,NASA_POWER
2015-11-23,sorriso_mt,"Sorriso, MT",-12.5425,-55.7211,1.93,29.46,34.83,25.0,63.93,0.02,NASA_POWER
2015-11-24,sorriso_mt,"Sorriso, MT",-12.5425,-55.7211,3.01,29.26,34.94,25.03,67.42,0.04,NASA_POWER
2015-11-25,sorriso_mt,"Sorriso, MT",-12.5425,-55.7211,5.06,28.19,34.61,24.38,74.33,0.03,NASA_POWER
2015-11-26,sorriso_mt,"Sorriso, MT",-12.5425,-55.7211,3.85,28.6,36.02,23.36,69.41,0.02,NASA_POWER
2015-11-27,sorriso_mt,"Sorriso, MT",-12.5425,-55.7211,11.42,28.91,35.99,23.87,69.99,0.05,NASA_POWER
2015-11-28,sorriso_mt,"Sorriso, MT",-12.5425,-55.7211,12.71,27.38,33.19,23.74,77.89,0.02,NASA_POWER
2015-11-29,sorriso_mt,"Sorriso, MT",-12.5425,-55.7211,2.57,28.34,35.37,23.41,71.63,0.02,NASA_POWER
2015-11-30,sorriso_mt,"Sorriso, MT",-12.5425,-55.7211,1.83,27.07,31.8,23.74,74.65,0.03,NASA_POWER
2015-12-01,sorriso_mt,"Sorriso, MT",-12.5425,-55.7211,0.23,29.3,36.57,22.77,61.62,0.03,NASA_POWER
2015-12-02,sorriso_mt,"Sorriso, MT",-12.5425,-55.7211,0.55,29.49,35.77,23.49,60.88,0.04,NASA_POWER
2015-12-03,sorriso_mt,"Sorriso, MT",-12.5425,-55.7211,0.13,29.4,36.33,23.6,61.72,0.02,NASA_POWER
2015-12-04,sorriso_mt,"Sorriso, MT",-12.5425,-55.7211,22.36,28.41,34.35,24.24,72.93,0.02,NASA_POWER
2015-12-05,sorriso_mt,"Sorriso, MT",-12.5425,-55.7211,7.62,27.38,31.63,23.58,79.25,0.06,NASA_POWER
2015-12-06,sorriso_mt,"Sorriso, MT",-12.5425,-55.7211,1.84,27.2,32.63,23.75,74.56,0.02,NASA_POWER
2015-12-07,sorriso_mt,"Sorriso, MT",-12.5425,-55.7211,0.41,28.07,34.85,23.56,70.87,0.02,NASA_POWER
2015-12-08,sorriso_mt,"Sorriso, MT",-12.5425,-55.7211,0.27,29.41,35.35,22.96,67.21,0.07,NASA_POWER
2015-12-09,sorriso_mt,"Sorriso, MT",-12.5425,-55.7211,1.1,28.63,32.26,25.14,71.52,0.05,NASA_POWER
2015-12-10,sorriso_mt,"Sorriso, MT",-12.5425,-55.7211,1.18,29.0,35.69,24.92,67.13,0.03,NASA_POWER
2015-12-11,sorriso_mt,"Sorriso, MT",-12.5425,-55.7211,0.01,27.63,31.62,23.63,71.55,0.13,NASA_POWER
2015-12-12,sorriso_mt,"Sorriso, MT",-12.5425,-55.7211,0.0,30.57,38.19,23.09,55.05,0.17,NASA_POWER
2015-12-13,sorriso_mt,"Sorriso, MT",-12.5425,-55.7211,13.03,29.01,34.82,24.76,66.39,0.07,NASA_POWER
2015-12-14,sorriso_mt,"Sorriso, MT",-12.5425,-55.7211,1.13,27.99,32.98,23.97,69.95,0.03,NASA_POWER
2015-12-15,sorriso_mt,"Sorriso, MT",-12.5425,-55.7211,10.89,28.32,35.09,22.91,68.28,0.07,NASA_POWER
2015-12-16,sorriso_mt,"Sorriso, MT",-12.5425,-55.7211,1.76,28.58,35.35,22.45,68.21,0.05,NASA_POWER
2015-12-17,sorriso_mt,"Sorriso, MT",-12.5425,-55.7211,0.06,29.17,35.13,23.73,61.54,0.11,NASA_POWER
2015-12-18,sorriso_mt,"Sorriso, MT",-12.5425,-55.7211,5.57,28.34,34.54,23.34,66.31,0.04,NASA_POWER
2015-12-19,sorriso_mt,"Sorriso, MT",-12.5425,-55.7211,3.64,28.6,33.8,23.01,68.74,0.08,NASA_POWER
2015-12-20,sorriso_mt,"Sorriso, MT",-12.5425,-55.7211,0.36,29.7,36.08,23.39,62.69,0.03,NASA_POWER
2015-12-21,sorriso_mt,"Sorriso, MT",-12.5425,-55.7211,3.01,28.24,32.86,24.24,68.56,0.15,NASA_POWER
2015-12-22,sorriso_mt,"Sorriso, MT",-12.5425,-55.7211,22.47,27.39,33.74,22.8,77.03,0.09,NASA_POWER
2015-12-23,sorriso_mt,"Sorriso, MT",-12.5425,-55.7211,2.87,25.92,29.19,23.24,83.9,0.08,NASA_POWER
2015-12-24,sorriso_mt,"Sorriso, MT",-12.5425,-55.7211,5.51,27.39,32.41,23.14,75.87,0.09,NASA_POWER
2015-12-25,sorriso_mt,"Sorriso, MT",-12.5425,-55.7211,3.06,28.07,33.69,22.99,73.52,0.17,NASA_POWER
2015-12-26,sorriso_mt,"Sorriso, MT",-12.5425,-55.7211,0.0,28.81,33.98,23.04,63.82,0.11,NASA_POWER
2015-12-27,sorriso_mt,"Sorriso, MT",-12.5425,-55.7211,9.64,25.76,28.17,24.19,78.17,0.09,NASA_POWER
2015-12-28,sorriso_mt,"Sorriso, MT",-12.5425,-55.7211,2.27,27.42,33.34,21.56,72.13,0.13,NASA_POWER
2015-12-29,sorriso_mt,"Sorriso, MT",-12.5425,-55.7211,18.0,27.25,32.48,22.94,75.89,0.03,NASA_POWER
2015-12-30,sorriso_mt,"Sorriso, MT",-12.5425,-55.7211,8.02,24.94,28.87,22.9,88.42,0.05,NASA_POWER
2015-12-31,sorriso_mt,"Sorriso, MT",-12.5425,-55.7211,3.77,27.11,31.77,21.71,77.38,0.17,NASA_POWER
2016-01-01,sorriso_mt,"Sorriso, MT",-12.5425,-55.7211,22.48,28.36,32.15,23.87,73.69,0.14,NASA_POWER
2016-01-02,sorriso_mt,"Sorriso, MT",-12.5425,-55.7211,7.98,24.64,27.88,23.11,92.6,0.04,NASA_POWER
2016-01-03,sorriso_mt,"Sorriso, MT",-12.5425,-55.7211,3.88,24.62,28.8,21.67,88.25,0.1,NASA_POWER
2016-01-04,sorriso_mt,"Sorriso, MT",-12.5425,-55.7211,10.64,26.24,31.14,21.65,85.15,0.04,NASA_POWER
2016-01-05,sorriso_mt,"Sorriso, MT",-12.5425,-55.7211,19.89,24.73,27.3,23.0,94.35,0.06,NASA_POWER
2016-01-06,sorriso_mt,"Sorriso, MT",-12.5425,-55.7211,11.23,25.07,28.3,22.11,93.59,0.14,NASA_POWER
2016-01-07,sorriso_mt,"Sorriso, MT",-12.5425,-55.7211,3.9,25.36,28.34,23.37,92.76,0.07,NASA_POWER
2016-01-08,sorriso_mt,"Sorriso, MT",-12.5425,-55.7211,4.92,24.48,26.54,22.53,94.5,0.03,NASA_POWER
2016-01-09,sorriso_mt,"Sorriso, MT",-12.5425,-55.7211,5.91,24.72,27.49,22.78,91.98,0.04,NASA_POWER
2016-01-10,sorriso_mt,"Sorriso, MT",-12.5425,-55.7211,4.66,25.43,29.0,22.6,88.32,0.04,NASA_POWER
2016-01-11,sorriso_mt,"Sorriso, MT",-12.5425,-55.7211,3.88,25.45,29.4,22.69,89.95,0.02,NASA_POWER
2016-01-12,sorriso_mt,"Sorriso, MT",-12.5425,-55.7211,0.61,25.97,29.43,23.18,86.29,0.05,NASA_POWER
2016-01-13,sorriso_mt,"Sorriso, MT",-12.5425,-55.7211,1.44,26.06,30.02,23.09,85.02,0.03,NASA_POWER
2016-01-14,sorriso_mt,"Sorriso, MT",-12.5425,-55.7211,8.17,25.36,29.43,23.05,89.24,0.04,NASA_POWER
2016-01-15,sorriso_mt,"Sorriso, MT",-12.5425,-55.7211,37.78,24.25,26.78,22.62,93.68,0.04,NASA_POWER
2016-01-16,sorriso_mt,"Sorriso, MT",-12.5425,-55.7211,5.59,24.56,27.62,21.71,93.86,0.05,NASA_POWER
2016-01-17,sorriso_mt,"Sorriso, MT",-12.5425,-55.7211,1.28,25.58,28.69,23.22,91.77,0.05,NASA_POWER
2016-01-18,sorriso_mt,"Sorriso, MT",-12.5425,-55.7211,6.32,25.23,27.39,23.77,92.6,0.04,NASA_POWER
2016-01-19,sorriso_mt,"Sorriso, MT",-12.5425,-55.7211,2.93,26.11,29.71,23.09,88.15,0.03,NASA_POWER
2016-01-20,sorriso_mt,"Sorriso, MT",-12.5425,-55.7211,2.56,25.36,28.04,23.58,90.54,0.04,NASA_POWER
2016-01-21,sorriso_mt,"Sorriso, MT",-12.5425,-55.7211,5.48,24.57,27.07,23.02,89.68,0.04,NASA_POWER
2016-01-22,sorriso_mt,"Sorriso, MT",-12.5425,-55.7211,0.86,26.31,30.31,22.73,85.57,0.03,NASA_POWER
2016-01-23,sorriso_mt,"Sorriso, MT",-12.5425,-55.7211,0.95,24.98,26.68,23.6,90.54,0.05,NASA_POWER
2016-01-24,sorriso_mt,"Sorriso, MT",-12.5425,-55.7211,0.16,26.02,29.75,23.1,87.14,0.04,NASA_POWER
2016-01-25,sorriso_mt,"Sorriso, MT",-12.5425,-55.7211,4.45,26.43,29.67,23.29,88.79,0.03,NASA_POWER
2016-01-26,sorriso_mt,"Sorriso, MT",-12.5425,-55.7211,4.76,26.33,29.81,24.05,89.95,0.03,NASA_POWER
2016-01-27,sorriso_mt,"Sorriso, MT",-12.5425,-55.7211,7.66,25.2,27.86,23.43,91.54,0.04,NASA_POWER
2016-01-28,sorriso_mt,"Sorriso, MT",-12.5425,-55.7211,0.37,25.84,29.9,22.32,86.52,0.04,NASA_POWER
2016-01-29,sorriso_mt,"Sorriso, MT",-12.5425,-55.7211,5.77,25.12,27.74,23.52,89.92,0.03,NASA_POWER
2016-01-30,sorriso_mt,"Sorriso, MT",-12.5425,-55.7211,4.23,24.23,27.54,22.37,91.41,0.03,NASA_POWER
2016-01-31,sorriso_mt,"Sorriso, MT",-12.5425,-55.7211,3.28,24.15,27.36,21.9,85.44,0.15,NASA_POWER
2016-02-01,sorriso_mt,"Sorriso, MT",-12.5425,-55.7211,1.28,25.32,30.1,21.23,83.97,0.07,NASA_POWER
2016-02-02,sorriso_mt,"Sorriso, MT",-12.5425,-55.7211,0.71,25.89,30.75,21.57,80.82,0.03,NASA_POWER
2016-02-03,sorriso_mt,"Sorriso, MT",-12.5425,-55.7211,1.29,26.39,31.24,22.46,80.98,0.04,NASA_POWER
2016-02-04,sorriso_mt,"Sorriso, MT",-12.5425,-55.7211,1.88,26.29,31.33,22.52,79.7,0.03,NASA_POWER
2016-02-05,sorriso_mt,"Sorriso, MT",-12.5425,-55.7211,0.99,26.55,31.67,22.38,79.01,0.03,NASA_POWER
2016-02-06,sorriso_mt,"Sorriso, MT",-12.5425,-55.7211,0.03,27.21,32.56,22.35,75.03,0.04,NASA_POWER
2016-02-07,sorriso_mt,"Sorriso, MT",-12.5425,-55.7211,0.25,26.79,31.23,22.78,77.45,0.04,NASA_POWER
2016-02-08,sorriso_mt,"Sorriso, MT",-12.5425,-55.7211,0.12,26.49,30.99,23.4,80.08,0.03,NASA_POWER
2016-02-09,sorriso_mt,"Sorriso, MT",-12.5425,-55.7211,0.47,27.09,32.14,22.87,74.75,0.03,NASA_POWER
2016-02-10,sorriso_mt,"Sorriso, MT",-12.5425,-55.7211,0.18,26.96,32.82,22.95,74.14,0.05,NASA_POWER
2016-02-11,sorriso_mt,"Sorriso, MT",-12.5425,-55.7211,0.47,28.35,35.1,22.1,68.52,0.11,NASA_POWER
2016-02-12,sorriso_mt,"Sorriso, MT",-12.5425,-55.7211,1.04,28.37,34.49,23.44,70.14,0.02,NASA_POWER
2016-02-13,sorriso_mt,"Sorriso, MT",-12.5425,-55.7211,0.43,29.45,35.77,23.99,64.4,0.03,NASA_POWER
2016-02-14,sorriso_mt,"Sorriso, MT",-12.5425,-55.7211,1.96,27.82,32.71,24.02,74.79,0.02,NASA_POWER
2016-02-15,sorriso_mt,"Sorriso, MT",-12.5425,-55.7211,1.7,26.96,32.18,23.76,78.57,0.04,NASA_POWER
2016-02-16,sorriso_mt,"Sorriso, MT",-12.5425,-55.7211,0.77,27.19,32.71,23.06,74.84,0.03,NASA_POWER
2016-02-17,sorriso_mt,"Sorriso, MT",-12.5425,-55.7211,0.41,28.63,34.78,23.42,68.43,0.03,NASA_POWER
2016-02-18,sorriso_mt,"Sorriso, MT",-12.5425,-55.7211,1.07,29.5,36.59,23.75,66.2,0.03,NASA_POWER
2016-02-19,sorriso_mt,"Sorriso, MT",-12.5425,-55.7211,0.56,29.41,35.27,23.43,66.95,0.06,NASA_POWER
2016-02-20,sorriso_mt,"Sorriso, MT",-12.5425,-55.7211,2.21,28.59,33.59,24.67,68.81,0.03,NASA_POWER
2016-02-21,sorriso_mt,"Sorriso, MT",-12.5425,-55.7211,2.06,27.72,33.45,23.45,71.67,0.03,NASA_POWER
2016-02-22,sorriso_mt,"Sorriso, MT",-12.5425,-55.7211,4.24,26.66,32.25,22.52,75.68,0.03,NASA_POWER
2016-02-23,sorriso_mt,"Sorriso, MT",-12.5425,-55.7211,3.08,27.42,34.16,22.14,74.6,0.03,NASA_POWER
2016-02-24,sorriso_mt,"Sorriso, MT",-12.5425,-55.7211,10.44,27.16,33.86,21.79,73.29,0.03,NASA_POWER
2016-02-25,sorriso_mt,"Sorriso, MT",-12.5425,-55.7211,5.97,26.36,31.0,22.82,81.06,0.11,NASA_POWER
2016-02-26,sorriso_mt,"Sorriso, MT",-12.5425,-55.7211,2.36,27.15,33.38,22.01,78.32,0.11,NASA_POWER
2016-02-27,sorriso_mt,"Sorriso, MT",-12.5425,-55.7211,4.7,26.73,32.29,23.14,79.35,0.03,NASA_POWER
2016-02-28,sorriso_mt,"Sorriso, MT",-12.5425,-55.7211,2.23,26.29,30.34,21.77,75.0,0.08,NASA_POWER
2016-02-29,sorriso_mt,"Sorriso, MT",-12.5425,-55.7211,0.48,28.02,34.68,22.86,65.9,0.03,NASA_POWER
2016-03-01,sorriso_mt,"Sorriso, MT",-12.5425,-55.7211,17.64,27.81,34.68,22.92,75.35,0.03,NASA_POWER
2016-03-02,sorriso_mt,"Sorriso, MT",-12.5425,-55.7211,5.23,26.69,32.59,22.81,83.35,0.04,NASA_POWER
2016-03-03,sorriso_mt,"Sorriso, MT",-12.5425,-55.7211,7.66,26.61,31.86,22.87,81.21,0.03,NASA_POWER
2016-03-04,sorriso_mt,"Sorriso, MT",-12.5425,-55.7211,17.14,25.77,29.57,23.3,90.92,0.06,NASA_POWER
2016-03-05,sorriso_mt,"Sorriso, MT",-12.5425,-55.7211,20.07,25.11,28.66,22.45,89.6,0.03,NASA_POWER
2016-03-06,sorriso_mt,"Sorriso, MT",-12.5425,-55.7211,0.68,25.02,29.53,21.54,84.87,0.16,NASA_POWER
2016-03-07,sorriso_mt,"Sorriso, MT",-12.5425,-55.7211,0.3,26.16,30.93,21.49,81.77,0.15,NASA_POWER
2016-03-08,sorriso_mt,"Sorriso, MT",-12.5425,-55.7211,11.03,25.83,29.64,22.96,86.33,0.03,NASA_POWER
2016-03-09,sorriso_mt,"Sorriso, MT",-12.5425,-55.7211,12.81,24.49,26.83,23.01,94.28,0.08,NASA_POWER
2016-03-10,sorriso_mt,"Sorriso, MT",-12.5425,-55.7211,9.93,23.93,25.89,22.54,96.59,0.03,NASA_POWER
2016-03-11,sorriso_mt,"Sorriso, MT",-12.5425,-55.7211,7.57,23.77,25.9,22.52,94.5,0.14,NASA_POWER
2016-03-12,sorriso_mt,"Sorriso, MT",-12.5425,-55.7211,18.01,24.7,28.36,21.24,92.64,0.24,NASA_POWER
2016-03-13,sorriso_mt,"Sorriso, MT",-12.5425,-55.7211,8.86,25.01,28.21,23.24,91.59,0.16,NASA_POWER
2016-03-14,sorriso_mt,"Sorriso, MT",-12.5425,-55.7211,4.5,25.73,29.68,22.93,89.31,0.1,NASA_POWER
2016-03-15,sorriso_mt,"Sorriso, MT",-12.5425,-55.7211,12.96,24.62,27.28,22.77,93.84,0.1,NASA_POWER
2016-03-16,sorriso_mt,"Sorriso, MT",-12.5425,-55.7211,0.11,25.17,29.49,22.06,88.24,0.04,NASA_POWER
2016-03-17,sorriso_mt,"Sorriso, MT",-12.5425,-55.7211,0.0,26.03,29.76,22.57,86.38,0.09,NASA_POWER
2016-03-18,sorriso_mt,"Sorriso, MT",-12.5425,-55.7211,0.38,25.61,29.23,23.18,87.14,0.02,NASA_POWER
2016-03-19,sorriso_mt,"Sorriso, MT",-12.5425,-55.7211,0.5,25.74,30.11,21.66,83.01,0.19,NASA_POWER
2016-03-20,sorriso_mt,"Sorriso, MT",-12.5425,-55.7211,0.12,26.31,31.34,22.6,79.5,0.18,NASA_POWER
2016-03-21,sorriso_mt,"Sorriso, MT",-12.5425,-55.7211,10.34,26.74,31.84,22.18,81.54,0.21,NASA_POWER
2016-03-22,sorriso_mt,"Sorriso, MT",-12.5425,-55.7211,2.07,26.43,30.47,23.27,85.47,0.08,NASA_POWER
2016-03-23,sorriso_mt,"Sorriso, MT",-12.5425,-55.7211,0.06,26.75,31.49,22.51,83.15,0.02,NASA_POWER
2016-03-24,sorriso_mt,"Sorriso, MT",-12.5425,-55.7211,0.24,26.35,29.65,23.74,84.8,0.03,NASA_POWER
2016-03-25,sorriso_mt,"Sorriso, MT",-12.5425,-55.7211,1.14,26.61,30.74,23.48,81.61,0.08,NASA_POWER
2016-03-26,sorriso_mt,"Sorriso, MT",-12.5425,-55.7211,0.38,25.64,28.39,22.82,83.28,0.08,NASA_POWER
2016-03-27,sorriso_mt,"Sorriso, MT",-12.5425,-55.7211,0.1,27.48,33.0,22.19,75.21,0.04,NASA_POWER
2016-03-28,sorriso_mt,"Sorriso, MT",-12.5425,-55.7211,0.2,28.2,33.07,23.58,72.93,0.07,NASA_POWER
2016-03-29,sorriso_mt,"Sorriso, MT",-12.5425,-55.7211,0.2,26.98,30.96,24.31,81.61,0.06,NASA_POWER
2016-03-30,sorriso_mt,"Sorriso, MT",-12.5425,-55.7211,0.05,27.67,32.87,23.61,76.23,0.03,NASA_POWER
2016-03-31,sorriso_mt,"Sorriso, MT",-12.5425,-55.7211,0.01,28.2,34.26,23.14,74.07,0.03,NASA_POWER
2016-04-01,sorriso_mt,"Sorriso, MT",-12.5425,-55.7211,0.09,28.45,34.73,22.79,73.11,0.05,NASA_POWER
2016-04-02,sorriso_mt,"Sorriso, MT",-12.5425,-55.7211,0.22,28.42,34.13,23.82,74.0,0.03,NASA_POWER
2016-04-03,sorriso_mt,"Sorriso, MT",-12.5425,-55.7211,1.12,27.86,33.38,23.37,74.12,0.12,NASA_POWER
2016-04-04,sorriso_mt,"Sorriso, MT",-12.5425,-55.7211,2.52,26.61,31.63,22.73,79.74,0.03,NASA_POWER
2016-04-05,sorriso_mt,"Sorriso, MT",-12.5425,-55.7211,0.19,26.93,31.94,22.88,78.32,0.03,NASA_POWER
2016-04-06,sorriso_mt,"Sorriso, MT",-12.5425,-55.7211,0.0,27.34,32.33,22.72,77.42,0.14,NASA_POWER
2016-04-07,sorriso_mt,"Sorriso, MT",-12.5425,-55.7211,0.03,28.35,34.01,24.01,73.32,0.12,NASA_POWER
2016-04-08,sorriso_mt,"Sorriso, MT",-12.5425,-55.7211,0.04,28.39,34.04,23.65,73.44,0.04,NASA_POWER
2016-04-09,sorriso_mt,"Sorriso, MT",-12.5425,-55.7211,0.6,28.5,34.33,24.01,72.15,0.07,NASA_POWER
2016-04-10,sorriso_mt,"Sorriso, MT",-12.5425,-55.7211,23.78,26.17,30.22,23.8,85.13,0.07,NASA_POWER
2016-04-11,sorriso_mt,"Sorriso, MT",-12.5425,-55.7211,1.12,26.25,30.65,23.09,84.9,0.14,NASA_POWER
2016-04-12,sorriso_mt,"Sorriso, MT",-12.5425,-55.7211,0.23,25.92,29.54,23.55,83.2,0.12,NASA_POWER
2016-04-13,sorriso_mt,"Sorriso, MT",-12.5425,-55.7211,2.95,26.41,31.36,23.05,80.14,0.14,NASA_POWER
2016-04-14,sorriso_mt,"Sorriso, MT",-12.5425,-55.7211,1.58,26.43,31.4,23.0,81.36,0.17,NASA_POWER
2016-04-15,sorriso_mt,"Sorriso, MT",-12.5425,-55.7211,0.01,26.82,32.31,22.24,77.56,0.04,NASA_POWER
2016-04-16,sorriso_mt,"Sorriso, MT",-12.5425,-55.7211,0.0,27.48,33.52,22.09,73.56,0.04,NASA_POWER
2016-04-17,sorriso_mt,"Sorriso, MT",-12.5425,-55.7211,0.0,27.25,34.0,21.13,71.07,0.04,NASA_POWER
2016-04-18,sorriso_mt,"Sorriso, MT",-12.5425,-55.7211,0.0,27.33,34.66,20.69,68.52,0.04,NASA_POWER
2016-04-19,sorriso_mt,"Sorriso, MT",-12.5425,-55.7211,0.0,27.95,35.48,21.27,68.51,0.03,NASA_POWER
2016-04-20,sorriso_mt,"Sorriso, MT",-12.5425,-55.7211,0.0,28.35,34.8,22.72,68.1,0.03,NASA_POWER
2016-04-21,sorriso_mt,"Sorriso, MT",-12.5425,-55.7211,0.0,28.63,35.47,23.09,65.63,0.1,NASA_POWER
2016-04-22,sorriso_mt,"Sorriso, MT",-12.5425,-55.7211,0.0,28.23,35.05,22.37,65.3,0.03,NASA_POWER
2016-04-23,sorriso_mt,"Sorriso, MT",-12.5425,-55.7211,0.0,28.35,35.19,22.82,66.58,0.09,NASA_POWER
2016-04-24,sorriso_mt,"Sorriso, MT",-12.5425,-55.7211,0.0,28.37,35.16,22.62,67.82,0.08,NASA_POWER
2016-04-25,sorriso_mt,"Sorriso, MT",-12.5425,-55.7211,0.0,28.6,35.3,22.61,65.75,0.05,NASA_POWER
2016-04-26,sorriso_mt,"Sorriso, MT",-12.5425,-55.7211,1.35,27.82,33.93,22.39,69.76,0.05,NASA_POWER
2016-04-27,sorriso_mt,"Sorriso, MT",-12.5425,-55.7211,0.15,20.61,24.48,17.46,64.56,0.06,NASA_POWER
2016-04-28,sorriso_mt,"Sorriso, MT",-12.5425,-55.7211,0.0,22.61,30.87,15.78,51.85,0.04,NASA_POWER
2016-04-29,sorriso_mt,"Sorriso, MT",-12.5425,-55.7211,0.0,25.07,33.47,18.56,52.59,0.03,NASA_POWER
2016-04-30,sorriso_mt,"Sorriso, MT",-12.5425,-55.7211,0.0,24.91,32.82,18.72,54.63,0.05,NASA_POWER
2016-05-01,sorriso_mt,"Sorriso, MT",-12.5425,-55.7211,0.0,25.55,34.28,17.53,56.85,0.15,NASA_POWER
2016-05-02,sorriso_mt,"Sorriso, MT",-12.5425,-55.7211,0.0,27.36,35.63,19.35,61.43,0.17,NASA_POWER
2016-05-03,sorriso_mt,"Sorriso, MT",-12.5425,-55.7211,0.03,27.98,35.91,21.2,60.94,0.18,NASA_POWER
2016-05-04,sorriso_mt,"Sorriso, MT",-12.5425,-55.7211,0.01,27.64,35.16,22.2,58.47,0.13,NASA_POWER
2016-05-05,sorriso_mt,"Sorriso, MT",-12.5425,-55.7211,0.0,27.26,35.05,20.7,59.55,0.16,NASA_POWER
2016-05-06,sorriso_mt,"Sorriso, MT",-12.5425,-55.7211,0.02,28.07,35.34,21.78,63.08,0.11,NASA_POWER
2016-05-07,sorriso_mt,"Sorriso, MT",-12.5425,-55.7211,0.05,28.07,34.52,22.39,64.69,0.03,NASA_POWER
2016-05-08,sorriso_mt,"Sorriso, MT",-12.5425,-55.7211,0.01,28.21,35.52,22.7,60.34,0.05,NASA_POWER
2016-05-09,sorriso_mt,"Sorriso, MT",-12.5425,-55.7211,0.01,28.12,35.22,22.78,60.98,0.11,NASA_POWER
2016-05-10,sorriso_mt,"Sorriso, MT",-12.5425,-55.7211,0.0,28.56,36.06,21.81,60.09,0.04,NASA_POWER
2016-05-11,sorriso_mt,"Sorriso, MT",-12.5425,-55.7211,0.01,28.94,36.07,23.01,64.78,0.12,NASA_POWER
2016-05-12,sorriso_mt,"Sorriso, MT",-12.5425,-55.7211,0.0,29.94,36.88,23.37,58.81,0.11,NASA_POWER
2016-05-13,sorriso_mt,"Sorriso, MT",-12.5425,-55.7211,0.0,30.24,36.98,24.76,56.88,0.12,NASA_POWER
2016-05-14,sorriso_mt,"Sorriso, MT",-12.5425,-55.7211,0.0,29.36,36.52,22.88,56.21,0.11,NASA_POWER
2016-05-15,sorriso_mt,"Sorriso, MT",-12.5425,-55.7211,0.0,28.29,35.22,22.02,63.18,0.04,NASA_POWER
2016-05-16,sorriso_mt,"Sorriso, MT",-12.5425,-55.7211,0.0,28.43,34.79,23.53,64.53,0.04,NASA_POWER
2016-05-17,sorriso_mt,"Sorriso, MT",-12.5425,-55.7211,0.0,28.25,32.75,23.94,66.21,0.09,NASA_POWER
2016-05-18,sorriso_mt,"Sorriso, MT",-12.5425,-55.7211,0.02,27.69,32.82,23.28,64.7,0.03,NASA_POWER
2016-05-19,sorriso_mt,"Sorriso, MT",-12.5425,-55.7211,0.01,27.68,34.52,22.97,63.88,0.04,NASA_POWER
2016-05-20,sorriso_mt,"Sorriso, MT",-12.5425,-55.7211,0.12,28.44,35.2,22.55,60.62,0.03,NASA_POWER
2016-05-21,sorriso_mt,"Sorriso, MT",-12.5425,-55.7211,0.04,28.41,34.3,22.76,63.76,0.15,NASA_POWER
2016-05-22,sorriso_mt,"Sorriso, MT",-12.5425,-55.7211,0.0,28.29,34.95,22.78,64.86,0.06,NASA_POWER
2016-05-23,sorriso_mt,"Sorriso, MT",-12.5425,-55.7211,0.0,27.3,33.73,22.79,59.39,0.06,NASA_POWER
2016-05-24,sorriso_mt,"Sorriso, MT",-12.5425,-55.7211,0.0,26.93,34.33,20.55,55.62,0.06,NASA_POWER
2016-05-25,sorriso_mt,"Sorriso, MT",-12.5425,-55.7211,0.0,27.73,36.05,20.56,55.06,0.09,NASA_POWER
2016-05-26,sorriso_mt,"Sorriso, MT",-12.5425,-55.7211,0.0,28.53,36.1,21.43,52.12,0.17,NASA_POWER
2016-05-27,sorriso_mt,"Sorriso, MT",-12.5425,-55.7211,0.27,27.62,33.64,22.11,55.3,0.05,NASA_POWER
2016-05-28,sorriso_mt,"Sorriso, MT",-12.5425,-55.7211,0.12,27.62,34.56,21.12,57.53,0.05,NASA_POWER
2016-05-29,sorriso_mt,"Sorriso, MT",-12.5425,-55.7211,0.0,28.12,35.29,21.25,55.51,0.04,NASA_POWER
2016-05-30,sorriso_mt,"Sorriso, MT",-12.5425,-55.7211,0.0,28.55,35.89,21.4,50.71,0.08,NASA_POWER
2016-05-31,sorriso_mt,"Sorriso, MT",-12.5425,-55.7211,0.0,28.78,36.25,21.75,49.33,0.03,NASA_POWER
2016-06-01,sorriso_mt,"Sorriso, MT",-12.5425,-55.7211,0.05,29.15,36.58,22.14,48.33,0.05,NASA_POWER
2016-06-02,sorriso_mt,"Sorriso, MT",-12.5425,-55.7211,0.44,28.94,36.25,22.33,51.68,0.06,NASA_POWER
2016-06-03,sorriso_mt,"Sorriso, MT",-12.5425,-55.7211,0.0,29.8,36.28,23.67,54.57,0.08,NASA_POWER
2016-06-04,sorriso_mt,"Sorriso, MT",-12.5425,-55.7211,0.0,29.49,35.23,25.02,57.96,0.18,NASA_POWER
2016-06-05,sorriso_mt,"Sorriso, MT",-12.5425,-55.7211,0.0,29.99,36.54,24.32,52.97,0.11,NASA_POWER
2016-06-06,sorriso_mt,"Sorriso, MT",-12.5425,-55.7211,1.62,29.87,36.64,23.34,48.65,0.23,NASA_POWER
2016-06-07,sorriso_mt,"Sorriso, MT",-12.5425,-55.7211,16.39,26.86,33.49,20.79,69.11,0.19,NASA_POWER
2016-06-08,sorriso_mt,"Sorriso, MT",-12.5425,-55.7211,0.08,25.98,32.64,20.59,67.78,0.04,NASA_POWER
2016-06-09,sorriso_mt,"Sorriso, MT",-12.5425,-55.7211,0.0,26.0,32.82,20.19,60.55,0.13,NASA_POWER
2016-06-10,sorriso_mt,"Sorriso, MT",-12.5425,-55.7211,0.02,26.4,33.72,20.2,59.59,0.03,NASA_POWER
2016-06-11,sorriso_mt,"Sorriso, MT",-12.5425,-55.7211,0.0,23.84,29.4,20.03,55.62,0.04,NASA_POWER
2016-06-12,sorriso_mt,"Sorriso, MT",-12.5425,-55.7211,0.0,24.11,31.8,18.09,57.33,0.05,NASA_POWER
2016-06-13,sorriso_mt,"Sorriso, MT",-12.5425,-55.7211,0.0,24.33,32.56,18.0,57.76,0.11,NASA_POWER
2016-06-14,sorriso_mt,"Sorriso, MT",-12.5425,-55.7211,0.0,25.51,33.99,17.64,54.9,0.04,NASA_POWER
2016-06-15,sorriso_mt,"Sorriso, MT",-12.5425,-55.7211,0.09,26.45,33.86,19.16,59.28,0.07,NASA_POWER
2016-06-16,sorriso_mt,"Sorriso, MT",-12.5425,-55.7211,0.0,26.44,34.26,20.35,54.09,0.1,NASA_POWER
2016-06-17,sorriso_mt,"Sorriso, MT",-12.5425,-55.7211,0.0,25.84,34.04,18.53,50.81,0.13,NASA_POWER
2016-06-18,sorriso_mt,"Sorriso, MT",-12.5425,-55.7211,0.0,25.74,34.51,18.55,48.57,0.12,NASA_POWER
2016-06-19,sorriso_mt,"Sorriso, MT",-12.5425,-55.7211,0.0,26.44,34.94,18.25,47.38,0.16,NASA_POWER
2016-06-20,sorriso_mt,"Sorriso, MT",-12.5425,-55.7211,0.0,26.67,34.71,20.73,45.14,0.06,NASA_POWER
2016-06-21,sorriso_mt,"Sorriso, MT",-12.5425,-55.7211,0.0,26.48,34.55,19.05,43.72,0.07,NASA_POWER
2016-06-22,sorriso_mt,"Sorriso, MT",-12.5425,-55.7211,0.0,26.24,33.28,20.31,46.85,0.06,NASA_POWER
2016-06-23,sorriso_mt,"Sorriso, MT",-12.5425,-55.7211,0.0,27.61,35.08,21.03,46.5,0.06,NASA_POWER
2016-06-24,sorriso_mt,"Sorriso, MT",-12.5425,-55.7211,0.0,27.25,35.81,19.81,41.64,0.12,NASA_POWER
2016-06-25,sorriso_mt,"Sorriso, MT",-12.5425,-55.7211,0.0,27.05,34.66,19.92,34.87,0.04,NASA_POWER
2016-06-26,sorriso_mt,"Sorriso, MT",-12.5425,-55.7211,0.0,26.39,33.9,20.37,33.64,0.04,NASA_POWER
2016-06-27,sorriso_mt,"Sorriso, MT",-12.5425,-55.7211,0.0,27.05,34.56,20.53,35.2,0.05,NASA_POWER
2016-06-28,sorriso_mt,"Sorriso, MT",-12.5425,-55.7211,0.0,27.03,33.58,21.64,36.88,0.06,NASA_POWER
2016-06-29,sorriso_mt,"Sorriso, MT",-12.5425,-55.7211,0.0,26.58,33.79,20.43,37.89,0.07,NASA_POWER
2016-06-30,sorriso_mt,"Sorriso, MT",-12.5425,-55.7211,0.0,26.46,34.16,21.19,35.42,0.05,NASA_POWER
2016-07-01,sorriso_mt,"Sorriso, MT",-12.5425,-55.7211,0.0,25.84,34.1,18.41,36.02,0.21,NASA_POWER
2016-07-02,sorriso_mt,"Sorriso, MT",-12.5425,-55.7211,0.0,25.72,33.6,18.32,37.49,0.15,NASA_POWER
2016-07-03,sorriso_mt,"Sorriso, MT",-12.5425,-55.7211,0.0,26.53,34.44,20.06,36.8,0.12,NASA_POWER
2016-07-04,sorriso_mt,"Sorriso, MT",-12.5425,-55.7211,0.0,26.43,34.95,19.59,37.92,0.12,NASA_POWER
2016-07-05,sorriso_mt,"Sorriso, MT",-12.5425,-55.7211,0.0,26.68,35.16,19.68,34.56,0.08,NASA_POWER
2016-07-06,sorriso_mt,"Sorriso, MT",-12.5425,-55.7211,0.0,26.85,35.56,18.46,35.82,0.1,NASA_POWER
2016-07-07,sorriso_mt,"Sorriso, MT",-12.5425,-55.7211,0.0,26.9,35.28,19.49,38.52,0.08,NASA_POWER
2016-07-08,sorriso_mt,"Sorriso, MT",-12.5425,-55.7211,0.0,27.09,35.55,19.61,36.07,0.11,NASA_POWER
2016-07-09,sorriso_mt,"Sorriso, MT",-12.5425,-55.7211,0.0,27.71,36.19,19.67,32.38,0.29,NASA_POWER
2016-07-10,sorriso_mt,"Sorriso, MT",-12.5425,-55.7211,0.0,27.81,36.7,19.66,32.97,0.27,NASA_POWER
2016-07-11,sorriso_mt,"Sorriso, MT",-12.5425,-55.7211,0.0,28.18,36.79,20.27,34.81,0.13,NASA_POWER
2016-07-12,sorriso_mt,"Sorriso, MT",-12.5425,-55.7211,0.0,27.24,34.41,21.85,36.12,0.18,NASA_POWER
2016-07-13,sorriso_mt,"Sorriso, MT",-12.5425,-55.7211,0.0,27.51,36.05,20.17,36.3,0.09,NASA_POWER
2016-07-14,sorriso_mt,"Sorriso, MT",-12.5425,-55.7211,0.0,28.06,36.67,20.12,34.43,0.27,NASA_POWER
2016-07-15,sorriso_mt,"Sorriso, MT",-12.5425,-55.7211,0.0,29.06,36.77,20.48,29.89,0.35,NASA_POWER
2016-07-16,sorriso_mt,"Sorriso, MT",-12.5425,-55.7211,0.0,28.66,36.92,19.93,28.55,0.27,NASA_POWER
2016-07-17,sorriso_mt,"Sorriso, MT",-12.5425,-55.7211,0.0,26.52,33.77,20.6,43.98,0.03,NASA_POWER
2016-07-18,sorriso_mt,"Sorriso, MT",-12.5425,-55.7211,0.0,26.2,34.83,18.78,34.8,0.19,NASA_POWER
2016-07-19,sorriso_mt,"Sorriso, MT",-12.5425,-55.7211,0.0,26.35,34.89,19.19,32.66,0.04,NASA_POWER
2016-07-20,sorriso_mt,"Sorriso, MT",-12.5425,-55.7211,0.0,26.26,35.43,19.12,31.74,0.07,NASA_POWER
2016-07-21,sorriso_mt,"Sorriso, MT",-12.5425,-55.7211,0.0,26.23,35.33,18.59,30.34,0.04,NASA_POWER
2016-07-22,sorriso_mt,"Sorriso, MT",-12.5425,-55.7211,0.0,26.46,35.35,18.95,29.51,0.07,NASA_POWER
2016-07-23,sorriso_mt,"Sorriso, MT",-12.5425,-55.7211,0.0,26.7,36.0,18.26,30.26,0.25,NASA_POWER
2016-07-24,sorriso_mt,"Sorriso, MT",-12.5425,-55.7211,0.0,27.86,36.17,19.72,30.41,0.08,NASA_POWER
2016-07-25,sorriso_mt,"Sorriso, MT",-12.5425,-55.7211,0.0,28.62,35.9,23.55,29.66,0.08,NASA_POWER
2016-07-26,sorriso_mt,"Sorriso, MT",-12.5425,-55.7211,0.0,27.69,36.37,19.66,28.99,0.07,NASA_POWER
2016-07-27,sorriso_mt,"Sorriso, MT",-12.5425,-55.7211,0.0,27.87,36.16,20.87,28.72,0.09,NASA_POWER
2016-07-28,sorriso_mt,"Sorriso, MT",-12.5425,-55.7211,0.0,27.15,36.11,19.16,28.9,0.11,NASA_POWER
2016-07-29,sorriso_mt,"Sorriso, MT",-12.5425,-55.7211,0.0,27.25,35.88,20.4,25.29,0.1,NASA_POWER
2016-07-30,sorriso_mt,"Sorriso, MT",-12.5425,-55.7211,0.0,27.7,36.09,20.73,24.26,0.07,NASA_POWER
2016-07-31,sorriso_mt,"Sorriso, MT",-12.5425,-55.7211,0.0,27.52,35.62,21.06,23.55,0.1,NASA_POWER
2016-08-01,sorriso_mt,"Sorriso, MT",-12.5425,-55.7211,0.0,26.92,35.5,19.71,26.12,0.1,NASA_POWER
2016-08-02,sorriso_mt,"Sorriso, MT",-12.5425,-55.7211,0.0,26.61,35.38,19.09,27.52,0.13,NASA_POWER
2016-08-03,sorriso_mt,"Sorriso, MT",-12.5425,-55.7211,0.0,27.42,35.95,20.36,27.26,0.16,NASA_POWER
2016-08-04,sorriso_mt,"Sorriso, MT",-12.5425,-55.7211,0.0,27.68,36.74,18.91,27.8,0.22,NASA_POWER
2016-08-05,sorriso_mt,"Sorriso, MT",-12.5425,-55.7211,0.0,28.69,36.98,21.08,30.81,0.07,NASA_POWER
2016-08-06,sorriso_mt,"Sorriso, MT",-12.5425,-55.7211,0.0,28.62,37.33,21.32,29.85,0.09,NASA_POWER
2016-08-07,sorriso_mt,"Sorriso, MT",-12.5425,-55.7211,0.0,28.73,37.22,21.81,27.11,0.12,NASA_POWER
2016-08-08,sorriso_mt,"Sorriso, MT",-12.5425,-55.7211,0.0,28.57,37.33,20.63,26.18,0.21,NASA_POWER
2016-08-09,sorriso_mt,"Sorriso, MT",-12.5425,-55.7211,0.0,28.58,37.55,21.42,23.24,0.16,NASA_POWER
2016-08-10,sorriso_mt,"Sorriso, MT",-12.5425,-55.7211,0.0,27.92,36.49,21.32,33.78,0.07,NASA_POWER
2016-08-11,sorriso_mt,"Sorriso, MT",-12.5425,-55.7211,0.0,28.44,36.03,21.37,33.55,0.23,NASA_POWER
2016-08-12,sorriso_mt,"Sorriso, MT",-12.5425,-55.7211,0.0,29.27,36.89,22.13,29.18,0.05,NASA_POWER
2016-08-13,sorriso_mt,"Sorriso, MT",-12.5425,-55.7211,0.0,28.58,34.61,23.72,32.38,0.09,NASA_POWER
2016-08-14,sorriso_mt,"Sorriso, MT",-12.5425,-55.7211,0.0,30.97,38.99,23.21,27.98,0.06,NASA_POWER
2016-08-15,sorriso_mt,"Sorriso, MT",-12.5425,-55.7211,0.0,31.8,37.72,25.35,36.14,0.22,NASA_POWER
2016-08-16,sorriso_mt,"Sorriso, MT",-12.5425,-55.7211,19.89,29.37,36.61,23.29,54.2,0.22,NASA_POWER
2016-08-17,sorriso_mt,"Sorriso, MT",-12.5425,-55.7211,1.73,28.19,36.37,21.22,66.82,0.2,NASA_POWER
2016-08-18,sorriso_mt,"Sorriso, MT",-12.5425,-55.7211,0.0,29.79,37.21,22.85,53.02,0.22,NASA_POWER
2016-08-19,sorriso_mt,"Sorriso, MT",-12.5425,-55.7211,0.71,30.62,37.58,22.71,46.0,0.1,NASA_POWER
2016-08-20,sorriso_mt,"Sorriso, MT",-12.5425,-55.7211,1.24,30.21,37.39,22.08,53.66,0.2,NASA_POWER
2016-08-21,sorriso_mt,"Sorriso, MT",-12.5425,-55.7211,0.75,24.37,26.59,20.55,60.63,0.06,NASA_POWER
2016-08-22,sorriso_mt,"Sorriso, MT",-12.5425,-55.7211,0.0,23.55,31.07,17.79,39.23,0.04,NASA_POWER
2016-08-23,sorriso_mt,"Sorriso, MT",-12.5425,-55.7211,0.0,25.31,35.15,17.22,44.22,0.06,NASA_POWER
2016-08-24,sorriso_mt,"Sorriso, MT",-12.5425,-55.7211,0.0,27.68,37.15,19.87,44.66,0.12,NASA_POWER
2016-08-25,sorriso_mt,"Sorriso, MT",-12.5425,-55.7211,0.1,28.67,36.53,21.42,41.28,0.07,NASA_POWER
2016-08-26,sorriso_mt,"Sorriso, MT",-12.5425,-55.7211,0.01,29.54,36.96,24.45,43.81,0.04,NASA_POWER
2016-08-27,sorriso_mt,"Sorriso, MT",-12.5425,-55.7211,0.0,29.33,36.1,23.08,43.7,0.16,NASA_POWER
2016-08-28,sorriso_mt,"Sorriso, MT",-12.5425,-55.7211,1.39,30.58,37.25,22.57,41.88,0.25,NASA_POWER
2016-08-29,sorriso_mt,"Sorriso, MT",-12.5425,-55.7211,17.42,27.49,31.93,23.1,65.94,0.17,NASA_POWER
2016-08-30,sorriso_mt,"Sorriso, MT",-12.5425,-55.7211,0.17,25.81,30.6,21.69,67.89,0.1,NASA_POWER
2016-08-31,sorriso_mt,"Sorriso, MT",-12.5425,-55.7211,0.01,25.07,32.45,19.13,60.41,0.03,NASA_POWER
2016-09-01,sorriso_mt,"Sorriso, MT",-12.5425,-55.7211,8.71,25.76,31.77,20.19,71.22,0.02,NASA_POWER
2016-09-02,sorriso_mt,"Sorriso, MT",-12.5425,-55.7211,0.1,27.61,34.66,22.63,64.65,0.03,NASA_POWER
2016-09-03,sorriso_mt,"Sorriso, MT",-12.5425,-55.7211,0.0,26.56,32.65,22.64,62.89,0.04,NASA_POWER
2016-09-04,sorriso_mt,"Sorriso, MT",-12.5425,-55.7211,0.0,26.32,33.42,20.63,58.14,0.05,NASA_POWER
2016-09-05,sorriso_mt,"Sorriso, MT",-12.5425,-55.7211,0.0,25.97,34.23,19.25,53.08,0.04,NASA_POWER
2016-09-06,sorriso_mt,"Sorriso, MT",-12.5425,-55.7211,0.0,25.61,33.07,19.68,52.89,0.05,NASA_POWER
2016-09-07,sorriso_mt,"Sorriso, MT",-12.5425,-55.7211,0.0,26.52,35.32,19.05,48.87,0.04,NASA_POWER
2016-09-08,sorriso_mt,"Sorriso, MT",-12.5425,-55.7211,0.0,27.78,36.0,20.98,51.1,0.04,NASA_POWER
2016-09-09,sorriso_mt,"Sorriso, MT",-12.5425,-55.7211,0.0,29.52,38.12,21.45,47.35,0.04,NASA_POWER
2016-09-10,sorriso_mt,"Sorriso, MT",-12.5425,-55.7211,0.06,30.48,38.02,23.5,42.19,0.1,NASA_POWER
2016-09-11,sorriso_mt,"Sorriso, MT",-12.5425,-55.7211,0.37,30.71,38.27,22.98,36.91,0.14,NASA_POWER
2016-09-12,sorriso_mt,"Sorriso, MT",-12.5425,-55.7211,0.0,30.85,38.61,25.05,30.57,0.11,NASA_POWER
2016-09-13,sorriso_mt,"Sorriso, MT",-12.5425,-55.7211,0.0,30.65,37.77,25.15,37.73,0.06,NASA_POWER
2016-09-14,sorriso_mt,"Sorriso, MT",-12.5425,-55.7211,2.53,27.62,30.59,23.64,57.6,0.19,NASA_POWER
2016-09-15,sorriso_mt,"Sorriso, MT",-12.5425,-55.7211,3.61,28.37,36.17,21.67,57.46,0.11,NASA_POWER
2016-09-16,sorriso_mt,"Sorriso, MT",-12.5425,-55.7211,0.25,29.28,38.03,21.86,57.31,0.19,NASA_POWER
2016-09-17,sorriso_mt,"Sorriso, MT",-12.5425,-55.7211,0.09,31.66,39.57,25.12,44.2,0.2,NASA_POWER
2016-09-18,sorriso_mt,"Sorriso, MT",-12.5425,-55.7211,7.85,30.3,38.01,24.11,58.06,0.23,NASA_POWER
2016-09-19,sorriso_mt,"Sorriso, MT",-12.5425,-55.7211,9.86,26.32,30.84,23.39,74.96,0.09,NASA_POWER
2016-09-20,sorriso_mt,"Sorriso, MT",-12.5425,-55.7211,0.0,28.38,36.41,21.39,58.0,0.04,NASA_POWER
2016-09-21,sorriso_mt,"Sorriso, MT",-12.5425,-55.7211,9.58,29.17,36.13,22.97,61.42,0.11,NASA_POWER
2016-09-22,sorriso_mt,"Sorriso, MT",-12.5425,-55.7211,26.74,26.1,31.32,22.83,79.1,0.15,NASA_POWER
2016-09-23,sorriso_mt,"Sorriso, MT",-12.5425,-55.7211,9.35,25.73,31.02,22.29,81.95,0.13,NASA_POWER
2016-09-24,sorriso_mt,"Sorriso, MT",-12.5425,-55.7211,5.65,25.48,29.46,22.09,81.14,0.16,NASA_POWER
2016-09-25,sorriso_mt,"Sorriso, MT",-12.5425,-55.7211,4.37,25.26,29.05,21.76,77.98,0.11,NASA_POWER
2016-09-26,sorriso_mt,"Sorriso, MT",-12.5425,-55.7211,0.0,27.42,33.83,21.94,64.47,0.1,NASA_POWER
2016-09-27,sorriso_mt,"Sorriso, MT",-12.5425,-55.7211,2.02,28.03,34.36,22.67,66.01,0.1,NASA_POWER
2016-09-28,sorriso_mt,"Sorriso, MT",-12.5425,-55.7211,0.12,29.12,35.97,23.78,59.9,0.1,NASA_POWER
2016-09-29,sorriso_mt,"Sorriso, MT",-12.5425,-55.7211,2.15,29.32,35.44,24.29,61.79,0.08,NASA_POWER
2016-09-30,sorriso_mt,"Sorriso, MT",-12.5425,-55.7211,4.13,26.94,31.57,22.68,72.82,0.09,NASA_POWER
2016-10-01,sorriso_mt,"Sorriso, MT",-12.5425,-55.7211,3.06,26.89,32.73,22.4,71.74,0.03,NASA_POWER
2016-10-02,sorriso_mt,"Sorriso, MT",-12.5425,-55.7211,4.52,27.94,34.41,22.42,68.44,0.11,NASA_POWER
2016-10-03,sorriso_mt,"Sorriso, MT",-12.5425,-55.7211,3.5,29.45,36.21,22.77,62.75,0.08,NASA_POWER
2016-10-04,sorriso_mt,"Sorriso, MT",-12.5425,-55.7211,8.91,26.79,33.03,23.12,77.18,0.03,NASA_POWER
2016-10-05,sorriso_mt,"Sorriso, MT",-12.5425,-55.7211,19.73,24.36,28.2,21.62,83.66,0.03,NASA_POWER
2016-10-06,sorriso_mt,"Sorriso, MT",-12.5425,-55.7211,10.76,23.42,27.01,21.06,88.02,0.06,NASA_POWER
2016-10-07,sorriso_mt,"Sorriso, MT",-12.5425,-55.7211,0.0,24.86,30.41,20.62,72.89,0.13,NASA_POWER
2016-10-08,sorriso_mt,"Sorriso, MT",-12.5425,-55.7211,0.0,26.27,33.86,20.52,62.1,0.11,NASA_POWER
2016-10-09,sorriso_mt,"Sorriso, MT",-12.5425,-55.7211,0.03,27.61,35.41,20.5,60.09,0.1,NASA_POWER
2016-10-10,sorriso_mt,"Sorriso, MT",-12.5425,-55.7211,0.35,26.43,30.23,23.76,74.87,0.08,NASA_POWER
2016-10-11,sorriso_mt,"Sorriso, MT",-12.5425,-55.7211,1.81,27.77,33.83,22.89,68.68,0.12,NASA_POWER
2016-10-12,sorriso_mt,"Sorriso, MT",-12.5425,-55.7211,14.67,25.33,29.87,23.01,81.57,0.1,NASA_POWER
2016-10-13,sorriso_mt,"Sorriso, MT",-12.5425,-55.7211,0.0,28.15,34.78,22.03,68.79,0.08,NASA_POWER
2016-10-14,sorriso_mt,"Sorriso, MT",-12.5425,-55.7211,0.02,29.13,35.41,23.8,59.29,0.03,NASA_POWER
2016-10-15,sorriso_mt,"Sorriso, MT",-12.5425,-55.7211,0.0,29.2,36.73,23.57,57.61,0.02,NASA_POWER
2016-10-16,sorriso_mt,"Sorriso, MT",-12.5425,-55.7211,0.0,29.72,37.4,22.67,57.46,0.12,NASA_POWER
2016-10-17,sorriso_mt,"Sorriso, MT",-12.5425,-55.7211,0.81,30.75,38.13,25.13,53.27,0.2,NASA_POWER
2016-10-18,sorriso_mt,"Sorriso, MT",-12.5425,-55.7211,0.2,31.22,39.02,23.04,48.65,0.21,NASA_POWER
2016-10-19,sorriso_mt,"Sorriso, MT",-12.5425,-55.7211,1.02,30.37,37.39,25.28,57.87,0.12,NASA_POWER
2016-10-20,sorriso_mt,"Sorriso, MT",-12.5425,-55.7211,2.78,29.01,35.83,23.34,66.78,0.04,NASA_POWER
2016-10-21,sorriso_mt,"Sorriso, MT",-12.5425,-55.7211,1.95,27.23,32.84,23.53,73.19,0.02,NASA_POWER
2016-10-22,sorriso_mt,"Sorriso, MT",-12.5425,-55.7211,2.05,28.5,35.58,22.76,68.62,0.02,NASA_POWER
2016-10-23,sorriso_mt,"Sorriso, MT",-12.5425,-55.7211,1.17,27.25,32.56,23.98,70.86,0.04,NASA_POWER
2016-10-24,sorriso_mt,"Sorriso, MT",-12.5425,-55.7211,1.81,27.42,33.45,22.35,70.68,0.03,NASA_POWER
2016-10-25,sorriso_mt,"Sorriso, MT",-12.5425,-55.7211,2.86,26.89,34.4,22.51,68.88,0.03,NASA_POWER
2016-10-26,sorriso_mt,"Sorriso, MT",-12.5425,-55.7211,4.19,28.37,35.77,22.39,65.74,0.03,NASA_POWER
2016-10-27,sorriso_mt,"Sorriso, MT",-12.5425,-55.7211,10.94,23.82,25.16,22.02,87.14,0.06,NASA_POWER
2016-10-28,sorriso_mt,"Sorriso, MT",-12.5425,-55.7211,0.99,25.23,31.37,20.11,64.69,0.04,NASA_POWER
2016-10-29,sorriso_mt,"Sorriso, MT",-12.5425,-55.7211,1.61,27.57,35.22,20.05,62.49,0.08,NASA_POWER
2016-10-30,sorriso_mt,"Sorriso, MT",-12.5425,-55.7211,3.14,29.56,35.7,23.18,60.16,0.2,NASA_POWER
2016-10-31,sorriso_mt,"Sorriso, MT",-12.5425,-55.7211,13.93,25.82,30.11,22.51,81.99,0.09,NASA_POWER
2016-11-01,sorriso_mt,"Sorriso, MT",-12.5425,-55.7211,0.25,26.87,31.33,22.34,74.94,0.09,NASA_POWER
2016-11-02,sorriso_mt,"Sorriso, MT",-12.5425,-55.7211,37.9,27.58,33.75,22.5,72.55,0.13,NASA_POWER
2016-11-03,sorriso_mt,"Sorriso, MT",-12.5425,-55.7211,14.19,24.63,27.33,23.03,92.16,0.03,NASA_POWER
2016-11-04,sorriso_mt,"Sorriso, MT",-12.5425,-55.7211,0.19,25.28,28.73,22.65,86.63,0.03,NASA_POWER
2016-11-05,sorriso_mt,"Sorriso, MT",-12.5425,-55.7211,3.42,26.18,30.34,22.69,79.61,0.06,NASA_POWER
2016-11-06,sorriso_mt,"Sorriso, MT",-12.5425,-55.7211,9.2,26.94,33.18,21.94,75.41,0.03,NASA_POWER
2016-11-07,sorriso_mt,"Sorriso, MT",-12.5425,-55.7211,9.29,25.84,29.23,22.61,86.11,0.14,NASA_POWER
2016-11-08,sorriso_mt,"Sorriso, MT",-12.5425,-55.7211,9.3,25.98,30.65,23.12,85.65,0.1,NASA_POWER
2016-11-09,sorriso_mt,"Sorriso, MT",-12.5425,-55.7211,3.97,25.46,29.12,22.77,87.25,0.18,NASA_POWER
2016-11-10,sorriso_mt,"Sorriso, MT",-12.5425,-55.7211,0.2,25.96,29.86,22.94,82.1,0.1,NASA_POWER
2016-11-11,sorriso_mt,"Sorriso, MT",-12.5425,-55.7211,4.69,25.77,29.84,22.32,85.76,0.09,NASA_POWER
2016-11-12,sorriso_mt,"Sorriso, MT",-12.5425,-55.7211,16.72,23.92,25.95,22.43,95.75,0.03,NASA_POWER
2016-11-13,sorriso_mt,"Sorriso, MT",-12.5425,-55.7211,1.15,23.5,25.85,21.57,91.11,0.03,NASA_POWER
2016-11-14,sorriso_mt,"Sorriso, MT",-12.5425,-55.7211,0.22,24.66,28.75,21.89,87.24,0.04,NASA_POWER
2016-11-15,sorriso_mt,"Sorriso, MT",-12.5425,-55.7211,4.22,25.69,29.82,21.87,86.74,0.09,NASA_POWER
2016-11-16,sorriso_mt,"Sorriso, MT",-12.5425,-55.7211,2.35,24.72,27.66,22.4,89.36,0.03,NASA_POWER
2016-11-17,sorriso_mt,"Sorriso, MT",-12.5425,-55.7211,3.63,24.02,26.57,22.04,86.65,0.16,NASA_POWER
2016-11-18,sorriso_mt,"Sorriso, MT",-12.5425,-55.7211,1.97,25.0,29.2,21.96,81.7,0.14,NASA_POWER
2016-11-19,sorriso_mt,"Sorriso, MT",-12.5425,-55.7211,4.77,25.71,30.37,21.61,81.44,0.1,NASA_POWER
2016-11-20,sorriso_mt,"Sorriso, MT",-12.5425,-55.7211,13.96,24.25,26.4,22.72,95.42,0.12,NASA_POWER
2016-11-21,sorriso_mt,"Sorriso, MT",-12.5425,-55.7211,21.92,23.83,26.1,22.24,95.33,0.06,NASA_POWER
2016-11-22,sorriso_mt,"Sorriso, MT",-12.5425,-55.7211,1.06,24.92,28.65,21.89,88.44,0.16,NASA_POWER
2016-11-23,sorriso_mt,"Sorriso, MT",-12.5425,-55.7211,3.87,24.87,28.05,22.07,91.0,0.13,NASA_POWER
2016-11-24,sorriso_mt,"Sorriso, MT",-12.5425,-55.7211,0.08,25.2,29.25,22.28,89.22,0.03,NASA_POWER
2016-11-25,sorriso_mt,"Sorriso, MT",-12.5425,-55.7211,0.05,25.8,30.12,21.7,83.41,0.11,NASA_POWER
2016-11-26,sorriso_mt,"Sorriso, MT",-12.5425,-55.7211,2.01,26.74,31.08,22.47,79.52,0.13,NASA_POWER
2016-11-27,sorriso_mt,"Sorriso, MT",-12.5425,-55.7211,0.66,26.78,30.83,22.46,80.36,0.09,NASA_POWER
2016-11-28,sorriso_mt,"Sorriso, MT",-12.5425,-55.7211,0.0,27.18,32.22,22.2,72.59,0.1,NASA_POWER
2016-11-29,sorriso_mt,"Sorriso, MT",-12.5425,-55.7211,0.84,26.54,30.76,22.35,73.73,0.04,NASA_POWER
2016-11-30,sorriso_mt,"Sorriso, MT",-12.5425,-55.7211,6.01,26.15,30.98,21.98,76.69,0.06,NASA_POWER
2016-12-01,sorriso_mt,"Sorriso, MT",-12.5425,-55.7211,6.51,26.01,30.9,22.07,82.13,0.09,NASA_POWER
2016-12-02,sorriso_mt,"Sorriso, MT",-12.5425,-55.7211,1.83,26.67,31.96,22.33,78.41,0.08,NASA_POWER
2016-12-03,sorriso_mt,"Sorriso, MT",-12.5425,-55.7211,1.57,27.26,32.69,22.96,71.42,0.08,NASA_POWER
2016-12-04,sorriso_mt,"Sorriso, MT",-12.5425,-55.7211,0.93,26.61,31.98,21.76,77.0,0.07,NASA_POWER
2016-12-05,sorriso_mt,"Sorriso, MT",-12.5425,-55.7211,1.62,25.69,29.59,22.86,80.54,0.03,NASA_POWER
2016-12-06,sorriso_mt,"Sorriso, MT",-12.5425,-55.7211,0.76,26.45,31.88,21.78,76.17,0.12,NASA_POWER
2016-12-07,sorriso_mt,"Sorriso, MT",-12.5425,-55.7211,3.92,27.01,31.88,22.26,73.18,0.12,NASA_POWER
2016-12-08,sorriso_mt,"Sorriso, MT",-12.5425,-55.7211,1.56,27.29,31.97,23.13,73.91,0.18,NASA_POWER
2016-12-09,sorriso_mt,"Sorriso, MT",-12.5425,-55.7211,5.02,24.28,26.45,22.53,90.94,0.05,NASA_POWER
2016-12-10,sorriso_mt,"Sorriso, MT",-12.5425,-55.7211,35.43,26.16,31.41,21.85,81.42,0.15,NASA_POWER
2016-12-11,sorriso_mt,"Sorriso, MT",-12.5425,-55.7211,6.45,24.92,27.82,22.5,89.66,0.08,NASA_POWER
2016-12-12,sorriso_mt,"Sorriso, MT",-12.5425,-55.7211,18.47,24.97,29.13,21.33,90.22,0.1,NASA_POWER
2016-12-13,sorriso_mt,"Sorriso, MT",-12.5425,-55.7211,9.71,24.6,26.93,22.9,94.96,0.12,NASA_POWER
2016-12-14,sorriso_mt,"Sorriso, MT",-12.5425,-55.7211,9.85,23.97,26.19,22.31,94.91,0.16,NASA_POWER
2016-12-15,sorriso_mt,"Sorriso, MT",-12.5425,-55.7211,12.9,24.62,28.61,21.6,92.24,0.15,NASA_POWER
2016-12-16,sorriso_mt,"Sorriso, MT",-12.5425,-55.7211,17.98,24.06,26.41,21.95,96.25,0.06,NASA_POWER
2016-12-17,sorriso_mt,"Sorriso, MT",-12.5425,-55.7211,11.07,21.94,23.37,20.67,96.35,0.03,NASA_POWER
2016-12-18,sorriso_mt,"Sorriso, MT",-12.5425,-55.7211,6.09,23.45,27.62,20.01,90.6,0.11,NASA_POWER
2016-12-19,sorriso_mt,"Sorriso, MT",-12.5425,-55.7211,5.07,23.78,27.5,20.25,90.21,0.12,NASA_POWER
2016-12-20,sorriso_mt,"Sorriso, MT",-12.5425,-55.7211,7.63,23.99,27.63,21.08,90.19,0.05,NASA_POWER
2016-12-21,sorriso_mt,"Sorriso, MT",-12.5425,-55.7211,8.07,22.7,25.56,20.97,94.24,0.08,NASA_POWER
2016-12-22,sorriso_mt,"Sorriso, MT",-12.5425,-55.7211,0.75,22.6,25.13,20.7,93.06,0.07,NASA_POWER
2016-12-23,sorriso_mt,"Sorriso, MT",-12.5425,-55.7211,7.3,23.23,26.26,20.35,89.14,0.08,NASA_POWER
2016-12-24,sorriso_mt,"Sorriso, MT",-12.5425,-55.7211,18.58,24.86,28.99,20.99,89.18,0.11,NASA_POWER
2016-12-25,sorriso_mt,"Sorriso, MT",-12.5425,-55.7211,6.31,25.16,28.91,22.29,89.76,0.2,NASA_POWER
2016-12-26,sorriso_mt,"Sorriso, MT",-12.5425,-55.7211,2.42,24.33,27.17,22.07,92.7,0.13,NASA_POWER
2016-12-27,sorriso_mt,"Sorriso, MT",-12.5425,-55.7211,12.92,24.68,27.56,21.51,90.38,0.27,NASA_POWER
2016-12-28,sorriso_mt,"Sorriso, MT",-12.5425,-55.7211,1.21,25.07,28.24,22.31,87.96,0.19,NASA_POWER
2016-12-29,sorriso_mt,"Sorriso, MT",-12.5425,-55.7211,0.12,25.07,28.52,22.35,89.67,0.07,NASA_POWER
2016-12-30,sorriso_mt,"Sorriso, MT",-12.5425,-55.7211,6.34,24.93,27.93,21.98,90.25,0.19,NASA_POWER
2016-12-31,sorriso_mt,"Sorriso, MT",-12.5425,-55.7211,0.42,25.1,28.5,21.25,88.2,0.21,NASA_POWER
2017-01-01,sorriso_mt,"Sorriso, MT",-12.5425,-55.7211,7.02,25.55,28.71,22.69,85.75,0.2,NASA_POWER
2017-01-02,sorriso_mt,"Sorriso, MT",-12.5425,-55.7211,2.55,24.79,28.49,22.33,87.51,0.05,NASA_POWER
2017-01-03,sorriso_mt,"Sorriso, MT",-12.5425,-55.7211,5.72,25.26,29.37,21.31,87.83,0.04,NASA_POWER
2017-01-04,sorriso_mt,"Sorriso, MT",-12.5425,-55.7211,2.5,25.34,28.7,21.98,89.55,0.23,NASA_POWER
2017-01-05,sorriso_mt,"Sorriso, MT",-12.5425,-55.7211,0.53,25.09,28.25,22.6,88.85,0.06,NASA_POWER
2017-01-06,sorriso_mt,"Sorriso, MT",-12.5425,-55.7211,0.22,25.56,29.07,22.46,87.05,0.05,NASA_POWER
2017-01-07,sorriso_mt,"Sorriso, MT",-12.5425,-55.7211,0.04,26.0,30.33,22.75,87.27,0.04,NASA_POWER
2017-01-08,sorriso_mt,"Sorriso, MT",-12.5425,-55.7211,17.31,24.53,26.78,22.68,92.33,0.1,NASA_POWER
2017-01-09,sorriso_mt,"Sorriso, MT",-12.5425,-55.7211,1.63,24.54,27.95,22.06,90.49,0.26,NASA_POWER
2017-01-10,sorriso_mt,"Sorriso, MT",-12.5425,-55.7211,0.02,25.67,29.98,20.91,84.87,0.24,NASA_POWER
2017-01-11,sorriso_mt,"Sorriso, MT",-12.5425,-55.7211,0.26,26.24,29.77,23.4,85.02,0.15,NASA_POWER
2017-01-12,sorriso_mt,"Sorriso, MT",-12.5425,-55.7211,2.35,25.13,28.22,22.38,90.57,0.16,NASA_POWER
2017-01-13,sorriso_mt,"Sorriso, MT",-12.5425,-55.7211,1.91,24.67,28.08,21.91,90.6,0.1,NASA_POWER
2017-01-14,sorriso_mt,"Sorriso, MT",-12.5425,-55.7211,0.88,23.85,26.81,21.73,89.73,0.19,NASA_POWER
2017-01-15,sorriso_mt,"Sorriso, MT",-12.5425,-55.7211,2.65,24.01,27.8,20.72,88.49,0.16,NASA_POWER
2017-01-16,sorriso_mt,"Sorriso, MT",-12.5425,-55.7211,3.08,24.37,28.16,21.75,89.43,0.17,NASA_POWER
2017-01-17,sorriso_mt,"Sorriso, MT",-12.5425,-55.7211,21.49,23.35,25.49,21.6,95.53,0.06,NASA_POWER
2017-01-18,sorriso_mt,"Sorriso, MT",-12.5425,-55.7211,15.43,22.52,24.55,20.71,95.61,0.02,NASA_POWER
2017-01-19,sorriso_mt,"Sorriso, MT",-12.5425,-55.7211,11.43,23.44,27.12,20.6,91.64,0.02,NASA_POWER
2017-01-20,sorriso_mt,"Sorriso, MT",-12.5425,-55.7211,4.78,24.15,27.8,21.5,92.15,0.02,NASA_POWER
2017-01-21,sorriso_mt,"Sorriso, MT",-12.5425,-55.7211,10.03,23.77,26.96,21.45,93.79,0.02,NASA_POWER
2017-01-22,sorriso_mt,"Sorriso, MT",-12.5425,-55.7211,5.88,23.7,27.42,20.91,91.4,0.14,NASA_POWER
2017-01-23,sorriso_mt,"Sorriso, MT",-12.5425,-55.7211,2.02,22.55,24.59,20.99,94.09,0.08,NASA_POWER
2017-01-24,sorriso_mt,"Sorriso, MT",-12.5425,-55.7211,7.3,23.98,27.86,20.57,90.06,0.04,NASA_POWER
2017-01-25,sorriso_mt,"Sorriso, MT",-12.5425,-55.7211,15.54,24.39,28.57,20.74,90.88,0.1,NASA_POWER
2017-01-26,sorriso_mt,"Sorriso, MT",-12.5425,-55.7211,0.95,23.74,26.3,21.69,93.09,0.14,NASA_POWER
2017-01-27,sorriso_mt,"Sorriso, MT",-12.5425,-55.7211,20.76,24.3,27.75,21.11,91.04,0.05,NASA_POWER
2017-01-28,sorriso_mt,"Sorriso, MT",-12.5425,-55.7211,8.84,24.52,28.04,21.49,91.48,0.06,NASA_POWER
2017-01-29,sorriso_mt,"Sorriso, MT",-12.5425,-55.7211,1.33,23.75,26.99,21.52,88.81,0.12,NASA_POWER
2017-01-30,sorriso_mt,"Sorriso, MT",-12.5425,-55.7211,1.14,24.16,28.09,20.64,88.63,0.1,NASA_POWER
2017-01-31,sorriso_mt,"Sorriso, MT",-12.5425,-55.7211,0.7,24.76,28.55,21.64,88.31,0.03,NASA_POWER
2017-02-01,sorriso_mt,"Sorriso, MT",-12.5425,-55.7211,2.82,23.58,25.75,21.38,89.92,0.11,NASA_POWER
2017-02-02,sorriso_mt,"Sorriso, MT",-12.5425,-55.7211,1.31,23.97,27.85,20.5,88.62,0.16,NASA_POWER
2017-02-03,sorriso_mt,"Sorriso, MT",-12.5425,-55.7211,0.27,24.76,28.64,21.51,89.54,0.12,NASA_POWER
2017-02-04,sorriso_mt,"Sorriso, MT",-12.5425,-55.7211,0.1,25.49,28.93,21.72,87.69,0.16,NASA_POWER
2017-02-05,sorriso_mt,"Sorriso, MT",-12.5425,-55.7211,1.72,25.42,28.28,23.47,88.63,0.15,NASA_POWER
2017-02-06,sorriso_mt,"Sorriso, MT",-12.5425,-55.7211,8.53,25.39,28.45,22.56,90.85,0.09,NASA_POWER
2017-02-07,sorriso_mt,"Sorriso, MT",-12.5425,-55.7211,10.36,24.17,25.9,22.06,95.45,0.18,NASA_POWER
2017-02-08,sorriso_mt,"Sorriso, MT",-12.5425,-55.7211,24.53,24.17,27.69,21.03,93.33,0.03,NASA_POWER
2017-02-09,sorriso_mt,"Sorriso, MT",-12.5425,-55.7211,5.36,24.78,28.55,21.86,91.03,0.04,NASA_POWER
2017-02-10,sorriso_mt,"Sorriso, MT",-12.5425,-55.7211,3.11,24.84,28.32,21.74,91.96,0.08,NASA_POWER
2017-02-11,sorriso_mt,"Sorriso, MT",-12.5425,-55.7211,8.44,23.55,24.7,22.71,96.37,0.03,NASA_POWER
2017-02-12,sorriso_mt,"Sorriso, MT",-12.5425,-55.7211,14.29,22.84,24.22,21.93,97.34,0.04,NASA_POWER
2017-02-13,sorriso_mt,"Sorriso, MT",-12.5425,-55.7211,25.48,23.34,26.05,21.11,95.22,0.07,NASA_POWER
2017-02-14,sorriso_mt,"Sorriso, MT",-12.5425,-55.7211,32.95,23.16,25.09,21.87,95.73,0.03,NASA_POWER
2017-02-15,sorriso_mt,"Sorriso, MT",-12.5425,-55.7211,12.9,23.14,25.86,21.02,92.37,0.04,NASA_POWER
2017-02-16,sorriso_mt,"Sorriso, MT",-12.5425,-55.7211,1.3,23.31,26.9,20.33,85.84,0.15,NASA_POWER
2017-02-17,sorriso_mt,"Sorriso, MT",-12.5425,-55.7211,1.23,23.84,27.96,20.44,88.94,0.09,NASA_POWER
2017-02-18,sorriso_mt,"Sorriso, MT",-12.5425,-55.7211,12.34,23.21,25.71,21.0,92.53,0.03,NASA_POWER
2017-02-19,sorriso_mt,"Sorriso, MT",-12.5425,-55.7211,1.06,23.18,26.66,20.52,89.31,0.14,NASA_POWER
2017-02-20,sorriso_mt,"Sorriso, MT",-12.5425,-55.7211,0.79,24.12,28.98,20.02,85.94,0.11,NASA_POWER
2017-02-21,sorriso_mt,"Sorriso, MT",-12.5425,-55.7211,8.34,23.21,25.69,21.25,93.33,0.18,NASA_POWER
2017-02-22,sorriso_mt,"Sorriso, MT",-12.5425,-55.7211,2.38,24.02,28.55,20.22,88.25,0.1,NASA_POWER
2017-02-23,sorriso_mt,"Sorriso, MT",-12.5425,-55.7211,1.36,24.79,28.83,21.57,87.63,0.11,NASA_POWER
2017-02-24,sorriso_mt,"Sorriso, MT",-12.5425,-55.7211,4.55,24.36,28.17,21.55,91.12,0.06,NASA_POWER
2017-02-25,sorriso_mt,"Sorriso, MT",-12.5425,-55.7211,15.64,23.25,25.06,21.93,96.03,0.13,NASA_POWER
2017-02-26,sorriso_mt,"Sorriso, MT",-12.5425,-55.7211,2.34,24.21,27.61,20.99,88.27,0.23,NASA_POWER
2017-02-27,sorriso_mt,"Sorriso, MT",-12.5425,-55.7211,29.15,23.91,27.25,20.84,91.08,0.1,NASA_POWER
2017-02-28,sorriso_mt,"Sorriso, MT",-12.5425,-55.7211,16.44,23.63,27.19,20.93,92.63,0.1,NASA_POWER
2017-03-01,sorriso_mt,"Sorriso, MT",-12.5425,-55.7211,5.63,23.84,27.45,21.42,91.92,0.05,NASA_POWER
2017-03-02,sorriso_mt,"Sorriso, MT",-12.5425,-55.7211,5.27,24.32,27.42,21.57,90.14,0.14,NASA_POWER
2017-03-03,sorriso_mt,"Sorriso, MT",-12.5425,-55.7211,4.8,25.0,28.47,21.1,88.23,0.24,NASA_POWER
2017-03-04,sorriso_mt,"Sorriso, MT",-12.5425,-55.7211,5.11,25.05,28.89,22.83,90.44,0.21,NASA_POWER
2017-03-05,sorriso_mt,"Sorriso, MT",-12.5425,-55.7211,0.02,25.3,28.94,21.85,86.16,0.22,NASA_POWER
2017-03-06,sorriso_mt,"Sorriso, MT",-12.5425,-55.7211,6.38,25.42,29.47,21.36,88.57,0.15,NASA_POWER
2017-03-07,sorriso_mt,"Sorriso, MT",-12.5425,-55.7211,0.68,25.39,29.07,22.53,89.03,0.06,NASA_POWER
2017-03-08,sorriso_mt,"Sorriso, MT",-12.5425,-55.7211,0.06,25.82,29.97,21.82,86.38,0.1,NASA_POWER
2017-03-09,sorriso_mt,"Sorriso, MT",-12.5425,-55.7211,0.18,25.37,28.59,22.67,89.42,0.07,NASA_POWER
2017-03-10,sorriso_mt,"Sorriso, MT",-12.5425,-55.7211,1.19,25.89,29.97,22.14,86.78,0.15,NASA_POWER
2017-03-11,sorriso_mt,"Sorriso, MT",-12.5425,-55.7211,0.94,25.76,29.31,22.15,88.89,0.11,NASA_POWER
2017-03-12,sorriso_mt,"Sorriso, MT",-12.5425,-55.7211,3.57,25.44,28.83,22.67,90.36,0.04,NASA_POWER
2017-03-13,sorriso_mt,"Sorriso, MT",-12.5425,-55.7211,18.92,24.31,27.46,21.67,87.75,0.17,NASA_POWER
2017-03-14,sorriso_mt,"Sorriso, MT",-12.5425,-55.7211,12.09,24.56,27.68,21.8,89.32,0.25,NASA_POWER
2017-03-15,sorriso_mt,"Sorriso, MT",-12.5425,-55.7211,2.98,23.78,26.55,22.23,91.74,0.07,NASA_POWER
2017-03-16,sorriso_mt,"Sorriso, MT",-12.5425,-55.7211,5.86,24.14,27.99,21.03,90.31,0.09,NASA_POWER
2017-03-17,sorriso_mt,"Sorriso, MT",-12.5425,-55.7211,30.21,24.2,27.54,21.22,92.08,0.23,NASA_POWER
2017-03-18,sorriso_mt,"Sorriso, MT",-12.5425,-55.7211,6.5,25.09,28.89,22.3,90.05,0.16,NASA_POWER
2017-03-19,sorriso_mt,"Sorriso, MT",-12.5425,-55.7211,16.61,23.69,25.77,22.19,95.04,0.15,NASA_POWER
2017-03-20,sorriso_mt,"Sorriso, MT",-12.5425,-55.7211,24.19,23.56,25.6,21.24,94.97,0.14,NASA_POWER
2017-03-21,sorriso_mt,"Sorriso, MT",-12.5425,-55.7211,0.24,24.59,28.57,20.75,86.54,0.2,NASA_POWER
2017-03-22,sorriso_mt,"Sorriso, MT",-12.5425,-55.7211,0.15,25.19,28.7,21.25,88.79,0.08,NASA_POWER
2017-03-23,sorriso_mt,"Sorriso, MT",-12.5425,-55.7211,0.07,25.44,28.91,22.03,88.43,0.16,NASA_POWER
2017-03-24,sorriso_mt,"Sorriso, MT",-12.5425,-55.7211,5.42,24.91,27.56,22.25,91.34,0.26,NASA_POWER
2017-03-25,sorriso_mt,"Sorriso, MT",-12.5425,-55.7211,3.77,24.43,27.15,22.17,93.24,0.19,NASA_POWER
2017-03-26,sorriso_mt,"Sorriso, MT",-12.5425,-55.7211,0.41,24.98,28.92,21.79,85.75,0.17,NASA_POWER
2017-03-27,sorriso_mt,"Sorriso, MT",-12.5425,-55.7211,3.32,25.36,29.11,21.89,86.6,0.17,NASA_POWER
2017-03-28,sorriso_mt,"Sorriso, MT",-12.5425,-55.7211,5.59,24.69,28.1,22.3,92.19,0.2,NASA_POWER
2017-03-29,sorriso_mt,"Sorriso, MT",-12.5425,-55.7211,1.58,24.4,27.27,22.18,92.19,0.18,NASA_POWER
2017-03-30,sorriso_mt,"Sorriso, MT",-12.5425,-55.7211,29.43,24.58,28.24,21.34,92.45,0.13,NASA_POWER
2017-03-31,sorriso_mt,"Sorriso, MT",-12.5425,-55.7211,8.71,25.2,28.24,22.32,90.64,0.15,NASA_POWER
2017-04-01,sorriso_mt,"Sorriso, MT",-12.5425,-55.7211,3.05,25.64,29.15,22.95,90.05,0.17,NASA_POWER
2017-04-02,sorriso_mt,"Sorriso, MT",-12.5425,-55.7211,4.26,25.64,29.05,23.04,92.18,0.02,NASA_POWER
2017-04-03,sorriso_mt,"Sorriso, MT",-12.5425,-55.7211,6.81,25.03,27.5,23.16,89.71,0.12,NASA_POWER
2017-04-04,sorriso_mt,"Sorriso, MT",-12.5425,-55.7211,5.45,23.78,26.48,22.01,94.77,0.14,NASA_POWER
2017-04-05,sorriso_mt,"Sorriso, MT",-12.5425,-55.7211,0.91,24.9,28.9,21.64,89.24,0.15,NASA_POWER
2017-04-06,sorriso_mt,"Sorriso, MT",-12.5425,-55.7211,12.13,24.9,28.07,21.9,92.14,0.14,NASA_POWER
2017-04-07,sorriso_mt,"Sorriso, MT",-12.5425,-55.7211,14.23,25.01,27.92,22.57,93.03,0.14,NASA_POWER
2017-04-08,sorriso_mt,"Sorriso, MT",-12.5425,-55.7211,12.73,25.38,28.81,22.04,89.71,0.06,NASA_POWER
2017-04-09,sorriso_mt,"Sorriso, MT",-12.5425,-55.7211,3.81,25.14,29.08,22.13,87.52,0.08,NASA_POWER
2017-04-10,sorriso_mt,"Sorriso, MT",-12.5425,-55.7211,0.0,24.58,28.97,20.18,84.83,0.17,NASA_POWER
2017-04-11,sorriso_mt,"Sorriso, MT",-12.5425,-55.7211,0.04,24.59,28.84,19.77,85.86,0.2,NASA_POWER
2017-04-12,sorriso_mt,"Sorriso, MT",-12.5425,-55.7211,0.18,24.45,28.29,20.68,87.46,0.05,NASA_POWER
2017-04-13,sorriso_mt,"Sorriso, MT",-12.5425,-55.7211,0.25,24.92,29.22,21.22,88.41,0.03,NASA_POWER
2017-04-14,sorriso_mt,"Sorriso, MT",-12.5425,-55.7211,0.08,25.5,29.59,21.6,87.47,0.2,NASA_POWER
2017-04-15,sorriso_mt,"Sorriso, MT",-12.5425,-55.7211,0.13,25.41,28.42,22.52,88.48,0.26,NASA_POWER
2017-04-16,sorriso_mt,"Sorriso, MT",-12.5425,-55.7211,0.69,25.44,28.79,22.85,87.54,0.12,NASA_POWER
2017-04-17,sorriso_mt,"Sorriso, MT",-12.5425,-55.7211,4.27,24.72,28.24,22.39,92.0,0.18,NASA_POWER
2017-04-18,sorriso_mt,"Sorriso, MT",-12.5425,-55.7211,12.01,24.72,28.29,22.1,90.98,0.2,NASA_POWER
2017-04-19,sorriso_mt,"Sorriso, MT",-12.5425,-55.7211,0.09,25.04,28.95,21.25,85.75,0.24,NASA_POWER
2017-04-20,sorriso_mt,"Sorriso, MT",-12.5425,-55.7211,0.85,24.9,27.97,22.56,90.27,0.25,NASA_POWER
2017-04-21,sorriso_mt,"Sorriso, MT",-12.5425,-55.7211,3.54,24.97,28.26,21.95,88.16,0.11,NASA_POWER
2017-04-22,sorriso_mt,"Sorriso, MT",-12.5425,-55.7211,7.15,25.1,28.24,22.52,88.99,0.2,NASA_POWER
2017-04-23,sorriso_mt,"Sorriso, MT",-12.5425,-55.7211,21.53,24.73,28.03,22.39,91.05,0.15,NASA_POWER
2017-04-24,sorriso_mt,"Sorriso, MT",-12.5425,-55.7211,0.56,24.34,27.52,21.91,93.9,0.14,NASA_POWER
2017-04-25,sorriso_mt,"Sorriso, MT",-12.5425,-55.7211,0.02,24.9,28.26,22.05,90.24,0.29,NASA_POWER
2017-04-26,sorriso_mt,"Sorriso, MT",-12.5425,-55.7211,9.14,24.81,28.09,21.4,91.7,0.23,NASA_POWER
2017-04-27,sorriso_mt,"Sorriso, MT",-12.5425,-55.7211,4.74,23.7,26.32,21.72,95.34,0.03,NASA_POWER
2017-04-28,sorriso_mt,"Sorriso, MT",-12.5425,-55.7211,0.43,23.72,28.12,20.11,88.63,0.03,NASA_POWER
2017-04-29,sorriso_mt,"Sorriso, MT",-12.5425,-55.7211,0.02,25.0,28.91,21.11,88.88,0.03,NASA_POWER
2017-04-30,sorriso_mt,"Sorriso, MT",-12.5425,-55.7211,0.77,24.87,28.05,22.41,89.2,0.03,NASA_POWER
2017-05-01,sorriso_mt,"Sorriso, MT",-12.5425,-55.7211,0.09,25.08,28.54,22.08,89.45,0.14,NASA_POWER
2017-05-02,sorriso_mt,"Sorriso, MT",-12.5425,-55.7211,0.02,25.05,28.69,21.51,86.2,0.1,NASA_POWER
2017-05-03,sorriso_mt,"Sorriso, MT",-12.5425,-55.7211,0.04,24.66,28.67,20.44,85.56,0.13,NASA_POWER
2017-05-04,sorriso_mt,"Sorriso, MT",-12.5425,-55.7211,0.22,24.05,28.58,20.0,87.03,0.2,NASA_POWER
2017-05-05,sorriso_mt,"Sorriso, MT",-12.5425,-55.7211,0.06,24.5,28.91,19.73,86.87,0.15,NASA_POWER
2017-05-06,sorriso_mt,"Sorriso, MT",-12.5425,-55.7211,0.0,24.21,28.8,19.85,87.25,0.06,NASA_POWER
2017-05-07,sorriso_mt,"Sorriso, MT",-12.5425,-55.7211,0.0,24.69,29.23,21.08,86.67,0.2,NASA_POWER
2017-05-08,sorriso_mt,"Sorriso, MT",-12.5425,-55.7211,0.0,25.19,29.35,21.65,86.65,0.3,NASA_POWER
2017-05-09,sorriso_mt,"Sorriso, MT",-12.5425,-55.7211,0.0,24.67,28.92,20.89,85.28,0.22,NASA_POWER
2017-05-10,sorriso_mt,"Sorriso, MT",-12.5425,-55.7211,0.0,24.36,28.87,19.94,83.68,0.2,NASA_POWER
2017-05-11,sorriso_mt,"Sorriso, MT",-12.5425,-55.7211,0.0,23.03,28.08,17.86,88.26,0.16,NASA_POWER
2017-05-12,sorriso_mt,"Sorriso, MT",-12.5425,-55.7211,0.0,23.9,28.75,19.32,86.56,0.21,NASA_POWER
2017-05-13,sorriso_mt,"Sorriso, MT",-12.5425,-55.7211,2.0,24.6,28.69,20.76,89.97,0.23,NASA_POWER
2017-05-14,sorriso_mt,"Sorriso, MT",-12.5425,-55.7211,1.56,25.14,28.97,22.18,91.36,0.29,NASA_POWER
2017-05-15,sorriso_mt,"Sorriso, MT",-12.5425,-55.7211,13.89,25.24,29.16,22.25,91.87,0.26,NASA_POWER
2017-05-16,sorriso_mt,"Sorriso, MT",-12.5425,-55.7211,5.09,24.34,26.61,22.82,94.91,0.17,NASA_POWER
2017-05-17,sorriso_mt,"Sorriso, MT",-12.5425,-55.7211,0.18,25.07,28.41,21.59,88.13,0.26,NASA_POWER
2017-05-18,sorriso_mt,"Sorriso, MT",-12.5425,-55.7211,0.01,24.97,27.96,21.79,89.11,0.25,NASA_POWER
2017-05-19,sorriso_mt,"Sorriso, MT",-12.5425,-55.7211,2.95,24.48,27.3,21.85,90.62,0.24,NASA_POWER
2017-05-20,sorriso_mt,"Sorriso, MT",-12.5425,-55.7211,1.33,23.63,26.23,21.61,95.94,0.11,NASA_POWER
2017-05-21,sorriso_mt,"Sorriso, MT",-12.5425,-55.7211,1.82,24.71,28.66,21.62,90.97,0.03,NASA_POWER
2017-05-22,sorriso_mt,"Sorriso, MT",-12.5425,-55.7211,0.89,24.54,27.82,21.8,91.94,0.05,NASA_POWER
2017-05-23,sorriso_mt,"Sorriso, MT",-12.5425,-55.7211,0.25,25.04,29.15,21.48,90.14,0.02,NASA_POWER
2017-05-24,sorriso_mt,"Sorriso, MT",-12.5425,-55.7211,0.04,25.35,29.48,21.58,88.45,0.03,NASA_POWER
2017-05-25,sorriso_mt,"Sorriso, MT",-12.5425,-55.7211,0.0,25.74,29.76,21.65,87.36,0.15,NASA_POWER
2017-05-26,sorriso_mt,"Sorriso, MT",-12.5425,-55.7211,0.0,25.51,29.76,21.16,85.17,0.1,NASA_POWER
2017-05-27,sorriso_mt,"Sorriso, MT",-12.5425,-55.7211,0.05,24.89,29.43,20.6,84.1,0.11,NASA_POWER
2017-05-28,sorriso_mt,"Sorriso, MT",-12.5425,-55.7211,0.01,24.42,29.3,19.74,82.98,0.03,NASA_POWER
2017-05-29,sorriso_mt,"Sorriso, MT",-12.5425,-55.7211,0.0,24.63,29.54,20.34,83.29,0.02,NASA_POWER
2017-05-30,sorriso_mt,"Sorriso, MT",-12.5425,-55.7211,0.06,24.34,28.71,20.05,82.41,0.14,NASA_POWER
2017-05-31,sorriso_mt,"Sorriso, MT",-12.5425,-55.7211,2.91,23.84,28.97,19.76,86.62,0.02,NASA_POWER
2017-06-01,sorriso_mt,"Sorriso, MT",-12.5425,-55.7211,5.39,22.65,26.44,19.95,91.69,0.03,NASA_POWER
2017-06-02,sorriso_mt,"Sorriso, MT",-12.5425,-55.7211,0.56,23.48,28.57,20.0,86.81,0.03,NASA_POWER
2017-06-03,sorriso_mt,"Sorriso, MT",-12.5425,-55.7211,0.06,24.59,29.87,19.96,81.61,0.04,NASA_POWER
2017-06-04,sorriso_mt,"Sorriso, MT",-12.5425,-55.7211,0.12,25.14,30.89,20.06,80.96,0.23,NASA_POWER
2017-06-05,sorriso_mt,"Sorriso, MT",-12.5425,-55.7211,0.26,25.44,31.07,20.77,80.25,0.21,NASA_POWER
2017-06-06,sorriso_mt,"Sorriso, MT",-12.5425,-55.7211,0.21,25.14,31.26,20.38,79.44,0.16,NASA_POWER
2017-06-07,sorriso_mt,"Sorriso, MT",-12.5425,-55.7211,0.04,24.98,31.4,19.57,76.9,0.06,NASA_POWER
2017-06-08,sorriso_mt,"Sorriso, MT",-12.5425,-55.7211,0.0,25.16,30.9,20.54,77.87,0.18,NASA_POWER
2017-06-09,sorriso_mt,"Sorriso, MT",-12.5425,-55.7211,0.0,24.77,30.66,19.25,74.49,0.14,NASA_POWER
2017-06-10,sorriso_mt,"Sorriso, MT",-12.5425,-55.7211,0.0,22.02,28.27,17.19,68.08,0.02,NASA_POWER
2017-06-11,sorriso_mt,"Sorriso, MT",-12.5425,-55.7211,0.0,22.96,30.19,16.55,73.83,0.1,NASA_POWER
2017-06-12,sorriso_mt,"Sorriso, MT",-12.5425,-55.7211,0.0,24.28,31.28,18.39,70.28,0.17,NASA_POWER
2017-06-13,sorriso_mt,"Sorriso, MT",-12.5425,-55.7211,0.0,24.61,32.17,18.41,71.35,0.06,NASA_POWER
2017-06-14,sorriso_mt,"Sorriso, MT",-12.5425,-55.7211,0.0,25.16,32.78,18.37,66.73,0.04,NASA_POWER
2017-06-15,sorriso_mt,"Sorriso, MT",-12.5425,-55.7211,0.01,25.34,32.62,19.55,62.82,0.09,NASA_POWER
2017-06-16,sorriso_mt,"Sorriso, MT",-12.5425,-55.7211,0.01,25.3,32.74,17.86,57.52,0.33,NASA_POWER
2017-06-17,sorriso_mt,"Sorriso, MT",-12.5425,-55.7211,0.0,24.81,32.04,17.65,60.7,0.27,NASA_POWER
2017-06-18,sorriso_mt,"Sorriso, MT",-12.5425,-55.7211,0.0,24.81,32.13,18.56,64.48,0.2,NASA_POWER
2017-06-19,sorriso_mt,"Sorriso, MT",-12.5425,-55.7211,0.0,24.53,32.09,17.8,59.67,0.03,NASA_POWER
2017-06-20,sorriso_mt,"Sorriso, MT",-12.5425,-55.7211,0.0,23.05,30.87,16.8,57.34,0.03,NASA_POWER
2017-06-21,sorriso_mt,"Sorriso, MT",-12.5425,-55.7211,0.0,23.65,32.55,16.08,59.91,0.09,NASA_POWER
2017-06-22,sorriso_mt,"Sorriso, MT",-12.5425,-55.7211,0.0,24.67,33.13,17.72,51.79,0.13,NASA_POWER
2017-06-23,sorriso_mt,"Sorriso, MT",-12.5425,-55.7211,0.0,24.42,32.51,17.04,52.53,0.13,NASA_POWER
2017-06-24,sorriso_mt,"Sorriso, MT",-12.5425,-55.7211,0.0,24.08,32.6,17.47,56.6,0.12,NASA_POWER
2017-06-25,sorriso_mt,"Sorriso, MT",-12.5425,-55.7211,0.0,25.44,32.86,19.07,55.65,0.13,NASA_POWER
2017-06-26,sorriso_mt,"Sorriso, MT",-12.5425,-55.7211,0.0,24.7,32.75,18.1,51.91,0.11,NASA_POWER
2017-06-27,sorriso_mt,"Sorriso, MT",-12.5425,-55.7211,0.0,24.2,32.35,17.75,53.12,0.15,NASA_POWER
2017-06-28,sorriso_mt,"Sorriso, MT",-12.5425,-55.7211,0.0,24.5,32.07,18.4,55.24,0.15,NASA_POWER
2017-06-29,sorriso_mt,"Sorriso, MT",-12.5425,-55.7211,0.0,25.31,32.48,20.15,53.16,0.13,NASA_POWER
2017-06-30,sorriso_mt,"Sorriso, MT",-12.5425,-55.7211,0.0,24.77,31.68,19.23,54.98,0.03,NASA_POWER
2017-07-01,sorriso_mt,"Sorriso, MT",-12.5425,-55.7211,0.0,24.96,31.92,20.05,50.58,0.05,NASA_POWER
2017-07-02,sorriso_mt,"Sorriso, MT",-12.5425,-55.7211,0.0,24.12,32.13,16.73,49.78,0.03,NASA_POWER
2017-07-03,sorriso_mt,"Sorriso, MT",-12.5425,-55.7211,0.0,24.44,32.62,17.14,50.27,0.05,NASA_POWER
2017-07-04,sorriso_mt,"Sorriso, MT",-12.5425,-55.7211,0.0,24.91,33.19,16.75,52.13,0.21,NASA_POWER
2017-07-05,sorriso_mt,"Sorriso, MT",-12.5425,-55.7211,0.0,24.87,32.86,18.51,50.36,0.05,NASA_POWER
2017-07-06,sorriso_mt,"Sorriso, MT",-12.5425,-55.7211,0.0,23.68,32.04,16.92,49.56,0.09,NASA_POWER
2017-07-07,sorriso_mt,"Sorriso, MT",-12.5425,-55.7211,0.0,23.46,32.39,15.99,49.64,0.15,NASA_POWER
2017-07-08,sorriso_mt,"Sorriso, MT",-12.5425,-55.7211,0.0,24.73,33.59,17.58,48.94,0.13,NASA_POWER
2017-07-09,sorriso_mt,"Sorriso, MT",-12.5425,-55.7211,0.0,24.75,33.42,17.47,49.04,0.1,NASA_POWER
2017-07-10,sorriso_mt,"Sorriso, MT",-12.5425,-55.7211,0.0,23.71,32.59,16.9,47.81,0.06,NASA_POWER
2017-07-11,sorriso_mt,"Sorriso, MT",-12.5425,-55.7211,0.0,23.3,32.57,15.31,47.84,0.09,NASA_POWER
2017-07-12,sorriso_mt,"Sorriso, MT",-12.5425,-55.7211,0.0,24.71,33.61,16.58,50.6,0.23,NASA_POWER
2017-07-13,sorriso_mt,"Sorriso, MT",-12.5425,-55.7211,0.0,25.25,34.06,18.1,51.77,0.11,NASA_POWER
2017-07-14,sorriso_mt,"Sorriso, MT",-12.5425,-55.7211,0.0,25.22,33.42,18.37,44.89,0.16,NASA_POWER
2017-07-15,sorriso_mt,"Sorriso, MT",-12.5425,-55.7211,0.0,24.64,32.83,18.11,47.58,0.19,NASA_POWER
2017-07-16,sorriso_mt,"Sorriso, MT",-12.5425,-55.7211,0.0,24.44,33.4,16.49,48.4,0.17,NASA_POWER
2017-07-17,sorriso_mt,"Sorriso, MT",-12.5425,-55.7211,0.0,23.95,32.58,15.96,41.43,0.04,NASA_POWER
2017-07-18,sorriso_mt,"Sorriso, MT",-12.5425,-55.7211,0.0,19.44,26.85,13.26,46.24,0.04,NASA_POWER
2017-07-19,sorriso_mt,"Sorriso, MT",-12.5425,-55.7211,0.0,20.5,30.28,12.24,51.16,0.03,NASA_POWER
2017-07-20,sorriso_mt,"Sorriso, MT",-12.5425,-55.7211,0.0,22.43,32.42,14.33,53.22,0.04,NASA_POWER
2017-07-21,sorriso_mt,"Sorriso, MT",-12.5425,-55.7211,0.0,24.7,34.2,16.04,49.27,0.03,NASA_POWER
2017-07-22,sorriso_mt,"Sorriso, MT",-12.5425,-55.7211,0.0,25.01,34.58,17.9,47.5,0.09,NASA_POWER
2017-07-23,sorriso_mt,"Sorriso, MT",-12.5425,-55.7211,0.0,25.64,35.12,16.71,42.86,0.18,NASA_POWER
2017-07-24,sorriso_mt,"Sorriso, MT",-12.5425,-55.7211,0.0,26.44,35.31,19.45,39.42,0.07,NASA_POWER
2017-07-25,sorriso_mt,"Sorriso, MT",-12.5425,-55.7211,0.0,25.93,34.47,18.77,38.4,0.09,NASA_POWER
2017-07-26,sorriso_mt,"Sorriso, MT",-12.5425,-55.7211,0.0,25.17,33.92,17.53,41.09,0.08,NASA_POWER
2017-07-27,sorriso_mt,"Sorriso, MT",-12.5425,-55.7211,0.0,24.7,33.05,17.89,38.47,0.1,NASA_POWER
2017-07-28,sorriso_mt,"Sorriso, MT",-12.5425,-55.7211,0.0,24.62,33.28,17.13,36.1,0.1,NASA_POWER
2017-07-29,sorriso_mt,"Sorriso, MT",-12.5425,-55.7211,0.0,25.75,34.06,19.12,33.63,0.12,NASA_POWER
2017-07-30,sorriso_mt,"Sorriso, MT",-12.5425,-55.7211,0.0,26.63,34.33,20.81,36.82,0.07,NASA_POWER
2017-07-31,sorriso_mt,"Sorriso, MT",-12.5425,-55.7211,0.0,25.83,33.95,19.74,36.56,0.1,NASA_POWER
2017-08-01,sorriso_mt,"Sorriso, MT",-12.5425,-55.7211,0.0,26.1,34.48,17.45,35.81,0.19,NASA_POWER
2017-08-02,sorriso_mt,"Sorriso, MT",-12.5425,-55.7211,0.0,25.48,35.19,16.92,37.18,0.26,NASA_POWER
2017-08-03,sorriso_mt,"Sorriso, MT",-12.5425,-55.7211,0.0,26.06,35.08,17.9,37.38,0.03,NASA_POWER
2017-08-04,sorriso_mt,"Sorriso, MT",-12.5425,-55.7211,0.0,25.79,34.36,18.6,43.93,0.03,NASA_POWER
2017-08-05,sorriso_mt,"Sorriso, MT",-12.5425,-55.7211,0.0,26.36,35.58,18.02,40.89,0.05,NASA_POWER
2017-08-06,sorriso_mt,"Sorriso, MT",-12.5425,-55.7211,0.0,27.18,36.6,19.06,37.34,0.11,NASA_POWER
2017-08-07,sorriso_mt,"Sorriso, MT",-12.5425,-55.7211,0.0,28.24,37.17,18.79,32.42,0.23,NASA_POWER
2017-08-08,sorriso_mt,"Sorriso, MT",-12.5425,-55.7211,0.0,28.09,37.61,18.78,34.06,0.32,NASA_POWER
2017-08-09,sorriso_mt,"Sorriso, MT",-12.5425,-55.7211,0.0,28.87,37.72,21.54,36.89,0.11,NASA_POWER
2017-08-10,sorriso_mt,"Sorriso, MT",-12.5425,-55.7211,0.0,29.58,38.14,21.6,34.25,0.15,NASA_POWER
2017-08-11,sorriso_mt,"Sorriso, MT",-12.5425,-55.7211,0.0,29.51,37.86,21.98,32.26,0.25,NASA_POWER
2017-08-12,sorriso_mt,"Sorriso, MT",-12.5425,-55.7211,0.01,28.9,36.43,22.02,39.41,0.39,NASA_POWER
2017-08-13,sorriso_mt,"Sorriso, MT",-12.5425,-55.7211,12.65,29.08,35.9,22.61,55.7,0.26,NASA_POWER
2017-08-14,sorriso_mt,"Sorriso, MT",-12.5425,-55.7211,1.17,27.67,36.31,21.42,65.29,0.12,NASA_POWER
2017-08-15,sorriso_mt,"Sorriso, MT",-12.5425,-55.7211,0.03,28.81,37.18,20.57,52.81,0.32,NASA_POWER
2017-08-16,sorriso_mt,"Sorriso, MT",-12.5425,-55.7211,0.0,28.8,37.84,21.73,47.43,0.17,NASA_POWER
2017-08-17,sorriso_mt,"Sorriso, MT",-12.5425,-55.7211,4.2,27.35,36.51,19.99,50.2,0.07,NASA_POWER
2017-08-18,sorriso_mt,"Sorriso, MT",-12.5425,-55.7211,1.15,27.11,36.01,20.59,53.5,0.04,NASA_POWER
2017-08-19,sorriso_mt,"Sorriso, MT",-12.5425,-55.7211,0.12,28.44,37.4,21.02,54.56,0.11,NASA_POWER
2017-08-20,sorriso_mt,"Sorriso, MT",-12.5425,-55.7211,1.06,28.5,37.55,21.07,56.1,0.03,NASA_POWER
2017-08-21,sorriso_mt,"Sorriso, MT",-12.5425,-55.7211,5.12,27.0,34.54,21.24,64.89,0.04,NASA_POWER
2017-08-22,sorriso_mt,"Sorriso, MT",-12.5425,-55.7211,0.0,27.2,35.42,22.06,53.84,0.11,NASA_POWER
2017-08-23,sorriso_mt,"Sorriso, MT",-12.5425,-55.7211,0.0,28.28,36.86,21.11,44.68,0.06,NASA_POWER
2017-08-24,sorriso_mt,"Sorriso, MT",-12.5425,-55.7211,0.0,26.79,34.53,21.37,45.58,0.05,NASA_POWER
2017-08-25,sorriso_mt,"Sorriso, MT",-12.5425,-55.7211,0.0,27.58,36.73,19.97,47.8,0.12,NASA_POWER
2017-08-26,sorriso_mt,"Sorriso, MT",-12.5425,-55.7211,0.0,28.35,37.29,19.79,44.5,0.06,NASA_POWER
2017-08-27,sorriso_mt,"Sorriso, MT",-12.5425,-55.7211,0.0,29.39,38.01,22.5,38.13,0.06,NASA_POWER
2017-08-28,sorriso_mt,"Sorriso, MT",-12.5425,-55.7211,0.0,29.07,38.45,21.27,36.1,0.1,NASA_POWER
2017-08-29,sorriso_mt,"Sorriso, MT",-12.5425,-55.7211,0.0,29.4,38.6,20.4,34.01,0.13,NASA_POWER
2017-08-30,sorriso_mt,"Sorriso, MT",-12.5425,-55.7211,0.0,29.25,37.16,22.2,34.85,0.16,NASA_POWER
2017-08-31,sorriso_mt,"Sorriso, MT",-12.5425,-55.7211,0.0,30.55,38.87,23.85,30.43,0.1,NASA_POWER
2017-09-01,sorriso_mt,"Sorriso, MT",-12.5425,-55.7211,0.27,29.66,39.29,20.7,31.06,0.09,NASA_POWER
2017-09-02,sorriso_mt,"Sorriso, MT",-12.5425,-55.7211,0.0,30.49,38.94,23.82,24.65,0.1,NASA_POWER
2017-09-03,sorriso_mt,"Sorriso, MT",-12.5425,-55.7211,0.0,29.24,38.27,20.59,23.59,0.05,NASA_POWER
2017-09-04,sorriso_mt,"Sorriso, MT",-12.5425,-55.7211,0.0,29.05,37.25,21.3,26.94,0.06,NASA_POWER
2017-09-05,sorriso_mt,"Sorriso, MT",-12.5425,-55.7211,0.0,28.55,36.61,20.75,27.85,0.04,NASA_POWER
2017-09-06,sorriso_mt,"Sorriso, MT",-12.5425,-55.7211,0.0,28.37,37.07,19.75,28.58,0.22,NASA_POWER
2017-09-07,sorriso_mt,"Sorriso, MT",-12.5425,-55.7211,0.0,29.12,36.98,21.42,32.31,0.1,NASA_POWER
2017-09-08,sorriso_mt,"Sorriso, MT",-12.5425,-55.7211,0.0,31.7,38.73,25.65,30.31,0.14,NASA_POWER
2017-09-09,sorriso_mt,"Sorriso, MT",-12.5425,-55.7211,0.06,32.66,39.41,26.96,28.24,0.04,NASA_POWER
2017-09-10,sorriso_mt,"Sorriso, MT",-12.5425,-55.7211,3.09,32.5,38.68,27.44,34.12,0.1,NASA_POWER
2017-09-11,sorriso_mt,"Sorriso, MT",-12.5425,-55.7211,0.29,30.86,38.62,25.0,39.61,0.03,NASA_POWER
2017-09-12,sorriso_mt,"Sorriso, MT",-12.5425,-55.7211,1.56,29.43,38.2,21.89,47.5,0.05,NASA_POWER
2017-09-13,sorriso_mt,"Sorriso, MT",-12.5425,-55.7211,1.22,28.82,37.52,20.62,47.01,0.05,NASA_POWER
2017-09-14,sorriso_mt,"Sorriso, MT",-12.5425,-55.7211,0.56,28.17,37.0,20.7,39.92,0.03,NASA_POWER
2017-09-15,sorriso_mt,"Sorriso, MT",-12.5425,-55.7211,1.01,27.9,37.78,18.8,45.15,0.05,NASA_POWER
2017-09-16,sorriso_mt,"Sorriso, MT",-12.5425,-55.7211,0.38,28.14,37.17,20.22,43.25,0.06,NASA_POWER
2017-09-17,sorriso_mt,"Sorriso, MT",-12.5425,-55.7211,0.56,27.14,35.63,20.55,46.01,0.05,NASA_POWER
2017-09-18,sorriso_mt,"Sorriso, MT",-12.5425,-55.7211,0.0,27.76,37.09,19.11,40.72,0.04,NASA_POWER
2017-09-19,sorriso_mt,"Sorriso, MT",-12.5425,-55.7211,0.79,27.92,37.02,19.39,43.11,0.04,NASA_POWER
2017-09-20,sorriso_mt,"Sorriso, MT",-12.5425,-55.7211,0.55,29.26,37.9,21.91,40.73,0.04,NASA_POWER
2017-09-21,sorriso_mt,"Sorriso, MT",-12.5425,-55.7211,1.55,27.99,35.73,20.88,48.44,0.02,NASA_POWER
2017-09-22,sorriso_mt,"Sorriso, MT",-12.5425,-55.7211,0.0,28.88,37.21,21.24,44.84,0.03,NASA_POWER
2017-09-23,sorriso_mt,"Sorriso, MT",-12.5425,-55.7211,0.21,28.96,37.52,20.76,43.8,0.04,NASA_POWER
2017-09-24,sorriso_mt,"Sorriso, MT",-12.5425,-55.7211,0.45,30.12,38.84,22.62,40.51,0.04,NASA_POWER
2017-09-25,sorriso_mt,"Sorriso, MT",-12.5425,-55.7211,3.21,29.13,38.87,21.94,49.31,0.04,NASA_POWER
2017-09-26,sorriso_mt,"Sorriso, MT",-12.5425,-55.7211,0.26,29.92,37.52,23.46,47.66,0.12,NASA_POWER
2017-09-27,sorriso_mt,"Sorriso, MT",-12.5425,-55.7211,19.91,26.69,31.0,21.86,63.91,0.03,NASA_POWER
2017-09-28,sorriso_mt,"Sorriso, MT",-12.5425,-55.7211,52.65,24.05,27.94,21.64,83.4,0.02,NASA_POWER
2017-09-29,sorriso_mt,"Sorriso, MT",-12.5425,-55.7211,0.06,26.12,33.0,20.65,69.89,0.03,NASA_POWER
2017-09-30,sorriso_mt,"Sorriso, MT",-12.5425,-55.7211,0.18,27.12,34.09,21.22,68.57,0.02,NASA_POWER
2017-10-01,sorriso_mt,"Sorriso, MT",-12.5425,-55.7211,0.01,26.59,31.66,22.08,74.99,0.03,NASA_POWER
2017-10-02,sorriso_mt,"Sorriso, MT",-12.5425,-55.7211,42.63,25.03,30.18,18.4,79.99,0.04,NASA_POWER
2017-10-03,sorriso_mt,"Sorriso, MT",-12.5425,-55.7211,19.75,22.31,28.84,17.35,86.36,0.07,NASA_POWER
2017-10-04,sorriso_mt,"Sorriso, MT",-12.5425,-55.7211,0.74,24.53,30.12,20.63,78.49,0.05,NASA_POWER
2017-10-05,sorriso_mt,"Sorriso, MT",-12.5425,-55.7211,1.4,26.73,34.32,19.91,74.02,0.04,NASA_POWER
2017-10-06,sorriso_mt,"Sorriso, MT",-12.5425,-55.7211,1.84,26.87,33.75,22.05,74.75,0.05,NASA_POWER
2017-10-07,sorriso_mt,"Sorriso, MT",-12.5425,-55.7211,0.0,28.21,36.64,21.05,63.8,0.07,NASA_POWER
2017-10-08,sorriso_mt,"Sorriso, MT",-12.5425,-55.7211,0.0,28.68,35.78,22.65,64.63,0.12,NASA_POWER
2017-10-09,sorriso_mt,"Sorriso, MT",-12.5425,-55.7211,0.0,28.74,35.51,22.94,66.44,0.1,NASA_POWER
2017-10-10,sorriso_mt,"Sorriso, MT",-12.5425,-55.7211,0.0,30.29,37.54,24.35,58.39,0.2,NASA_POWER
2017-10-11,sorriso_mt,"Sorriso, MT",-12.5425,-55.7211,0.01,30.78,37.72,23.93,55.06,0.05,NASA_POWER
2017-10-12,sorriso_mt,"Sorriso, MT",-12.5425,-55.7211,0.06,29.44,35.68,24.66,61.32,0.03,NASA_POWER
2017-10-13,sorriso_mt,"Sorriso, MT",-12.5425,-55.7211,0.0,30.17,38.31,23.55,58.94,0.05,NASA_POWER
2017-10-14,sorriso_mt,"Sorriso, MT",-12.5425,-55.7211,0.36,29.66,37.09,24.29,57.05,0.06,NASA_POWER
2017-10-15,sorriso_mt,"Sorriso, MT",-12.5425,-55.7211,0.02,29.97,37.72,23.48,55.48,0.16,NASA_POWER
2017-10-16,sorriso_mt,"Sorriso, MT",-12.5425,-55.7211,0.08,31.08,39.86,23.95,52.66,0.05,NASA_POWER
2017-10-17,sorriso_mt,"Sorriso, MT",-12.5425,-55.7211,4.26,30.31,36.78,23.92,59.78,0.15,NASA_POWER
2017-10-18,sorriso_mt,"Sorriso, MT",-12.5425,-55.7211,0.0,32.01,39.31,25.21,50.75,0.24,NASA_POWER
2017-10-19,sorriso_mt,"Sorriso, MT",-12.5425,-55.7211,0.0,31.89,38.64,25.1,48.82,0.22,NASA_POWER
2017-10-20,sorriso_mt,"Sorriso, MT",-12.5425,-55.7211,1.19,30.27,37.55,23.58,53.79,0.14,NASA_POWER
2017-10-21,sorriso_mt,"Sorriso, MT",-12.5425,-55.7211,1.66,30.6,37.14,24.11,52.89,0.11,NASA_POWER
2017-10-22,sorriso_mt,"Sorriso, MT",-12.5425,-55.7211,19.33,28.3,34.33,23.87,68.76,0.06,NASA_POWER
2017-10-23,sorriso_mt,"Sorriso, MT",-12.5425,-55.7211,5.26,24.17,26.93,21.67,83.68,0.04,NASA_POWER
2017-10-24,sorriso_mt,"Sorriso, MT",-12.5425,-55.7211,0.53,27.84,34.99,21.23,65.99,0.09,NASA_POWER
2017-10-25,sorriso_mt,"Sorriso, MT",-12.5425,-55.7211,0.09,28.69,35.13,22.53,60.67,0.03,NASA_POWER
2017-10-26,sorriso_mt,"Sorriso, MT",-12.5425,-55.7211,1.81,28.07,33.53,23.74,62.91,0.04,NASA_POWER
2017-10-27,sorriso_mt,"Sorriso, MT",-12.5425,-55.7211,37.15,24.99,28.62,22.06,86.67,0.07,NASA_POWER
2017-10-28,sorriso_mt,"Sorriso, MT",-12.5425,-55.7211,0.99,26.6,32.02,21.54,76.5,0.09,NASA_POWER
2017-10-29,sorriso_mt,"Sorriso, MT",-12.5425,-55.7211,0.15,28.6,34.56,22.48,66.47,0.1,NASA_POWER
2017-10-30,sorriso_mt,"Sorriso, MT",-12.5425,-55.7211,1.74,27.56,32.46,23.79,72.5,0.03,NASA_POWER
2017-10-31,sorriso_mt,"Sorriso, MT",-12.5425,-55.7211,4.6,24.72,28.44,22.59,86.59,0.03,NASA_POWER
2017-11-01,sorriso_mt,"Sorriso, MT",-12.5425,-55.7211,1.28,27.11,33.27,21.74,73.22,0.02,NASA_POWER
2017-11-02,sorriso_mt,"Sorriso, MT",-12.5425,-55.7211,3.76,26.97,31.53,23.49,73.98,0.03,NASA_POWER
2017-11-03,sorriso_mt,"Sorriso, MT",-12.5425,-55.7211,2.43,27.64,33.68,22.01,70.94,0.03,NASA_POWER
2017-11-04,sorriso_mt,"Sorriso, MT",-12.5425,-55.7211,5.28,27.42,32.14,22.68,76.56,0.06,NASA_POWER
2017-11-05,sorriso_mt,"Sorriso, MT",-12.5425,-55.7211,4.56,27.94,33.14,24.13,72.45,0.03,NASA_POWER
2017-11-06,sorriso_mt,"Sorriso, MT",-12.5425,-55.7211,13.52,25.38,28.81,22.95,87.89,0.13,NASA_POWER
2017-11-07,sorriso_mt,"Sorriso, MT",-12.5425,-55.7211,0.47,26.83,33.11,21.95,76.47,0.03,NASA_POWER
2017-11-08,sorriso_mt,"Sorriso, MT",-12.5425,-55.7211,5.41,26.66,30.49,23.44,78.81,0.09,NASA_POWER
2017-11-09,sorriso_mt,"Sorriso, MT",-12.5425,-55.7211,3.08,26.91,32.64,22.73,79.73,0.02,NASA_POWER
2017-11-10,sorriso_mt,"Sorriso, MT",-12.5425,-55.7211,0.37,25.61,29.35,23.36,84.67,0.06,NASA_POWER
2017-11-11,sorriso_mt,"Sorriso, MT",-12.5425,-55.7211,5.13,25.44,29.55,22.75,80.73,0.09,NASA_POWER
2017-11-12,sorriso_mt,"Sorriso, MT",-12.5425,-55.7211,23.02,25.05,29.08,22.01,88.51,0.06,NASA_POWER
2017-11-13,sorriso_mt,"Sorriso, MT",-12.5425,-55.7211,7.78,25.85,30.22,22.31,85.29,0.07,NASA_POWER
2017-11-14,sorriso_mt,"Sorriso, MT",-12.5425,-55.7211,6.19,25.24,28.67,22.82,86.84,0.07,NASA_POWER
2017-11-15,sorriso_mt,"Sorriso, MT",-12.5425,-55.7211,7.88,24.98,28.79,22.02,87.7,0.05,NASA_POWER
2017-11-16,sorriso_mt,"Sorriso, MT",-12.5425,-55.7211,3.11,25.3,30.84,21.8,85.21,0.13,NASA_POWER
2017-11-17,sorriso_mt,"Sorriso, MT",-12.5425,-55.7211,4.08,23.73,26.31,21.8,92.02,0.03,NASA_POWER
2017-11-18,sorriso_mt,"Sorriso, MT",-12.5425,-55.7211,27.37,23.68,26.11,21.65,94.77,0.06,NASA_POWER
2017-11-19,sorriso_mt,"Sorriso, MT",-12.5425,-55.7211,14.45,23.61,25.6,21.85,95.6,0.03,NASA_POWER
2017-11-20,sorriso_mt,"Sorriso, MT",-12.5425,-55.7211,5.3,24.4,27.82,21.88,92.13,0.03,NASA_POWER
2017-11-21,sorriso_mt,"Sorriso, MT",-12.5425,-55.7211,3.89,24.38,28.07,22.0,90.69,0.07,NASA_POWER
2017-11-22,sorriso_mt,"Sorriso, MT",-12.5425,-55.7211,11.05,24.21,27.46,21.85,93.51,0.03,NASA_POWER
2017-11-23,sorriso_mt,"Sorriso, MT",-12.5425,-55.7211,4.58,24.86,28.71,21.82,92.06,0.06,NASA_POWER
2017-11-24,sorriso_mt,"Sorriso, MT",-12.5425,-55.7211,7.4,25.57,29.58,22.47,88.75,0.08,NASA_POWER
2017-11-25,sorriso_mt,"Sorriso, MT",-12.5425,-55.7211,7.31,26.07,30.25,22.09,86.54,0.16,NASA_POWER
2017-11-26,sorriso_mt,"Sorriso, MT",-12.5425,-55.7211,16.59,24.52,26.19,22.75,96.41,0.15,NASA_POWER
2017-11-27,sorriso_mt,"Sorriso, MT",-12.5425,-55.7211,0.49,23.84,25.27,22.4,93.37,0.23,NASA_POWER
2017-11-28,sorriso_mt,"Sorriso, MT",-12.5425,-55.7211,12.2,24.78,27.25,21.55,89.69,0.11,NASA_POWER
2017-11-29,sorriso_mt,"Sorriso, MT",-12.5425,-55.7211,4.93,25.34,29.2,21.6,88.73,0.13,NASA_POWER
2017-11-30,sorriso_mt,"Sorriso, MT",-12.5425,-55.7211,34.12,24.81,28.26,22.46,92.96,0.17,NASA_POWER
2017-12-01,sorriso_mt,"Sorriso, MT",-12.5425,-55.7211,10.23,24.73,27.54,22.6,92.86,0.03,NASA_POWER
2017-12-02,sorriso_mt,"Sorriso, MT",-12.5425,-55.7211,1.69,24.59,28.58,20.84,88.06,0.03,NASA_POWER
2017-12-03,sorriso_mt,"Sorriso, MT",-12.5425,-55.7211,0.76,25.54,29.39,21.81,87.86,0.1,NASA_POWER
2017-12-04,sorriso_mt,"Sorriso, MT",-12.5425,-55.7211,5.95,25.52,29.47,22.26,87.85,0.15,NASA_POWER
2017-12-05,sorriso_mt,"Sorriso, MT",-12.5425,-55.7211,1.21,24.71,27.86,22.24,89.33,0.17,NASA_POWER
2017-12-06,sorriso_mt,"Sorriso, MT",-12.5425,-55.7211,1.34,25.27,29.09,21.38,88.67,0.19,NASA_POWER
2017-12-07,sorriso_mt,"Sorriso, MT",-12.5425,-55.7211,1.2,24.43,27.35,22.75,89.21,0.19,NASA_POWER
2017-12-08,sorriso_mt,"Sorriso, MT",-12.5425,-55.7211,9.46,25.17,28.85,21.53,89.99,0.16,NASA_POWER
2017-12-09,sorriso_mt,"Sorriso, MT",-12.5425,-55.7211,2.02,24.62,27.39,22.26,92.16,0.03,NASA_POWER
2017-12-10,sorriso_mt,"Sorriso, MT",-12.5425,-55.7211,30.98,23.78,26.08,21.73,93.6,0.05,NASA_POWER
2017-12-11,sorriso_mt,"Sorriso, MT",-12.5425,-55.7211,15.46,24.18,27.51,21.8,93.47,0.03,NASA_POWER
2017-12-12,sorriso_mt,"Sorriso, MT",-12.5425,-55.7211,1.75,25.01,28.52,22.22,89.92,0.03,NASA_POWER
2017-12-13,sorriso_mt,"Sorriso, MT",-12.5425,-55.7211,4.27,23.76,25.23,22.49,93.27,0.04,NASA_POWER
2017-12-14,sorriso_mt,"Sorriso, MT",-12.5425,-55.7211,11.02,24.25,26.76,21.67,93.69,0.08,NASA_POWER
2017-12-15,sorriso_mt,"Sorriso, MT",-12.5425,-55.7211,1.81,24.4,28.17,21.73,90.85,0.03,NASA_POWER
2017-12-16,sorriso_mt,"Sorriso, MT",-12.5425,-55.7211,2.87,24.51,27.27,22.25,91.97,0.03,NASA_POWER
2017-12-17,sorriso_mt,"Sorriso, MT",-12.5425,-55.7211,20.63,24.63,28.08,21.8,91.85,0.03,NASA_POWER
2017-12-18,sorriso_mt,"Sorriso, MT",-12.5425,-55.7211,8.37,24.99,28.33,22.3,90.38,0.05,NASA_POWER
2017-12-19,sorriso_mt,"Sorriso, MT",-12.5425,-55.7211,1.4,24.4,28.05,20.95,88.31,0.07,NASA_POWER
2017-12-20,sorriso_mt,"Sorriso, MT",-12.5425,-55.7211,0.55,25.04,28.92,21.26,87.62,0.13,NASA_POWER
2017-12-21,sorriso_mt,"Sorriso, MT",-12.5425,-55.7211,8.48,24.92,28.25,21.75,89.08,0.2,NASA_POWER
2017-12-22,sorriso_mt,"Sorriso, MT",-12.5425,-55.7211,34.23,24.44,27.95,21.48,92.23,0.06,NASA_POWER
2017-12-23,sorriso_mt,"Sorriso, MT",-12.5425,-55.7211,5.59,24.06,27.64,21.46,90.72,0.04,NASA_POWER
2017-12-24,sorriso_mt,"Sorriso, MT",-12.5425,-55.7211,3.03,24.13,27.88,21.3,88.22,0.08,NASA_POWER
2017-12-25,sorriso_mt,"Sorriso, MT",-12.5425,-55.7211,14.51,24.71,28.66,20.97,88.55,0.1,NASA_POWER
2017-12-26,sorriso_mt,"Sorriso, MT",-12.5425,-55.7211,15.34,24.39,27.64,22.36,90.75,0.2,NASA_POWER
2017-12-27,sorriso_mt,"Sorriso, MT",-12.5425,-55.7211,1.19,24.56,28.03,20.96,87.11,0.24,NASA_POWER
2017-12-28,sorriso_mt,"Sorriso, MT",-12.5425,-55.7211,11.6,24.95,28.81,21.71,86.3,0.19,NASA_POWER
2017-12-29,sorriso_mt,"Sorriso, MT",-12.5425,-55.7211,10.36,24.17,27.12,21.69,93.02,0.12,NASA_POWER
2017-12-30,sorriso_mt,"Sorriso, MT",-12.5425,-55.7211,4.73,24.2,26.98,21.71,93.69,0.04,NASA_POWER
2017-12-31,sorriso_mt,"Sorriso, MT",-12.5425,-55.7211,6.81,24.35,27.25,22.24,93.96,0.15,NASA_POWER
2018-01-01,sorriso_mt,"Sorriso, MT",-12.5425,-55.7211,4.78,25.24,28.47,21.88,88.58,0.25,NASA_POWER
2018-01-02,sorriso_mt,"Sorriso, MT",-12.5425,-55.7211,25.86,24.64,27.86,22.05,88.37,0.2,NASA_POWER
2018-01-03,sorriso_mt,"Sorriso, MT",-12.5425,-55.7211,12.07,24.48,28.11,21.03,88.0,0.14,NASA_POWER
2018-01-04,sorriso_mt,"Sorriso, MT",-12.5425,-55.7211,8.03,23.82,27.44,21.26,92.07,0.09,NASA_POWER
2018-01-05,sorriso_mt,"Sorriso, MT",-12.5425,-55.7211,9.62,24.25,28.21,20.88,90.0,0.03,NASA_POWER
2018-01-06,sorriso_mt,"Sorriso, MT",-12.5425,-55.7211,30.96,23.31,25.8,21.17,92.27,0.07,NASA_POWER
2018-01-07,sorriso_mt,"Sorriso, MT",-12.5425,-55.7211,15.03,23.59,27.17,20.68,91.55,0.03,NASA_POWER
2018-01-08,sorriso_mt,"Sorriso, MT",-12.5425,-55.7211,61.5,22.76,24.68,21.35,96.11,0.06,NASA_POWER
2018-01-09,sorriso_mt,"Sorriso, MT",-12.5425,-55.7211,12.12,23.28,26.57,20.63,92.11,0.03,NASA_POWER
2018-01-10,sorriso_mt,"Sorriso, MT",-12.5425,-55.7211,4.52,23.99,27.3,20.74,91.25,0.1,NASA_POWER
2018-01-11,sorriso_mt,"Sorriso, MT",-12.5425,-55.7211,4.52,23.71,26.5,21.81,94.03,0.12,NASA_POWER
2018-01-12,sorriso_mt,"Sorriso, MT",-12.5425,-55.7211,10.9,22.83,25.39,21.1,95.51,0.04,NASA_POWER
2018-01-13,sorriso_mt,"Sorriso, MT",-12.5425,-55.7211,1.07,23.29,26.71,20.19,88.63,0.06,NASA_POWER
2018-01-14,sorriso_mt,"Sorriso, MT",-12.5425,-55.7211,0.72,24.14,28.11,20.52,87.66,0.03,NASA_POWER
2018-01-15,sorriso_mt,"Sorriso, MT",-12.5425,-55.7211,17.63,23.4,27.01,20.79,92.53,0.08,NASA_POWER
2018-01-16,sorriso_mt,"Sorriso, MT",-12.5425,-55.7211,1.43,23.89,27.71,20.47,89.75,0.18,NASA_POWER
2018-01-17,sorriso_mt,"Sorriso, MT",-12.5425,-55.7211,0.0,24.18,27.61,20.96,87.89,0.14,NASA_POWER
2018-01-18,sorriso_mt,"Sorriso, MT",-12.5425,-55.7211,0.0,25.42,29.34,21.09,84.1,0.14,NASA_POWER
2018-01-19,sorriso_mt,"Sorriso, MT",-12.5425,-55.7211,0.01,25.79,29.32,22.25,82.77,0.23,NASA_POWER
2018-01-20,sorriso_mt,"Sorriso, MT",-12.5425,-55.7211,0.38,25.2,28.36,22.53,86.88,0.21,NASA_POWER
2018-01-21,sorriso_mt,"Sorriso, MT",-12.5425,-55.7211,0.29,25.23,28.89,21.68,87.29,0.14,NASA_POWER
2018-01-22,sorriso_mt,"Sorriso, MT",-12.5425,-55.7211,3.23,25.91,29.34,23.15,88.01,0.18,NASA_POWER
2018-01-23,sorriso_mt,"Sorriso, MT",-12.5425,-55.7211,4.14,24.04,26.12,22.15,94.57,0.12,NASA_POWER
2018-01-24,sorriso_mt,"Sorriso, MT",-12.5425,-55.7211,3.75,24.22,27.35,21.59,91.4,0.22,NASA_POWER
2018-01-25,sorriso_mt,"Sorriso, MT",-12.5425,-55.7211,0.68,25.56,29.82,20.54,85.88,0.13,NASA_POWER
2018-01-26,sorriso_mt,"Sorriso, MT",-12.5425,-55.7211,2.72,25.19,28.64,23.03,87.99,0.1,NASA_POWER
2018-01-27,sorriso_mt,"Sorriso, MT",-12.5425,-55.7211,10.6,23.95,26.22,22.28,94.18,0.15,NASA_POWER
2018-01-28,sorriso_mt,"Sorriso, MT",-12.5425,-55.7211,24.36,24.43,27.66,21.7,92.4,0.11,NASA_POWER
2018-01-29,sorriso_mt,"Sorriso, MT",-12.5425,-55.7211,37.13,24.81,28.0,22.24,92.18,0.14,NASA_POWER
2018-01-30,sorriso_mt,"Sorriso, MT",-12.5425,-55.7211,9.85,25.2,28.08,22.97,90.55,0.17,NASA_POWER
2018-01-31,sorriso_mt,"Sorriso, MT",-12.5425,-55.7211,48.4,24.67,27.06,22.84,94.21,0.14,NASA_POWER
2018-02-01,sorriso_mt,"Sorriso, MT",-12.5425,-55.7211,1.06,25.74,29.78,21.83,88.31,0.07,NASA_POWER
2018-02-02,sorriso_mt,"Sorriso, MT",-12.5425,-55.7211,8.58,25.37,27.53,23.58,93.93,0.03,NASA_POWER
2018-02-03,sorriso_mt,"Sorriso, MT",-12.5425,-55.7211,15.41,23.95,25.59,22.72,96.9,0.04,NASA_POWER
2018-02-04,sorriso_mt,"Sorriso, MT",-12.5425,-55.7211,6.99,23.93,27.42,21.84,94.14,0.04,NASA_POWER
2018-02-05,sorriso_mt,"Sorriso, MT",-12.5425,-55.7211,18.38,24.15,26.88,22.19,94.61,0.05,NASA_POWER
2018-02-06,sorriso_mt,"Sorriso, MT",-12.5425,-55.7211,18.4,24.64,27.89,22.24,92.54,0.04,NASA_POWER
2018-02-07,sorriso_mt,"Sorriso, MT",-12.5425,-55.7211,31.93,24.43,27.91,21.89,91.92,0.04,NASA_POWER
2018-02-08,sorriso_mt,"Sorriso, MT",-12.5425,-55.7211,34.64,24.57,28.49,21.25,92.13,0.06,NASA_POWER
2018-02-09,sorriso_mt,"Sorriso, MT",-12.5425,-55.7211,3.13,24.93,27.8,22.85,92.88,0.04,NASA_POWER
2018-02-10,sorriso_mt,"Sorriso, MT",-12.5425,-55.7211,20.52,24.72,27.77,22.35,92.22,0.04,NASA_POWER
2018-02-11,sorriso_mt,"Sorriso, MT",-12.5425,-55.7211,8.61,24.28,27.44,21.41,89.61,0.14,NASA_POWER
2018-02-12,sorriso_mt,"Sorriso, MT",-12.5425,-55.7211,3.69,24.39,27.37,22.09,90.35,0.18,NASA_POWER
2018-02-13,sorriso_mt,"Sorriso, MT",-12.5425,-55.7211,2.16,25.18,28.96,21.57,89.38,0.06,NASA_POWER
2018-02-14,sorriso_mt,"Sorriso, MT",-12.5425,-55.7211,14.51,25.4,28.93,22.29,89.57,0.14,NASA_POWER
2018-02-15,sorriso_mt,"Sorriso, MT",-12.5425,-55.7211,12.57,23.92,26.96,21.86,93.41,0.11,NASA_POWER
2018-02-16,sorriso_mt,"Sorriso, MT",-12.5425,-55.7211,1.19,23.99,27.32,20.62,89.58,0.2,NASA_POWER
2018-02-17,sorriso_mt,"Sorriso, MT",-12.5425,-55.7211,12.98,23.74,26.46,21.46,93.7,0.06,NASA_POWER
2018-02-18,sorriso_mt,"Sorriso, MT",-12.5425,-55.7211,14.52,24.38,27.72,21.39,91.88,0.09,NASA_POWER
2018-02-19,sorriso_mt,"Sorriso, MT",-12.5425,-55.7211,14.08,23.75,26.25,22.21,94.1,0.03,NASA_POWER
2018-02-20,sorriso_mt,"Sorriso, MT",-12.5425,-55.7211,28.58,24.41,27.76,21.43,91.95,0.12,NASA_POWER
2018-02-21,sorriso_mt,"Sorriso, MT",-12.5425,-55.7211,6.79,23.42,25.6,21.96,95.45,0.03,NASA_POWER
2018-02-22,sorriso_mt,"Sorriso, MT",-12.5425,-55.7211,37.8,23.67,27.53,20.87,92.85,0.03,NASA_POWER
2018-02-23,sorriso_mt,"Sorriso, MT",-12.5425,-55.7211,27.05,23.59,26.85,21.66,91.68,0.09,NASA_POWER
2018-02-24,sorriso_mt,"Sorriso, MT",-12.5425,-55.7211,1.16,24.12,28.16,20.76,89.57,0.04,NASA_POWER
2018-02-25,sorriso_mt,"Sorriso, MT",-12.5425,-55.7211,1.54,25.0,28.68,21.36,86.46,0.09,NASA_POWER
2018-02-26,sorriso_mt,"Sorriso, MT",-12.5425,-55.7211,7.81,24.11,26.77,21.69,93.16,0.13,NASA_POWER
2018-02-27,sorriso_mt,"Sorriso, MT",-12.5425,-55.7211,3.19,24.14,27.27,21.86,91.39,0.14,NASA_POWER
2018-02-28,sorriso_mt,"Sorriso, MT",-12.5425,-55.7211,0.89,24.95,28.76,21.76,88.78,0.19,NASA_POWER
2018-03-01,sorriso_mt,"Sorriso, MT",-12.5425,-55.7211,0.04,25.58,29.46,22.17,89.13,0.2,NASA_POWER
2018-03-02,sorriso_mt,"Sorriso, MT",-12.5425,-55.7211,0.0,25.91,29.59,22.77,87.66,0.03,NASA_POWER
2018-03-03,sorriso_mt,"Sorriso, MT",-12.5425,-55.7211,0.0,26.28,29.93,22.28,83.0,0.11,NASA_POWER
2018-03-04,sorriso_mt,"Sorriso, MT",-12.5425,-55.7211,0.0,26.15,28.78,22.65,84.98,0.17,NASA_POWER
2018-03-05,sorriso_mt,"Sorriso, MT",-12.5425,-55.7211,0.02,25.84,29.29,23.17,84.8,0.14,NASA_POWER
2018-03-06,sorriso_mt,"Sorriso, MT",-12.5425,-55.7211,16.67,24.72,26.65,22.92,93.33,0.14,NASA_POWER
2018-03-07,sorriso_mt,"Sorriso, MT",-12.5425,-55.7211,35.88,24.37,27.62,22.06,92.73,0.02,NASA_POWER
2018-03-08,sorriso_mt,"Sorriso, MT",-12.5425,-55.7211,22.36,24.15,27.26,21.62,93.22,0.04,NASA_POWER
2018-03-09,sorriso_mt,"Sorriso, MT",-12.5425,-55.7211,5.21,25.15,28.56,22.19,91.07,0.03,NASA_POWER
2018-03-10,sorriso_mt,"Sorriso, MT",-12.5425,-55.7211,28.85,24.27,26.56,22.59,94.97,0.05,NASA_POWER
2018-03-11,sorriso_mt,"Sorriso, MT",-12.5425,-55.7211,25.73,24.95,28.68,21.83,88.82,0.13,NASA_POWER
2018-03-12,sorriso_mt,"Sorriso, MT",-12.5425,-55.7211,7.61,25.22,28.36,22.93,92.13,0.1,NASA_POWER
2018-03-13,sorriso_mt,"Sorriso, MT",-12.5425,-55.7211,17.09,24.39,26.63,22.78,95.38,0.06,NASA_POWER
2018-03-14,sorriso_mt,"Sorriso, MT",-12.5425,-55.7211,1.56,24.16,26.95,22.39,92.67,0.03,NASA_POWER
2018-03-15,sorriso_mt,"Sorriso, MT",-12.5425,-55.7211,2.03,25.04,28.77,22.17,88.35,0.15,NASA_POWER
2018-03-16,sorriso_mt,"Sorriso, MT",-12.5425,-55.7211,0.1,25.68,29.46,22.71,88.04,0.11,NASA_POWER
2018-03-17,sorriso_mt,"Sorriso, MT",-12.5425,-55.7211,1.36,25.33,28.68,22.82,85.83,0.21,NASA_POWER
2018-03-18,sorriso_mt,"Sorriso, MT",-12.5425,-55.7211,16.01,24.59,28.16,22.02,90.87,0.15,NASA_POWER
2018-03-19,sorriso_mt,"Sorriso, MT",-12.5425,-55.7211,12.37,24.65,28.02,21.58,90.86,0.17,NASA_POWER
2018-03-20,sorriso_mt,"Sorriso, MT",-12.5425,-55.7211,4.22,24.92,28.88,22.29,90.15,0.18,NASA_POWER
2018-03-21,sorriso_mt,"Sorriso, MT",-12.5425,-55.7211,2.15,25.06,29.03,21.88,90.7,0.12,NASA_POWER
2018-03-22,sorriso_mt,"Sorriso, MT",-12.5425,-55.7211,11.69,24.67,29.0,20.88,89.08,0.08,NASA_POWER
2018-03-23,sorriso_mt,"Sorriso, MT",-12.5425,-55.7211,38.28,24.99,28.65,21.94,92.97,0.02,NASA_POWER
2018-03-24,sorriso_mt,"Sorriso, MT",-12.5425,-55.7211,28.11,23.73,25.49,22.51,94.53,0.13,NASA_POWER
2018-03-25,sorriso_mt,"Sorriso, MT",-12.5425,-55.7211,41.57,23.04,25.19,21.13,95.11,0.1,NASA_POWER
2018-03-26,sorriso_mt,"Sorriso, MT",-12.5425,-55.7211,54.3,23.4,26.74,20.59,93.78,0.05,NASA_POWER
2018-03-27,sorriso_mt,"Sorriso, MT",-12.5425,-55.7211,30.88,23.28,25.92,21.61,94.97,0.08,NASA_POWER
2018-03-28,sorriso_mt,"Sorriso, MT",-12.5425,-55.7211,4.52,23.83,27.64,20.8,91.16,0.1,NASA_POWER
2018-03-29,sorriso_mt,"Sorriso, MT",-12.5425,-55.7211,18.15,24.53,28.4,20.78,89.46,0.16,NASA_POWER
2018-03-30,sorriso_mt,"Sorriso, MT",-12.5425,-55.7211,2.72,24.53,27.88,22.0,90.62,0.16,NASA_POWER
2018-03-31,sorriso_mt,"Sorriso, MT",-12.5425,-55.7211,0.51,24.26,27.65,21.38,92.07,0.14,NASA_POWER
2018-04-01,sorriso_mt,"Sorriso, MT",-12.5425,-55.7211,5.33,23.94,26.5,21.49,92.84,0.16,NASA_POWER
2018-04-02,sorriso_mt,"Sorriso, MT",-12.5425,-55.7211,0.45,24.68,28.6,21.19,86.46,0.13,NASA_POWER
2018-04-03,sorriso_mt,"Sorriso, MT",-12.5425,-55.7211,1.05,25.25,28.42,21.76,87.05,0.16,NASA_POWER
2018-04-04,sorriso_mt,"Sorriso, MT",-12.5425,-55.7211,22.46,24.85,27.44,21.96,88.9,0.21,NASA_POWER
2018-04-05,sorriso_mt,"Sorriso, MT",-12.5425,-55.7211,9.13,24.24,26.38,21.92,94.13,0.26,NASA_POWER
2018-04-06,sorriso_mt,"Sorriso, MT",-12.5425,-55.7211,2.09,24.52,27.94,21.45,92.75,0.15,NASA_POWER
2018-04-07,sorriso_mt,"Sorriso, MT",-12.5425,-55.7211,27.9,24.77,27.31,22.12,93.18,0.08,NASA_POWER
2018-04-08,sorriso_mt,"Sorriso, MT",-12.5425,-55.7211,7.68,24.6,27.97,22.15,91.6,0.1,NASA_POWER
2018-04-09,sorriso_mt,"Sorriso, MT",-12.5425,-55.7211,6.56,24.08,27.41,21.45,93.85,0.05,NASA_POWER
2018-04-10,sorriso_mt,"Sorriso, MT",-12.5425,-55.7211,13.43,24.32,27.96,21.17,91.79,0.05,NASA_POWER
2018-04-11,sorriso_mt,"Sorriso, MT",-12.5425,-55.7211,4.87,24.54,28.1,21.56,90.98,0.03,NASA_POWER
2018-04-12,sorriso_mt,"Sorriso, MT",-12.5425,-55.7211,1.55,24.57,27.93,21.6,89.19,0.03,NASA_POWER
2018-04-13,sorriso_mt,"Sorriso, MT",-12.5425,-55.7211,1.39,24.2,27.82,20.83,87.66,0.03,NASA_POWER
2018-04-14,sorriso_mt,"Sorriso, MT",-12.5425,-55.7211,1.26,22.99,25.44,20.87,92.86,0.03,NASA_POWER
2018-04-15,sorriso_mt,"Sorriso, MT",-12.5425,-55.7211,0.09,23.17,27.0,20.33,88.81,0.05,NASA_POWER
2018-04-16,sorriso_mt,"Sorriso, MT",-12.5425,-55.7211,0.91,22.03,23.87,20.2,93.56,0.11,NASA_POWER
2018-04-17,sorriso_mt,"Sorriso, MT",-12.5425,-55.7211,1.01,22.63,26.48,19.49,90.27,0.11,NASA_POWER
2018-04-18,sorriso_mt,"Sorriso, MT",-12.5425,-55.7211,0.58,23.14,26.24,20.88,91.72,0.04,NASA_POWER
2018-04-19,sorriso_mt,"Sorriso, MT",-12.5425,-55.7211,0.33,23.8,27.5,20.46,89.8,0.02,NASA_POWER
2018-04-20,sorriso_mt,"Sorriso, MT",-12.5425,-55.7211,0.26,23.88,27.51,20.87,90.64,0.06,NASA_POWER
2018-04-21,sorriso_mt,"Sorriso, MT",-12.5425,-55.7211,0.01,24.37,28.28,21.03,89.28,0.11,NASA_POWER
2018-04-22,sorriso_mt,"Sorriso, MT",-12.5425,-55.7211,0.0,24.61,28.72,20.85,89.01,0.11,NASA_POWER
2018-04-23,sorriso_mt,"Sorriso, MT",-12.5425,-55.7211,1.42,24.77,28.76,21.1,89.55,0.04,NASA_POWER
2018-04-24,sorriso_mt,"Sorriso, MT",-12.5425,-55.7211,2.43,24.83,28.72,21.33,89.87,0.11,NASA_POWER
2018-04-25,sorriso_mt,"Sorriso, MT",-12.5425,-55.7211,2.29,24.65,28.28,21.85,90.22,0.15,NASA_POWER
2018-04-26,sorriso_mt,"Sorriso, MT",-12.5425,-55.7211,0.72,24.78,28.63,21.34,89.14,0.16,NASA_POWER
2018-04-27,sorriso_mt,"Sorriso, MT",-12.5425,-55.7211,0.01,24.63,28.55,21.08,88.67,0.03,NASA_POWER
2018-04-28,sorriso_mt,"Sorriso, MT",-12.5425,-55.7211,0.03,24.24,28.61,20.43,89.01,0.06,NASA_POWER
2018-04-29,sorriso_mt,"Sorriso, MT",-12.5425,-55.7211,0.01,24.18,28.62,20.05,89.42,0.16,NASA_POWER
2018-04-30,sorriso_mt,"Sorriso, MT",-12.5425,-55.7211,0.08,24.36,28.6,20.46,88.69,0.09,NASA_POWER
2018-05-01,sorriso_mt,"Sorriso, MT",-12.5425,-55.7211,0.03,24.11,28.43,20.4,88.99,0.04,NASA_POWER
2018-05-02,sorriso_mt,"Sorriso, MT",-12.5425,-55.7211,0.0,23.99,28.35,20.69,88.96,0.18,NASA_POWER
2018-05-03,sorriso_mt,"Sorriso, MT",-12.5425,-55.7211,0.0,23.85,28.07,19.7,89.21,0.18,NASA_POWER
2018-05-04,sorriso_mt,"Sorriso, MT",-12.5425,-55.7211,0.1,23.89,27.0,21.73,91.41,0.13,NASA_POWER
2018-05-05,sorriso_mt,"Sorriso, MT",-12.5425,-55.7211,0.01,24.52,28.2,21.39,90.28,0.04,NASA_POWER
2018-05-06,sorriso_mt,"Sorriso, MT",-12.5425,-55.7211,0.0,24.17,27.6,21.59,90.39,0.07,NASA_POWER
2018-05-07,sorriso_mt,"Sorriso, MT",-12.5425,-55.7211,0.0,23.79,28.19,20.17,88.71,0.15,NASA_POWER
2018-05-08,sorriso_mt,"Sorriso, MT",-12.5425,-55.7211,0.0,23.58,28.21,19.3,88.76,0.27,NASA_POWER
2018-05-09,sorriso_mt,"Sorriso, MT",-12.5425,-55.7211,0.0,23.34,28.11,19.12,88.52,0.26,NASA_POWER
2018-05-10,sorriso_mt,"Sorriso, MT",-12.5425,-55.7211,0.0,23.34,27.82,19.21,88.9,0.29,NASA_POWER
2018-05-11,sorriso_mt,"Sorriso, MT",-12.5425,-55.7211,0.0,23.42,28.01,18.98,87.77,0.24,NASA_POWER
2018-05-12,sorriso_mt,"Sorriso, MT",-12.5425,-55.7211,0.0,23.3,27.87,18.79,88.15,0.16,NASA_POWER
2018-05-13,sorriso_mt,"Sorriso, MT",-12.5425,-55.7211,8.8,23.13,26.48,20.69,90.26,0.16,NASA_POWER
2018-05-14,sorriso_mt,"Sorriso, MT",-12.5425,-55.7211,1.57,23.47,27.35,20.12,90.6,0.19,NASA_POWER
2018-05-15,sorriso_mt,"Sorriso, MT",-12.5425,-55.7211,0.02,24.79,28.3,21.81,87.5,0.28,NASA_POWER
2018-05-16,sorriso_mt,"Sorriso, MT",-12.5425,-55.7211,0.43,24.02,27.62,21.12,89.6,0.19,NASA_POWER
2018-05-17,sorriso_mt,"Sorriso, MT",-12.5425,-55.7211,0.7,23.48,26.72,20.51,91.32,0.2,NASA_POWER
2018-05-18,sorriso_mt,"Sorriso, MT",-12.5425,-55.7211,5.16,23.14,26.66,21.18,93.08,0.12,NASA_POWER
2018-05-19,sorriso_mt,"Sorriso, MT",-12.5425,-55.7211,53.11,22.89,26.25,19.55,95.24,0.12,NASA_POWER
2018-05-20,sorriso_mt,"Sorriso, MT",-12.5425,-55.7211,3.68,18.97,22.94,15.93,87.28,0.04,NASA_POWER
2018-05-21,sorriso_mt,"Sorriso, MT",-12.5425,-55.7211,0.01,19.08,24.35,14.21,84.23,0.07,NASA_POWER
2018-05-22,sorriso_mt,"Sorriso, MT",-12.5425,-55.7211,0.02,20.97,25.72,17.03,87.27,0.03,NASA_POWER
2018-05-23,sorriso_mt,"Sorriso, MT",-12.5425,-55.7211,0.06,21.04,25.34,17.24,85.36,0.05,NASA_POWER
2018-05-24,sorriso_mt,"Sorriso, MT",-12.5425,-55.7211,0.01,21.81,26.31,18.13,86.35,0.07,NASA_POWER
2018-05-25,sorriso_mt,"Sorriso, MT",-12.5425,-55.7211,0.03,22.27,27.24,17.88,88.92,0.07,NASA_POWER
2018-05-26,sorriso_mt,"Sorriso, MT",-12.5425,-55.7211,0.0,22.39,27.23,18.78,88.62,0.07,NASA_POWER
2018-05-27,sorriso_mt,"Sorriso, MT",-12.5425,-55.7211,0.0,22.29,27.26,18.52,88.54,0.09,NASA_POWER
2018-05-28,sorriso_mt,"Sorriso, MT",-12.5425,-55.7211,0.0,21.83,26.71,16.96,87.91,0.2,NASA_POWER
2018-05-29,sorriso_mt,"Sorriso, MT",-12.5425,-55.7211,0.0,22.43,27.43,17.81,89.64,0.19,NASA_POWER
2018-05-30,sorriso_mt,"Sorriso, MT",-12.5425,-55.7211,0.0,23.24,27.61,19.42,88.21,0.24,NASA_POWER
2018-05-31,sorriso_mt,"Sorriso, MT",-12.5425,-55.7211,0.0,23.0,27.49,18.39,88.25,0.25,NASA_POWER
2018-06-01,sorriso_mt,"Sorriso, MT",-12.5425,-55.7211,0.0,22.95,27.39,18.46,88.76,0.28,NASA_POWER
2018-06-02,sorriso_mt,"Sorriso, MT",-12.5425,-55.7211,0.0,22.19,26.55,18.41,89.67,0.08,NASA_POWER
2018-06-03,sorriso_mt,"Sorriso, MT",-12.5425,-55.7211,0.0,21.49,25.48,18.58,85.95,0.04,NASA_POWER
2018-06-04,sorriso_mt,"Sorriso, MT",-12.5425,-55.7211,0.01,21.07,26.01,16.79,87.43,0.04,NASA_POWER
2018-06-05,sorriso_mt,"Sorriso, MT",-12.5425,-55.7211,0.03,22.03,26.9,18.12,88.38,0.05,NASA_POWER
2018-06-06,sorriso_mt,"Sorriso, MT",-12.5425,-55.7211,0.0,21.95,26.76,17.52,88.16,0.18,NASA_POWER
2018-06-07,sorriso_mt,"Sorriso, MT",-12.5425,-55.7211,0.0,22.22,27.06,17.71,88.68,0.07,NASA_POWER
2018-06-08,sorriso_mt,"Sorriso, MT",-12.5425,-55.7211,0.0,22.48,26.6,18.59,86.98,0.16,NASA_POWER
2018-06-09,sorriso_mt,"Sorriso, MT",-12.5425,-55.7211,0.0,23.4,28.02,18.23,88.4,0.18,NASA_POWER
2018-06-10,sorriso_mt,"Sorriso, MT",-12.5425,-55.7211,0.02,23.88,26.96,21.08,91.58,0.34,NASA_POWER
2018-06-11,sorriso_mt,"Sorriso, MT",-12.5425,-55.7211,0.07,24.56,28.41,21.1,88.13,0.33,NASA_POWER
2018-06-12,sorriso_mt,"Sorriso, MT",-12.5425,-55.7211,0.17,24.17,27.82,20.3,87.94,0.34,NASA_POWER
2018-06-13,sorriso_mt,"Sorriso, MT",-12.5425,-55.7211,0.02,23.49,27.76,19.84,87.5,0.17,NASA_POWER
2018-06-14,sorriso_mt,"Sorriso, MT",-12.5425,-55.7211,0.0,22.58,27.24,18.79,86.51,0.03,NASA_POWER
2018-06-15,sorriso_mt,"Sorriso, MT",-12.5425,-55.7211,0.0,21.35,25.78,17.82,83.54,0.04,NASA_POWER
2018-06-16,sorriso_mt,"Sorriso, MT",-12.5425,-55.7211,0.0,20.24,25.28,16.04,81.73,0.04,NASA_POWER
2018-06-17,sorriso_mt,"Sorriso, MT",-12.5425,-55.7211,0.0,20.69,26.12,15.78,83.3,0.04,NASA_POWER
2018-06-18,sorriso_mt,"Sorriso, MT",-12.5425,-55.7211,0.0,21.19,26.45,17.05,84.86,0.05,NASA_POWER
2018-06-19,sorriso_mt,"Sorriso, MT",-12.5425,-55.7211,0.0,21.29,26.47,15.9,80.62,0.18,NASA_POWER
2018-06-20,sorriso_mt,"Sorriso, MT",-12.5425,-55.7211,0.02,21.71,27.4,16.38,80.0,0.2,NASA_POWER
2018-06-21,sorriso_mt,"Sorriso, MT",-12.5425,-55.7211,0.03,22.46,28.0,16.71,79.07,0.2,NASA_POWER
2018-06-22,sorriso_mt,"Sorriso, MT",-12.5425,-55.7211,0.0,22.88,28.15,17.38,76.49,0.16,NASA_POWER
2018-06-23,sorriso_mt,"Sorriso, MT",-12.5425,-55.7211,0.0,22.89,28.11,17.67,74.71,0.4,NASA_POWER
2018-06-24,sorriso_mt,"Sorriso, MT",-12.5425,-55.7211,0.0,22.84,28.36,15.9,72.71,0.35,NASA_POWER
2018-06-25,sorriso_mt,"Sorriso, MT",-12.5425,-55.7211,0.0,22.0,28.48,15.5,70.03,0.24,NASA_POWER
2018-06-26,sorriso_mt,"Sorriso, MT",-12.5425,-55.7211,0.0,21.41,28.5,14.99,73.78,0.33,NASA_POWER
2018-06-27,sorriso_mt,"Sorriso, MT",-12.5425,-55.7211,0.0,22.15,28.69,17.18,75.31,0.41,NASA_POWER
2018-06-28,sorriso_mt,"Sorriso, MT",-12.5425,-55.7211,0.0,22.16,28.6,14.46,68.76,0.4,NASA_POWER
2018-06-29,sorriso_mt,"Sorriso, MT",-12.5425,-55.7211,0.0,21.82,29.29,14.98,70.63,0.37,NASA_POWER
2018-06-30,sorriso_mt,"Sorriso, MT",-12.5425,-55.7211,0.18,21.9,29.16,15.35,70.77,0.35,NASA_POWER
2018-07-01,sorriso_mt,"Sorriso, MT",-12.5425,-55.7211,0.0,22.01,29.29,16.02,68.67,0.38,NASA_POWER
2018-07-02,sorriso_mt,"Sorriso, MT",-12.5425,-55.7211,0.0,22.59,29.73,17.17,69.23,0.45,NASA_POWER
2018-07-03,sorriso_mt,"Sorriso, MT",-12.5425,-55.7211,0.0,22.41,30.13,15.8,65.31,0.27,NASA_POWER
2018-07-04,sorriso_mt,"Sorriso, MT",-12.5425,-55.7211,0.0,22.95,30.85,15.25,64.24,0.24,NASA_POWER
2018-07-05,sorriso_mt,"Sorriso, MT",-12.5425,-55.7211,0.0,23.24,31.3,15.99,65.11,0.3,NASA_POWER
2018-07-06,sorriso_mt,"Sorriso, MT",-12.5425,-55.7211,0.0,23.13,30.61,16.27,64.78,0.28,NASA_POWER
2018-07-07,sorriso_mt,"Sorriso, MT",-12.5425,-55.7211,0.0,23.28,30.47,15.94,61.83,0.34,NASA_POWER
2018-07-08,sorriso_mt,"Sorriso, MT",-12.5425,-55.7211,0.0,23.2,31.18,16.62,61.02,0.13,NASA_POWER
2018-07-09,sorriso_mt,"Sorriso, MT",-12.5425,-55.7211,0.0,22.9,29.55,17.59,63.8,0.04,NASA_POWER
2018-07-10,sorriso_mt,"Sorriso, MT",-12.5425,-55.7211,0.0,19.32,25.86,14.33,62.8,0.04,NASA_POWER
2018-07-11,sorriso_mt,"Sorriso, MT",-12.5425,-55.7211,0.1,21.46,29.52,13.42,61.74,0.19,NASA_POWER
2018-07-12,sorriso_mt,"Sorriso, MT",-12.5425,-55.7211,0.0,23.26,31.66,15.93,59.69,0.14,NASA_POWER
2018-07-13,sorriso_mt,"Sorriso, MT",-12.5425,-55.7211,0.0,23.92,32.28,16.05,58.81,0.13,NASA_POWER
2018-07-14,sorriso_mt,"Sorriso, MT",-12.5425,-55.7211,0.0,23.87,32.59,16.55,60.08,0.22,NASA_POWER
2018-07-15,sorriso_mt,"Sorriso, MT",-12.5425,-55.7211,0.0,24.97,32.79,18.71,55.16,0.37,NASA_POWER
2018-07-16,sorriso_mt,"Sorriso, MT",-12.5425,-55.7211,0.0,25.96,33.23,17.17,53.1,0.35,NASA_POWER
2018-07-17,sorriso_mt,"Sorriso, MT",-12.5425,-55.7211,0.0,24.34,33.15,17.44,56.48,0.12,NASA_POWER
2018-07-18,sorriso_mt,"Sorriso, MT",-12.5425,-55.7211,0.0,24.65,32.67,17.58,58.43,0.31,NASA_POWER
2018-07-19,sorriso_mt,"Sorriso, MT",-12.5425,-55.7211,0.0,24.81,32.74,17.47,55.59,0.31,NASA_POWER
2018-07-20,sorriso_mt,"Sorriso, MT",-12.5425,-55.7211,0.0,25.13,33.17,16.7,53.53,0.38,NASA_POWER
2018-07-21,sorriso_mt,"Sorriso, MT",-12.5425,-55.7211,0.0,24.16,32.57,17.56,52.17,0.13,NASA_POWER
2018-07-22,sorriso_mt,"Sorriso, MT",-12.5425,-55.7211,0.0,23.46,32.3,15.87,58.75,0.19,NASA_POWER
2018-07-23,sorriso_mt,"Sorriso, MT",-12.5425,-55.7211,0.0,25.1,34.27,16.05,48.76,0.2,NASA_POWER
2018-07-24,sorriso_mt,"Sorriso, MT",-12.5425,-55.7211,0.0,24.1,33.02,17.14,48.03,0.04,NASA_POWER
2018-07-25,sorriso_mt,"Sorriso, MT",-12.5425,-55.7211,0.0,23.28,32.53,15.25,55.83,0.15,NASA_POWER
2018-07-26,sorriso_mt,"Sorriso, MT",-12.5425,-55.7211,0.0,24.19,32.93,15.83,52.9,0.16,NASA_POWER
2018-07-27,sorriso_mt,"Sorriso, MT",-12.5425,-55.7211,0.0,24.37,33.56,16.91,53.82,0.21,NASA_POWER
2018-07-28,sorriso_mt,"Sorriso, MT",-12.5425,-55.7211,0.0,26.69,34.45,17.65,45.68,0.4,NASA_POWER
2018-07-29,sorriso_mt,"Sorriso, MT",-12.5425,-55.7211,0.53,26.3,34.96,17.8,54.71,0.3,NASA_POWER
2018-07-30,sorriso_mt,"Sorriso, MT",-12.5425,-55.7211,0.0,26.1,35.25,17.84,50.4,0.22,NASA_POWER
2018-07-31,sorriso_mt,"Sorriso, MT",-12.5425,-55.7211,0.0,26.48,35.01,18.21,47.57,0.16,NASA_POWER
2018-08-01,sorriso_mt,"Sorriso, MT",-12.5425,-55.7211,0.0,26.37,34.99,19.4,54.57,0.19,NASA_POWER
2018-08-02,sorriso_mt,"Sorriso, MT",-12.5425,-55.7211,0.0,26.98,35.13,18.73,49.14,0.18,NASA_POWER
2018-08-03,sorriso_mt,"Sorriso, MT",-12.5425,-55.7211,0.0,26.66,35.89,18.23,44.92,0.28,NASA_POWER
2018-08-04,sorriso_mt,"Sorriso, MT",-12.5425,-55.7211,0.0,27.1,36.05,18.37,47.02,0.41,NASA_POWER
2018-08-05,sorriso_mt,"Sorriso, MT",-12.5425,-55.7211,0.0,26.94,34.82,19.11,50.15,0.21,NASA_POWER
2018-08-06,sorriso_mt,"Sorriso, MT",-12.5425,-55.7211,0.0,27.03,35.64,20.01,54.85,0.09,NASA_POWER
2018-08-07,sorriso_mt,"Sorriso, MT",-12.5425,-55.7211,0.0,27.64,35.99,19.84,51.53,0.23,NASA_POWER
2018-08-08,sorriso_mt,"Sorriso, MT",-12.5425,-55.7211,0.0,29.13,37.34,20.56,42.12,0.31,NASA_POWER
2018-08-09,sorriso_mt,"Sorriso, MT",-12.5425,-55.7211,0.02,27.32,33.33,22.79,52.88,0.04,NASA_POWER
2018-08-10,sorriso_mt,"Sorriso, MT",-12.5425,-55.7211,0.0,26.74,34.83,20.36,51.14,0.04,NASA_POWER
2018-08-11,sorriso_mt,"Sorriso, MT",-12.5425,-55.7211,0.0,27.39,35.93,20.79,48.34,0.08,NASA_POWER
2018-08-12,sorriso_mt,"Sorriso, MT",-12.5425,-55.7211,0.0,27.88,36.43,21.05,46.86,0.18,NASA_POWER
2018-08-13,sorriso_mt,"Sorriso, MT",-12.5425,-55.7211,0.0,27.29,37.07,18.12,44.1,0.25,NASA_POWER
2018-08-14,sorriso_mt,"Sorriso, MT",-12.5425,-55.7211,0.0,28.3,36.95,18.84,38.3,0.4,NASA_POWER
2018-08-15,sorriso_mt,"Sorriso, MT",-12.5425,-55.7211,0.0,26.89,36.09,18.75,43.74,0.09,NASA_POWER
2018-08-16,sorriso_mt,"Sorriso, MT",-12.5425,-55.7211,3.76,25.24,30.3,21.01,61.89,0.09,NASA_POWER
2018-08-17,sorriso_mt,"Sorriso, MT",-12.5425,-55.7211,0.47,25.37,32.82,20.05,65.35,0.06,NASA_POWER
2018-08-18,sorriso_mt,"Sorriso, MT",-12.5425,-55.7211,0.02,27.12,35.32,19.79,55.07,0.04,NASA_POWER
2018-08-19,sorriso_mt,"Sorriso, MT",-12.5425,-55.7211,0.07,28.37,36.02,21.52,57.5,0.15,NASA_POWER
2018-08-20,sorriso_mt,"Sorriso, MT",-12.5425,-55.7211,0.03,28.14,35.49,22.65,50.54,0.03,NASA_POWER
2018-08-21,sorriso_mt,"Sorriso, MT",-12.5425,-55.7211,0.07,27.2,34.82,20.91,44.07,0.04,NASA_POWER
2018-08-22,sorriso_mt,"Sorriso, MT",-12.5425,-55.7211,0.0,27.81,36.08,20.77,43.95,0.03,NASA_POWER
2018-08-23,sorriso_mt,"Sorriso, MT",-12.5425,-55.7211,0.0,29.46,37.46,22.03,44.11,0.03,NASA_POWER
2018-08-24,sorriso_mt,"Sorriso, MT",-12.5425,-55.7211,0.18,29.69,35.75,24.87,49.38,0.15,NASA_POWER
2018-08-25,sorriso_mt,"Sorriso, MT",-12.5425,-55.7211,0.47,26.44,31.6,22.93,65.98,0.05,NASA_POWER
2018-08-26,sorriso_mt,"Sorriso, MT",-12.5425,-55.7211,0.0,26.85,33.93,21.46,52.05,0.05,NASA_POWER
2018-08-27,sorriso_mt,"Sorriso, MT",-12.5425,-55.7211,0.0,28.29,36.83,20.26,46.96,0.04,NASA_POWER
2018-08-28,sorriso_mt,"Sorriso, MT",-12.5425,-55.7211,0.0,30.46,37.79,24.84,42.3,0.08,NASA_POWER
2018-08-29,sorriso_mt,"Sorriso, MT",-12.5425,-55.7211,0.0,30.3,37.41,24.48,37.36,0.22,NASA_POWER
2018-08-30,sorriso_mt,"Sorriso, MT",-12.5425,-55.7211,0.0,28.86,37.49,21.45,37.35,0.21,NASA_POWER
2018-08-31,sorriso_mt,"Sorriso, MT",-12.5425,-55.7211,0.0,29.62,38.08,20.28,36.09,0.37,NASA_POWER
2018-09-01,sorriso_mt,"Sorriso, MT",-12.5425,-55.7211,0.0,29.64,38.11,20.78,34.31,0.43,NASA_POWER
2018-09-02,sorriso_mt,"Sorriso, MT",-12.5425,-55.7211,0.0,29.39,38.26,20.22,34.43,0.22,NASA_POWER
2018-09-03,sorriso_mt,"Sorriso, MT",-12.5425,-55.7211,0.0,25.25,32.84,18.45,42.86,0.04,NASA_POWER
2018-09-04,sorriso_mt,"Sorriso, MT",-12.5425,-55.7211,0.0,24.58,32.96,17.84,32.77,0.04,NASA_POWER
2018-09-05,sorriso_mt,"Sorriso, MT",-12.5425,-55.7211,0.0,25.96,35.48,17.43,29.96,0.03,NASA_POWER
2018-09-06,sorriso_mt,"Sorriso, MT",-12.5425,-55.7211,0.0,27.25,37.34,17.66,31.44,0.16,NASA_POWER
2018-09-07,sorriso_mt,"Sorriso, MT",-12.5425,-55.7211,0.0,29.21,38.49,20.81,29.75,0.05,NASA_POWER
2018-09-08,sorriso_mt,"Sorriso, MT",-12.5425,-55.7211,0.0,30.29,39.0,23.35,29.74,0.06,NASA_POWER
2018-09-09,sorriso_mt,"Sorriso, MT",-12.5425,-55.7211,0.0,30.26,39.07,22.39,32.64,0.14,NASA_POWER
2018-09-10,sorriso_mt,"Sorriso, MT",-12.5425,-55.7211,0.0,29.18,38.5,20.72,26.36,0.15,NASA_POWER
2018-09-11,sorriso_mt,"Sorriso, MT",-12.5425,-55.7211,0.0,31.17,38.76,23.62,25.35,0.22,NASA_POWER
2018-09-12,sorriso_mt,"Sorriso, MT",-12.5425,-55.7211,0.0,30.66,39.71,21.49,29.23,0.36,NASA_POWER
2018-09-13,sorriso_mt,"Sorriso, MT",-12.5425,-55.7211,2.04,31.09,37.7,24.44,39.11,0.18,NASA_POWER
2018-09-14,sorriso_mt,"Sorriso, MT",-12.5425,-55.7211,0.38,29.14,34.73,25.4,52.74,0.03,NASA_POWER
2018-09-15,sorriso_mt,"Sorriso, MT",-12.5425,-55.7211,0.01,29.46,35.15,23.72,51.26,0.11,NASA_POWER
2018-09-16,sorriso_mt,"Sorriso, MT",-12.5425,-55.7211,0.09,29.1,36.49,24.56,55.97,0.05,NASA_POWER
2018-09-17,sorriso_mt,"Sorriso, MT",-12.5425,-55.7211,0.0,28.03,32.74,24.16,60.06,0.03,NASA_POWER
2018-09-18,sorriso_mt,"Sorriso, MT",-12.5425,-55.7211,0.0,29.25,35.23,23.34,51.53,0.12,NASA_POWER
2018-09-19,sorriso_mt,"Sorriso, MT",-12.5425,-55.7211,6.57,28.45,34.14,23.47,60.26,0.09,NASA_POWER
2018-09-20,sorriso_mt,"Sorriso, MT",-12.5425,-55.7211,3.3,26.93,32.94,22.16,73.59,0.06,NASA_POWER
2018-09-21,sorriso_mt,"Sorriso, MT",-12.5425,-55.7211,0.1,27.91,34.07,23.34,66.64,0.06,NASA_POWER
2018-09-22,sorriso_mt,"Sorriso, MT",-12.5425,-55.7211,4.32,28.85,35.24,23.35,61.48,0.05,NASA_POWER
2018-09-23,sorriso_mt,"Sorriso, MT",-12.5425,-55.7211,1.95,27.97,33.63,23.72,66.29,0.08,NASA_POWER
2018-09-24,sorriso_mt,"Sorriso, MT",-12.5425,-55.7211,1.02,28.7,36.8,23.1,63.49,0.1,NASA_POWER
2018-09-25,sorriso_mt,"Sorriso, MT",-12.5425,-55.7211,0.09,27.74,34.84,23.18,66.8,0.03,NASA_POWER
2018-09-26,sorriso_mt,"Sorriso, MT",-12.5425,-55.7211,12.81,27.85,34.99,21.89,67.95,0.07,NASA_POWER
2018-09-27,sorriso_mt,"Sorriso, MT",-12.5425,-55.7211,1.16,27.2,32.15,22.97,72.11,0.08,NASA_POWER
2018-09-28,sorriso_mt,"Sorriso, MT",-12.5425,-55.7211,2.82,27.09,33.58,22.72,69.79,0.14,NASA_POWER
2018-09-29,sorriso_mt,"Sorriso, MT",-12.5425,-55.7211,0.56,27.3,35.04,21.5,71.14,0.03,NASA_POWER
2018-09-30,sorriso_mt,"Sorriso, MT",-12.5425,-55.7211,0.14,28.77,35.39,23.11,65.98,0.06,NASA_POWER
2018-10-01,sorriso_mt,"Sorriso, MT",-12.5425,-55.7211,0.02,29.2,34.88,22.9,64.38,0.08,NASA_POWER
2018-10-02,sorriso_mt,"Sorriso, MT",-12.5425,-55.7211,0.0,30.46,36.77,24.91,58.23,0.1,NASA_POWER
2018-10-03,sorriso_mt,"Sorriso, MT",-12.5425,-55.7211,0.0,30.11,37.71,23.54,58.32,0.1,NASA_POWER
2018-10-04,sorriso_mt,"Sorriso, MT",-12.5425,-55.7211,5.96,28.56,34.7,23.24,67.09,0.04,NASA_POWER
2018-10-05,sorriso_mt,"Sorriso, MT",-12.5425,-55.7211,0.02,29.43,36.94,23.97,60.79,0.02,NASA_POWER
2018-10-06,sorriso_mt,"Sorriso, MT",-12.5425,-55.7211,0.08,26.48,30.0,23.79,74.21,0.06,NASA_POWER
2018-10-07,sorriso_mt,"Sorriso, MT",-12.5425,-55.7211,0.58,27.13,32.77,21.75,65.51,0.04,NASA_POWER
2018-10-08,sorriso_mt,"Sorriso, MT",-12.5425,-55.7211,2.12,28.45,36.12,22.41,63.21,0.03,NASA_POWER
2018-10-09,sorriso_mt,"Sorriso, MT",-12.5425,-55.7211,1.71,29.56,36.38,23.86,62.86,0.09,NASA_POWER
2018-10-10,sorriso_mt,"Sorriso, MT",-12.5425,-55.7211,0.03,28.54,34.01,24.01,61.57,0.03,NASA_POWER
2018-10-11,sorriso_mt,"Sorriso, MT",-12.5425,-55.7211,8.21,29.77,37.24,23.54,60.64,0.03,NASA_POWER
2018-10-12,sorriso_mt,"Sorriso, MT",-12.5425,-55.7211,1.17,29.96,37.95,23.22,60.44,0.03,NASA_POWER
2018-10-13,sorriso_mt,"Sorriso, MT",-12.5425,-55.7211,9.51,30.04,37.47,23.13,60.47,0.05,NASA_POWER
2018-10-14,sorriso_mt,"Sorriso, MT",-12.5425,-55.7211,6.78,27.17,32.24,23.36,75.25,0.08,NASA_POWER
2018-10-15,sorriso_mt,"Sorriso, MT",-12.5425,-55.7211,0.83,25.26,28.22,21.66,79.82,0.03,NASA_POWER
2018-10-16,sorriso_mt,"Sorriso, MT",-12.5425,-55.7211,0.0,28.41,37.77,20.56,61.91,0.11,NASA_POWER
2018-10-17,sorriso_mt,"Sorriso, MT",-12.5425,-55.7211,16.25,27.89,36.12,22.05,67.3,0.03,NASA_POWER
2018-10-18,sorriso_mt,"Sorriso, MT",-12.5425,-55.7211,21.27,25.59,28.71,23.13,86.74,0.07,NASA_POWER
2018-10-19,sorriso_mt,"Sorriso, MT",-12.5425,-55.7211,6.57,25.09,29.14,22.46,87.25,0.02,NASA_POWER
2018-10-20,sorriso_mt,"Sorriso, MT",-12.5425,-55.7211,2.8,25.24,29.43,22.49,86.73,0.07,NASA_POWER
2018-10-21,sorriso_mt,"Sorriso, MT",-12.5425,-55.7211,0.78,26.66,32.54,22.51,77.16,0.15,NASA_POWER
2018-10-22,sorriso_mt,"Sorriso, MT",-12.5425,-55.7211,0.24,27.83,32.71,22.25,69.63,0.14,NASA_POWER
2018-10-23,sorriso_mt,"Sorriso, MT",-12.5425,-55.7211,3.33,26.78,31.98,22.83,76.72,0.03,NASA_POWER
2018-10-24,sorriso_mt,"Sorriso, MT",-12.5425,-55.7211,0.2,27.78,33.29,22.81,73.53,0.12,NASA_POWER
2018-10-25,sorriso_mt,"Sorriso, MT",-12.5425,-55.7211,9.51,24.95,27.26,23.19,87.64,0.05,NASA_POWER
2018-10-26,sorriso_mt,"Sorriso, MT",-12.5425,-55.7211,8.18,27.47,34.06,22.5,76.67,0.14,NASA_POWER
2018-10-27,sorriso_mt,"Sorriso, MT",-12.5425,-55.7211,16.72,26.25,31.43,22.02,83.53,0.04,NASA_POWER
2018-10-28,sorriso_mt,"Sorriso, MT",-12.5425,-55.7211,0.65,26.35,29.88,23.6,81.65,0.16,NASA_POWER
2018-10-29,sorriso_mt,"Sorriso, MT",-12.5425,-55.7211,0.0,27.21,32.34,22.75,73.97,0.12,NASA_POWER
2018-10-30,sorriso_mt,"Sorriso, MT",-12.5425,-55.7211,4.78,26.75,32.01,23.03,77.77,0.06,NASA_POWER
2018-10-31,sorriso_mt,"Sorriso, MT",-12.5425,-55.7211,2.79,26.2,30.57,22.7,83.5,0.09,NASA_POWER
2018-11-01,sorriso_mt,"Sorriso, MT",-12.5425,-55.7211,0.33,26.44,31.31,23.09,80.2,0.02,NASA_POWER
2018-11-02,sorriso_mt,"Sorriso, MT",-12.5425,-55.7211,5.11,26.65,32.39,22.61,79.69,0.02,NASA_POWER
2018-11-03,sorriso_mt,"Sorriso, MT",-12.5425,-55.7211,4.33,24.95,27.83,23.07,84.47,0.12,NASA_POWER
2018-11-04,sorriso_mt,"Sorriso, MT",-12.5425,-55.7211,5.66,25.92,31.7,21.59,79.05,0.14,NASA_POWER
2018-11-05,sorriso_mt,"Sorriso, MT",-12.5425,-55.7211,1.14,26.74,31.76,22.08,77.88,0.03,NASA_POWER
2018-11-06,sorriso_mt,"Sorriso, MT",-12.5425,-55.7211,11.2,25.47,30.03,22.63,85.16,0.11,NASA_POWER
2018-11-07,sorriso_mt,"Sorriso, MT",-12.5425,-55.7211,8.69,24.95,28.34,22.72,87.23,0.11,NASA_POWER
2018-11-08,sorriso_mt,"Sorriso, MT",-12.5425,-55.7211,15.94,24.88,28.64,22.13,91.38,0.07,NASA_POWER
2018-11-09,sorriso_mt,"Sorriso, MT",-12.5425,-55.7211,2.52,24.99,28.61,22.59,88.73,0.02,NASA_POWER
2018-11-10,sorriso_mt,"Sorriso, MT",-12.5425,-55.7211,1.78,24.37,28.41,22.1,85.52,0.03,NASA_POWER
2018-11-11,sorriso_mt,"Sorriso, MT",-12.5425,-55.7211,0.01,26.1,31.62,21.44,77.67,0.02,NASA_POWER
2018-11-12,sorriso_mt,"Sorriso, MT",-12.5425,-55.7211,2.56,27.61,33.7,22.68,75.67,0.02,NASA_POWER
2018-11-13,sorriso_mt,"Sorriso, MT",-12.5425,-55.7211,0.37,27.95,33.85,22.98,75.78,0.03,NASA_POWER
2018-11-14,sorriso_mt,"Sorriso, MT",-12.5425,-55.7211,4.56,26.92,31.83,23.2,77.93,0.05,NASA_POWER
2018-11-15,sorriso_mt,"Sorriso, MT",-12.5425,-55.7211,1.25,26.26,30.22,22.94,79.72,0.06,NASA_POWER
2018-11-16,sorriso_mt,"Sorriso, MT",-12.5425,-55.7211,11.89,26.58,32.59,22.72,80.62,0.02,NASA_POWER
2018-11-17,sorriso_mt,"Sorriso, MT",-12.5425,-55.7211,8.42,25.32,28.35,23.75,91.14,0.1,NASA_POWER
2018-11-18,sorriso_mt,"Sorriso, MT",-12.5425,-55.7211,4.19,25.72,30.23,23.02,86.02,0.07,NASA_POWER
2018-11-19,sorriso_mt,"Sorriso, MT",-12.5425,-55.7211,11.44,25.31,30.35,22.46,85.19,0.1,NASA_POWER
2018-11-20,sorriso_mt,"Sorriso, MT",-12.5425,-55.7211,7.14,25.47,30.3,21.52,86.25,0.03,NASA_POWER
2018-11-21,sorriso_mt,"Sorriso, MT",-12.5425,-55.7211,3.04,26.14,31.1,22.2,83.82,0.03,NASA_POWER
2018-11-22,sorriso_mt,"Sorriso, MT",-12.5425,-55.7211,33.92,22.26,23.7,20.8,92.53,0.02,NASA_POWER
2018-11-23,sorriso_mt,"Sorriso, MT",-12.5425,-55.7211,9.74,24.72,28.97,20.93,88.66,0.05,NASA_POWER
2018-11-24,sorriso_mt,"Sorriso, MT",-12.5425,-55.7211,1.75,24.83,28.46,21.86,87.96,0.02,NASA_POWER
2018-11-25,sorriso_mt,"Sorriso, MT",-12.5425,-55.7211,7.56,24.56,27.53,22.43,91.97,0.07,NASA_POWER
2018-11-26,sorriso_mt,"Sorriso, MT",-12.5425,-55.7211,4.53,25.39,29.57,22.23,86.83,0.1,NASA_POWER
2018-11-27,sorriso_mt,"Sorriso, MT",-12.5425,-55.7211,1.75,24.7,28.29,22.4,92.02,0.02,NASA_POWER
2018-11-28,sorriso_mt,"Sorriso, MT",-12.5425,-55.7211,6.71,24.51,27.92,22.18,91.29,0.05,NASA_POWER
2018-11-29,sorriso_mt,"Sorriso, MT",-12.5425,-55.7211,35.43,24.45,27.54,22.38,93.71,0.02,NASA_POWER
2018-11-30,sorriso_mt,"Sorriso, MT",-12.5425,-55.7211,6.45,24.27,27.44,22.02,92.62,0.03,NASA_POWER
2018-12-01,sorriso_mt,"Sorriso, MT",-12.5425,-55.7211,20.84,23.54,25.31,22.23,96.01,0.04,NASA_POWER
2018-12-02,sorriso_mt,"Sorriso, MT",-12.5425,-55.7211,8.17,23.39,26.52,21.13,94.29,0.04,NASA_POWER
2018-12-03,sorriso_mt,"Sorriso, MT",-12.5425,-55.7211,6.56,23.26,25.27,21.64,95.29,0.02,NASA_POWER
2018-12-04,sorriso_mt,"Sorriso, MT",-12.5425,-55.7211,1.38,24.56,27.93,21.88,90.3,0.03,NASA_POWER
2018-12-05,sorriso_mt,"Sorriso, MT",-12.5425,-55.7211,4.52,24.23,27.48,22.31,92.11,0.03,NASA_POWER
2018-12-06,sorriso_mt,"Sorriso, MT",-12.5425,-55.7211,3.26,24.82,28.64,21.91,89.38,0.11,NASA_POWER
2018-12-07,sorriso_mt,"Sorriso, MT",-12.5425,-55.7211,3.14,24.53,27.21,21.73,92.83,0.17,NASA_POWER
2018-12-08,sorriso_mt,"Sorriso, MT",-12.5425,-55.7211,1.98,25.44,29.02,22.42,91.54,0.03,NASA_POWER
2018-12-09,sorriso_mt,"Sorriso, MT",-12.5425,-55.7211,10.92,24.56,27.07,22.76,92.5,0.04,NASA_POWER
2018-12-10,sorriso_mt,"Sorriso, MT",-12.5425,-55.7211,0.64,25.28,29.15,21.65,88.04,0.1,NASA_POWER
2018-12-11,sorriso_mt,"Sorriso, MT",-12.5425,-55.7211,0.36,25.15,29.21,21.87,85.1,0.04,NASA_POWER
2018-12-12,sorriso_mt,"Sorriso, MT",-12.5425,-55.7211,1.59,25.42,29.53,21.43,86.31,0.03,NASA_POWER
2018-12-13,sorriso_mt,"Sorriso, MT",-12.5425,-55.7211,1.86,24.61,28.21,21.89,87.23,0.04,NASA_POWER
2018-12-14,sorriso_mt,"Sorriso, MT",-12.5425,-55.7211,3.57,24.42,28.84,20.58,83.78,0.04,NASA_POWER
2018-12-15,sorriso_mt,"Sorriso, MT",-12.5425,-55.7211,6.29,24.71,29.43,20.42,83.67,0.16,NASA_POWER
2018-12-16,sorriso_mt,"Sorriso, MT",-12.5425,-55.7211,2.89,24.44,29.27,19.63,87.33,0.06,NASA_POWER
2018-12-17,sorriso_mt,"Sorriso, MT",-12.5425,-55.7211,1.56,25.19,29.83,20.87,83.2,0.03,NASA_POWER
2018-12-18,sorriso_mt,"Sorriso, MT",-12.5425,-55.7211,1.82,24.31,28.77,20.26,82.38,0.14,NASA_POWER
2018-12-19,sorriso_mt,"Sorriso, MT",-12.5425,-55.7211,3.3,25.57,29.18,21.37,81.25,0.17,NASA_POWER
2018-12-20,sorriso_mt,"Sorriso, MT",-12.5425,-55.7211,0.34,26.35,30.05,22.56,79.51,0.17,NASA_POWER
2018-12-21,sorriso_mt,"Sorriso, MT",-12.5425,-55.7211,0.23,26.88,30.31,23.15,74.37,0.07,NASA_POWER
2018-12-22,sorriso_mt,"Sorriso, MT",-12.5425,-55.7211,3.1,26.42,31.55,21.01,73.95,0.13,NASA_POWER
2018-12-23,sorriso_mt,"Sorriso, MT",-12.5425,-55.7211,5.54,25.95,31.23,21.24,81.1,0.04,NASA_POWER
2018-12-24,sorriso_mt,"Sorriso, MT",-12.5425,-55.7211,1.09,25.96,31.11,21.99,75.91,0.03,NASA_POWER
2018-12-25,sorriso_mt,"Sorriso, MT",-12.5425,-55.7211,0.9,26.38,31.86,21.01,72.94,0.05,NASA_POWER
2018-12-26,sorriso_mt,"Sorriso, MT",-12.5425,-55.7211,1.33,26.47,32.25,21.7,75.66,0.08,NASA_POWER
2018-12-27,sorriso_mt,"Sorriso, MT",-12.5425,-55.7211,3.64,26.79,32.66,21.99,77.62,0.02,NASA_POWER
2018-12-28,sorriso_mt,"Sorriso, MT",-12.5425,-55.7211,13.04,24.86,28.31,22.94,89.75,0.03,NASA_POWER
2018-12-29,sorriso_mt,"Sorriso, MT",-12.5425,-55.7211,23.82,24.04,26.97,22.06,93.46,0.06,NASA_POWER
2018-12-30,sorriso_mt,"Sorriso, MT",-12.5425,-55.7211,2.88,24.79,28.68,21.75,87.44,0.07,NASA_POWER
2018-12-31,sorriso_mt,"Sorriso, MT",-12.5425,-55.7211,24.94,23.45,25.97,21.57,94.14,0.09,NASA_POWER
2019-01-01,sorriso_mt,"Sorriso, MT",-12.5425,-55.7211,4.26,23.74,26.24,21.53,94.61,0.02,NASA_POWER
2019-01-02,sorriso_mt,"Sorriso, MT",-12.5425,-55.7211,1.22,25.02,28.99,21.26,88.33,0.06,NASA_POWER
2019-01-03,sorriso_mt,"Sorriso, MT",-12.5425,-55.7211,7.24,25.73,29.44,21.65,86.67,0.16,NASA_POWER
2019-01-04,sorriso_mt,"Sorriso, MT",-12.5425,-55.7211,9.67,25.81,29.35,22.21,88.88,0.12,NASA_POWER
2019-01-05,sorriso_mt,"Sorriso, MT",-12.5425,-55.7211,36.67,24.24,26.43,22.07,93.87,0.11,NASA_POWER
2019-01-06,sorriso_mt,"Sorriso, MT",-12.5425,-55.7211,2.69,24.22,27.38,21.94,91.36,0.05,NASA_POWER
2019-01-07,sorriso_mt,"Sorriso, MT",-12.5425,-55.7211,5.75,24.07,26.72,21.93,89.98,0.03,NASA_POWER
2019-01-08,sorriso_mt,"Sorriso, MT",-12.5425,-55.7211,0.11,25.12,28.93,21.02,84.4,0.15,NASA_POWER
2019-01-09,sorriso_mt,"Sorriso, MT",-12.5425,-55.7211,0.22,25.69,29.35,21.23,83.01,0.26,NASA_POWER
2019-01-10,sorriso_mt,"Sorriso, MT",-12.5425,-55.7211,0.32,25.58,29.14,22.1,79.63,0.25,NASA_POWER
2019-01-11,sorriso_mt,"Sorriso, MT",-12.5425,-55.7211,1.66,23.65,26.87,21.26,86.93,0.04,NASA_POWER
2019-01-12,sorriso_mt,"Sorriso, MT",-12.5425,-55.7211,1.14,24.09,28.64,20.25,83.69,0.13,NASA_POWER
2019-01-13,sorriso_mt,"Sorriso, MT",-12.5425,-55.7211,15.68,24.79,29.69,20.21,80.49,0.13,NASA_POWER
2019-01-14,sorriso_mt,"Sorriso, MT",-12.5425,-55.7211,7.7,23.97,28.04,20.7,88.85,0.11,NASA_POWER
2019-01-15,sorriso_mt,"Sorriso, MT",-12.5425,-55.7211,0.34,24.27,28.98,20.17,85.18,0.09,NASA_POWER
2019-01-16,sorriso_mt,"Sorriso, MT",-12.5425,-55.7211,0.1,25.56,29.95,20.57,79.97,0.17,NASA_POWER
2019-01-17,sorriso_mt,"Sorriso, MT",-12.5425,-55.7211,0.06,26.74,31.04,22.08,75.97,0.23,NASA_POWER
2019-01-18,sorriso_mt,"Sorriso, MT",-12.5425,-55.7211,4.52,25.89,29.29,22.98,82.45,0.23,NASA_POWER
2019-01-19,sorriso_mt,"Sorriso, MT",-12.5425,-55.7211,1.39,25.22,29.5,21.41,82.34,0.12,NASA_POWER
2019-01-20,sorriso_mt,"Sorriso, MT",-12.5425,-55.7211,0.15,24.19,27.38,21.56,82.06,0.12,NASA_POWER
2019-01-21,sorriso_mt,"Sorriso, MT",-12.5425,-55.7211,0.11,24.82,30.55,20.6,72.26,0.12,NASA_POWER
2019-01-22,sorriso_mt,"Sorriso, MT",-12.5425,-55.7211,1.42,26.57,32.4,20.14,71.8,0.03,NASA_POWER
2019-01-23,sorriso_mt,"Sorriso, MT",-12.5425,-55.7211,0.2,26.62,33.4,21.89,80.38,0.06,NASA_POWER
2019-01-24,sorriso_mt,"Sorriso, MT",-12.5425,-55.7211,0.03,27.95,32.51,23.88,73.36,0.12,NASA_POWER
2019-01-25,sorriso_mt,"Sorriso, MT",-12.5425,-55.7211,0.76,27.09,30.97,23.51,75.18,0.06,NASA_POWER
2019-01-26,sorriso_mt,"Sorriso, MT",-12.5425,-55.7211,8.03,27.01,32.52,22.58,76.91,0.08,NASA_POWER
2019-01-27,sorriso_mt,"Sorriso, MT",-12.5425,-55.7211,10.65,25.24,30.46,21.93,85.97,0.05,NASA_POWER
2019-01-28,sorriso_mt,"Sorriso, MT",-12.5425,-55.7211,52.47,22.65,24.37,21.45,96.2,0.03,NASA_POWER
2019-01-29,sorriso_mt,"Sorriso, MT",-12.5425,-55.7211,3.09,22.9,25.7,20.53,91.83,0.03,NASA_POWER
2019-01-30,sorriso_mt,"Sorriso, MT",-12.5425,-55.7211,0.7,23.99,27.84,20.18,86.48,0.13,NASA_POWER
2019-01-31,sorriso_mt,"Sorriso, MT",-12.5425,-55.7211,0.64,25.37,29.9,20.94,86.66,0.2,NASA_POWER
2019-02-01,sorriso_mt,"Sorriso, MT",-12.5425,-55.7211,0.75,26.36,30.56,23.04,83.41,0.17,NASA_POWER
2019-02-02,sorriso_mt,"Sorriso, MT",-12.5425,-55.7211,0.19,26.95,30.63,22.15,80.08,0.07,NASA_POWER
2019-02-03,sorriso_mt,"Sorriso, MT",-12.5425,-55.7211,0.03,27.46,31.59,23.44,71.67,0.08,NASA_POWER
2019-02-04,sorriso_mt,"Sorriso, MT",-12.5425,-55.7211,0.69,26.63,32.32,21.43,71.38,0.13,NASA_POWER
2019-02-05,sorriso_mt,"Sorriso, MT",-12.5425,-55.7211,0.39,27.18,33.27,21.24,69.61,0.14,NASA_POWER
2019-02-06,sorriso_mt,"Sorriso, MT",-12.5425,-55.7211,1.95,26.97,32.57,22.01,76.67,0.03,NASA_POWER
2019-02-07,sorriso_mt,"Sorriso, MT",-12.5425,-55.7211,4.84,25.5,29.29,22.98,82.13,0.18,NASA_POWER
2019-02-08,sorriso_mt,"Sorriso, MT",-12.5425,-55.7211,2.09,24.8,29.08,21.98,86.99,0.1,NASA_POWER
2019-02-09,sorriso_mt,"Sorriso, MT",-12.5425,-55.7211,2.28,26.47,32.23,21.59,81.5,0.13,NASA_POWER
2019-02-10,sorriso_mt,"Sorriso, MT",-12.5425,-55.7211,2.47,26.34,31.01,23.76,85.52,0.04,NASA_POWER
2019-02-11,sorriso_mt,"Sorriso, MT",-12.5425,-55.7211,10.05,26.5,31.16,23.4,84.22,0.18,NASA_POWER
2019-02-12,sorriso_mt,"Sorriso, MT",-12.5425,-55.7211,9.19,25.23,27.96,22.91,92.39,0.18,NASA_POWER
2019-02-13,sorriso_mt,"Sorriso, MT",-12.5425,-55.7211,15.14,25.09,28.4,22.59,92.68,0.03,NASA_POWER
2019-02-14,sorriso_mt,"Sorriso, MT",-12.5425,-55.7211,0.64,25.0,28.69,22.29,88.48,0.04,NASA_POWER
2019-02-15,sorriso_mt,"Sorriso, MT",-12.5425,-55.7211,3.71,24.7,27.41,22.33,88.8,0.17,NASA_POWER
2019-02-16,sorriso_mt,"Sorriso, MT",-12.5425,-55.7211,6.6,24.77,28.41,21.71,90.02,0.04,NASA_POWER
2019-02-17,sorriso_mt,"Sorriso, MT",-12.5425,-55.7211,19.83,23.38,24.96,22.26,93.47,0.04,NASA_POWER
2019-02-18,sorriso_mt,"Sorriso, MT",-12.5425,-55.7211,2.75,24.91,29.04,21.32,88.28,0.03,NASA_POWER
2019-02-19,sorriso_mt,"Sorriso, MT",-12.5425,-55.7211,14.46,24.87,28.63,22.11,89.54,0.07,NASA_POWER
2019-02-20,sorriso_mt,"Sorriso, MT",-12.5425,-55.7211,2.22,25.48,29.32,22.1,87.52,0.1,NASA_POWER
2019-02-21,sorriso_mt,"Sorriso, MT",-12.5425,-55.7211,1.6,24.84,27.88,22.34,90.2,0.19,NASA_POWER
2019-02-22,sorriso_mt,"Sorriso, MT",-12.5425,-55.7211,4.26,24.43,26.33,22.83,94.98,0.21,NASA_POWER
2019-02-23,sorriso_mt,"Sorriso, MT",-12.5425,-55.7211,2.1,24.62,27.07,22.29,90.47,0.26,NASA_POWER
2019-02-24,sorriso_mt,"Sorriso, MT",-12.5425,-55.7211,2.18,25.05,29.23,21.18,88.43,0.17,NASA_POWER
2019-02-25,sorriso_mt,"Sorriso, MT",-12.5425,-55.7211,25.13,24.79,28.26,21.88,91.61,0.03,NASA_POWER
2019-02-26,sorriso_mt,"Sorriso, MT",-12.5425,-55.7211,19.94,23.5,25.5,21.9,96.1,0.05,NASA_POWER
2019-02-27,sorriso_mt,"Sorriso, MT",-12.5425,-55.7211,44.94,24.08,26.77,21.74,92.45,0.13,NASA_POWER
2019-02-28,sorriso_mt,"Sorriso, MT",-12.5425,-55.7211,2.7,24.07,27.39,22.19,91.25,0.16,NASA_POWER
2019-03-01,sorriso_mt,"Sorriso, MT",-12.5425,-55.7211,2.52,24.02,27.78,21.18,91.2,0.09,NASA_POWER
2019-03-02,sorriso_mt,"Sorriso, MT",-12.5425,-55.7211,18.32,24.27,27.69,21.31,92.96,0.03,NASA_POWER
2019-03-03,sorriso_mt,"Sorriso, MT",-12.5425,-55.7211,8.83,24.94,28.74,21.19,88.45,0.13,NASA_POWER
2019-03-04,sorriso_mt,"Sorriso, MT",-12.5425,-55.7211,11.03,24.3,27.12,22.63,92.85,0.15,NASA_POWER
2019-03-05,sorriso_mt,"Sorriso, MT",-12.5425,-55.7211,27.34,24.03,26.55,22.0,95.16,0.11,NASA_POWER
2019-03-06,sorriso_mt,"Sorriso, MT",-12.5425,-55.7211,2.27,24.6,28.2,21.44,89.91,0.03,NASA_POWER
2019-03-07,sorriso_mt,"Sorriso, MT",-12.5425,-55.7211,3.63,23.97,26.62,22.04,92.43,0.03,NASA_POWER
2019-03-08,sorriso_mt,"Sorriso, MT",-12.5425,-55.7211,1.52,24.66,28.81,20.79,88.58,0.07,NASA_POWER
2019-03-09,sorriso_mt,"Sorriso, MT",-12.5425,-55.7211,7.12,24.21,27.79,22.23,92.97,0.06,NASA_POWER
2019-03-10,sorriso_mt,"Sorriso, MT",-12.5425,-55.7211,2.74,25.0,29.36,21.26,88.72,0.1,NASA_POWER
2019-03-11,sorriso_mt,"Sorriso, MT",-12.5425,-55.7211,2.9,23.99,26.37,22.35,93.94,0.07,NASA_POWER
2019-03-12,sorriso_mt,"Sorriso, MT",-12.5425,-55.7211,3.04,24.03,26.98,21.57,89.62,0.21,NASA_POWER
2019-03-13,sorriso_mt,"Sorriso, MT",-12.5425,-55.7211,0.77,24.3,27.8,21.33,89.7,0.23,NASA_POWER
2019-03-14,sorriso_mt,"Sorriso, MT",-12.5425,-55.7211,0.01,24.76,28.12,21.61,88.36,0.13,NASA_POWER
2019-03-15,sorriso_mt,"Sorriso, MT",-12.5425,-55.7211,0.21,24.87,28.6,21.54,90.24,0.1,NASA_POWER
2019-03-16,sorriso_mt,"Sorriso, MT",-12.5425,-55.7211,1.12,25.46,29.11,22.29,89.41,0.12,NASA_POWER
2019-03-17,sorriso_mt,"Sorriso, MT",-12.5425,-55.7211,0.25,25.22,28.05,23.29,88.83,0.11,NASA_POWER
2019-03-18,sorriso_mt,"Sorriso, MT",-12.5425,-55.7211,0.67,26.12,30.17,22.35,85.69,0.08,NASA_POWER
2019-03-19,sorriso_mt,"Sorriso, MT",-12.5425,-55.7211,0.65,25.98,29.29,22.99,89.86,0.13,NASA_POWER
2019-03-20,sorriso_mt,"Sorriso, MT",-12.5425,-55.7211,33.03,24.81,26.55,23.18,96.42,0.05,NASA_POWER
2019-03-21,sorriso_mt,"Sorriso, MT",-12.5425,-55.7211,3.69,24.12,26.97,22.23,91.83,0.08,NASA_POWER
2019-03-22,sorriso_mt,"Sorriso, MT",-12.5425,-55.7211,0.29,24.68,28.64,20.6,86.69,0.19,NASA_POWER
2019-03-23,sorriso_mt,"Sorriso, MT",-12.5425,-55.7211,0.32,24.95,28.68,21.96,90.42,0.1,NASA_POWER
2019-03-24,sorriso_mt,"Sorriso, MT",-12.5425,-55.7211,20.06,24.56,26.73,22.64,94.34,0.02,NASA_POWER
2019-03-25,sorriso_mt,"Sorriso, MT",-12.5425,-55.7211,3.55,23.77,26.42,22.08,93.52,0.14,NASA_POWER
2019-03-26,sorriso_mt,"Sorriso, MT",-12.5425,-55.7211,8.44,23.85,26.06,22.0,95.16,0.22,NASA_POWER
2019-03-27,sorriso_mt,"Sorriso, MT",-12.5425,-55.7211,4.22,23.86,25.75,22.48,96.73,0.08,NASA_POWER
2019-03-28,sorriso_mt,"Sorriso, MT",-12.5425,-55.7211,2.08,25.16,28.91,22.25,90.66,0.03,NASA_POWER
2019-03-29,sorriso_mt,"Sorriso, MT",-12.5425,-55.7211,1.6,25.71,29.42,22.58,90.08,0.02,NASA_POWER
2019-03-30,sorriso_mt,"Sorriso, MT",-12.5425,-55.7211,0.25,25.65,28.76,23.87,90.82,0.09,NASA_POWER
2019-03-31,sorriso_mt,"Sorriso, MT",-12.5425,-55.7211,0.11,25.93,29.17,23.63,85.5,0.21,NASA_POWER
2019-04-01,sorriso_mt,"Sorriso, MT",-12.5425,-55.7211,0.4,25.92,29.31,22.82,85.26,0.21,NASA_POWER
2019-04-02,sorriso_mt,"Sorriso, MT",-12.5425,-55.7211,3.3,25.34,27.85,23.29,94.91,0.13,NASA_POWER
2019-04-03,sorriso_mt,"Sorriso, MT",-12.5425,-55.7211,0.26,25.49,28.39,23.1,89.16,0.22,NASA_POWER
2019-04-04,sorriso_mt,"Sorriso, MT",-12.5425,-55.7211,0.23,25.03,28.53,22.1,88.38,0.1,NASA_POWER
2019-04-05,sorriso_mt,"Sorriso, MT",-12.5425,-55.7211,8.98,25.18,28.88,22.12,91.46,0.09,NASA_POWER
2019-04-06,sorriso_mt,"Sorriso, MT",-12.5425,-55.7211,6.05,23.37,25.28,21.41,95.1,0.04,NASA_POWER
2019-04-07,sorriso_mt,"Sorriso, MT",-12.5425,-55.7211,5.59,23.33,27.55,20.02,90.97,0.03,NASA_POWER
2019-04-08,sorriso_mt,"Sorriso, MT",-12.5425,-55.7211,2.42,24.64,28.7,21.22,90.83,0.11,NASA_POWER
2019-04-09,sorriso_mt,"Sorriso, MT",-12.5425,-55.7211,6.31,24.51,27.8,22.13,93.22,0.12,NASA_POWER
2019-04-10,sorriso_mt,"Sorriso, MT",-12.5425,-55.7211,16.12,24.43,27.27,22.23,92.94,0.25,NASA_POWER
2019-04-11,sorriso_mt,"Sorriso, MT",-12.5425,-55.7211,11.46,22.9,25.37,20.87,93.83,0.11,NASA_POWER
2019-04-12,sorriso_mt,"Sorriso, MT",-12.5425,-55.7211,1.89,24.23,28.09,19.78,87.01,0.18,NASA_POWER
2019-04-13,sorriso_mt,"Sorriso, MT",-12.5425,-55.7211,16.01,24.89,27.91,22.12,93.25,0.28,NASA_POWER
2019-04-14,sorriso_mt,"Sorriso, MT",-12.5425,-55.7211,0.54,25.18,28.5,22.28,90.98,0.25,NASA_POWER
2019-04-15,sorriso_mt,"Sorriso, MT",-12.5425,-55.7211,0.05,25.44,28.7,22.12,88.73,0.15,NASA_POWER
2019-04-16,sorriso_mt,"Sorriso, MT",-12.5425,-55.7211,0.17,25.29,28.93,22.58,88.11,0.03,NASA_POWER
2019-04-17,sorriso_mt,"Sorriso, MT",-12.5425,-55.7211,0.26,25.18,29.27,20.96,88.03,0.16,NASA_POWER
2019-04-18,sorriso_mt,"Sorriso, MT",-12.5425,-55.7211,0.01,25.59,29.6,22.06,87.57,0.12,NASA_POWER
2019-04-19,sorriso_mt,"Sorriso, MT",-12.5425,-55.7211,0.57,25.8,29.73,21.81,86.96,0.19,NASA_POWER
2019-04-20,sorriso_mt,"Sorriso, MT",-12.5425,-55.7211,0.42,25.73,29.74,21.64,88.8,0.2,NASA_POWER
2019-04-21,sorriso_mt,"Sorriso, MT",-12.5425,-55.7211,0.02,24.95,27.15,23.16,87.78,0.12,NASA_POWER
2019-04-22,sorriso_mt,"Sorriso, MT",-12.5425,-55.7211,1.03,24.63,27.74,22.37,88.14,0.2,NASA_POWER
2019-04-23,sorriso_mt,"Sorriso, MT",-12.5425,-55.7211,0.27,24.76,28.4,22.16,90.59,0.02,NASA_POWER
2019-04-24,sorriso_mt,"Sorriso, MT",-12.5425,-55.7211,1.46,24.29,28.1,21.77,89.73,0.09,NASA_POWER
2019-04-25,sorriso_mt,"Sorriso, MT",-12.5425,-55.7211,0.0,24.45,28.92,19.51,87.17,0.11,NASA_POWER
2019-04-26,sorriso_mt,"Sorriso, MT",-12.5425,-55.7211,0.0,25.6,29.58,21.5,84.75,0.12,NASA_POWER
2019-04-27,sorriso_mt,"Sorriso, MT",-12.5425,-55.7211,0.0,25.85,29.72,21.09,80.18,0.09,NASA_POWER
2019-04-28,sorriso_mt,"Sorriso, MT",-12.5425,-55.7211,2.63,25.87,29.57,22.4,82.34,0.24,NASA_POWER
2019-04-29,sorriso_mt,"Sorriso, MT",-12.5425,-55.7211,0.73,25.67,29.8,22.52,85.33,0.26,NASA_POWER
2019-04-30,sorriso_mt,"Sorriso, MT",-12.5425,-55.7211,0.0,25.94,29.6,23.02,84.66,0.15,NASA_POWER
2019-05-01,sorriso_mt,"Sorriso, MT",-12.5425,-55.7211,0.0,26.38,30.19,22.4,80.52,0.04,NASA_POWER
2019-05-02,sorriso_mt,"Sorriso, MT",-12.5425,-55.7211,0.0,25.65,29.82,22.63,84.82,0.05,NASA_POWER
2019-05-03,sorriso_mt,"Sorriso, MT",-12.5425,-55.7211,1.78,25.14,28.38,22.41,88.44,0.09,NASA_POWER
2019-05-04,sorriso_mt,"Sorriso, MT",-12.5425,-55.7211,0.18,24.54,27.75,22.14,90.16,0.03,NASA_POWER
2019-05-05,sorriso_mt,"Sorriso, MT",-12.5425,-55.7211,0.03,26.86,30.83,21.73,79.87,0.06,NASA_POWER
2019-05-06,sorriso_mt,"Sorriso, MT",-12.5425,-55.7211,0.15,27.19,31.29,22.89,76.91,0.1,NASA_POWER
2019-05-07,sorriso_mt,"Sorriso, MT",-12.5425,-55.7211,0.36,26.94,31.4,22.84,77.32,0.11,NASA_POWER
2019-05-08,sorriso_mt,"Sorriso, MT",-12.5425,-55.7211,0.0,27.5,31.92,21.95,73.72,0.09,NASA_POWER
2019-05-09,sorriso_mt,"Sorriso, MT",-12.5425,-55.7211,0.0,28.05,32.27,23.49,71.64,0.07,NASA_POWER
2019-05-10,sorriso_mt,"Sorriso, MT",-12.5425,-55.7211,0.0,28.58,32.88,24.49,68.4,0.09,NASA_POWER
2019-05-11,sorriso_mt,"Sorriso, MT",-12.5425,-55.7211,0.15,28.35,33.01,23.17,67.43,0.21,NASA_POWER
2019-05-12,sorriso_mt,"Sorriso, MT",-12.5425,-55.7211,0.39,26.97,32.67,21.9,67.74,0.14,NASA_POWER
2019-05-13,sorriso_mt,"Sorriso, MT",-12.5425,-55.7211,0.32,26.77,32.44,22.21,72.01,0.03,NASA_POWER
2019-05-14,sorriso_mt,"Sorriso, MT",-12.5425,-55.7211,0.06,26.44,31.93,22.21,69.51,0.04,NASA_POWER
2019-05-15,sorriso_mt,"Sorriso, MT",-12.5425,-55.7211,0.0,24.56,30.12,20.64,66.81,0.03,NASA_POWER
2019-05-16,sorriso_mt,"Sorriso, MT",-12.5425,-55.7211,0.0,24.07,30.85,18.25,66.71,0.03,NASA_POWER
2019-05-17,sorriso_mt,"Sorriso, MT",-12.5425,-55.7211,0.48,25.21,31.74,18.42,65.64,0.16,NASA_POWER
2019-05-18,sorriso_mt,"Sorriso, MT",-12.5425,-55.7211,0.19,25.68,32.11,20.7,65.93,0.33,NASA_POWER
2019-05-19,sorriso_mt,"Sorriso, MT",-12.5425,-55.7211,0.0,24.48,32.19,18.81,59.62,0.06,NASA_POWER
2019-05-20,sorriso_mt,"Sorriso, MT",-12.5425,-55.7211,0.0,24.99,33.22,16.91,63.07,0.18,NASA_POWER
2019-05-21,sorriso_mt,"Sorriso, MT",-12.5425,-55.7211,3.46,25.19,29.84,19.56,69.63,0.2,NASA_POWER
2019-05-22,sorriso_mt,"Sorriso, MT",-12.5425,-55.7211,0.22,26.41,33.1,20.88,67.66,0.19,NASA_POWER
2019-05-23,sorriso_mt,"Sorriso, MT",-12.5425,-55.7211,0.03,26.81,34.13,19.69,64.04,0.15,NASA_POWER
2019-05-24,sorriso_mt,"Sorriso, MT",-12.5425,-55.7211,0.04,24.34,28.41,21.02,70.69,0.03,NASA_POWER
2019-05-25,sorriso_mt,"Sorriso, MT",-12.5425,-55.7211,0.05,25.66,32.27,19.11,68.2,0.13,NASA_POWER
2019-05-26,sorriso_mt,"Sorriso, MT",-12.5425,-55.7211,0.0,26.91,33.02,20.95,67.45,0.11,NASA_POWER
2019-05-27,sorriso_mt,"Sorriso, MT",-12.5425,-55.7211,0.0,27.22,31.99,23.29,72.44,0.18,NASA_POWER
2019-05-28,sorriso_mt,"Sorriso, MT",-12.5425,-55.7211,0.12,27.92,33.56,22.66,66.53,0.21,NASA_POWER
2019-05-29,sorriso_mt,"Sorriso, MT",-12.5425,-55.7211,0.01,27.0,33.53,21.66,66.39,0.16,NASA_POWER
2019-05-30,sorriso_mt,"Sorriso, MT",-12.5425,-55.7211,0.0,26.19,33.85,19.36,58.71,0.18,NASA_POWER
2019-05-31,sorriso_mt,"Sorriso, MT",-12.5425,-55.7211,0.0,26.61,34.58,18.93,65.19,0.14,NASA_POWER
2019-06-01,sorriso_mt,"Sorriso, MT",-12.5425,-55.7211,0.0,27.97,34.42,22.09,62.76,0.22,NASA_POWER
2019-06-02,sorriso_mt,"Sorriso, MT",-12.5425,-55.7211,0.0,26.99,33.92,21.44,57.06,0.18,NASA_POWER
2019-06-03,sorriso_mt,"Sorriso, MT",-12.5425,-55.7211,0.49,25.26,32.4,20.27,62.82,0.03,NASA_POWER
2019-06-04,sorriso_mt,"Sorriso, MT",-12.5425,-55.7211,1.66,24.78,32.22,19.28,70.71,0.04,NASA_POWER
2019-06-05,sorriso_mt,"Sorriso, MT",-12.5425,-55.7211,0.0,25.7,32.85,19.76,65.86,0.1,NASA_POWER
2019-06-06,sorriso_mt,"Sorriso, MT",-12.5425,-55.7211,0.0,26.02,32.6,20.61,60.56,0.05,NASA_POWER
2019-06-07,sorriso_mt,"Sorriso, MT",-12.5425,-55.7211,0.0,26.37,33.62,20.97,55.31,0.05,NASA_POWER
2019-06-08,sorriso_mt,"Sorriso, MT",-12.5425,-55.7211,0.0,25.89,33.73,19.34,54.47,0.03,NASA_POWER
2019-06-09,sorriso_mt,"Sorriso, MT",-12.5425,-55.7211,0.0,25.66,33.56,19.76,57.01,0.05,NASA_POWER
2019-06-10,sorriso_mt,"Sorriso, MT",-12.5425,-55.7211,0.0,25.37,33.24,18.64,58.11,0.21,NASA_POWER
2019-06-11,sorriso_mt,"Sorriso, MT",-12.5425,-55.7211,0.0,26.45,34.16,18.79,54.0,0.3,NASA_POWER
2019-06-12,sorriso_mt,"Sorriso, MT",-12.5425,-55.7211,0.0,26.18,33.99,18.45,55.22,0.2,NASA_POWER
2019-06-13,sorriso_mt,"Sorriso, MT",-12.5425,-55.7211,0.0,27.21,34.01,20.65,55.36,0.17,NASA_POWER
2019-06-14,sorriso_mt,"Sorriso, MT",-12.5425,-55.7211,0.0,27.24,34.7,21.52,56.88,0.22,NASA_POWER
2019-06-15,sorriso_mt,"Sorriso, MT",-12.5425,-55.7211,0.0,26.45,34.49,18.48,54.8,0.15,NASA_POWER
2019-06-16,sorriso_mt,"Sorriso, MT",-12.5425,-55.7211,0.0,26.29,34.15,20.66,47.05,0.04,NASA_POWER
2019-06-17,sorriso_mt,"Sorriso, MT",-12.5425,-55.7211,0.0,25.37,33.93,18.77,49.78,0.17,NASA_POWER
2019-06-18,sorriso_mt,"Sorriso, MT",-12.5425,-55.7211,0.02,25.08,33.97,17.07,57.19,0.15,NASA_POWER
2019-06-19,sorriso_mt,"Sorriso, MT",-12.5425,-55.7211,0.0,26.6,34.96,19.17,59.55,0.04,NASA_POWER
2019-06-20,sorriso_mt,"Sorriso, MT",-12.5425,-55.7211,0.0,27.29,34.63,20.84,50.72,0.03,NASA_POWER
2019-06-21,sorriso_mt,"Sorriso, MT",-12.5425,-55.7211,0.0,26.52,34.49,20.54,50.04,0.07,NASA_POWER
2019-06-22,sorriso_mt,"Sorriso, MT",-12.5425,-55.7211,0.0,25.93,34.34,19.53,48.41,0.12,NASA_POWER
2019-06-23,sorriso_mt,"Sorriso, MT",-12.5425,-55.7211,0.0,26.11,34.04,17.91,44.42,0.21,NASA_POWER
2019-06-24,sorriso_mt,"Sorriso, MT",-12.5425,-55.7211,0.0,24.88,33.45,17.34,53.1,0.23,NASA_POWER
2019-06-25,sorriso_mt,"Sorriso, MT",-12.5425,-55.7211,0.0,25.27,34.04,17.49,55.06,0.16,NASA_POWER
2019-06-26,sorriso_mt,"Sorriso, MT",-12.5425,-55.7211,0.0,26.38,34.42,19.52,58.53,0.21,NASA_POWER
2019-06-27,sorriso_mt,"Sorriso, MT",-12.5425,-55.7211,0.0,26.32,35.13,19.17,54.22,0.13,NASA_POWER
2019-06-28,sorriso_mt,"Sorriso, MT",-12.5425,-55.7211,0.0,26.09,34.91,18.28,53.05,0.23,NASA_POWER
2019-06-29,sorriso_mt,"Sorriso, MT",-12.5425,-55.7211,0.0,26.61,35.07,18.59,56.0,0.31,NASA_POWER
2019-06-30,sorriso_mt,"Sorriso, MT",-12.5425,-55.7211,0.0,26.62,34.69,18.75,52.73,0.36,NASA_POWER
2019-07-01,sorriso_mt,"Sorriso, MT",-12.5425,-55.7211,0.0,25.98,34.82,18.02,51.69,0.27,NASA_POWER
2019-07-02,sorriso_mt,"Sorriso, MT",-12.5425,-55.7211,0.0,25.75,35.01,16.96,47.2,0.09,NASA_POWER
2019-07-03,sorriso_mt,"Sorriso, MT",-12.5425,-55.7211,0.0,26.47,34.06,18.85,56.29,0.12,NASA_POWER
2019-07-04,sorriso_mt,"Sorriso, MT",-12.5425,-55.7211,0.0,27.84,35.68,20.49,54.3,0.17,NASA_POWER
2019-07-05,sorriso_mt,"Sorriso, MT",-12.5425,-55.7211,0.0,27.21,33.29,22.51,57.86,0.05,NASA_POWER
2019-07-06,sorriso_mt,"Sorriso, MT",-12.5425,-55.7211,0.0,23.54,30.24,18.49,50.99,0.04,NASA_POWER
2019-07-07,sorriso_mt,"Sorriso, MT",-12.5425,-55.7211,0.01,22.88,31.57,15.81,40.96,0.03,NASA_POWER
2019-07-08,sorriso_mt,"Sorriso, MT",-12.5425,-55.7211,0.22,23.91,33.56,15.47,45.01,0.09,NASA_POWER
2019-07-09,sorriso_mt,"Sorriso, MT",-12.5425,-55.7211,0.0,26.1,34.84,17.83,41.19,0.06,NASA_POWER
2019-07-10,sorriso_mt,"Sorriso, MT",-12.5425,-55.7211,0.0,26.67,34.65,20.43,39.7,0.11,NASA_POWER
2019-07-11,sorriso_mt,"Sorriso, MT",-12.5425,-55.7211,0.0,25.8,34.37,17.92,37.67,0.24,NASA_POWER
2019-07-12,sorriso_mt,"Sorriso, MT",-12.5425,-55.7211,0.0,26.77,34.53,16.12,39.38,0.34,NASA_POWER
2019-07-13,sorriso_mt,"Sorriso, MT",-12.5425,-55.7211,0.0,29.22,35.64,22.11,42.69,0.26,NASA_POWER
2019-07-14,sorriso_mt,"Sorriso, MT",-12.5425,-55.7211,0.0,28.1,35.4,21.74,42.51,0.31,NASA_POWER
2019-07-15,sorriso_mt,"Sorriso, MT",-12.5425,-55.7211,0.0,26.43,35.83,18.17,34.73,0.14,NASA_POWER
2019-07-16,sorriso_mt,"Sorriso, MT",-12.5425,-55.7211,0.0,26.66,35.74,18.47,34.89,0.09,NASA_POWER
2019-07-17,sorriso_mt,"Sorriso, MT",-12.5425,-55.7211,0.0,27.59,35.46,19.68,42.6,0.07,NASA_POWER
2019-07-18,sorriso_mt,"Sorriso, MT",-12.5425,-55.7211,0.0,27.83,35.91,20.73,37.81,0.16,NASA_POWER
2019-07-19,sorriso_mt,"Sorriso, MT",-12.5425,-55.7211,0.0,27.38,35.76,20.66,34.5,0.09,NASA_POWER
2019-07-20,sorriso_mt,"Sorriso, MT",-12.5425,-55.7211,0.0,26.69,33.93,22.05,36.34,0.05,NASA_POWER
2019-07-21,sorriso_mt,"Sorriso, MT",-12.5425,-55.7211,0.0,26.19,34.0,20.59,36.82,0.06,NASA_POWER
2019-07-22,sorriso_mt,"Sorriso, MT",-12.5425,-55.7211,0.0,27.23,35.45,19.38,38.81,0.18,NASA_POWER
2019-07-23,sorriso_mt,"Sorriso, MT",-12.5425,-55.7211,0.0,27.11,34.95,21.07,35.73,0.11,NASA_POWER
2019-07-24,sorriso_mt,"Sorriso, MT",-12.5425,-55.7211,0.0,26.88,34.46,20.67,37.19,0.12,NASA_POWER
2019-07-25,sorriso_mt,"Sorriso, MT",-12.5425,-55.7211,0.0,26.88,35.29,19.7,38.11,0.1,NASA_POWER
2019-07-26,sorriso_mt,"Sorriso, MT",-12.5425,-55.7211,0.23,26.54,34.91,18.42,39.8,0.04,NASA_POWER
2019-07-27,sorriso_mt,"Sorriso, MT",-12.5425,-55.7211,0.0,26.4,34.3,19.34,40.08,0.04,NASA_POWER
2019-07-28,sorriso_mt,"Sorriso, MT",-12.5425,-55.7211,0.0,26.91,34.32,20.74,32.32,0.15,NASA_POWER
2019-07-29,sorriso_mt,"Sorriso, MT",-12.5425,-55.7211,0.03,27.22,35.52,17.82,34.07,0.16,NASA_POWER
2019-07-30,sorriso_mt,"Sorriso, MT",-12.5425,-55.7211,0.09,27.59,36.44,18.56,36.11,0.24,NASA_POWER
2019-07-31,sorriso_mt,"Sorriso, MT",-12.5425,-55.7211,0.0,28.45,36.47,21.29,35.36,0.1,NASA_POWER
2019-08-01,sorriso_mt,"Sorriso, MT",-12.5425,-55.7211,0.0,29.33,36.79,23.15,34.1,0.04,NASA_POWER
2019-08-02,sorriso_mt,"Sorriso, MT",-12.5425,-55.7211,0.0,29.64,37.42,22.17,33.55,0.09,NASA_POWER
2019-08-03,sorriso_mt,"Sorriso, MT",-12.5425,-55.7211,0.0,24.12,29.87,19.52,37.6,0.07,NASA_POWER
2019-08-04,sorriso_mt,"Sorriso, MT",-12.5425,-55.7211,0.0,23.48,31.84,16.57,38.3,0.04,NASA_POWER
2019-08-05,sorriso_mt,"Sorriso, MT",-12.5425,-55.7211,0.0,26.26,34.87,17.96,33.88,0.04,NASA_POWER
2019-08-06,sorriso_mt,"Sorriso, MT",-12.5425,-55.7211,0.0,29.26,36.63,22.64,33.78,0.1,NASA_POWER
2019-08-07,sorriso_mt,"Sorriso, MT",-12.5425,-55.7211,0.0,29.5,36.41,23.92,32.24,0.05,NASA_POWER
2019-08-08,sorriso_mt,"Sorriso, MT",-12.5425,-55.7211,0.0,28.38,35.66,23.16,29.25,0.1,NASA_POWER
2019-08-09,sorriso_mt,"Sorriso, MT",-12.5425,-55.7211,0.0,27.71,36.06,20.13,29.84,0.19,NASA_POWER
2019-08-10,sorriso_mt,"Sorriso, MT",-12.5425,-55.7211,0.0,27.12,36.28,19.31,25.68,0.1,NASA_POWER
2019-08-11,sorriso_mt,"Sorriso, MT",-12.5425,-55.7211,0.0,28.06,36.16,19.56,30.67,0.09,NASA_POWER
2019-08-12,sorriso_mt,"Sorriso, MT",-12.5425,-55.7211,0.0,29.82,37.66,22.82,30.31,0.23,NASA_POWER
2019-08-13,sorriso_mt,"Sorriso, MT",-12.5425,-55.7211,0.0,28.8,36.91,20.38,32.53,0.12,NASA_POWER
2019-08-14,sorriso_mt,"Sorriso, MT",-12.5425,-55.7211,0.0,28.12,34.2,23.73,37.17,0.05,NASA_POWER
2019-08-15,sorriso_mt,"Sorriso, MT",-12.5425,-55.7211,0.0,27.94,36.94,19.49,32.1,0.07,NASA_POWER
2019-08-16,sorriso_mt,"Sorriso, MT",-12.5425,-55.7211,0.0,29.73,37.26,22.56,29.86,0.09,NASA_POWER
2019-08-17,sorriso_mt,"Sorriso, MT",-12.5425,-55.7211,0.0,31.17,37.6,25.26,29.72,0.16,NASA_POWER
2019-08-18,sorriso_mt,"Sorriso, MT",-12.5425,-55.7211,0.0,30.24,35.84,24.92,37.61,0.13,NASA_POWER
2019-08-19,sorriso_mt,"Sorriso, MT",-12.5425,-55.7211,0.0,30.39,36.75,23.96,36.5,0.17,NASA_POWER
2019-08-20,sorriso_mt,"Sorriso, MT",-12.5425,-55.7211,0.01,30.99,37.23,25.88,35.95,0.03,NASA_POWER
2019-08-21,sorriso_mt,"Sorriso, MT",-12.5425,-55.7211,0.0,31.24,38.12,26.14,33.77,0.05,NASA_POWER
2019-08-22,sorriso_mt,"Sorriso, MT",-12.5425,-55.7211,0.0,31.22,39.16,24.71,29.94,0.12,NASA_POWER
2019-08-23,sorriso_mt,"Sorriso, MT",-12.5425,-55.7211,0.0,31.52,38.99,25.12,25.45,0.04,NASA_POWER
2019-08-24,sorriso_mt,"Sorriso, MT",-12.5425,-55.7211,0.02,31.26,37.78,26.08,26.27,0.04,NASA_POWER
2019-08-25,sorriso_mt,"Sorriso, MT",-12.5425,-55.7211,0.02,30.57,36.79,24.3,35.02,0.04,NASA_POWER
2019-08-26,sorriso_mt,"Sorriso, MT",-12.5425,-55.7211,0.0,31.43,37.43,26.57,31.75,0.04,NASA_POWER
2019-08-27,sorriso_mt,"Sorriso, MT",-12.5425,-55.7211,0.0,31.59,36.99,27.31,27.69,0.03,NASA_POWER
2019-08-28,sorriso_mt,"Sorriso, MT",-12.5425,-55.7211,0.0,30.5,37.44,24.71,28.64,0.05,NASA_POWER
2019-08-29,sorriso_mt,"Sorriso, MT",-12.5425,-55.7211,0.0,30.33,37.78,24.03,27.09,0.06,NASA_POWER
2019-08-30,sorriso_mt,"Sorriso, MT",-12.5425,-55.7211,0.0,30.18,38.84,22.14,27.83,0.19,NASA_POWER
2019-08-31,sorriso_mt,"Sorriso, MT",-12.5425,-55.7211,0.0,30.61,39.37,22.78,26.74,0.24,NASA_POWER
2019-09-01,sorriso_mt,"Sorriso, MT",-12.5425,-55.7211,0.0,31.75,39.83,24.19,27.14,0.26,NASA_POWER
2019-09-02,sorriso_mt,"Sorriso, MT",-12.5425,-55.7211,0.0,31.96,39.72,22.57,26.76,0.33,NASA_POWER
2019-09-03,sorriso_mt,"Sorriso, MT",-12.5425,-55.7211,0.0,31.64,40.22,22.83,26.35,0.37,NASA_POWER
2019-09-04,sorriso_mt,"Sorriso, MT",-12.5425,-55.7211,0.0,31.15,40.46,21.88,22.37,0.15,NASA_POWER
2019-09-05,sorriso_mt,"Sorriso, MT",-12.5425,-55.7211,0.0,31.65,40.61,23.3,22.3,0.03,NASA_POWER
2019-09-06,sorriso_mt,"Sorriso, MT",-12.5425,-55.7211,0.0,31.71,40.33,24.71,20.32,0.1,NASA_POWER
2019-09-07,sorriso_mt,"Sorriso, MT",-12.5425,-55.7211,0.0,30.9,39.19,23.14,22.51,0.17,NASA_POWER
2019-09-08,sorriso_mt,"Sorriso, MT",-12.5425,-55.7211,0.0,31.08,39.2,24.72,21.94,0.09,NASA_POWER
2019-09-09,sorriso_mt,"Sorriso, MT",-12.5425,-55.7211,0.0,30.72,39.06,23.44,22.47,0.24,NASA_POWER
2019-09-10,sorriso_mt,"Sorriso, MT",-12.5425,-55.7211,0.0,30.12,39.17,21.05,24.18,0.36,NASA_POWER
2019-09-11,sorriso_mt,"Sorriso, MT",-12.5425,-55.7211,0.0,31.1,39.2,22.28,25.58,0.36,NASA_POWER
2019-09-12,sorriso_mt,"Sorriso, MT",-12.5425,-55.7211,0.0,31.17,40.02,23.13,24.5,0.08,NASA_POWER
2019-09-13,sorriso_mt,"Sorriso, MT",-12.5425,-55.7211,0.0,31.65,40.37,24.21,24.01,0.22,NASA_POWER
2019-09-14,sorriso_mt,"Sorriso, MT",-12.5425,-55.7211,0.0,31.48,40.91,22.04,22.53,0.34,NASA_POWER
2019-09-15,sorriso_mt,"Sorriso, MT",-12.5425,-55.7211,0.0,31.45,40.63,23.48,21.36,0.22,NASA_POWER
2019-09-16,sorriso_mt,"Sorriso, MT",-12.5425,-55.7211,0.0,32.04,40.71,24.33,21.5,0.17,NASA_POWER
2019-09-17,sorriso_mt,"Sorriso, MT",-12.5425,-55.7211,0.0,32.16,40.26,25.35,23.62,0.15,NASA_POWER
2019-09-18,sorriso_mt,"Sorriso, MT",-12.5425,-55.7211,0.0,32.66,40.62,24.14,24.67,0.04,NASA_POWER
2019-09-19,sorriso_mt,"Sorriso, MT",-12.5425,-55.7211,0.0,34.04,39.93,28.48,33.32,0.04,NASA_POWER
2019-09-20,sorriso_mt,"Sorriso, MT",-12.5425,-55.7211,0.66,33.47,39.99,27.32,36.1,0.08,NASA_POWER
2019-09-21,sorriso_mt,"Sorriso, MT",-12.5425,-55.7211,0.39,33.04,40.23,25.82,42.07,0.07,NASA_POWER
2019-09-22,sorriso_mt,"Sorriso, MT",-12.5425,-55.7211,5.0,32.67,39.96,26.78,41.51,0.04,NASA_POWER
2019-09-23,sorriso_mt,"Sorriso, MT",-12.5425,-55.7211,0.83,31.2,38.79,23.81,52.08,0.03,NASA_POWER
2019-09-24,sorriso_mt,"Sorriso, MT",-12.5425,-55.7211,0.08,32.55,40.47,25.1,42.13,0.16,NASA_POWER
2019-09-25,sorriso_mt,"Sorriso, MT",-12.5425,-55.7211,1.56,30.84,37.7,24.58,46.27,0.04,NASA_POWER
2019-09-26,sorriso_mt,"Sorriso, MT",-12.5425,-55.7211,1.17,28.41,34.22,23.07,62.39,0.04,NASA_POWER
2019-09-27,sorriso_mt,"Sorriso, MT",-12.5425,-55.7211,1.07,29.95,37.38,23.39,52.73,0.03,NASA_POWER
2019-09-28,sorriso_mt,"Sorriso, MT",-12.5425,-55.7211,0.36,28.34,33.71,24.7,59.27,0.03,NASA_POWER
2019-09-29,sorriso_mt,"Sorriso, MT",-12.5425,-55.7211,0.25,28.63,34.09,23.75,55.86,0.03,NASA_POWER
2019-09-30,sorriso_mt,"Sorriso, MT",-12.5425,-55.7211,0.01,30.13,36.39,24.33,51.54,0.14,NASA_POWER
2019-10-01,sorriso_mt,"Sorriso, MT",-12.5425,-55.7211,14.85,26.4,28.12,23.14,71.44,0.12,NASA_POWER
2019-10-02,sorriso_mt,"Sorriso, MT",-12.5425,-55.7211,9.25,23.91,26.74,21.99,89.43,0.06,NASA_POWER
2019-10-03,sorriso_mt,"Sorriso, MT",-12.5425,-55.7211,0.0,28.16,36.12,20.72,63.9,0.1,NASA_POWER
2019-10-04,sorriso_mt,"Sorriso, MT",-12.5425,-55.7211,5.77,29.36,36.5,22.5,61.51,0.14,NASA_POWER
2019-10-05,sorriso_mt,"Sorriso, MT",-12.5425,-55.7211,12.11,26.51,33.01,22.71,75.67,0.03,NASA_POWER
2019-10-06,sorriso_mt,"Sorriso, MT",-12.5425,-55.7211,0.08,24.74,29.01,21.85,78.56,0.04,NASA_POWER
2019-10-07,sorriso_mt,"Sorriso, MT",-12.5425,-55.7211,0.91,26.98,34.55,20.33,68.0,0.03,NASA_POWER
2019-10-08,sorriso_mt,"Sorriso, MT",-12.5425,-55.7211,8.22,27.39,35.1,21.49,71.18,0.04,NASA_POWER
2019-10-09,sorriso_mt,"Sorriso, MT",-12.5425,-55.7211,2.02,27.0,33.29,22.19,70.09,0.03,NASA_POWER
2019-10-10,sorriso_mt,"Sorriso, MT",-12.5425,-55.7211,1.6,27.02,32.26,22.19,71.91,0.07,NASA_POWER
2019-10-11,sorriso_mt,"Sorriso, MT",-12.5425,-55.7211,1.64,27.22,32.95,23.21,70.74,0.02,NASA_POWER
2019-10-12,sorriso_mt,"Sorriso, MT",-12.5425,-55.7211,5.68,26.64,32.13,22.56,75.71,0.09,NASA_POWER
2019-10-13,sorriso_mt,"Sorriso, MT",-12.5425,-55.7211,18.95,28.01,35.29,22.79,69.24,0.03,NASA_POWER
2019-10-14,sorriso_mt,"Sorriso, MT",-12.5425,-55.7211,3.85,27.66,33.7,22.36,71.87,0.05,NASA_POWER
2019-10-15,sorriso_mt,"Sorriso, MT",-12.5425,-55.7211,8.9,27.98,35.04,21.89,68.89,0.04,NASA_POWER
2019-10-16,sorriso_mt,"Sorriso, MT",-12.5425,-55.7211,3.81,28.09,35.27,22.11,71.0,0.07,NASA_POWER
2019-10-17,sorriso_mt,"Sorriso, MT",-12.5425,-55.7211,3.14,27.35,33.23,22.76,72.28,0.09,NASA_POWER
2019-10-18,sorriso_mt,"Sorriso, MT",-12.5425,-55.7211,0.38,28.76,35.27,22.62,63.52,0.12,NASA_POWER
2019-10-19,sorriso_mt,"Sorriso, MT",-12.5425,-55.7211,17.61,27.48,34.65,22.37,75.84,0.05,NASA_POWER
2019-10-20,sorriso_mt,"Sorriso, MT",-12.5425,-55.7211,3.22,28.02,34.44,22.27,72.6,0.04,NASA_POWER
2019-10-21,sorriso_mt,"Sorriso, MT",-12.5425,-55.7211,0.3,27.28,31.69,23.97,75.31,0.03,NASA_POWER
2019-10-22,sorriso_mt,"Sorriso, MT",-12.5425,-55.7211,3.08,26.68,31.3,22.92,77.86,0.07,NASA_POWER
2019-10-23,sorriso_mt,"Sorriso, MT",-12.5425,-55.7211,5.32,27.99,34.25,22.82,68.94,0.03,NASA_POWER
2019-10-24,sorriso_mt,"Sorriso, MT",-12.5425,-55.7211,2.57,27.78,33.71,23.38,72.18,0.03,NASA_POWER
2019-10-25,sorriso_mt,"Sorriso, MT",-12.5425,-55.7211,9.05,26.68,32.02,22.66,78.1,0.05,NASA_POWER
2019-10-26,sorriso_mt,"Sorriso, MT",-12.5425,-55.7211,8.4,25.48,29.81,22.56,85.15,0.09,NASA_POWER
2019-10-27,sorriso_mt,"Sorriso, MT",-12.5425,-55.7211,2.97,26.89,32.48,21.49,75.93,0.05,NASA_POWER
2019-10-28,sorriso_mt,"Sorriso, MT",-12.5425,-55.7211,0.2,29.31,35.18,22.21,63.63,0.11,NASA_POWER
2019-10-29,sorriso_mt,"Sorriso, MT",-12.5425,-55.7211,0.15,28.05,33.22,24.26,66.57,0.12,NASA_POWER
2019-10-30,sorriso_mt,"Sorriso, MT",-12.5425,-55.7211,8.72,27.42,33.56,23.22,71.14,0.11,NASA_POWER
2019-10-31,sorriso_mt,"Sorriso, MT",-12.5425,-55.7211,19.86,26.85,31.52,22.88,74.95,0.23,NASA_POWER
2019-11-01,sorriso_mt,"Sorriso, MT",-12.5425,-55.7211,2.94,27.1,32.5,21.43,73.91,0.13,NASA_POWER
2019-11-02,sorriso_mt,"Sorriso, MT",-12.5425,-55.7211,2.11,27.86,33.42,22.44,70.18,0.04,NASA_POWER
2019-11-03,sorriso_mt,"Sorriso, MT",-12.5425,-55.7211,11.2,25.36,29.16,22.95,88.06,0.09,NASA_POWER
2019-11-04,sorriso_mt,"Sorriso, MT",-12.5425,-55.7211,0.47,26.93,32.04,21.82,78.3,0.11,NASA_POWER
2019-11-05,sorriso_mt,"Sorriso, MT",-12.5425,-55.7211,0.16,28.74,34.24,22.57,68.68,0.11,NASA_POWER
2019-11-06,sorriso_mt,"Sorriso, MT",-12.5425,-55.7211,0.11,28.72,34.64,23.58,65.48,0.11,NASA_POWER
2019-11-07,sorriso_mt,"Sorriso, MT",-12.5425,-55.7211,0.64,29.06,35.08,22.41,64.97,0.1,NASA_POWER
2019-11-08,sorriso_mt,"Sorriso, MT",-12.5425,-55.7211,0.12,28.08,33.41,23.4,67.83,0.06,NASA_POWER
2019-11-09,sorriso_mt,"Sorriso, MT",-12.5425,-55.7211,0.83,25.58,29.02,22.29,74.09,0.05,NASA_POWER
2019-11-10,sorriso_mt,"Sorriso, MT",-12.5425,-55.7211,6.04,27.89,35.25,21.25,70.68,0.13,NASA_POWER
2019-11-11,sorriso_mt,"Sorriso, MT",-12.5425,-55.7211,42.0,25.46,28.42,22.97,90.08,0.13,NASA_POWER
2019-11-12,sorriso_mt,"Sorriso, MT",-12.5425,-55.7211,5.73,25.32,28.99,23.07,87.11,0.09,NASA_POWER
2019-11-13,sorriso_mt,"Sorriso, MT",-12.5425,-55.7211,10.27,24.27,27.8,22.52,90.16,0.13,NASA_POWER
2019-11-14,sorriso_mt,"Sorriso, MT",-12.5425,-55.7211,0.96,25.75,30.9,21.31,80.13,0.21,NASA_POWER
2019-11-15,sorriso_mt,"Sorriso, MT",-12.5425,-55.7211,4.11,25.98,31.26,21.66,82.52,0.05,NASA_POWER
2019-11-16,sorriso_mt,"Sorriso, MT",-12.5425,-55.7211,40.98,24.8,27.66,22.76,93.08,0.06,NASA_POWER
2019-11-17,sorriso_mt,"Sorriso, MT",-12.5425,-55.7211,7.55,25.08,28.84,22.27,87.6,0.03,NASA_POWER
2019-11-18,sorriso_mt,"Sorriso, MT",-12.5425,-55.7211,4.52,24.86,29.07,21.96,87.86,0.11,NASA_POWER
2019-11-19,sorriso_mt,"Sorriso, MT",-12.5425,-55.7211,1.91,24.78,28.44,21.51,88.02,0.11,NASA_POWER
2019-11-20,sorriso_mt,"Sorriso, MT",-12.5425,-55.7211,0.23,25.44,29.75,21.93,83.3,0.14,NASA_POWER
2019-11-21,sorriso_mt,"Sorriso, MT",-12.5425,-55.7211,0.46,26.43,31.13,21.47,77.89,0.14,NASA_POWER
2019-11-22,sorriso_mt,"Sorriso, MT",-12.5425,-55.7211,0.64,26.14,30.82,21.29,77.11,0.15,NASA_POWER
2019-11-23,sorriso_mt,"Sorriso, MT",-12.5425,-55.7211,4.93,23.86,26.23,21.89,87.48,0.09,NASA_POWER
2019-11-24,sorriso_mt,"Sorriso, MT",-12.5425,-55.7211,0.1,25.79,31.26,20.72,78.43,0.13,NASA_POWER
2019-11-25,sorriso_mt,"Sorriso, MT",-12.5425,-55.7211,3.25,26.12,30.3,22.07,81.27,0.08,NASA_POWER
2019-11-26,sorriso_mt,"Sorriso, MT",-12.5425,-55.7211,0.15,26.56,30.38,23.51,81.07,0.13,NASA_POWER
2019-11-27,sorriso_mt,"Sorriso, MT",-12.5425,-55.7211,1.48,27.0,31.82,22.94,79.68,0.09,NASA_POWER
2019-11-28,sorriso_mt,"Sorriso, MT",-12.5425,-55.7211,7.16,24.95,28.13,23.36,90.0,0.02,NASA_POWER
2019-11-29,sorriso_mt,"Sorriso, MT",-12.5425,-55.7211,0.26,26.79,31.64,22.29,77.74,0.03,NASA_POWER
2019-11-30,sorriso_mt,"Sorriso, MT",-12.5425,-55.7211,0.17,26.54,30.21,23.44,75.5,0.13,NASA_POWER
2019-12-01,sorriso_mt,"Sorriso, MT",-12.5425,-55.7211,5.24,27.45,33.12,22.62,73.81,0.08,NASA_POWER
2019-12-02,sorriso_mt,"Sorriso, MT",-12.5425,-55.7211,1.23,27.49,32.78,22.8,75.65,0.03,NASA_POWER
2019-12-03,sorriso_mt,"Sorriso, MT",-12.5425,-55.7211,12.13,26.83,31.99,22.78,79.74,0.04,NASA_POWER
2019-12-04,sorriso_mt,"Sorriso, MT",-12.5425,-55.7211,1.05,27.5,32.1,23.24,78.26,0.11,NASA_POWER
2019-12-05,sorriso_mt,"Sorriso, MT",-12.5425,-55.7211,1.28,27.24,30.56,23.56,76.17,0.14,NASA_POWER
2019-12-06,sorriso_mt,"Sorriso, MT",-12.5425,-55.7211,11.14,26.68,31.43,22.95,83.57,0.03,NASA_POWER
2019-12-07,sorriso_mt,"Sorriso, MT",-12.5425,-55.7211,0.7,24.75,27.24,22.13,89.87,0.07,NASA_POWER
2019-12-08,sorriso_mt,"Sorriso, MT",-12.5425,-55.7211,1.38,26.24,31.55,21.2,80.73,0.05,NASA_POWER
2019-12-09,sorriso_mt,"Sorriso, MT",-12.5425,-55.7211,36.52,24.9,27.61,22.66,89.65,0.1,NASA_POWER
2019-12-10,sorriso_mt,"Sorriso, MT",-12.5425,-55.7211,0.79,23.9,26.44,21.92,93.73,0.08,NASA_POWER
2019-12-11,sorriso_mt,"Sorriso, MT",-12.5425,-55.7211,2.51,24.7,28.2,21.5,87.8,0.09,NASA_POWER
2019-12-12,sorriso_mt,"Sorriso, MT",-12.5425,-55.7211,1.97,25.45,29.29,21.61,87.41,0.15,NASA_POWER
2019-12-13,sorriso_mt,"Sorriso, MT",-12.5425,-55.7211,3.9,25.42,29.19,22.65,87.8,0.19,NASA_POWER
2019-12-14,sorriso_mt,"Sorriso, MT",-12.5425,-55.7211,1.69,25.79,29.48,22.12,84.78,0.14,NASA_POWER
2019-12-15,sorriso_mt,"Sorriso, MT",-12.5425,-55.7211,0.53,26.11,30.02,22.12,84.57,0.09,NASA_POWER
2019-12-16,sorriso_mt,"Sorriso, MT",-12.5425,-55.7211,7.73,25.94,30.2,23.56,85.13,0.03,NASA_POWER
2019-12-17,sorriso_mt,"Sorriso, MT",-12.5425,-55.7211,10.85,24.56,27.76,22.36,89.16,0.14,NASA_POWER
2019-12-18,sorriso_mt,"Sorriso, MT",-12.5425,-55.7211,6.63,25.53,30.06,21.63,85.2,0.15,NASA_POWER
2019-12-19,sorriso_mt,"Sorriso, MT",-12.5425,-55.7211,6.4,25.57,29.89,22.48,88.72,0.12,NASA_POWER
2019-12-20,sorriso_mt,"Sorriso, MT",-12.5425,-55.7211,5.87,25.81,29.53,22.75,88.57,0.08,NASA_POWER
2019-12-21,sorriso_mt,"Sorriso, MT",-12.5425,-55.7211,7.0,26.29,30.74,23.36,86.67,0.16,NASA_POWER
2019-12-22,sorriso_mt,"Sorriso, MT",-12.5425,-55.7211,1.11,26.17,31.24,22.25,84.92,0.07,NASA_POWER
2019-12-23,sorriso_mt,"Sorriso, MT",-12.5425,-55.7211,0.1,25.84,29.84,22.76,85.11,0.06,NASA_POWER
2019-12-24,sorriso_mt,"Sorriso, MT",-12.5425,-55.7211,0.47,26.49,30.67,23.14,82.35,0.1,NASA_POWER
2019-12-25,sorriso_mt,"Sorriso, MT",-12.5425,-55.7211,44.06,26.16,30.82,23.67,86.29,0.13,NASA_POWER
2019-12-26,sorriso_mt,"Sorriso, MT",-12.5425,-55.7211,2.63,25.9,29.94,22.72,85.98,0.1,NASA_POWER
2019-12-27,sorriso_mt,"Sorriso, MT",-12.5425,-55.7211,16.66,26.31,30.7,22.45,84.62,0.04,NASA_POWER
2019-12-28,sorriso_mt,"Sorriso, MT",-12.5425,-55.7211,7.47,25.18,27.85,22.95,88.12,0.14,NASA_POWER
2019-12-29,sorriso_mt,"Sorriso, MT",-12.5425,-55.7211,2.03,25.05,29.05,22.07,88.3,0.09,NASA_POWER
2019-12-30,sorriso_mt,"Sorriso, MT",-12.5425,-55.7211,0.62,25.08,29.11,22.56,85.31,0.1,NASA_POWER
2019-12-31,sorriso_mt,"Sorriso, MT",-12.5425,-55.7211,0.5,25.02,28.22,22.26,87.74,0.02,NASA_POWER
2020-01-01,sorriso_mt,"Sorriso, MT",-12.5425,-55.7211,3.53,25.4,29.27,21.99,86.77,0.03,NASA_POWER
2020-01-02,sorriso_mt,"Sorriso, MT",-12.5425,-55.7211,2.26,25.14,29.15,22.13,85.98,0.03,NASA_POWER
2020-01-03,sorriso_mt,"Sorriso, MT",-12.5425,-55.7211,6.93,24.64,27.93,22.09,89.92,0.03,NASA_POWER
2020-01-04,sorriso_mt,"Sorriso, MT",-12.5425,-55.7211,2.64,24.97,28.27,22.97,90.17,0.05,NASA_POWER
2020-01-05,sorriso_mt,"Sorriso, MT",-12.5425,-55.7211,4.16,24.86,28.54,22.41,90.07,0.05,NASA_POWER
2020-01-06,sorriso_mt,"Sorriso, MT",-12.5425,-55.7211,0.37,25.01,28.72,22.07,84.49,0.04,NASA_POWER
2020-01-07,sorriso_mt,"Sorriso, MT",-12.5425,-55.7211,2.24,26.02,30.58,22.33,82.36,0.06,NASA_POWER
2020-01-08,sorriso_mt,"Sorriso, MT",-12.5425,-55.7211,24.69,24.74,27.44,22.56,93.51,0.04,NASA_POWER
2020-01-09,sorriso_mt,"Sorriso, MT",-12.5425,-55.7211,8.28,24.23,26.93,22.39,92.15,0.12,NASA_POWER
2020-01-10,sorriso_mt,"Sorriso, MT",-12.5425,-55.7211,4.69,25.4,29.22,22.03,87.8,0.24,NASA_POWER
2020-01-11,sorriso_mt,"Sorriso, MT",-12.5425,-55.7211,1.3,25.31,28.69,22.13,90.32,0.19,NASA_POWER
2020-01-12,sorriso_mt,"Sorriso, MT",-12.5425,-55.7211,1.22,25.7,29.36,22.75,89.03,0.11,NASA_POWER
2020-01-13,sorriso_mt,"Sorriso, MT",-12.5425,-55.7211,1.04,25.48,29.65,21.83,85.53,0.15,NASA_POWER
2020-01-14,sorriso_mt,"Sorriso, MT",-12.5425,-55.7211,1.48,26.09,30.57,22.34,80.65,0.16,NASA_POWER
2020-01-15,sorriso_mt,"Sorriso, MT",-12.5425,-55.7211,10.13,26.01,29.92,22.53,85.04,0.18,NASA_POWER
2020-01-16,sorriso_mt,"Sorriso, MT",-12.5425,-55.7211,5.93,26.09,29.53,23.61,86.88,0.23,NASA_POWER
2020-01-17,sorriso_mt,"Sorriso, MT",-12.5425,-55.7211,0.18,27.05,32.0,22.69,82.62,0.15,NASA_POWER
2020-01-18,sorriso_mt,"Sorriso, MT",-12.5425,-55.7211,0.03,27.36,31.63,24.28,78.39,0.19,NASA_POWER
2020-01-19,sorriso_mt,"Sorriso, MT",-12.5425,-55.7211,3.97,27.06,32.36,22.64,77.91,0.05,NASA_POWER
2020-01-20,sorriso_mt,"Sorriso, MT",-12.5425,-55.7211,4.56,26.25,31.67,23.17,86.56,0.06,NASA_POWER
2020-01-21,sorriso_mt,"Sorriso, MT",-12.5425,-55.7211,0.59,25.91,30.45,22.89,84.99,0.03,NASA_POWER
2020-01-22,sorriso_mt,"Sorriso, MT",-12.5425,-55.7211,3.44,26.44,31.26,22.25,83.06,0.04,NASA_POWER
2020-01-23,sorriso_mt,"Sorriso, MT",-12.5425,-55.7211,8.5,24.73,27.3,23.26,92.98,0.04,NASA_POWER
2020-01-24,sorriso_mt,"Sorriso, MT",-12.5425,-55.7211,4.15,25.61,29.86,22.45,86.71,0.04,NASA_POWER
2020-01-25,sorriso_mt,"Sorriso, MT",-12.5425,-55.7211,5.57,24.43,26.28,23.35,92.53,0.04,NASA_POWER
2020-01-26,sorriso_mt,"Sorriso, MT",-12.5425,-55.7211,2.27,24.62,27.34,22.55,92.11,0.12,NASA_POWER
2020-01-27,sorriso_mt,"Sorriso, MT",-12.5425,-55.7211,4.5,25.8,29.99,22.21,87.75,0.1,NASA_POWER
2020-01-28,sorriso_mt,"Sorriso, MT",-12.5425,-55.7211,1.63,24.89,27.89,23.19,89.99,0.06,NASA_POWER
2020-01-29,sorriso_mt,"Sorriso, MT",-12.5425,-55.7211,2.59,24.51,27.41,22.7,89.79,0.09,NASA_POWER
2020-01-30,sorriso_mt,"Sorriso, MT",-12.5425,-55.7211,5.72,25.7,29.44,22.13,82.98,0.24,NASA_POWER
2020-01-31,sorriso_mt,"Sorriso, MT",-12.5425,-55.7211,0.74,25.73,30.44,22.13,85.23,0.23,NASA_POWER
2020-02-01,sorriso_mt,"Sorriso, MT",-12.5425,-55.7211,0.13,27.35,31.97,22.03,76.17,0.07,NASA_POWER
2020-02-02,sorriso_mt,"Sorriso, MT",-12.5425,-55.7211,1.94,28.15,33.44,22.3,68.33,0.15,NASA_POWER
2020-02-03,sorriso_mt,"Sorriso, MT",-12.5425,-55.7211,6.0,28.04,32.98,23.1,71.99,0.23,NASA_POWER
2020-02-04,sorriso_mt,"Sorriso, MT",-12.5425,-55.7211,5.29,26.21,29.97,23.21,78.35,0.12,NASA_POWER
2020-02-05,sorriso_mt,"Sorriso, MT",-12.5425,-55.7211,3.29,25.8,30.82,22.08,79.04,0.03,NASA_POWER
2020-02-06,sorriso_mt,"Sorriso, MT",-12.5425,-55.7211,2.79,26.36,30.59,21.95,81.3,0.06,NASA_POWER
2020-02-07,sorriso_mt,"Sorriso, MT",-12.5425,-55.7211,8.28,25.97,30.39,22.77,83.52,0.04,NASA_POWER
2020-02-08,sorriso_mt,"Sorriso, MT",-12.5425,-55.7211,10.7,23.55,26.66,21.87,91.82,0.05,NASA_POWER
2020-02-09,sorriso_mt,"Sorriso, MT",-12.5425,-55.7211,11.84,22.14,23.36,20.83,94.54,0.05,NASA_POWER
2020-02-10,sorriso_mt,"Sorriso, MT",-12.5425,-55.7211,0.3,24.25,28.83,20.25,86.06,0.1,NASA_POWER
2020-02-11,sorriso_mt,"Sorriso, MT",-12.5425,-55.7211,4.57,25.74,30.17,21.86,83.11,0.19,NASA_POWER
2020-02-12,sorriso_mt,"Sorriso, MT",-12.5425,-55.7211,4.15,24.69,27.7,22.01,89.96,0.07,NASA_POWER
2020-02-13,sorriso_mt,"Sorriso, MT",-12.5425,-55.7211,2.8,25.77,30.79,21.33,82.02,0.14,NASA_POWER
2020-02-14,sorriso_mt,"Sorriso, MT",-12.5425,-55.7211,0.54,27.24,32.5,21.66,76.48,0.16,NASA_POWER
2020-02-15,sorriso_mt,"Sorriso, MT",-12.5425,-55.7211,9.99,27.61,32.74,23.74,77.43,0.2,NASA_POWER
2020-02-16,sorriso_mt,"Sorriso, MT",-12.5425,-55.7211,8.54,26.06,30.08,23.36,86.47,0.04,NASA_POWER
2020-02-17,sorriso_mt,"Sorriso, MT",-12.5425,-55.7211,1.8,26.42,31.36,21.92,83.88,0.05,NASA_POWER
2020-02-18,sorriso_mt,"Sorriso, MT",-12.5425,-55.7211,3.11,25.63,28.5,23.16,89.32,0.08,NASA_POWER
2020-02-19,sorriso_mt,"Sorriso, MT",-12.5425,-55.7211,3.38,26.98,32.23,23.07,83.36,0.06,NASA_POWER
2020-02-20,sorriso_mt,"Sorriso, MT",-12.5425,-55.7211,9.19,25.22,28.93,22.49,90.91,0.13,NASA_POWER
2020-02-21,sorriso_mt,"Sorriso, MT",-12.5425,-55.7211,4.71,25.2,29.98,21.86,86.78,0.04,NASA_POWER
2020-02-22,sorriso_mt,"Sorriso, MT",-12.5425,-55.7211,6.64,24.96,28.91,22.16,89.5,0.12,NASA_POWER
2020-02-23,sorriso_mt,"Sorriso, MT",-12.5425,-55.7211,9.54,24.65,27.59,22.8,93.25,0.14,NASA_POWER
2020-02-24,sorriso_mt,"Sorriso, MT",-12.5425,-55.7211,1.37,25.22,29.5,22.02,88.17,0.06,NASA_POWER
2020-02-25,sorriso_mt,"Sorriso, MT",-12.5425,-55.7211,8.72,24.21,26.67,22.0,91.22,0.16,NASA_POWER
2020-02-26,sorriso_mt,"Sorriso, MT",-12.5425,-55.7211,6.94,25.19,29.34,21.52,89.09,0.23,NASA_POWER
2020-02-27,sorriso_mt,"Sorriso, MT",-12.5425,-55.7211,13.0,25.08,28.32,22.7,93.22,0.11,NASA_POWER
2020-02-28,sorriso_mt,"Sorriso, MT",-12.5425,-55.7211,6.26,24.54,27.17,22.88,94.89,0.13,NASA_POWER
2020-02-29,sorriso_mt,"Sorriso, MT",-12.5425,-55.7211,13.87,25.0,28.67,22.12,90.16,0.07,NASA_POWER
2020-03-01,sorriso_mt,"Sorriso, MT",-12.5425,-55.7211,9.83,25.24,28.97,22.27,91.09,0.04,NASA_POWER
2020-03-02,sorriso_mt,"Sorriso, MT",-12.5425,-55.7211,5.4,25.23,29.12,22.38,88.68,0.04,NASA_POWER
2020-03-03,sorriso_mt,"Sorriso, MT",-12.5425,-55.7211,3.88,24.96,28.36,22.66,90.06,0.1,NASA_POWER
2020-03-04,sorriso_mt,"Sorriso, MT",-12.5425,-55.7211,7.2,24.0,26.1,22.52,93.47,0.03,NASA_POWER
2020-03-05,sorriso_mt,"Sorriso, MT",-12.5425,-55.7211,2.03,25.51,30.15,21.63,87.39,0.06,NASA_POWER
2020-03-06,sorriso_mt,"Sorriso, MT",-12.5425,-55.7211,6.39,24.99,28.82,22.18,90.63,0.02,NASA_POWER
2020-03-07,sorriso_mt,"Sorriso, MT",-12.5425,-55.7211,7.39,25.06,28.93,22.09,89.49,0.02,NASA_POWER
2020-03-08,sorriso_mt,"Sorriso, MT",-12.5425,-55.7211,3.23,25.92,30.49,22.31,87.93,0.04,NASA_POWER
2020-03-09,sorriso_mt,"Sorriso, MT",-12.5425,-55.7211,4.74,24.49,26.94,22.33,92.34,0.11,NASA_POWER
2020-03-10,sorriso_mt,"Sorriso, MT",-12.5425,-55.7211,1.08,25.66,29.67,21.94,88.61,0.1,NASA_POWER
2020-03-11,sorriso_mt,"Sorriso, MT",-12.5425,-55.7211,7.29,25.77,29.77,22.4,89.54,0.08,NASA_POWER
2020-03-12,sorriso_mt,"Sorriso, MT",-12.5425,-55.7211,3.74,25.7,29.52,22.7,86.5,0.08,NASA_POWER
2020-03-13,sorriso_mt,"Sorriso, MT",-12.5425,-55.7211,1.69,25.92,29.99,22.68,89.06,0.07,NASA_POWER
2020-03-14,sorriso_mt,"Sorriso, MT",-12.5425,-55.7211,5.41,26.09,30.11,22.64,86.3,0.05,NASA_POWER
2020-03-15,sorriso_mt,"Sorriso, MT",-12.5425,-55.7211,5.45,25.29,29.45,22.36,87.1,0.04,NASA_POWER
2020-03-16,sorriso_mt,"Sorriso, MT",-12.5425,-55.7211,2.51,25.46,30.13,21.55,87.19,0.04,NASA_POWER
2020-03-17,sorriso_mt,"Sorriso, MT",-12.5425,-55.7211,1.85,26.17,30.77,22.41,83.84,0.03,NASA_POWER
2020-03-18,sorriso_mt,"Sorriso, MT",-12.5425,-55.7211,0.84,26.7,31.85,22.61,81.58,0.02,NASA_POWER
2020-03-19,sorriso_mt,"Sorriso, MT",-12.5425,-55.7211,9.25,25.85,29.79,23.08,87.05,0.03,NASA_POWER
2020-03-20,sorriso_mt,"Sorriso, MT",-12.5425,-55.7211,8.06,24.47,27.11,22.53,93.73,0.04,NASA_POWER
2020-03-21,sorriso_mt,"Sorriso, MT",-12.5425,-55.7211,2.63,25.03,29.03,21.96,88.43,0.04,NASA_POWER
2020-03-22,sorriso_mt,"Sorriso, MT",-12.5425,-55.7211,3.68,24.96,28.37,22.15,86.87,0.11,NASA_POWER
2020-03-23,sorriso_mt,"Sorriso, MT",-12.5425,-55.7211,7.37,25.09,29.17,21.81,88.96,0.07,NASA_POWER
2020-03-24,sorriso_mt,"Sorriso, MT",-12.5425,-55.7211,2.11,25.06,28.81,22.27,90.1,0.04,NASA_POWER
2020-03-25,sorriso_mt,"Sorriso, MT",-12.5425,-55.7211,6.36,24.92,28.17,23.05,91.06,0.03,NASA_POWER
2020-03-26,sorriso_mt,"Sorriso, MT",-12.5425,-55.7211,13.6,25.21,28.8,22.13,91.73,0.1,NASA_POWER
2020-03-27,sorriso_mt,"Sorriso, MT",-12.5425,-55.7211,4.97,24.69,27.58,22.82,93.5,0.02,NASA_POWER
2020-03-28,sorriso_mt,"Sorriso, MT",-12.5425,-55.7211,2.45,24.69,27.71,22.57,90.52,0.03,NASA_POWER
2020-03-29,sorriso_mt,"Sorriso, MT",-12.5425,-55.7211,2.28,25.25,29.31,22.48,89.57,0.02,NASA_POWER
2020-03-30,sorriso_mt,"Sorriso, MT",-12.5425,-55.7211,0.12,25.68,29.54,22.83,87.86,0.03,NASA_POWER
2020-03-31,sorriso_mt,"Sorriso, MT",-12.5425,-55.7211,0.65,25.16,29.21,22.35,88.22,0.06,NASA_POWER
2020-04-01,sorriso_mt,"Sorriso, MT",-12.5425,-55.7211,0.21,25.28,30.41,20.5,86.12,0.08,NASA_POWER
2020-04-02,sorriso_mt,"Sorriso, MT",-12.5425,-55.7211,23.8,26.17,30.77,22.11,86.58,0.18,NASA_POWER
2020-04-03,sorriso_mt,"Sorriso, MT",-12.5425,-55.7211,2.06,24.76,27.7,22.18,94.15,0.15,NASA_POWER
2020-04-04,sorriso_mt,"Sorriso, MT",-12.5425,-55.7211,0.2,25.34,29.97,21.11,86.77,0.17,NASA_POWER
2020-04-05,sorriso_mt,"Sorriso, MT",-12.5425,-55.7211,0.39,26.28,30.39,21.73,86.34,0.21,NASA_POWER
2020-04-06,sorriso_mt,"Sorriso, MT",-12.5425,-55.7211,1.28,25.88,29.45,22.93,89.46,0.21,NASA_POWER
2020-04-07,sorriso_mt,"Sorriso, MT",-12.5425,-55.7211,4.14,25.77,30.11,22.53,89.26,0.06,NASA_POWER
2020-04-08,sorriso_mt,"Sorriso, MT",-12.5425,-55.7211,14.99,25.24,28.36,23.32,91.56,0.13,NASA_POWER
2020-04-09,sorriso_mt,"Sorriso, MT",-12.5425,-55.7211,9.09,25.36,29.33,22.03,89.62,0.13,NASA_POWER
2020-04-10,sorriso_mt,"Sorriso, MT",-12.5425,-55.7211,14.26,25.19,27.92,22.9,93.28,0.15,NASA_POWER
2020-04-11,sorriso_mt,"Sorriso, MT",-12.5425,-55.7211,7.14,24.83,27.18,22.63,94.34,0.17,NASA_POWER
2020-04-12,sorriso_mt,"Sorriso, MT",-12.5425,-55.7211,3.59,23.8,26.3,22.16,95.1,0.11,NASA_POWER
2020-04-13,sorriso_mt,"Sorriso, MT",-12.5425,-55.7211,0.74,24.96,29.06,21.46,86.04,0.23,NASA_POWER
2020-04-14,sorriso_mt,"Sorriso, MT",-12.5425,-55.7211,23.24,23.96,26.27,21.28,94.97,0.19,NASA_POWER
2020-04-15,sorriso_mt,"Sorriso, MT",-12.5425,-55.7211,7.34,23.91,27.29,21.49,92.93,0.13,NASA_POWER
2020-04-16,sorriso_mt,"Sorriso, MT",-12.5425,-55.7211,11.59,24.02,27.35,21.56,92.74,0.1,NASA_POWER
2020-04-17,sorriso_mt,"Sorriso, MT",-12.5425,-55.7211,10.02,24.06,27.4,21.56,93.35,0.05,NASA_POWER
2020-04-18,sorriso_mt,"Sorriso, MT",-12.5425,-55.7211,4.55,23.83,26.46,21.92,94.54,0.09,NASA_POWER
2020-04-19,sorriso_mt,"Sorriso, MT",-12.5425,-55.7211,5.98,24.08,27.21,21.23,93.56,0.22,NASA_POWER
2020-04-20,sorriso_mt,"Sorriso, MT",-12.5425,-55.7211,3.61,24.46,27.97,21.65,91.33,0.3,NASA_POWER
2020-04-21,sorriso_mt,"Sorriso, MT",-12.5425,-55.7211,0.38,24.74,28.39,21.71,89.66,0.22,NASA_POWER
2020-04-22,sorriso_mt,"Sorriso, MT",-12.5425,-55.7211,2.85,24.61,28.08,21.94,91.04,0.18,NASA_POWER
2020-04-23,sorriso_mt,"Sorriso, MT",-12.5425,-55.7211,1.3,24.68,28.5,21.66,90.44,0.05,NASA_POWER
2020-04-24,sorriso_mt,"Sorriso, MT",-12.5425,-55.7211,1.95,24.85,29.06,21.35,90.35,0.03,NASA_POWER
2020-04-25,sorriso_mt,"Sorriso, MT",-12.5425,-55.7211,2.49,24.98,28.97,21.74,89.49,0.03,NASA_POWER
2020-04-26,sorriso_mt,"Sorriso, MT",-12.5425,-55.7211,3.0,25.04,29.18,21.95,89.59,0.04,NASA_POWER
2020-04-27,sorriso_mt,"Sorriso, MT",-12.5425,-55.7211,0.17,24.35,28.62,21.06,86.99,0.03,NASA_POWER
2020-04-28,sorriso_mt,"Sorriso, MT",-12.5425,-55.7211,0.14,24.14,28.74,20.52,85.37,0.03,NASA_POWER
2020-04-29,sorriso_mt,"Sorriso, MT",-12.5425,-55.7211,0.08,24.29,29.0,20.24,84.97,0.04,NASA_POWER
2020-04-30,sorriso_mt,"Sorriso, MT",-12.5425,-55.7211,0.0,23.71,28.63,19.74,83.98,0.04,NASA_POWER
2020-05-01,sorriso_mt,"Sorriso, MT",-12.5425,-55.7211,0.0,23.23,29.22,18.06,81.21,0.03,NASA_POWER
2020-05-02,sorriso_mt,"Sorriso, MT",-12.5425,-55.7211,0.0,23.23,29.35,17.58,79.53,0.05,NASA_POWER
2020-05-03,sorriso_mt,"Sorriso, MT",-12.5425,-55.7211,0.0,23.09,29.26,17.88,77.67,0.03,NASA_POWER
2020-05-04,sorriso_mt,"Sorriso, MT",-12.5425,-55.7211,0.0,23.54,30.14,17.41,78.89,0.03,NASA_POWER
2020-05-05,sorriso_mt,"Sorriso, MT",-12.5425,-55.7211,0.0,24.86,31.3,19.86,82.06,0.03,NASA_POWER
2020-05-06,sorriso_mt,"Sorriso, MT",-12.5425,-55.7211,11.38,24.94,29.65,21.54,87.84,0.06,NASA_POWER
2020-05-07,sorriso_mt,"Sorriso, MT",-12.5425,-55.7211,20.84,23.51,26.27,20.42,91.48,0.12,NASA_POWER
2020-05-08,sorriso_mt,"Sorriso, MT",-12.5425,-55.7211,0.42,22.08,26.57,18.73,86.07,0.06,NASA_POWER
2020-05-09,sorriso_mt,"Sorriso, MT",-12.5425,-55.7211,0.46,23.35,27.8,19.31,87.67,0.04,NASA_POWER
2020-05-10,sorriso_mt,"Sorriso, MT",-12.5425,-55.7211,0.83,24.65,29.37,20.51,87.89,0.03,NASA_POWER
2020-05-11,sorriso_mt,"Sorriso, MT",-12.5425,-55.7211,0.5,24.94,28.88,22.0,86.85,0.04,NASA_POWER
2020-05-12,sorriso_mt,"Sorriso, MT",-12.5425,-55.7211,0.03,25.17,29.49,22.11,84.52,0.04,NASA_POWER
2020-05-13,sorriso_mt,"Sorriso, MT",-12.5425,-55.7211,0.43,24.5,28.59,20.92,84.68,0.12,NASA_POWER
2020-05-14,sorriso_mt,"Sorriso, MT",-12.5425,-55.7211,1.61,25.29,30.0,21.54,81.1,0.21,NASA_POWER
2020-05-15,sorriso_mt,"Sorriso, MT",-12.5425,-55.7211,0.02,25.37,30.3,21.66,77.5,0.02,NASA_POWER
2020-05-16,sorriso_mt,"Sorriso, MT",-12.5425,-55.7211,0.01,24.64,29.23,21.03,78.24,0.04,NASA_POWER
2020-05-17,sorriso_mt,"Sorriso, MT",-12.5425,-55.7211,0.01,24.48,29.83,20.46,77.08,0.03,NASA_POWER
2020-05-18,sorriso_mt,"Sorriso, MT",-12.5425,-55.7211,1.52,24.16,28.63,21.03,79.69,0.03,NASA_POWER
2020-05-19,sorriso_mt,"Sorriso, MT",-12.5425,-55.7211,0.43,23.68,28.37,20.36,84.22,0.04,NASA_POWER
2020-05-20,sorriso_mt,"Sorriso, MT",-12.5425,-55.7211,0.69,24.11,27.52,21.5,86.38,0.03,NASA_POWER
2020-05-21,sorriso_mt,"Sorriso, MT",-12.5425,-55.7211,0.07,25.09,30.08,21.61,82.94,0.06,NASA_POWER
2020-05-22,sorriso_mt,"Sorriso, MT",-12.5425,-55.7211,0.01,25.6,31.22,20.67,81.01,0.1,NASA_POWER
2020-05-23,sorriso_mt,"Sorriso, MT",-12.5425,-55.7211,0.0,24.62,29.62,19.3,73.42,0.1,NASA_POWER
2020-05-24,sorriso_mt,"Sorriso, MT",-12.5425,-55.7211,0.0,20.77,26.07,17.1,69.76,0.03,NASA_POWER
2020-05-25,sorriso_mt,"Sorriso, MT",-12.5425,-55.7211,0.0,23.3,30.29,17.71,74.27,0.04,NASA_POWER
2020-05-26,sorriso_mt,"Sorriso, MT",-12.5425,-55.7211,0.0,22.76,29.68,17.3,69.48,0.03,NASA_POWER
2020-05-27,sorriso_mt,"Sorriso, MT",-12.5425,-55.7211,0.0,20.99,29.44,14.45,64.65,0.05,NASA_POWER
2020-05-28,sorriso_mt,"Sorriso, MT",-12.5425,-55.7211,0.0,22.37,30.33,14.79,73.25,0.11,NASA_POWER
2020-05-29,sorriso_mt,"Sorriso, MT",-12.5425,-55.7211,0.0,23.81,30.95,18.58,68.84,0.03,NASA_POWER
2020-05-30,sorriso_mt,"Sorriso, MT",-12.5425,-55.7211,0.08,23.24,31.13,17.28,63.26,0.04,NASA_POWER
2020-05-31,sorriso_mt,"Sorriso, MT",-12.5425,-55.7211,0.37,22.51,31.08,15.91,70.74,0.05,NASA_POWER
2020-06-01,sorriso_mt,"Sorriso, MT",-12.5425,-55.7211,0.01,23.25,30.99,17.41,70.9,0.08,NASA_POWER
2020-06-02,sorriso_mt,"Sorriso, MT",-12.5425,-55.7211,0.0,23.56,31.19,16.45,70.14,0.16,NASA_POWER
2020-06-03,sorriso_mt,"Sorriso, MT",-12.5425,-55.7211,0.0,24.36,31.82,17.74,75.84,0.16,NASA_POWER
2020-06-04,sorriso_mt,"Sorriso, MT",-12.5425,-55.7211,0.0,25.74,32.57,20.41,74.71,0.08,NASA_POWER
2020-06-05,sorriso_mt,"Sorriso, MT",-12.5425,-55.7211,0.06,26.38,33.16,20.93,72.9,0.14,NASA_POWER
2020-06-06,sorriso_mt,"Sorriso, MT",-12.5425,-55.7211,0.03,26.29,32.79,21.61,74.81,0.07,NASA_POWER
2020-06-07,sorriso_mt,"Sorriso, MT",-12.5425,-55.7211,0.0,26.21,33.18,20.83,73.78,0.16,NASA_POWER
2020-06-08,sorriso_mt,"Sorriso, MT",-12.5425,-55.7211,0.0,26.16,32.99,20.78,73.61,0.21,NASA_POWER
2020-06-09,sorriso_mt,"Sorriso, MT",-12.5425,-55.7211,0.0,25.97,33.32,19.83,70.89,0.24,NASA_POWER
2020-06-10,sorriso_mt,"Sorriso, MT",-12.5425,-55.7211,0.0,25.75,33.07,20.05,68.4,0.28,NASA_POWER
2020-06-11,sorriso_mt,"Sorriso, MT",-12.5425,-55.7211,0.0,25.42,32.83,19.01,69.23,0.24,NASA_POWER
2020-06-12,sorriso_mt,"Sorriso, MT",-12.5425,-55.7211,0.0,25.51,32.96,18.35,69.96,0.17,NASA_POWER
2020-06-13,sorriso_mt,"Sorriso, MT",-12.5425,-55.7211,0.0,25.86,33.19,19.84,69.34,0.18,NASA_POWER
2020-06-14,sorriso_mt,"Sorriso, MT",-12.5425,-55.7211,0.0,25.66,31.83,21.41,58.23,0.18,NASA_POWER
2020-06-15,sorriso_mt,"Sorriso, MT",-12.5425,-55.7211,0.0,25.0,32.49,19.25,63.8,0.13,NASA_POWER
2020-06-16,sorriso_mt,"Sorriso, MT",-12.5425,-55.7211,0.0,25.04,32.22,20.01,62.49,0.08,NASA_POWER
2020-06-17,sorriso_mt,"Sorriso, MT",-12.5425,-55.7211,0.0,24.62,32.04,18.84,62.4,0.08,NASA_POWER
2020-06-18,sorriso_mt,"Sorriso, MT",-12.5425,-55.7211,0.0,25.06,32.52,19.37,66.55,0.09,NASA_POWER
2020-06-19,sorriso_mt,"Sorriso, MT",-12.5425,-55.7211,0.0,24.89,32.2,19.45,64.61,0.13,NASA_POWER
2020-06-20,sorriso_mt,"Sorriso, MT",-12.5425,-55.7211,0.0,24.59,32.35,18.32,63.03,0.22,NASA_POWER
2020-06-21,sorriso_mt,"Sorriso, MT",-12.5425,-55.7211,0.0,25.16,33.11,18.12,60.83,0.17,NASA_POWER
2020-06-22,sorriso_mt,"Sorriso, MT",-12.5425,-55.7211,0.0,25.0,32.52,18.63,61.63,0.14,NASA_POWER
2020-06-23,sorriso_mt,"Sorriso, MT",-12.5425,-55.7211,0.03,24.08,32.23,17.47,58.74,0.15,NASA_POWER
2020-06-24,sorriso_mt,"Sorriso, MT",-12.5425,-55.7211,0.18,24.91,33.09,17.6,61.72,0.2,NASA_POWER
2020-06-25,sorriso_mt,"Sorriso, MT",-12.5425,-55.7211,0.0,25.78,33.65,18.93,66.53,0.11,NASA_POWER
2020-06-26,sorriso_mt,"Sorriso, MT",-12.5425,-55.7211,0.0,26.23,32.97,20.28,62.12,0.22,NASA_POWER
2020-06-27,sorriso_mt,"Sorriso, MT",-12.5425,-55.7211,0.0,26.03,33.73,18.66,56.84,0.22,NASA_POWER
2020-06-28,sorriso_mt,"Sorriso, MT",-12.5425,-55.7211,0.0,25.46,33.06,18.98,58.34,0.24,NASA_POWER
2020-06-29,sorriso_mt,"Sorriso, MT",-12.5425,-55.7211,0.0,25.16,32.79,18.31,58.54,0.2,NASA_POWER
2020-06-30,sorriso_mt,"Sorriso, MT",-12.5425,-55.7211,0.01,25.7,33.4,19.91,56.58,0.27,NASA_POWER
2020-07-01,sorriso_mt,"Sorriso, MT",-12.5425,-55.7211,0.01,25.56,32.6,19.53,64.32,0.07,NASA_POWER
2020-07-02,sorriso_mt,"Sorriso, MT",-12.5425,-55.7211,0.03,25.73,32.81,20.33,58.83,0.03,NASA_POWER
2020-07-03,sorriso_mt,"Sorriso, MT",-12.5425,-55.7211,0.03,25.8,33.46,19.65,58.47,0.14,NASA_POWER
2020-07-04,sorriso_mt,"Sorriso, MT",-12.5425,-55.7211,0.01,25.74,34.15,18.57,52.89,0.2,NASA_POWER
2020-07-05,sorriso_mt,"Sorriso, MT",-12.5425,-55.7211,0.0,26.28,34.61,18.05,51.0,0.32,NASA_POWER
2020-07-06,sorriso_mt,"Sorriso, MT",-12.5425,-55.7211,0.0,25.77,33.72,19.69,50.04,0.27,NASA_POWER
2020-07-07,sorriso_mt,"Sorriso, MT",-12.5425,-55.7211,0.0,25.01,33.87,18.14,48.7,0.17,NASA_POWER
2020-07-08,sorriso_mt,"Sorriso, MT",-12.5425,-55.7211,0.0,25.81,34.65,18.96,48.57,0.28,NASA_POWER
2020-07-09,sorriso_mt,"Sorriso, MT",-12.5425,-55.7211,0.0,25.85,34.15,18.39,48.45,0.35,NASA_POWER
2020-07-10,sorriso_mt,"Sorriso, MT",-12.5425,-55.7211,0.11,25.25,32.92,18.0,45.77,0.18,NASA_POWER
2020-07-11,sorriso_mt,"Sorriso, MT",-12.5425,-55.7211,0.0,26.7,34.49,19.96,45.4,0.25,NASA_POWER
2020-07-12,sorriso_mt,"Sorriso, MT",-12.5425,-55.7211,0.0,27.03,35.11,19.14,49.34,0.24,NASA_POWER
2020-07-13,sorriso_mt,"Sorriso, MT",-12.5425,-55.7211,0.0,27.29,34.99,20.07,49.22,0.25,NASA_POWER
2020-07-14,sorriso_mt,"Sorriso, MT",-12.5425,-55.7211,0.0,28.02,34.82,22.54,42.33,0.04,NASA_POWER
2020-07-15,sorriso_mt,"Sorriso, MT",-12.5425,-55.7211,0.0,26.69,34.64,20.64,39.89,0.15,NASA_POWER
2020-07-16,sorriso_mt,"Sorriso, MT",-12.5425,-55.7211,0.0,25.77,35.16,16.92,36.81,0.04,NASA_POWER
2020-07-17,sorriso_mt,"Sorriso, MT",-12.5425,-55.7211,0.0,27.33,35.57,19.29,38.52,0.17,NASA_POWER
2020-07-18,sorriso_mt,"Sorriso, MT",-12.5425,-55.7211,0.01,26.84,34.59,20.71,41.63,0.09,NASA_POWER
2020-07-19,sorriso_mt,"Sorriso, MT",-12.5425,-55.7211,4.73,25.55,33.55,17.19,53.27,0.23,NASA_POWER
2020-07-20,sorriso_mt,"Sorriso, MT",-12.5425,-55.7211,0.0,25.88,33.83,20.28,48.38,0.11,NASA_POWER
2020-07-21,sorriso_mt,"Sorriso, MT",-12.5425,-55.7211,0.0,25.49,33.75,18.71,47.26,0.22,NASA_POWER
2020-07-22,sorriso_mt,"Sorriso, MT",-12.5425,-55.7211,0.0,25.77,34.86,17.1,42.61,0.31,NASA_POWER
2020-07-23,sorriso_mt,"Sorriso, MT",-12.5425,-55.7211,0.0,26.68,35.19,18.96,44.56,0.14,NASA_POWER
2020-07-24,sorriso_mt,"Sorriso, MT",-12.5425,-55.7211,0.02,26.77,35.12,19.53,43.52,0.1,NASA_POWER
2020-07-25,sorriso_mt,"Sorriso, MT",-12.5425,-55.7211,0.0,26.7,34.68,20.36,39.53,0.09,NASA_POWER
2020-07-26,sorriso_mt,"Sorriso, MT",-12.5425,-55.7211,0.0,26.07,34.53,18.43,43.39,0.17,NASA_POWER
2020-07-27,sorriso_mt,"Sorriso, MT",-12.5425,-55.7211,0.0,26.61,34.65,20.49,38.31,0.07,NASA_POWER
2020-07-28,sorriso_mt,"Sorriso, MT",-12.5425,-55.7211,0.0,26.59,34.62,19.87,39.17,0.25,NASA_POWER
2020-07-29,sorriso_mt,"Sorriso, MT",-12.5425,-55.7211,0.0,27.2,34.5,21.64,40.2,0.05,NASA_POWER
2020-07-30,sorriso_mt,"Sorriso, MT",-12.5425,-55.7211,0.01,26.84,34.86,20.95,40.18,0.09,NASA_POWER
2020-07-31,sorriso_mt,"Sorriso, MT",-12.5425,-55.7211,0.0,27.8,35.69,21.3,32.19,0.04,NASA_POWER
2020-08-01,sorriso_mt,"Sorriso, MT",-12.5425,-55.7211,0.0,25.99,33.68,19.61,32.57,0.08,NASA_POWER
2020-08-02,sorriso_mt,"Sorriso, MT",-12.5425,-55.7211,0.0,25.48,33.78,18.12,36.65,0.11,NASA_POWER
2020-08-03,sorriso_mt,"Sorriso, MT",-12.5425,-55.7211,0.0,26.33,34.59,19.32,35.01,0.06,NASA_POWER
2020-08-04,sorriso_mt,"Sorriso, MT",-12.5425,-55.7211,0.0,26.78,34.84,20.06,36.81,0.04,NASA_POWER
2020-08-05,sorriso_mt,"Sorriso, MT",-12.5425,-55.7211,0.0,26.54,34.52,19.27,35.51,0.04,NASA_POWER
2020-08-06,sorriso_mt,"Sorriso, MT",-12.5425,-55.7211,0.0,26.43,34.38,19.21,34.73,0.04,NASA_POWER
2020-08-07,sorriso_mt,"Sorriso, MT",-12.5425,-55.7211,0.0,26.08,33.98,19.43,34.59,0.07,NASA_POWER
2020-08-08,sorriso_mt,"Sorriso, MT",-12.5425,-55.7211,0.0,26.53,34.59,19.74,36.08,0.06,NASA_POWER
2020-08-09,sorriso_mt,"Sorriso, MT",-12.5425,-55.7211,0.0,27.49,35.04,21.42,36.9,0.08,NASA_POWER
2020-08-10,sorriso_mt,"Sorriso, MT",-12.5425,-55.7211,0.0,27.43,35.97,20.25,34.08,0.15,NASA_POWER
2020-08-11,sorriso_mt,"Sorriso, MT",-12.5425,-55.7211,0.01,28.97,37.2,21.27,33.16,0.04,NASA_POWER
2020-08-12,sorriso_mt,"Sorriso, MT",-12.5425,-55.7211,0.0,29.52,37.36,22.85,34.43,0.06,NASA_POWER
2020-08-13,sorriso_mt,"Sorriso, MT",-12.5425,-55.7211,0.0,29.47,37.88,21.99,32.1,0.04,NASA_POWER
2020-08-14,sorriso_mt,"Sorriso, MT",-12.5425,-55.7211,0.0,29.37,37.4,23.18,31.83,0.14,NASA_POWER
2020-08-15,sorriso_mt,"Sorriso, MT",-12.5425,-55.7211,0.0,29.3,38.27,20.95,33.38,0.12,NASA_POWER
2020-08-16,sorriso_mt,"Sorriso, MT",-12.5425,-55.7211,0.01,31.33,38.74,24.0,31.53,0.25,NASA_POWER
2020-08-17,sorriso_mt,"Sorriso, MT",-12.5425,-55.7211,0.01,31.37,39.17,24.67,30.0,0.3,NASA_POWER
2020-08-18,sorriso_mt,"Sorriso, MT",-12.5425,-55.7211,0.0,30.35,39.38,21.5,26.16,0.23,NASA_POWER
2020-08-19,sorriso_mt,"Sorriso, MT",-12.5425,-55.7211,0.0,30.69,39.47,22.3,28.63,0.29,NASA_POWER
2020-08-20,sorriso_mt,"Sorriso, MT",-12.5425,-55.7211,0.0,31.22,39.03,23.29,31.61,0.26,NASA_POWER
2020-08-21,sorriso_mt,"Sorriso, MT",-12.5425,-55.7211,0.0,22.14,28.07,17.86,52.76,0.08,NASA_POWER
2020-08-22,sorriso_mt,"Sorriso, MT",-12.5425,-55.7211,0.0,23.4,32.62,15.45,45.28,0.04,NASA_POWER
2020-08-23,sorriso_mt,"Sorriso, MT",-12.5425,-55.7211,0.0,27.15,35.86,18.75,37.69,0.26,NASA_POWER
2020-08-24,sorriso_mt,"Sorriso, MT",-12.5425,-55.7211,0.0,29.79,38.23,21.42,32.91,0.13,NASA_POWER
2020-08-25,sorriso_mt,"Sorriso, MT",-12.5425,-55.7211,0.0,30.33,37.42,23.65,40.25,0.14,NASA_POWER
2020-08-26,sorriso_mt,"Sorriso, MT",-12.5425,-55.7211,0.0,30.98,37.92,24.96,37.76,0.24,NASA_POWER
2020-08-27,sorriso_mt,"Sorriso, MT",-12.5425,-55.7211,0.0,31.09,38.81,24.24,33.24,0.14,NASA_POWER
2020-08-28,sorriso_mt,"Sorriso, MT",-12.5425,-55.7211,0.0,30.1,39.4,22.64,19.7,0.11,NASA_POWER
2020-08-29,sorriso_mt,"Sorriso, MT",-12.5425,-55.7211,0.0,29.32,39.24,20.25,20.86,0.19,NASA_POWER
2020-08-30,sorriso_mt,"Sorriso, MT",-12.5425,-55.7211,0.0,29.88,39.16,20.81,27.98,0.14,NASA_POWER
2020-08-31,sorriso_mt,"Sorriso, MT",-12.5425,-55.7211,0.0,30.86,39.16,23.79,25.51,0.06,NASA_POWER
2020-09-01,sorriso_mt,"Sorriso, MT",-12.5425,-55.7211,0.01,31.33,38.65,24.46,25.01,0.04,NASA_POWER
2020-09-02,sorriso_mt,"Sorriso, MT",-12.5425,-55.7211,0.0,30.01,38.16,22.68,24.71,0.07,NASA_POWER
2020-09-03,sorriso_mt,"Sorriso, MT",-12.5425,-55.7211,0.0,29.77,37.9,22.61,27.46,0.2,NASA_POWER
2020-09-04,sorriso_mt,"Sorriso, MT",-12.5425,-55.7211,0.0,30.3,38.14,23.79,28.39,0.14,NASA_POWER
2020-09-05,sorriso_mt,"Sorriso, MT",-12.5425,-55.7211,0.0,30.05,38.18,23.18,27.84,0.15,NASA_POWER
2020-09-06,sorriso_mt,"Sorriso, MT",-12.5425,-55.7211,0.0,30.07,39.12,22.27,25.81,0.23,NASA_POWER
2020-09-07,sorriso_mt,"Sorriso, MT",-12.5425,-55.7211,0.0,30.12,38.77,22.44,26.44,0.16,NASA_POWER
2020-09-08,sorriso_mt,"Sorriso, MT",-12.5425,-55.7211,0.0,30.59,39.41,23.35,25.19,0.16,NASA_POWER
2020-09-09,sorriso_mt,"Sorriso, MT",-12.5425,-55.7211,0.0,30.91,40.02,22.35,25.0,0.23,NASA_POWER
2020-09-10,sorriso_mt,"Sorriso, MT",-12.5425,-55.7211,0.0,31.47,39.95,24.12,26.41,0.1,NASA_POWER
2020-09-11,sorriso_mt,"Sorriso, MT",-12.5425,-55.7211,0.0,31.72,39.69,25.2,25.05,0.05,NASA_POWER
2020-09-12,sorriso_mt,"Sorriso, MT",-12.5425,-55.7211,0.0,31.47,39.63,25.31,23.38,0.13,NASA_POWER
2020-09-13,sorriso_mt,"Sorriso, MT",-12.5425,-55.7211,0.0,29.97,38.16,23.41,22.59,0.2,NASA_POWER
2020-09-14,sorriso_mt,"Sorriso, MT",-12.5425,-55.7211,0.0,30.04,38.57,23.22,25.23,0.09,NASA_POWER
2020-09-15,sorriso_mt,"Sorriso, MT",-12.5425,-55.7211,0.0,31.03,38.5,24.56,28.64,0.04,NASA_POWER
2020-09-16,sorriso_mt,"Sorriso, MT",-12.5425,-55.7211,0.0,31.02,38.93,23.79,32.19,0.3,NASA_POWER
2020-09-17,sorriso_mt,"Sorriso, MT",-12.5425,-55.7211,0.01,31.66,39.34,25.68,25.63,0.04,NASA_POWER
2020-09-18,sorriso_mt,"Sorriso, MT",-12.5425,-55.7211,0.38,32.36,39.04,25.47,32.49,0.4,NASA_POWER
2020-09-19,sorriso_mt,"Sorriso, MT",-12.5425,-55.7211,0.0,33.38,39.35,27.32,32.69,0.37,NASA_POWER
2020-09-20,sorriso_mt,"Sorriso, MT",-12.5425,-55.7211,0.01,33.21,39.45,27.75,32.19,0.17,NASA_POWER
2020-09-21,sorriso_mt,"Sorriso, MT",-12.5425,-55.7211,0.0,31.72,37.34,27.59,37.44,0.03,NASA_POWER
2020-09-22,sorriso_mt,"Sorriso, MT",-12.5425,-55.7211,0.04,30.18,35.51,26.13,49.45,0.06,NASA_POWER
2020-09-23,sorriso_mt,"Sorriso, MT",-12.5425,-55.7211,0.01,29.49,34.62,25.32,49.6,0.05,NASA_POWER
2020-09-24,sorriso_mt,"Sorriso, MT",-12.5425,-55.7211,0.0,31.57,38.83,25.15,39.46,0.03,NASA_POWER
2020-09-25,sorriso_mt,"Sorriso, MT",-12.5425,-55.7211,0.0,32.75,39.01,26.36,35.45,0.07,NASA_POWER
2020-09-26,sorriso_mt,"Sorriso, MT",-12.5425,-55.7211,0.65,29.94,34.39,26.06,53.1,0.04,NASA_POWER
2020-09-27,sorriso_mt,"Sorriso, MT",-12.5425,-55.7211,1.22,30.05,35.7,24.9,51.66,0.04,NASA_POWER
2020-09-28,sorriso_mt,"Sorriso, MT",-12.5425,-55.7211,0.02,32.75,39.78,24.7,38.28,0.2,NASA_POWER
2020-09-29,sorriso_mt,"Sorriso, MT",-12.5425,-55.7211,0.0,32.66,41.04,25.39,32.2,0.18,NASA_POWER
2020-09-30,sorriso_mt,"Sorriso, MT",-12.5425,-55.7211,0.0,32.97,41.59,25.05,27.77,0.07,NASA_POWER
2020-10-01,sorriso_mt,"Sorriso, MT",-12.5425,-55.7211,0.08,33.93,40.87,27.71,29.98,0.08,NASA_POWER
2020-10-02,sorriso_mt,"Sorriso, MT",-12.5425,-55.7211,0.7,32.47,38.77,26.77,43.14,0.15,NASA_POWER
2020-10-03,sorriso_mt,"Sorriso, MT",-12.5425,-55.7211,0.0,33.93,41.61,27.08,31.98,0.25,NASA_POWER
2020-10-04,sorriso_mt,"Sorriso, MT",-12.5425,-55.7211,0.0,33.98,41.91,24.82,28.65,0.38,NASA_POWER
2020-10-05,sorriso_mt,"Sorriso, MT",-12.5425,-55.7211,0.0,34.74,41.62,28.9,30.88,0.17,NASA_POWER
2020-10-06,sorriso_mt,"Sorriso, MT",-12.5425,-55.7211,0.0,34.75,41.77,28.09,31.85,0.07,NASA_POWER
2020-10-07,sorriso_mt,"Sorriso, MT",-12.5425,-55.7211,0.0,34.55,40.54,29.4,35.71,0.03,NASA_POWER
2020-10-08,sorriso_mt,"Sorriso, MT",-12.5425,-55.7211,0.0,34.27,42.03,26.52,26.85,0.18,NASA_POWER
2020-10-09,sorriso_mt,"Sorriso, MT",-12.5425,-55.7211,0.0,34.28,41.17,28.56,28.37,0.11,NASA_POWER
2020-10-10,sorriso_mt,"Sorriso, MT",-12.5425,-55.7211,1.18,33.38,39.35,28.61,38.04,0.04,NASA_POWER
2020-10-11,sorriso_mt,"Sorriso, MT",-12.5425,-55.7211,2.9,27.12,30.63,24.22,70.37,0.03,NASA_POWER
2020-10-12,sorriso_mt,"Sorriso, MT",-12.5425,-55.7211,1.38,28.0,33.54,22.76,62.31,0.03,NASA_POWER
2020-10-13,sorriso_mt,"Sorriso, MT",-12.5425,-55.7211,0.04,31.33,38.88,23.94,48.15,0.03,NASA_POWER
2020-10-14,sorriso_mt,"Sorriso, MT",-12.5425,-55.7211,0.63,31.47,37.24,25.42,45.63,0.12,NASA_POWER
2020-10-15,sorriso_mt,"Sorriso, MT",-12.5425,-55.7211,3.88,29.13,35.1,24.58,61.4,0.03,NASA_POWER
2020-10-16,sorriso_mt,"Sorriso, MT",-12.5425,-55.7211,0.22,30.51,36.99,24.73,50.02,0.05,NASA_POWER
2020-10-17,sorriso_mt,"Sorriso, MT",-12.5425,-55.7211,0.61,31.69,39.7,25.65,46.63,0.02,NASA_POWER
2020-10-18,sorriso_mt,"Sorriso, MT",-12.5425,-55.7211,0.42,31.85,39.35,24.83,47.45,0.04,NASA_POWER
2020-10-19,sorriso_mt,"Sorriso, MT",-12.5425,-55.7211,1.65,26.1,28.28,23.58,73.39,0.03,NASA_POWER
2020-10-20,sorriso_mt,"Sorriso, MT",-12.5425,-55.7211,2.42,29.5,38.06,20.98,57.56,0.03,NASA_POWER
2020-10-21,sorriso_mt,"Sorriso, MT",-12.5425,-55.7211,0.55,29.77,35.02,25.45,57.41,0.06,NASA_POWER
2020-10-22,sorriso_mt,"Sorriso, MT",-12.5425,-55.7211,0.92,30.57,37.17,24.91,52.1,0.03,NASA_POWER
2020-10-23,sorriso_mt,"Sorriso, MT",-12.5425,-55.7211,1.29,29.41,35.96,23.87,62.89,0.03,NASA_POWER
2020-10-24,sorriso_mt,"Sorriso, MT",-12.5425,-55.7211,0.29,29.64,36.71,24.56,57.78,0.02,NASA_POWER
2020-10-25,sorriso_mt,"Sorriso, MT",-12.5425,-55.7211,0.14,29.6,36.2,24.71,55.98,0.02,NASA_POWER
2020-10-26,sorriso_mt,"Sorriso, MT",-12.5425,-55.7211,0.07,30.45,35.59,25.91,50.33,0.04,NASA_POWER
2020-10-27,sorriso_mt,"Sorriso, MT",-12.5425,-55.7211,0.1,31.26,36.88,25.28,51.59,0.04,NASA_POWER
2020-10-28,sorriso_mt,"Sorriso, MT",-12.5425,-55.7211,18.36,26.51,29.73,22.52,73.49,0.03,NASA_POWER
2020-10-29,sorriso_mt,"Sorriso, MT",-12.5425,-55.7211,65.22,25.14,28.89,21.95,88.2,0.08,NASA_POWER
2020-10-30,sorriso_mt,"Sorriso, MT",-12.5425,-55.7211,3.65,26.5,32.38,22.53,82.53,0.04,NASA_POWER
2020-10-31,sorriso_mt,"Sorriso, MT",-12.5425,-55.7211,1.44,26.88,32.7,22.8,77.77,0.03,NASA_POWER
2020-11-01,sorriso_mt,"Sorriso, MT",-12.5425,-55.7211,11.31,25.48,29.82,22.37,81.63,0.02,NASA_POWER
2020-11-02,sorriso_mt,"Sorriso, MT",-12.5425,-55.7211,4.34,25.76,30.86,22.04,81.82,0.03,NASA_POWER
2020-11-03,sorriso_mt,"Sorriso, MT",-12.5425,-55.7211,0.89,27.29,33.71,22.58,71.48,0.02,NASA_POWER
2020-11-04,sorriso_mt,"Sorriso, MT",-12.5425,-55.7211,0.15,28.23,35.43,21.93,64.91,0.03,NASA_POWER
2020-11-05,sorriso_mt,"Sorriso, MT",-12.5425,-55.7211,0.62,28.62,35.98,21.73,58.71,0.03,NASA_POWER
2020-11-06,sorriso_mt,"Sorriso, MT",-12.5425,-55.7211,0.2,29.9,37.86,22.28,52.46,0.03,NASA_POWER
2020-11-07,sorriso_mt,"Sorriso, MT",-12.5425,-55.7211,0.04,28.73,34.06,24.87,60.97,0.03,NASA_POWER
2020-11-08,sorriso_mt,"Sorriso, MT",-12.5425,-55.7211,0.48,28.14,34.22,23.68,66.27,0.07,NASA_POWER
2020-11-09,sorriso_mt,"Sorriso, MT",-12.5425,-55.7211,0.5,27.99,33.86,23.36,67.08,0.1,NASA_POWER
2020-11-10,sorriso_mt,"Sorriso, MT",-12.5425,-55.7211,1.36,27.54,32.51,22.6,69.01,0.07,NASA_POWER
2020-11-11,sorriso_mt,"Sorriso, MT",-12.5425,-55.7211,2.24,27.95,33.77,23.69,63.26,0.03,NASA_POWER
2020-11-12,sorriso_mt,"Sorriso, MT",-12.5425,-55.7211,1.86,27.29,35.69,22.5,65.0,0.02,NASA_POWER
2020-11-13,sorriso_mt,"Sorriso, MT",-12.5425,-55.7211,0.06,29.45,37.48,21.84,56.9,0.03,NASA_POWER
2020-11-14,sorriso_mt,"Sorriso, MT",-12.5425,-55.7211,4.63,27.82,33.08,24.1,67.69,0.02,NASA_POWER
2020-11-15,sorriso_mt,"Sorriso, MT",-12.5425,-55.7211,3.88,27.06,32.89,22.88,77.12,0.02,NASA_POWER
2020-11-16,sorriso_mt,"Sorriso, MT",-12.5425,-55.7211,8.78,25.83,31.32,22.96,81.71,0.02,NASA_POWER
2020-11-17,sorriso_mt,"Sorriso, MT",-12.5425,-55.7211,10.17,26.88,34.91,22.04,77.53,0.02,NASA_POWER
2020-11-18,sorriso_mt,"Sorriso, MT",-12.5425,-55.7211,30.83,25.51,30.87,23.15,86.88,0.05,NASA_POWER
2020-11-19,sorriso_mt,"Sorriso, MT",-12.5425,-55.7211,4.52,25.33,29.25,22.51,88.83,0.03,NASA_POWER
2020-11-20,sorriso_mt,"Sorriso, MT",-12.5425,-55.7211,0.14,25.37,28.99,22.25,81.86,0.06,NASA_POWER
2020-11-21,sorriso_mt,"Sorriso, MT",-12.5425,-55.7211,0.01,27.54,33.92,21.58,73.09,0.03,NASA_POWER
2020-11-22,sorriso_mt,"Sorriso, MT",-12.5425,-55.7211,0.02,28.74,34.27,23.3,69.06,0.15,NASA_POWER
2020-11-23,sorriso_mt,"Sorriso, MT",-12.5425,-55.7211,0.64,28.37,33.73,23.49,67.64,0.03,NASA_POWER
2020-11-24,sorriso_mt,"Sorriso, MT",-12.5425,-55.7211,0.34,28.75,34.62,24.26,67.95,0.04,NASA_POWER
2020-11-25,sorriso_mt,"Sorriso, MT",-12.5425,-55.7211,0.02,29.29,36.44,22.3,59.66,0.03,NASA_POWER
2020-11-26,sorriso_mt,"Sorriso, MT",-12.5425,-55.7211,2.03,28.97,35.77,24.01,60.41,0.05,NASA_POWER
2020-11-27,sorriso_mt,"Sorriso, MT",-12.5425,-55.7211,0.25,28.31,35.61,22.25,64.02,0.05,NASA_POWER
2020-11-28,sorriso_mt,"Sorriso, MT",-12.5425,-55.7211,0.0,29.4,36.97,22.35,58.16,0.05,NASA_POWER
2020-11-29,sorriso_mt,"Sorriso, MT",-12.5425,-55.7211,0.01,30.81,37.87,24.25,52.27,0.03,NASA_POWER
2020-11-30,sorriso_mt,"Sorriso, MT",-12.5425,-55.7211,0.02,31.22,37.81,25.02,53.09,0.04,NASA_POWER
2020-12-01,sorriso_mt,"Sorriso, MT",-12.5425,-55.7211,0.04,29.97,36.45,23.95,56.66,0.07,NASA_POWER
2020-12-02,sorriso_mt,"Sorriso, MT",-12.5425,-55.7211,0.03,28.96,34.64,24.1,53.18,0.14,NASA_POWER
2020-12-03,sorriso_mt,"Sorriso, MT",-12.5425,-55.7211,0.07,30.28,37.78,23.31,57.74,0.04,NASA_POWER
2020-12-04,sorriso_mt,"Sorriso, MT",-12.5425,-55.7211,3.29,27.94,33.56,24.43,72.26,0.06,NASA_POWER
2020-12-05,sorriso_mt,"Sorriso, MT",-12.5425,-55.7211,0.48,30.02,37.54,23.05,62.14,0.04,NASA_POWER
2020-12-06,sorriso_mt,"Sorriso, MT",-12.5425,-55.7211,10.28,28.66,34.75,24.3,69.68,0.04,NASA_POWER
2020-12-07,sorriso_mt,"Sorriso, MT",-12.5425,-55.7211,0.58,27.18,32.74,23.35,74.37,0.02,NASA_POWER
2020-12-08,sorriso_mt,"Sorriso, MT",-12.5425,-55.7211,1.37,27.13,33.11,22.47,67.58,0.03,NASA_POWER
2020-12-09,sorriso_mt,"Sorriso, MT",-12.5425,-55.7211,11.74,26.11,31.93,22.68,80.76,0.04,NASA_POWER
2020-12-10,sorriso_mt,"Sorriso, MT",-12.5425,-55.7211,3.45,24.12,27.53,22.15,87.12,0.03,NASA_POWER
2020-12-11,sorriso_mt,"Sorriso, MT",-12.5425,-55.7211,5.47,23.87,27.51,21.98,88.41,0.03,NASA_POWER
2020-12-12,sorriso_mt,"Sorriso, MT",-12.5425,-55.7211,0.58,25.9,31.96,21.83,76.37,0.05,NASA_POWER
2020-12-13,sorriso_mt,"Sorriso, MT",-12.5425,-55.7211,2.87,27.21,33.98,21.36,67.82,0.03,NASA_POWER
2020-12-14,sorriso_mt,"Sorriso, MT",-12.5425,-55.7211,1.85,25.51,31.84,22.0,81.92,0.07,NASA_POWER
2020-12-15,sorriso_mt,"Sorriso, MT",-12.5425,-55.7211,3.63,27.2,33.47,20.48,69.35,0.14,NASA_POWER
2020-12-16,sorriso_mt,"Sorriso, MT",-12.5425,-55.7211,1.1,29.64,36.25,22.93,59.36,0.26,NASA_POWER
2020-12-17,sorriso_mt,"Sorriso, MT",-12.5425,-55.7211,1.22,28.98,34.7,22.68,62.36,0.08,NASA_POWER
2020-12-18,sorriso_mt,"Sorriso, MT",-12.5425,-55.7211,0.13,27.36,33.58,22.19,66.78,0.03,NASA_POWER
2020-12-19,sorriso_mt,"Sorriso, MT",-12.5425,-55.7211,0.01,29.47,37.06,22.11,59.74,0.05,NASA_POWER
2020-12-20,sorriso_mt,"Sorriso, MT",-12.5425,-55.7211,16.33,29.11,35.81,23.31,66.53,0.05,NASA_POWER
2020-12-21,sorriso_mt,"Sorriso, MT",-12.5425,-55.7211,13.63,26.12,30.89,23.35,85.25,0.03,NASA_POWER
2020-12-22,sorriso_mt,"Sorriso, MT",-12.5425,-55.7211,7.48,26.09,31.68,22.13,81.24,0.02,NASA_POWER
2020-12-23,sorriso_mt,"Sorriso, MT",-12.5425,-55.7211,8.22,25.22,29.14,22.76,88.3,0.02,NASA_POWER
2020-12-24,sorriso_mt,"Sorriso, MT",-12.5425,-55.7211,2.79,25.27,29.81,22.73,85.39,0.03,NASA_POWER
2020-12-25,sorriso_mt,"Sorriso, MT",-12.5425,-55.7211,0.72,26.95,32.4,22.06,76.49,0.05,NASA_POWER
2020-12-26,sorriso_mt,"Sorriso, MT",-12.5425,-55.7211,9.57,24.99,28.07,22.92,86.4,0.03,NASA_POWER
2020-12-27,sorriso_mt,"Sorriso, MT",-12.5425,-55.7211,11.15,24.01,27.2,22.31,90.22,0.07,NASA_POWER
2020-12-28,sorriso_mt,"Sorriso, MT",-12.5425,-55.7211,3.14,25.46,30.28,20.88,81.79,0.16,NASA_POWER
2020-12-29,sorriso_mt,"Sorriso, MT",-12.5425,-55.7211,1.45,24.92,28.58,22.82,86.62,0.19,NASA_POWER
2020-12-30,sorriso_mt,"Sorriso, MT",-12.5425,-55.7211,2.95,26.34,31.52,21.48,79.37,0.1,NASA_POWER
2020-12-31,sorriso_mt,"Sorriso, MT",-12.5425,-55.7211,2.6,26.82,33.04,22.03,75.7,0.06,NASA_POWER
2021-01-01,sorriso_mt,"Sorriso, MT",-12.5425,-55.7211,0.54,27.51,33.55,22.06,73.87,0.08,NASA_POWER
2021-01-02,sorriso_mt,"Sorriso, MT",-12.5425,-55.7211,0.01,28.45,34.54,22.79,67.16,0.07,NASA_POWER
2021-01-03,sorriso_mt,"Sorriso, MT",-12.5425,-55.7211,2.18,27.7,34.07,22.23,67.96,0.07,NASA_POWER
2021-01-04,sorriso_mt,"Sorriso, MT",-12.5425,-55.7211,1.04,27.39,34.25,21.36,66.32,0.03,NASA_POWER
2021-01-05,sorriso_mt,"Sorriso, MT",-12.5425,-55.7211,1.43,28.02,34.66,21.61,63.07,0.04,NASA_POWER
2021-01-06,sorriso_mt,"Sorriso, MT",-12.5425,-55.7211,7.07,27.97,34.74,22.47,73.15,0.08,NASA_POWER
2021-01-07,sorriso_mt,"Sorriso, MT",-12.5425,-55.7211,2.43,27.75,33.97,22.91,72.63,0.03,NASA_POWER
2021-01-08,sorriso_mt,"Sorriso, MT",-12.5425,-55.7211,3.65,26.76,32.16,22.41,76.29,0.03,NASA_POWER
2021-01-09,sorriso_mt,"Sorriso, MT",-12.5425,-55.7211,2.52,27.69,33.49,23.81,73.34,0.09,NASA_POWER
2021-01-10,sorriso_mt,"Sorriso, MT",-12.5425,-55.7211,2.44,27.38,33.92,22.68,73.09,0.05,NASA_POWER
2021-01-11,sorriso_mt,"Sorriso, MT",-12.5425,-55.7211,0.67,28.34,35.4,22.52,69.76,0.06,NASA_POWER
2021-01-12,sorriso_mt,"Sorriso, MT",-12.5425,-55.7211,0.15,28.83,35.55,22.77,64.27,0.06,NASA_POWER
2021-01-13,sorriso_mt,"Sorriso, MT",-12.5425,-55.7211,0.43,28.56,34.07,23.08,67.03,0.07,NASA_POWER
2021-01-14,sorriso_mt,"Sorriso, MT",-12.5425,-55.7211,4.53,27.74,32.91,22.66,70.72,0.05,NASA_POWER
2021-01-15,sorriso_mt,"Sorriso, MT",-12.5425,-55.7211,6.08,25.91,32.86,21.24,78.91,0.02,NASA_POWER
2021-01-16,sorriso_mt,"Sorriso, MT",-12.5425,-55.7211,7.37,25.64,31.31,22.88,83.68,0.07,NASA_POWER
2021-01-17,sorriso_mt,"Sorriso, MT",-12.5425,-55.7211,10.07,23.96,27.21,22.04,89.32,0.08,NASA_POWER
2021-01-18,sorriso_mt,"Sorriso, MT",-12.5425,-55.7211,11.9,25.89,32.37,21.06,80.3,0.11,NASA_POWER
2021-01-19,sorriso_mt,"Sorriso, MT",-12.5425,-55.7211,8.68,23.23,25.3,21.96,92.23,0.14,NASA_POWER
2021-01-20,sorriso_mt,"Sorriso, MT",-12.5425,-55.7211,0.34,25.76,31.69,19.22,79.21,0.18,NASA_POWER
2021-01-21,sorriso_mt,"Sorriso, MT",-12.5425,-55.7211,8.19,24.46,26.7,22.92,85.67,0.13,NASA_POWER
2021-01-22,sorriso_mt,"Sorriso, MT",-12.5425,-55.7211,5.37,25.29,28.74,21.32,83.45,0.09,NASA_POWER
2021-01-23,sorriso_mt,"Sorriso, MT",-12.5425,-55.7211,0.94,25.63,28.91,22.58,80.4,0.12,NASA_POWER
2021-01-24,sorriso_mt,"Sorriso, MT",-12.5425,-55.7211,0.13,26.39,31.34,22.45,79.25,0.14,NASA_POWER
2021-01-25,sorriso_mt,"Sorriso, MT",-12.5425,-55.7211,0.44,25.93,29.15,22.81,76.96,0.06,NASA_POWER
2021-01-26,sorriso_mt,"Sorriso, MT",-12.5425,-55.7211,5.38,26.33,31.92,21.68,78.12,0.03,NASA_POWER
2021-01-27,sorriso_mt,"Sorriso, MT",-12.5425,-55.7211,0.68,25.82,30.84,22.54,78.96,0.02,NASA_POWER
2021-01-28,sorriso_mt,"Sorriso, MT",-12.5425,-55.7211,0.63,26.06,31.05,21.39,74.72,0.07,NASA_POWER
2021-01-29,sorriso_mt,"Sorriso, MT",-12.5425,-55.7211,7.46,26.14,32.26,21.57,78.45,0.03,NASA_POWER
2021-01-30,sorriso_mt,"Sorriso, MT",-12.5425,-55.7211,2.68,26.07,31.54,21.68,77.79,0.03,NASA_POWER
2021-01-31,sorriso_mt,"Sorriso, MT",-12.5425,-55.7211,0.31,27.16,33.76,21.4,68.08,0.04,NASA_POWER
2021-02-01,sorriso_mt,"Sorriso, MT",-12.5425,-55.7211,0.1,27.57,32.41,22.64,72.23,0.14,NASA_POWER
2021-02-02,sorriso_mt,"Sorriso, MT",-12.5425,-55.7211,0.33,28.86,35.57,23.41,66.34,0.04,NASA_POWER
2021-02-03,sorriso_mt,"Sorriso, MT",-12.5425,-55.7211,8.62,28.43,34.04,23.67,72.27,0.05,NASA_POWER
2021-02-04,sorriso_mt,"Sorriso, MT",-12.5425,-55.7211,6.11,27.25,32.88,22.99,78.6,0.05,NASA_POWER
2021-02-05,sorriso_mt,"Sorriso, MT",-12.5425,-55.7211,0.8,26.99,32.61,23.53,78.53,0.02,NASA_POWER
2021-02-06,sorriso_mt,"Sorriso, MT",-12.5425,-55.7211,0.63,24.82,28.23,22.96,84.13,0.06,NASA_POWER
2021-02-07,sorriso_mt,"Sorriso, MT",-12.5425,-55.7211,0.81,27.02,32.92,21.96,72.82,0.03,NASA_POWER
2021-02-08,sorriso_mt,"Sorriso, MT",-12.5425,-55.7211,0.23,28.1,34.67,23.32,67.58,0.03,NASA_POWER
2021-02-09,sorriso_mt,"Sorriso, MT",-12.5425,-55.7211,0.4,27.6,33.27,22.94,71.79,0.02,NASA_POWER
2021-02-10,sorriso_mt,"Sorriso, MT",-12.5425,-55.7211,2.18,26.53,31.84,23.33,78.15,0.04,NASA_POWER
2021-02-11,sorriso_mt,"Sorriso, MT",-12.5425,-55.7211,18.37,25.37,28.83,22.49,82.39,0.07,NASA_POWER
2021-02-12,sorriso_mt,"Sorriso, MT",-12.5425,-55.7211,9.72,23.91,26.55,22.23,90.99,0.08,NASA_POWER
2021-02-13,sorriso_mt,"Sorriso, MT",-12.5425,-55.7211,8.93,25.73,30.89,21.38,83.29,0.02,NASA_POWER
2021-02-14,sorriso_mt,"Sorriso, MT",-12.5425,-55.7211,23.55,23.88,26.23,22.16,90.68,0.06,NASA_POWER
2021-02-15,sorriso_mt,"Sorriso, MT",-12.5425,-55.7211,58.74,23.23,25.56,21.55,95.15,0.06,NASA_POWER
2021-02-16,sorriso_mt,"Sorriso, MT",-12.5425,-55.7211,8.37,24.13,27.45,21.54,93.22,0.08,NASA_POWER
2021-02-17,sorriso_mt,"Sorriso, MT",-12.5425,-55.7211,10.53,24.39,27.75,21.72,92.1,0.05,NASA_POWER
2021-02-18,sorriso_mt,"Sorriso, MT",-12.5425,-55.7211,6.45,23.53,25.33,22.13,96.66,0.02,NASA_POWER
2021-02-19,sorriso_mt,"Sorriso, MT",-12.5425,-55.7211,3.81,24.99,28.63,22.24,91.86,0.06,NASA_POWER
2021-02-20,sorriso_mt,"Sorriso, MT",-12.5425,-55.7211,47.75,24.91,27.91,23.21,94.44,0.02,NASA_POWER
2021-02-21,sorriso_mt,"Sorriso, MT",-12.5425,-55.7211,1.68,24.09,27.5,21.66,89.7,0.03,NASA_POWER
2021-02-22,sorriso_mt,"Sorriso, MT",-12.5425,-55.7211,0.22,25.22,29.26,21.75,86.75,0.03,NASA_POWER
2021-02-23,sorriso_mt,"Sorriso, MT",-12.5425,-55.7211,11.27,25.32,28.45,22.48,88.62,0.12,NASA_POWER
2021-02-24,sorriso_mt,"Sorriso, MT",-12.5425,-55.7211,6.87,24.67,27.06,22.74,94.86,0.09,NASA_POWER
2021-02-25,sorriso_mt,"Sorriso, MT",-12.5425,-55.7211,8.22,24.75,28.1,21.88,88.59,0.13,NASA_POWER
2021-02-26,sorriso_mt,"Sorriso, MT",-12.5425,-55.7211,15.18,24.82,28.94,21.03,90.69,0.07,NASA_POWER
2021-02-27,sorriso_mt,"Sorriso, MT",-12.5425,-55.7211,45.98,24.37,27.12,22.15,93.12,0.06,NASA_POWER
2021-02-28,sorriso_mt,"Sorriso, MT",-12.5425,-55.7211,6.98,23.21,25.04,21.78,95.53,0.03,NASA_POWER
2021-03-01,sorriso_mt,"Sorriso, MT",-12.5425,-55.7211,56.5,24.3,28.1,20.78,91.93,0.03,NASA_POWER
2021-03-02,sorriso_mt,"Sorriso, MT",-12.5425,-55.7211,5.03,24.03,27.29,21.82,90.2,0.03,NASA_POWER
2021-03-03,sorriso_mt,"Sorriso, MT",-12.5425,-55.7211,25.4,22.78,24.64,21.51,95.47,0.04,NASA_POWER
2021-03-04,sorriso_mt,"Sorriso, MT",-12.5425,-55.7211,21.0,22.47,24.29,21.1,96.35,0.04,NASA_POWER
2021-03-05,sorriso_mt,"Sorriso, MT",-12.5425,-55.7211,8.15,24.42,28.62,20.39,86.86,0.12,NASA_POWER
2021-03-06,sorriso_mt,"Sorriso, MT",-12.5425,-55.7211,0.68,24.63,28.47,21.16,88.51,0.2,NASA_POWER
2021-03-07,sorriso_mt,"Sorriso, MT",-12.5425,-55.7211,9.43,24.18,27.4,22.01,90.16,0.09,NASA_POWER
2021-03-08,sorriso_mt,"Sorriso, MT",-12.5425,-55.7211,6.22,23.8,26.73,21.55,93.82,0.02,NASA_POWER
2021-03-09,sorriso_mt,"Sorriso, MT",-12.5425,-55.7211,0.33,24.44,28.19,21.99,87.23,0.15,NASA_POWER
2021-03-10,sorriso_mt,"Sorriso, MT",-12.5425,-55.7211,1.1,23.85,27.55,21.34,89.11,0.02,NASA_POWER
2021-03-11,sorriso_mt,"Sorriso, MT",-12.5425,-55.7211,2.07,22.9,26.28,20.16,90.18,0.1,NASA_POWER
2021-03-12,sorriso_mt,"Sorriso, MT",-12.5425,-55.7211,10.01,23.57,26.76,20.58,93.88,0.09,NASA_POWER
2021-03-13,sorriso_mt,"Sorriso, MT",-12.5425,-55.7211,6.28,23.62,26.36,21.46,93.92,0.07,NASA_POWER
2021-03-14,sorriso_mt,"Sorriso, MT",-12.5425,-55.7211,7.34,24.0,26.6,21.5,93.72,0.07,NASA_POWER
2021-03-15,sorriso_mt,"Sorriso, MT",-12.5425,-55.7211,2.31,24.18,26.86,22.24,93.32,0.04,NASA_POWER
2021-03-16,sorriso_mt,"Sorriso, MT",-12.5425,-55.7211,8.36,24.96,28.91,21.59,90.25,0.03,NASA_POWER
2021-03-17,sorriso_mt,"Sorriso, MT",-12.5425,-55.7211,4.93,24.7,27.77,21.66,91.41,0.2,NASA_POWER
2021-03-18,sorriso_mt,"Sorriso, MT",-12.5425,-55.7211,39.7,24.18,27.62,21.3,91.27,0.13,NASA_POWER
2021-03-19,sorriso_mt,"Sorriso, MT",-12.5425,-55.7211,41.86,22.81,24.8,21.54,95.87,0.04,NASA_POWER
2021-03-20,sorriso_mt,"Sorriso, MT",-12.5425,-55.7211,23.84,23.95,27.94,20.92,91.61,0.02,NASA_POWER
2021-03-21,sorriso_mt,"Sorriso, MT",-12.5425,-55.7211,1.78,24.92,29.16,21.07,89.3,0.03,NASA_POWER
2021-03-22,sorriso_mt,"Sorriso, MT",-12.5425,-55.7211,3.41,24.85,28.38,21.68,90.49,0.05,NASA_POWER
2021-03-23,sorriso_mt,"Sorriso, MT",-12.5425,-55.7211,4.13,24.57,28.38,21.14,88.79,0.09,NASA_POWER
2021-03-24,sorriso_mt,"Sorriso, MT",-12.5425,-55.7211,8.37,23.62,27.39,21.22,92.33,0.05,NASA_POWER
2021-03-25,sorriso_mt,"Sorriso, MT",-12.5425,-55.7211,5.38,24.08,27.47,21.51,93.37,0.13,NASA_POWER
2021-03-26,sorriso_mt,"Sorriso, MT",-12.5425,-55.7211,0.43,24.12,27.65,21.52,91.24,0.08,NASA_POWER
2021-03-27,sorriso_mt,"Sorriso, MT",-12.5425,-55.7211,3.3,24.49,28.51,21.01,89.14,0.08,NASA_POWER
2021-03-28,sorriso_mt,"Sorriso, MT",-12.5425,-55.7211,2.15,24.05,27.31,21.53,94.21,0.17,NASA_POWER
2021-03-29,sorriso_mt,"Sorriso, MT",-12.5425,-55.7211,2.38,24.62,28.36,20.81,90.11,0.25,NASA_POWER
2021-03-30,sorriso_mt,"Sorriso, MT",-12.5425,-55.7211,0.24,25.3,29.31,21.61,87.47,0.33,NASA_POWER
2021-03-31,sorriso_mt,"Sorriso, MT",-12.5425,-55.7211,15.53,24.7,27.98,21.01,90.86,0.22,NASA_POWER
2021-04-01,sorriso_mt,"Sorriso, MT",-12.5425,-55.7211,6.44,23.78,27.76,20.65,90.69,0.17,NASA_POWER
2021-04-02,sorriso_mt,"Sorriso, MT",-12.5425,-55.7211,0.6,24.99,29.09,20.95,89.05,0.26,NASA_POWER
2021-04-03,sorriso_mt,"Sorriso, MT",-12.5425,-55.7211,0.07,25.01,27.98,22.35,90.7,0.12,NASA_POWER
2021-04-04,sorriso_mt,"Sorriso, MT",-12.5425,-55.7211,0.78,24.91,28.49,22.13,90.5,0.04,NASA_POWER
2021-04-05,sorriso_mt,"Sorriso, MT",-12.5425,-55.7211,2.32,25.46,29.47,22.06,89.19,0.11,NASA_POWER
2021-04-06,sorriso_mt,"Sorriso, MT",-12.5425,-55.7211,0.84,24.52,27.24,22.62,93.39,0.07,NASA_POWER
2021-04-07,sorriso_mt,"Sorriso, MT",-12.5425,-55.7211,5.59,24.86,28.63,21.34,91.17,0.03,NASA_POWER
2021-04-08,sorriso_mt,"Sorriso, MT",-12.5425,-55.7211,5.3,24.85,28.07,22.06,91.98,0.06,NASA_POWER
2021-04-09,sorriso_mt,"Sorriso, MT",-12.5425,-55.7211,5.91,24.11,27.15,22.11,93.81,0.04,NASA_POWER
2021-04-10,sorriso_mt,"Sorriso, MT",-12.5425,-55.7211,4.71,24.52,28.48,21.74,90.68,0.03,NASA_POWER
2021-04-11,sorriso_mt,"Sorriso, MT",-12.5425,-55.7211,2.25,24.54,28.77,20.91,89.79,0.03,NASA_POWER
2021-04-12,sorriso_mt,"Sorriso, MT",-12.5425,-55.7211,5.43,24.53,28.76,21.0,90.51,0.03,NASA_POWER
2021-04-13,sorriso_mt,"Sorriso, MT",-12.5425,-55.7211,2.72,24.37,28.63,20.72,90.59,0.07,NASA_POWER
2021-04-14,sorriso_mt,"Sorriso, MT",-12.5425,-55.7211,6.38,24.65,28.45,21.03,90.28,0.04,NASA_POWER
2021-04-15,sorriso_mt,"Sorriso, MT",-12.5425,-55.7211,1.45,24.58,28.0,21.95,90.68,0.07,NASA_POWER
2021-04-16,sorriso_mt,"Sorriso, MT",-12.5425,-55.7211,0.35,24.75,27.8,21.9,88.95,0.15,NASA_POWER
2021-04-17,sorriso_mt,"Sorriso, MT",-12.5425,-55.7211,0.36,24.12,26.73,21.87,92.89,0.27,NASA_POWER
2021-04-18,sorriso_mt,"Sorriso, MT",-12.5425,-55.7211,1.42,23.15,25.45,21.13,91.85,0.24,NASA_POWER
2021-04-19,sorriso_mt,"Sorriso, MT",-12.5425,-55.7211,0.08,24.14,28.17,20.43,87.22,0.27,NASA_POWER
2021-04-20,sorriso_mt,"Sorriso, MT",-12.5425,-55.7211,13.97,23.44,25.85,21.42,93.54,0.27,NASA_POWER
2021-04-21,sorriso_mt,"Sorriso, MT",-12.5425,-55.7211,1.58,24.14,28.32,20.85,89.4,0.22,NASA_POWER
2021-04-22,sorriso_mt,"Sorriso, MT",-12.5425,-55.7211,0.01,23.98,28.29,20.03,87.83,0.04,NASA_POWER
2021-04-23,sorriso_mt,"Sorriso, MT",-12.5425,-55.7211,0.0,24.75,29.01,20.0,88.36,0.03,NASA_POWER
2021-04-24,sorriso_mt,"Sorriso, MT",-12.5425,-55.7211,0.01,24.61,27.35,22.72,89.49,0.07,NASA_POWER
2021-04-25,sorriso_mt,"Sorriso, MT",-12.5425,-55.7211,3.12,23.71,26.36,21.55,93.84,0.1,NASA_POWER
2021-04-26,sorriso_mt,"Sorriso, MT",-12.5425,-55.7211,0.85,24.02,27.98,21.25,89.7,0.05,NASA_POWER
2021-04-27,sorriso_mt,"Sorriso, MT",-12.5425,-55.7211,0.0,23.64,27.87,20.35,88.77,0.09,NASA_POWER
2021-04-28,sorriso_mt,"Sorriso, MT",-12.5425,-55.7211,1.01,23.55,27.88,19.9,89.22,0.03,NASA_POWER
2021-04-29,sorriso_mt,"Sorriso, MT",-12.5425,-55.7211,3.71,22.88,26.61,20.23,88.61,0.1,NASA_POWER
2021-04-30,sorriso_mt,"Sorriso, MT",-12.5425,-55.7211,1.78,22.42,25.93,19.25,91.22,0.06,NASA_POWER
2021-05-01,sorriso_mt,"Sorriso, MT",-12.5425,-55.7211,10.9,23.83,27.81,20.66,90.23,0.04,NASA_POWER
2021-05-02,sorriso_mt,"Sorriso, MT",-12.5425,-55.7211,1.2,24.32,28.28,21.12,91.02,0.05,NASA_POWER
2021-05-03,sorriso_mt,"Sorriso, MT",-12.5425,-55.7211,0.62,24.16,28.09,20.8,89.17,0.05,NASA_POWER
2021-05-04,sorriso_mt,"Sorriso, MT",-12.5425,-55.7211,0.1,23.93,28.38,20.04,89.62,0.12,NASA_POWER
2021-05-05,sorriso_mt,"Sorriso, MT",-12.5425,-55.7211,0.01,22.7,27.7,18.01,88.69,0.1,NASA_POWER
2021-05-06,sorriso_mt,"Sorriso, MT",-12.5425,-55.7211,0.01,21.72,26.58,17.16,86.74,0.21,NASA_POWER
2021-05-07,sorriso_mt,"Sorriso, MT",-12.5425,-55.7211,0.0,20.76,25.25,17.23,82.33,0.05,NASA_POWER
2021-05-08,sorriso_mt,"Sorriso, MT",-12.5425,-55.7211,0.0,21.26,26.31,16.71,85.71,0.17,NASA_POWER
2021-05-09,sorriso_mt,"Sorriso, MT",-12.5425,-55.7211,0.0,22.48,27.64,17.47,88.05,0.2,NASA_POWER
2021-05-10,sorriso_mt,"Sorriso, MT",-12.5425,-55.7211,0.75,23.24,28.28,18.73,89.2,0.18,NASA_POWER
2021-05-11,sorriso_mt,"Sorriso, MT",-12.5425,-55.7211,0.35,22.89,27.85,18.38,88.82,0.22,NASA_POWER
2021-05-12,sorriso_mt,"Sorriso, MT",-12.5425,-55.7211,0.27,22.66,27.55,18.33,87.32,0.28,NASA_POWER
2021-05-13,sorriso_mt,"Sorriso, MT",-12.5425,-55.7211,0.0,21.45,26.67,17.21,87.22,0.18,NASA_POWER
2021-05-14,sorriso_mt,"Sorriso, MT",-12.5425,-55.7211,0.0,22.03,27.55,17.34,87.2,0.14,NASA_POWER
2021-05-15,sorriso_mt,"Sorriso, MT",-12.5425,-55.7211,0.02,22.5,27.82,17.03,86.79,0.35,NASA_POWER
2021-05-16,sorriso_mt,"Sorriso, MT",-12.5425,-55.7211,0.09,21.92,25.72,18.38,91.03,0.2,NASA_POWER
2021-05-17,sorriso_mt,"Sorriso, MT",-12.5425,-55.7211,0.0,22.83,28.01,18.36,86.65,0.12,NASA_POWER
2021-05-18,sorriso_mt,"Sorriso, MT",-12.5425,-55.7211,0.0,23.06,28.09,18.4,85.41,0.25,NASA_POWER
2021-05-19,sorriso_mt,"Sorriso, MT",-12.5425,-55.7211,0.0,23.01,28.42,18.73,85.07,0.22,NASA_POWER
2021-05-20,sorriso_mt,"Sorriso, MT",-12.5425,-55.7211,0.0,23.5,29.07,18.29,82.22,0.18,NASA_POWER
2021-05-21,sorriso_mt,"Sorriso, MT",-12.5425,-55.7211,0.0,25.01,30.14,20.27,83.91,0.03,NASA_POWER
2021-05-22,sorriso_mt,"Sorriso, MT",-12.5425,-55.7211,0.27,24.79,28.65,22.64,86.96,0.09,NASA_POWER
2021-05-23,sorriso_mt,"Sorriso, MT",-12.5425,-55.7211,0.03,25.08,29.66,21.53,84.86,0.18,NASA_POWER
2021-05-24,sorriso_mt,"Sorriso, MT",-12.5425,-55.7211,1.34,22.67,26.35,19.29,82.65,0.09,NASA_POWER
2021-05-25,sorriso_mt,"Sorriso, MT",-12.5425,-55.7211,1.06,23.42,29.36,18.49,85.63,0.12,NASA_POWER
2021-05-26,sorriso_mt,"Sorriso, MT",-12.5425,-55.7211,0.0,24.94,30.66,19.25,82.09,0.16,NASA_POWER
2021-05-27,sorriso_mt,"Sorriso, MT",-12.5425,-55.7211,0.0,25.61,31.1,21.41,80.11,0.14,NASA_POWER
2021-05-28,sorriso_mt,"Sorriso, MT",-12.5425,-55.7211,0.0,24.63,30.51,19.23,80.41,0.17,NASA_POWER
2021-05-29,sorriso_mt,"Sorriso, MT",-12.5425,-55.7211,0.0,24.9,30.91,20.74,78.4,0.23,NASA_POWER
2021-05-30,sorriso_mt,"Sorriso, MT",-12.5425,-55.7211,0.0,24.55,31.11,19.23,79.36,0.28,NASA_POWER
2021-05-31,sorriso_mt,"Sorriso, MT",-12.5425,-55.7211,0.0,24.91,30.86,19.27,77.08,0.28,NASA_POWER
2021-06-01,sorriso_mt,"Sorriso, MT",-12.5425,-55.7211,0.0,24.72,30.66,19.92,77.43,0.13,NASA_POWER
2021-06-02,sorriso_mt,"Sorriso, MT",-12.5425,-55.7211,0.01,25.02,30.76,20.89,77.02,0.23,NASA_POWER
2021-06-03,sorriso_mt,"Sorriso, MT",-12.5425,-55.7211,0.0,25.11,31.46,19.45,71.71,0.27,NASA_POWER
2021-06-04,sorriso_mt,"Sorriso, MT",-12.5425,-55.7211,0.01,24.55,31.32,18.75,70.99,0.24,NASA_POWER
2021-06-05,sorriso_mt,"Sorriso, MT",-12.5425,-55.7211,0.0,24.3,31.19,18.96,73.25,0.17,NASA_POWER
2021-06-06,sorriso_mt,"Sorriso, MT",-12.5425,-55.7211,0.0,25.07,31.81,19.25,74.41,0.03,NASA_POWER
2021-06-07,sorriso_mt,"Sorriso, MT",-12.5425,-55.7211,0.01,25.79,32.1,21.12,74.28,0.1,NASA_POWER
2021-06-08,sorriso_mt,"Sorriso, MT",-12.5425,-55.7211,0.0,25.28,32.21,20.2,70.76,0.18,NASA_POWER
2021-06-09,sorriso_mt,"Sorriso, MT",-12.5425,-55.7211,0.0,25.44,32.6,19.83,66.02,0.3,NASA_POWER
2021-06-10,sorriso_mt,"Sorriso, MT",-12.5425,-55.7211,0.0,25.91,33.12,20.04,69.75,0.27,NASA_POWER
2021-06-11,sorriso_mt,"Sorriso, MT",-12.5425,-55.7211,3.93,25.57,31.48,20.68,71.25,0.15,NASA_POWER
2021-06-12,sorriso_mt,"Sorriso, MT",-12.5425,-55.7211,0.3,24.41,30.87,19.6,76.75,0.06,NASA_POWER
2021-06-13,sorriso_mt,"Sorriso, MT",-12.5425,-55.7211,0.0,25.08,31.2,20.55,73.44,0.07,NASA_POWER
2021-06-14,sorriso_mt,"Sorriso, MT",-12.5425,-55.7211,0.0,25.62,32.54,20.02,71.06,0.15,NASA_POWER
2021-06-15,sorriso_mt,"Sorriso, MT",-12.5425,-55.7211,2.33,25.36,32.16,19.37,72.18,0.2,NASA_POWER
2021-06-16,sorriso_mt,"Sorriso, MT",-12.5425,-55.7211,0.33,24.53,31.27,19.51,71.89,0.15,NASA_POWER
2021-06-17,sorriso_mt,"Sorriso, MT",-12.5425,-55.7211,0.0,23.87,31.14,18.6,65.51,0.18,NASA_POWER
2021-06-18,sorriso_mt,"Sorriso, MT",-12.5425,-55.7211,0.0,23.96,31.9,17.51,61.55,0.14,NASA_POWER
2021-06-19,sorriso_mt,"Sorriso, MT",-12.5425,-55.7211,0.0,24.91,33.0,18.24,62.67,0.09,NASA_POWER
2021-06-20,sorriso_mt,"Sorriso, MT",-12.5425,-55.7211,0.0,24.96,32.04,20.13,66.24,0.13,NASA_POWER
2021-06-21,sorriso_mt,"Sorriso, MT",-12.5425,-55.7211,0.0,25.51,33.12,19.24,65.93,0.23,NASA_POWER
2021-06-22,sorriso_mt,"Sorriso, MT",-12.5425,-55.7211,0.0,26.1,33.24,18.96,58.77,0.31,NASA_POWER
2021-06-23,sorriso_mt,"Sorriso, MT",-12.5425,-55.7211,0.0,25.65,33.56,18.19,57.17,0.28,NASA_POWER
2021-06-24,sorriso_mt,"Sorriso, MT",-12.5425,-55.7211,0.0,26.23,33.59,19.94,52.77,0.27,NASA_POWER
2021-06-25,sorriso_mt,"Sorriso, MT",-12.5425,-55.7211,0.0,26.12,33.52,19.93,56.95,0.35,NASA_POWER
2021-06-26,sorriso_mt,"Sorriso, MT",-12.5425,-55.7211,0.0,26.26,33.38,20.49,60.27,0.18,NASA_POWER
2021-06-27,sorriso_mt,"Sorriso, MT",-12.5425,-55.7211,0.0,26.23,33.2,20.1,61.37,0.21,NASA_POWER
2021-06-28,sorriso_mt,"Sorriso, MT",-12.5425,-55.7211,0.0,24.88,31.22,20.07,60.1,0.07,NASA_POWER
2021-06-29,sorriso_mt,"Sorriso, MT",-12.5425,-55.7211,0.0,19.74,25.54,15.23,58.6,0.05,NASA_POWER
2021-06-30,sorriso_mt,"Sorriso, MT",-12.5425,-55.7211,0.0,19.0,26.75,13.15,49.84,0.15,NASA_POWER
2021-07-01,sorriso_mt,"Sorriso, MT",-12.5425,-55.7211,0.09,20.21,29.17,12.56,57.56,0.16,NASA_POWER
2021-07-02,sorriso_mt,"Sorriso, MT",-12.5425,-55.7211,0.0,23.04,32.41,14.36,55.24,0.25,NASA_POWER
2021-07-03,sorriso_mt,"Sorriso, MT",-12.5425,-55.7211,0.0,24.52,33.05,17.1,57.56,0.24,NASA_POWER
2021-07-04,sorriso_mt,"Sorriso, MT",-12.5425,-55.7211,0.0,23.33,31.75,16.02,54.2,0.15,NASA_POWER
2021-07-05,sorriso_mt,"Sorriso, MT",-12.5425,-55.7211,0.0,23.76,32.51,16.22,50.48,0.2,NASA_POWER
2021-07-06,sorriso_mt,"Sorriso, MT",-12.5425,-55.7211,0.0,24.11,33.44,16.23,51.17,0.11,NASA_POWER
2021-07-07,sorriso_mt,"Sorriso, MT",-12.5425,-55.7211,0.0,24.88,33.81,16.7,50.4,0.19,NASA_POWER
2021-07-08,sorriso_mt,"Sorriso, MT",-12.5425,-55.7211,0.0,25.11,33.01,17.8,50.41,0.28,NASA_POWER
2021-07-09,sorriso_mt,"Sorriso, MT",-12.5425,-55.7211,0.0,24.58,33.26,17.82,48.44,0.17,NASA_POWER
2021-07-10,sorriso_mt,"Sorriso, MT",-12.5425,-55.7211,0.0,24.66,33.03,17.18,49.9,0.31,NASA_POWER
2021-07-11,sorriso_mt,"Sorriso, MT",-12.5425,-55.7211,0.0,24.76,33.12,17.18,50.04,0.24,NASA_POWER
2021-07-12,sorriso_mt,"Sorriso, MT",-12.5425,-55.7211,0.0,25.31,34.21,16.28,47.41,0.24,NASA_POWER
2021-07-13,sorriso_mt,"Sorriso, MT",-12.5425,-55.7211,0.0,25.36,34.4,17.58,51.78,0.2,NASA_POWER
2021-07-14,sorriso_mt,"Sorriso, MT",-12.5425,-55.7211,0.0,25.42,33.92,17.11,46.75,0.3,NASA_POWER
2021-07-15,sorriso_mt,"Sorriso, MT",-12.5425,-55.7211,0.0,25.67,34.61,17.6,44.3,0.3,NASA_POWER
2021-07-16,sorriso_mt,"Sorriso, MT",-12.5425,-55.7211,0.0,25.76,34.8,17.56,50.12,0.23,NASA_POWER
2021-07-17,sorriso_mt,"Sorriso, MT",-12.5425,-55.7211,0.03,26.99,36.02,19.19,52.18,0.22,NASA_POWER
2021-07-18,sorriso_mt,"Sorriso, MT",-12.5425,-55.7211,0.01,27.17,35.04,20.0,51.08,0.15,NASA_POWER
2021-07-19,sorriso_mt,"Sorriso, MT",-12.5425,-55.7211,0.11,24.4,31.95,18.88,53.97,0.07,NASA_POWER
2021-07-20,sorriso_mt,"Sorriso, MT",-12.5425,-55.7211,0.0,24.17,32.96,16.95,49.45,0.18,NASA_POWER
2021-07-21,sorriso_mt,"Sorriso, MT",-12.5425,-55.7211,0.0,25.52,34.83,17.59,46.2,0.18,NASA_POWER
2021-07-22,sorriso_mt,"Sorriso, MT",-12.5425,-55.7211,0.0,25.83,34.97,17.8,44.67,0.19,NASA_POWER
2021-07-23,sorriso_mt,"Sorriso, MT",-12.5425,-55.7211,0.0,26.32,34.77,19.58,44.46,0.15,NASA_POWER
2021-07-24,sorriso_mt,"Sorriso, MT",-12.5425,-55.7211,0.0,26.93,35.12,20.39,43.46,0.17,NASA_POWER
2021-07-25,sorriso_mt,"Sorriso, MT",-12.5425,-55.7211,0.0,26.79,35.0,19.67,41.96,0.15,NASA_POWER
2021-07-26,sorriso_mt,"Sorriso, MT",-12.5425,-55.7211,0.0,27.03,35.41,18.97,41.51,0.24,NASA_POWER
2021-07-27,sorriso_mt,"Sorriso, MT",-12.5425,-55.7211,0.0,27.94,36.14,21.83,40.65,0.36,NASA_POWER
2021-07-28,sorriso_mt,"Sorriso, MT",-12.5425,-55.7211,0.0,26.23,32.88,21.41,46.17,0.05,NASA_POWER
2021-07-29,sorriso_mt,"Sorriso, MT",-12.5425,-55.7211,4.32,20.72,28.01,15.37,43.81,0.04,NASA_POWER
2021-07-30,sorriso_mt,"Sorriso, MT",-12.5425,-55.7211,0.0,21.11,30.97,13.41,38.76,0.18,NASA_POWER
2021-07-31,sorriso_mt,"Sorriso, MT",-12.5425,-55.7211,0.0,23.51,33.93,13.62,49.27,0.23,NASA_POWER
2021-08-01,sorriso_mt,"Sorriso, MT",-12.5425,-55.7211,0.0,26.01,35.58,18.19,44.94,0.15,NASA_POWER
2021-08-02,sorriso_mt,"Sorriso, MT",-12.5425,-55.7211,0.0,25.41,34.17,17.73,44.25,0.13,NASA_POWER
2021-08-03,sorriso_mt,"Sorriso, MT",-12.5425,-55.7211,0.0,26.36,34.86,19.0,46.02,0.2,NASA_POWER
2021-08-04,sorriso_mt,"Sorriso, MT",-12.5425,-55.7211,0.0,26.17,34.87,19.5,44.28,0.1,NASA_POWER
2021-08-05,sorriso_mt,"Sorriso, MT",-12.5425,-55.7211,0.0,26.69,33.77,20.67,40.42,0.11,NASA_POWER
2021-08-06,sorriso_mt,"Sorriso, MT",-12.5425,-55.7211,0.0,27.47,34.89,20.67,42.36,0.05,NASA_POWER
2021-08-07,sorriso_mt,"Sorriso, MT",-12.5425,-55.7211,0.0,27.69,35.25,21.39,38.01,0.04,NASA_POWER
2021-08-08,sorriso_mt,"Sorriso, MT",-12.5425,-55.7211,0.0,28.72,35.77,21.97,39.21,0.06,NASA_POWER
2021-08-09,sorriso_mt,"Sorriso, MT",-12.5425,-55.7211,0.0,28.78,35.97,22.44,39.24,0.13,NASA_POWER
2021-08-10,sorriso_mt,"Sorriso, MT",-12.5425,-55.7211,0.0,28.34,36.13,22.54,38.7,0.24,NASA_POWER
2021-08-11,sorriso_mt,"Sorriso, MT",-12.5425,-55.7211,0.0,27.78,36.71,20.15,36.38,0.21,NASA_POWER
2021-08-12,sorriso_mt,"Sorriso, MT",-12.5425,-55.7211,0.0,26.86,35.76,19.62,38.69,0.14,NASA_POWER
2021-08-13,sorriso_mt,"Sorriso, MT",-12.5425,-55.7211,0.0,26.9,36.6,18.91,33.95,0.2,NASA_POWER
2021-08-14,sorriso_mt,"Sorriso, MT",-12.5425,-55.7211,0.0,27.53,36.96,19.22,34.45,0.21,NASA_POWER
2021-08-15,sorriso_mt,"Sorriso, MT",-12.5425,-55.7211,0.0,28.76,37.15,21.0,32.29,0.21,NASA_POWER
2021-08-16,sorriso_mt,"Sorriso, MT",-12.5425,-55.7211,0.01,28.96,37.19,21.34,29.59,0.33,NASA_POWER
2021-08-17,sorriso_mt,"Sorriso, MT",-12.5425,-55.7211,0.0,28.47,37.04,20.91,29.28,0.21,NASA_POWER
2021-08-18,sorriso_mt,"Sorriso, MT",-12.5425,-55.7211,0.0,28.69,36.69,21.78,29.64,0.21,NASA_POWER
2021-08-19,sorriso_mt,"Sorriso, MT",-12.5425,-55.7211,0.0,27.97,36.55,21.11,28.24,0.18,NASA_POWER
2021-08-20,sorriso_mt,"Sorriso, MT",-12.5425,-55.7211,0.0,28.37,36.88,20.43,30.59,0.09,NASA_POWER
2021-08-21,sorriso_mt,"Sorriso, MT",-12.5425,-55.7211,0.0,29.28,37.15,23.15,32.16,0.17,NASA_POWER
2021-08-22,sorriso_mt,"Sorriso, MT",-12.5425,-55.7211,0.0,29.31,37.86,21.19,30.7,0.2,NASA_POWER
2021-08-23,sorriso_mt,"Sorriso, MT",-12.5425,-55.7211,0.0,30.03,38.53,21.63,31.02,0.03,NASA_POWER
2021-08-24,sorriso_mt,"Sorriso, MT",-12.5425,-55.7211,0.0,30.39,38.52,23.28,29.38,0.04,NASA_POWER
2021-08-25,sorriso_mt,"Sorriso, MT",-12.5425,-55.7211,0.0,31.08,39.38,22.57,29.46,0.08,NASA_POWER
2021-08-26,sorriso_mt,"Sorriso, MT",-12.5425,-55.7211,0.0,31.22,38.79,23.14,30.87,0.1,NASA_POWER
2021-08-27,sorriso_mt,"Sorriso, MT",-12.5425,-55.7211,0.0,31.02,38.56,24.67,31.09,0.23,NASA_POWER
2021-08-28,sorriso_mt,"Sorriso, MT",-12.5425,-55.7211,0.0,30.74,38.63,23.67,31.97,0.04,NASA_POWER
2021-08-29,sorriso_mt,"Sorriso, MT",-12.5425,-55.7211,0.0,31.32,38.72,24.77,28.29,0.04,NASA_POWER
2021-08-30,sorriso_mt,"Sorriso, MT",-12.5425,-55.7211,0.0,31.29,38.17,24.99,30.61,0.03,NASA_POWER
2021-08-31,sorriso_mt,"Sorriso, MT",-12.5425,-55.7211,0.0,31.57,38.23,24.52,31.56,0.03,NASA_POWER
2021-09-01,sorriso_mt,"Sorriso, MT",-12.5425,-55.7211,0.01,31.25,37.03,26.71,33.18,0.16,NASA_POWER
2021-09-02,sorriso_mt,"Sorriso, MT",-12.5425,-55.7211,0.37,30.09,35.16,26.47,41.32,0.03,NASA_POWER
2021-09-03,sorriso_mt,"Sorriso, MT",-12.5425,-55.7211,0.02,30.51,37.41,24.69,42.89,0.24,NASA_POWER
2021-09-04,sorriso_mt,"Sorriso, MT",-12.5425,-55.7211,0.01,30.91,38.62,24.48,32.95,0.21,NASA_POWER
2021-09-05,sorriso_mt,"Sorriso, MT",-12.5425,-55.7211,0.07,30.37,38.82,22.37,31.08,0.3,NASA_POWER
2021-09-06,sorriso_mt,"Sorriso, MT",-12.5425,-55.7211,0.01,31.32,39.02,24.21,35.95,0.13,NASA_POWER
2021-09-07,sorriso_mt,"Sorriso, MT",-12.5425,-55.7211,0.02,32.46,38.98,25.8,38.47,0.18,NASA_POWER
2021-09-08,sorriso_mt,"Sorriso, MT",-12.5425,-55.7211,3.03,30.35,34.64,27.52,45.49,0.22,NASA_POWER
2021-09-09,sorriso_mt,"Sorriso, MT",-12.5425,-55.7211,9.39,28.56,35.51,22.89,58.24,0.05,NASA_POWER
2021-09-10,sorriso_mt,"Sorriso, MT",-12.5425,-55.7211,0.02,29.08,37.34,21.91,59.38,0.14,NASA_POWER
2021-09-11,sorriso_mt,"Sorriso, MT",-12.5425,-55.7211,0.0,29.68,38.35,21.56,53.3,0.07,NASA_POWER
2021-09-12,sorriso_mt,"Sorriso, MT",-12.5425,-55.7211,0.61,30.23,36.13,25.19,54.04,0.25,NASA_POWER
2021-09-13,sorriso_mt,"Sorriso, MT",-12.5425,-55.7211,2.19,29.99,36.74,24.29,56.58,0.19,NASA_POWER
2021-09-14,sorriso_mt,"Sorriso, MT",-12.5425,-55.7211,0.57,30.13,37.67,24.37,53.02,0.05,NASA_POWER
2021-09-15,sorriso_mt,"Sorriso, MT",-12.5425,-55.7211,1.95,30.05,37.36,23.2,54.81,0.08,NASA_POWER
2021-09-16,sorriso_mt,"Sorriso, MT",-12.5425,-55.7211,0.37,30.96,39.33,23.71,47.32,0.22,NASA_POWER
2021-09-17,sorriso_mt,"Sorriso, MT",-12.5425,-55.7211,0.02,31.01,39.76,22.95,38.95,0.33,NASA_POWER
2021-09-18,sorriso_mt,"Sorriso, MT",-12.5425,-55.7211,0.01,30.3,39.12,22.57,36.28,0.34,NASA_POWER
2021-09-19,sorriso_mt,"Sorriso, MT",-12.5425,-55.7211,0.0,29.86,39.2,20.52,30.79,0.33,NASA_POWER
2021-09-20,sorriso_mt,"Sorriso, MT",-12.5425,-55.7211,0.0,31.04,39.55,21.39,28.8,0.37,NASA_POWER
2021-09-21,sorriso_mt,"Sorriso, MT",-12.5425,-55.7211,0.0,32.42,40.81,22.19,25.27,0.42,NASA_POWER
2021-09-22,sorriso_mt,"Sorriso, MT",-12.5425,-55.7211,0.0,32.73,41.25,23.39,28.96,0.3,NASA_POWER
2021-09-23,sorriso_mt,"Sorriso, MT",-12.5425,-55.7211,19.59,32.08,40.19,26.06,45.49,0.19,NASA_POWER
2021-09-24,sorriso_mt,"Sorriso, MT",-12.5425,-55.7211,4.97,29.69,37.69,23.45,65.49,0.07,NASA_POWER
2021-09-25,sorriso_mt,"Sorriso, MT",-12.5425,-55.7211,0.08,29.29,36.31,23.52,66.06,0.07,NASA_POWER
2021-09-26,sorriso_mt,"Sorriso, MT",-12.5425,-55.7211,8.57,28.65,35.51,23.11,66.71,0.08,NASA_POWER
2021-09-27,sorriso_mt,"Sorriso, MT",-12.5425,-55.7211,1.51,28.64,36.12,22.42,62.77,0.03,NASA_POWER
2021-09-28,sorriso_mt,"Sorriso, MT",-12.5425,-55.7211,0.0,28.14,33.76,23.24,60.78,0.03,NASA_POWER
2021-09-29,sorriso_mt,"Sorriso, MT",-12.5425,-55.7211,0.0,29.38,37.5,21.96,60.42,0.09,NASA_POWER
2021-09-30,sorriso_mt,"Sorriso, MT",-12.5425,-55.7211,0.16,29.69,37.0,23.14,58.07,0.04,NASA_POWER
2021-10-01,sorriso_mt,"Sorriso, MT",-12.5425,-55.7211,0.02,29.67,37.1,24.14,57.64,0.06,NASA_POWER
2021-10-02,sorriso_mt,"Sorriso, MT",-12.5425,-55.7211,0.0,30.51,37.6,23.41,50.69,0.03,NASA_POWER
2021-10-03,sorriso_mt,"Sorriso, MT",-12.5425,-55.7211,0.0,29.87,36.39,23.77,55.28,0.03,NASA_POWER
2021-10-04,sorriso_mt,"Sorriso, MT",-12.5425,-55.7211,0.61,30.13,37.07,23.87,55.18,0.06,NASA_POWER
2021-10-05,sorriso_mt,"Sorriso, MT",-12.5425,-55.7211,4.27,29.95,36.59,23.68,58.59,0.03,NASA_POWER
2021-10-06,sorriso_mt,"Sorriso, MT",-12.5425,-55.7211,0.46,27.58,32.34,24.45,70.72,0.02,NASA_POWER
2021-10-07,sorriso_mt,"Sorriso, MT",-12.5425,-55.7211,2.23,29.17,37.57,23.02,67.29,0.07,NASA_POWER
2021-10-08,sorriso_mt,"Sorriso, MT",-12.5425,-55.7211,1.75,29.95,37.9,23.81,65.21,0.05,NASA_POWER
2021-10-09,sorriso_mt,"Sorriso, MT",-12.5425,-55.7211,1.66,30.65,37.98,24.17,59.19,0.03,NASA_POWER
2021-10-10,sorriso_mt,"Sorriso, MT",-12.5425,-55.7211,0.2,29.85,37.17,24.8,54.27,0.03,NASA_POWER
2021-10-11,sorriso_mt,"Sorriso, MT",-12.5425,-55.7211,21.43,29.14,36.88,23.93,61.52,0.2,NASA_POWER
2021-10-12,sorriso_mt,"Sorriso, MT",-12.5425,-55.7211,30.27,27.51,32.47,23.78,77.29,0.1,NASA_POWER
2021-10-13,sorriso_mt,"Sorriso, MT",-12.5425,-55.7211,2.66,28.77,34.33,24.18,70.5,0.06,NASA_POWER
2021-10-14,sorriso_mt,"Sorriso, MT",-12.5425,-55.7211,0.16,29.39,36.95,24.25,63.35,0.02,NASA_POWER
2021-10-15,sorriso_mt,"Sorriso, MT",-12.5425,-55.7211,0.71,27.18,31.6,23.9,75.09,0.04,NASA_POWER
2021-10-16,sorriso_mt,"Sorriso, MT",-12.5425,-55.7211,0.02,28.6,35.62,22.96,65.45,0.06,NASA_POWER
2021-10-17,sorriso_mt,"Sorriso, MT",-12.5425,-55.7211,2.77,28.57,35.2,23.95,66.21,0.02,NASA_POWER
2021-10-18,sorriso_mt,"Sorriso, MT",-12.5425,-55.7211,1.51,28.21,35.12,23.34,69.75,0.04,NASA_POWER
2021-10-19,sorriso_mt,"Sorriso, MT",-12.5425,-55.7211,0.26,24.33,25.83,22.03,81.13,0.05,NASA_POWER
2021-10-20,sorriso_mt,"Sorriso, MT",-12.5425,-55.7211,0.36,28.51,36.81,21.13,68.23,0.1,NASA_POWER
2021-10-21,sorriso_mt,"Sorriso, MT",-12.5425,-55.7211,0.39,27.93,32.64,24.27,70.44,0.14,NASA_POWER
2021-10-22,sorriso_mt,"Sorriso, MT",-12.5425,-55.7211,0.69,28.82,35.9,24.0,69.07,0.11,NASA_POWER
2021-10-23,sorriso_mt,"Sorriso, MT",-12.5425,-55.7211,1.08,26.89,31.49,23.87,79.81,0.04,NASA_POWER
2021-10-24,sorriso_mt,"Sorriso, MT",-12.5425,-55.7211,8.66,26.38,31.14,23.47,80.56,0.03,NASA_POWER
2021-10-25,sorriso_mt,"Sorriso, MT",-12.5425,-55.7211,5.13,27.07,33.07,22.07,74.59,0.05,NASA_POWER
2021-10-26,sorriso_mt,"Sorriso, MT",-12.5425,-55.7211,4.1,27.26,33.49,23.04,73.72,0.04,NASA_POWER
2021-10-27,sorriso_mt,"Sorriso, MT",-12.5425,-55.7211,4.91,26.35,31.49,21.73,78.27,0.03,NASA_POWER
2021-10-28,sorriso_mt,"Sorriso, MT",-12.5425,-55.7211,0.46,27.84,34.54,22.98,72.58,0.03,NASA_POWER
2021-10-29,sorriso_mt,"Sorriso, MT",-12.5425,-55.7211,11.45,28.39,34.33,24.24,71.45,0.04,NASA_POWER
2021-10-30,sorriso_mt,"Sorriso, MT",-12.5425,-55.7211,2.46,27.81,33.89,22.62,73.94,0.1,NASA_POWER
2021-10-31,sorriso_mt,"Sorriso, MT",-12.5425,-55.7211,4.98,28.14,35.06,23.39,70.96,0.02,NASA_POWER
2021-11-01,sorriso_mt,"Sorriso, MT",-12.5425,-55.7211,2.7,27.26,33.06,23.26,75.05,0.03,NASA_POWER
2021-11-02,sorriso_mt,"Sorriso, MT",-12.5425,-55.7211,11.88,26.27,31.33,23.18,80.04,0.03,NASA_POWER
2021-11-03,sorriso_mt,"Sorriso, MT",-12.5425,-55.7211,4.89,24.48,27.94,22.01,89.88,0.05,NASA_POWER
2021-11-04,sorriso_mt,"Sorriso, MT",-12.5425,-55.7211,1.29,24.91,29.1,20.98,83.38,0.04,NASA_POWER
2021-11-05,sorriso_mt,"Sorriso, MT",-12.5425,-55.7211,7.83,25.06,28.17,22.41,87.53,0.08,NASA_POWER
2021-11-06,sorriso_mt,"Sorriso, MT",-12.5425,-55.7211,3.58,25.44,30.89,22.02,82.13,0.09,NASA_POWER
2021-11-07,sorriso_mt,"Sorriso, MT",-12.5425,-55.7211,11.04,24.5,27.8,22.57,92.59,0.03,NASA_POWER
2021-11-08,sorriso_mt,"Sorriso, MT",-12.5425,-55.7211,21.14,25.09,28.53,22.26,90.19,0.15,NASA_POWER
2021-11-09,sorriso_mt,"Sorriso, MT",-12.5425,-55.7211,16.26,24.56,27.61,22.42,92.67,0.05,NASA_POWER
2021-11-10,sorriso_mt,"Sorriso, MT",-12.5425,-55.7211,5.19,25.44,30.02,22.02,87.03,0.03,NASA_POWER
2021-11-11,sorriso_mt,"Sorriso, MT",-12.5425,-55.7211,0.92,24.71,28.12,21.99,85.39,0.03,NASA_POWER
2021-11-12,sorriso_mt,"Sorriso, MT",-12.5425,-55.7211,6.78,25.31,30.37,21.71,86.58,0.03,NASA_POWER
2021-11-13,sorriso_mt,"Sorriso, MT",-12.5425,-55.7211,8.27,24.91,27.94,22.63,88.22,0.06,NASA_POWER
2021-11-14,sorriso_mt,"Sorriso, MT",-12.5425,-55.7211,1.56,25.75,30.1,21.89,82.69,0.1,NASA_POWER
2021-11-15,sorriso_mt,"Sorriso, MT",-12.5425,-55.7211,11.43,24.51,27.27,22.87,91.24,0.07,NASA_POWER
2021-11-16,sorriso_mt,"Sorriso, MT",-12.5425,-55.7211,22.14,24.61,28.2,22.41,89.68,0.03,NASA_POWER
2021-11-17,sorriso_mt,"Sorriso, MT",-12.5425,-55.7211,12.93,24.1,27.26,21.96,93.12,0.08,NASA_POWER
2021-11-18,sorriso_mt,"Sorriso, MT",-12.5425,-55.7211,14.21,24.34,27.48,21.32,91.55,0.12,NASA_POWER
2021-11-19,sorriso_mt,"Sorriso, MT",-12.5425,-55.7211,9.3,24.1,27.47,21.19,91.76,0.05,NASA_POWER
2021-11-20,sorriso_mt,"Sorriso, MT",-12.5425,-55.7211,2.47,25.0,29.62,21.3,86.86,0.05,NASA_POWER
2021-11-21,sorriso_mt,"Sorriso, MT",-12.5425,-55.7211,9.16,24.91,27.6,22.58,89.2,0.15,NASA_POWER
2021-11-22,sorriso_mt,"Sorriso, MT",-12.5425,-55.7211,13.67,25.55,30.11,22.16,88.71,0.16,NASA_POWER
2021-11-23,sorriso_mt,"Sorriso, MT",-12.5425,-55.7211,2.25,25.11,28.15,22.71,92.68,0.14,NASA_POWER
2021-11-24,sorriso_mt,"Sorriso, MT",-12.5425,-55.7211,18.21,25.32,28.27,22.49,89.45,0.15,NASA_POWER
2021-11-25,sorriso_mt,"Sorriso, MT",-12.5425,-55.7211,12.24,25.21,28.9,21.83,90.88,0.16,NASA_POWER
2021-11-26,sorriso_mt,"Sorriso, MT",-12.5425,-55.7211,3.62,25.0,28.61,22.31,87.15,0.23,NASA_POWER
2021-11-27,sorriso_mt,"Sorriso, MT",-12.5425,-55.7211,2.31,25.56,29.7,20.85,86.39,0.1,NASA_POWER
2021-11-28,sorriso_mt,"Sorriso, MT",-12.5425,-55.7211,0.2,25.93,29.73,22.77,85.92,0.04,NASA_POWER
2021-11-29,sorriso_mt,"Sorriso, MT",-12.5425,-55.7211,2.61,24.88,27.42,22.59,90.64,0.08,NASA_POWER
2021-11-30,sorriso_mt,"Sorriso, MT",-12.5425,-55.7211,10.9,24.98,27.86,22.4,92.39,0.13,NASA_POWER
2021-12-01,sorriso_mt,"Sorriso, MT",-12.5425,-55.7211,6.29,25.26,28.88,22.72,89.83,0.15,NASA_POWER
2021-12-02,sorriso_mt,"Sorriso, MT",-12.5425,-55.7211,7.37,24.22,26.88,22.34,94.65,0.04,NASA_POWER
2021-12-03,sorriso_mt,"Sorriso, MT",-12.5425,-55.7211,18.57,24.39,26.1,22.11,96.97,0.14,NASA_POWER
2021-12-04,sorriso_mt,"Sorriso, MT",-12.5425,-55.7211,3.9,25.21,27.86,22.94,94.35,0.08,NASA_POWER
2021-12-05,sorriso_mt,"Sorriso, MT",-12.5425,-55.7211,29.59,24.88,27.32,23.43,94.86,0.15,NASA_POWER
2021-12-06,sorriso_mt,"Sorriso, MT",-12.5425,-55.7211,7.24,25.44,29.04,23.01,89.83,0.28,NASA_POWER
2021-12-07,sorriso_mt,"Sorriso, MT",-12.5425,-55.7211,7.73,25.54,28.91,22.63,92.95,0.08,NASA_POWER
2021-12-08,sorriso_mt,"Sorriso, MT",-12.5425,-55.7211,7.61,25.23,27.08,23.61,96.05,0.08,NASA_POWER
2021-12-09,sorriso_mt,"Sorriso, MT",-12.5425,-55.7211,3.87,25.45,29.22,22.53,90.99,0.02,NASA_POWER
2021-12-10,sorriso_mt,"Sorriso, MT",-12.5425,-55.7211,3.09,25.81,29.3,22.23,88.76,0.03,NASA_POWER
2021-12-11,sorriso_mt,"Sorriso, MT",-12.5425,-55.7211,5.51,25.4,28.45,23.4,92.58,0.08,NASA_POWER
2021-12-12,sorriso_mt,"Sorriso, MT",-12.5425,-55.7211,21.33,24.2,25.82,22.61,94.83,0.12,NASA_POWER
2021-12-13,sorriso_mt,"Sorriso, MT",-12.5425,-55.7211,5.6,24.73,28.39,21.98,90.54,0.03,NASA_POWER
2021-12-14,sorriso_mt,"Sorriso, MT",-12.5425,-55.7211,5.99,24.84,27.98,22.29,90.62,0.09,NASA_POWER
2021-12-15,sorriso_mt,"Sorriso, MT",-12.5425,-55.7211,8.7,24.37,26.73,22.48,95.51,0.1,NASA_POWER
2021-12-16,sorriso_mt,"Sorriso, MT",-12.5425,-55.7211,34.61,23.36,24.92,21.9,97.34,0.04,NASA_POWER
2021-12-17,sorriso_mt,"Sorriso, MT",-12.5425,-55.7211,7.95,24.62,28.21,21.14,91.1,0.13,NASA_POWER
2021-12-18,sorriso_mt,"Sorriso, MT",-12.5425,-55.7211,20.86,24.18,26.21,22.51,96.0,0.03,NASA_POWER
2021-12-19,sorriso_mt,"Sorriso, MT",-12.5425,-55.7211,5.55,25.18,28.5,21.95,88.77,0.12,NASA_POWER
2021-12-20,sorriso_mt,"Sorriso, MT",-12.5425,-55.7211,10.38,23.5,24.65,22.08,97.39,0.1,NASA_POWER
2021-12-21,sorriso_mt,"Sorriso, MT",-12.5425,-55.7211,36.27,24.76,28.04,21.61,92.76,0.16,NASA_POWER
2021-12-22,sorriso_mt,"Sorriso, MT",-12.5425,-55.7211,18.21,24.01,25.64,22.74,96.47,0.1,NASA_POWER
2021-12-23,sorriso_mt,"Sorriso, MT",-12.5425,-55.7211,4.82,24.22,27.54,21.62,91.99,0.03,NASA_POWER
2021-12-24,sorriso_mt,"Sorriso, MT",-12.5425,-55.7211,21.95,24.32,27.09,21.94,93.84,0.04,NASA_POWER
2021-12-25,sorriso_mt,"Sorriso, MT",-12.5425,-55.7211,5.28,24.37,27.39,22.34,93.74,0.03,NASA_POWER
2021-12-26,sorriso_mt,"Sorriso, MT",-12.5425,-55.7211,0.32,25.96,29.55,22.01,85.05,0.12,NASA_POWER
2021-12-27,sorriso_mt,"Sorriso, MT",-12.5425,-55.7211,2.09,26.0,29.6,22.43,86.77,0.11,NASA_POWER
2021-12-28,sorriso_mt,"Sorriso, MT",-12.5425,-55.7211,7.18,25.56,28.93,22.63,89.9,0.03,NASA_POWER
2021-12-29,sorriso_mt,"Sorriso, MT",-12.5425,-55.7211,5.07,24.02,26.14,22.61,95.76,0.04,NASA_POWER
2021-12-30,sorriso_mt,"Sorriso, MT",-12.5425,-55.7211,30.58,24.15,26.9,22.26,94.68,0.03,NASA_POWER
2021-12-31,sorriso_mt,"Sorriso, MT",-12.5425,-55.7211,6.93,23.59,26.2,21.57,93.0,0.04,NASA_POWER
2022-01-01,sorriso_mt,"Sorriso, MT",-12.5425,-55.7211,3.09,23.84,26.87,22.01,93.07,0.03,NASA_POWER
2022-01-02,sorriso_mt,"Sorriso, MT",-12.5425,-55.7211,4.65,24.87,28.44,21.43,89.87,0.03,NASA_POWER
2022-01-03,sorriso_mt,"Sorriso, MT",-12.5425,-55.7211,2.13,24.47,28.0,21.91,90.36,0.08,NASA_POWER
2022-01-04,sorriso_mt,"Sorriso, MT",-12.5425,-55.7211,3.86,24.22,27.14,21.41,90.58,0.06,NASA_POWER
2022-01-05,sorriso_mt,"Sorriso, MT",-12.5425,-55.7211,1.58,24.95,28.66,21.21,86.85,0.13,NASA_POWER
2022-01-06,sorriso_mt,"Sorriso, MT",-12.5425,-55.7211,8.79,24.77,28.09,21.62,89.44,0.1,NASA_POWER
2022-01-07,sorriso_mt,"Sorriso, MT",-12.5425,-55.7211,6.67,24.38,27.11,22.01,90.6,0.04,NASA_POWER
2022-01-08,sorriso_mt,"Sorriso, MT",-12.5425,-55.7211,7.38,23.93,26.45,22.45,94.76,0.04,NASA_POWER
2022-01-09,sorriso_mt,"Sorriso, MT",-12.5425,-55.7211,4.66,23.5,26.46,21.67,92.42,0.04,NASA_POWER
2022-01-10,sorriso_mt,"Sorriso, MT",-12.5425,-55.7211,9.21,23.92,27.13,21.0,91.96,0.05,NASA_POWER
2022-01-11,sorriso_mt,"Sorriso, MT",-12.5425,-55.7211,16.64,24.36,27.43,22.08,94.36,0.03,NASA_POWER
2022-01-12,sorriso_mt,"Sorriso, MT",-12.5425,-55.7211,12.54,23.24,24.7,22.03,97.18,0.04,NASA_POWER
2022-01-13,sorriso_mt,"Sorriso, MT",-12.5425,-55.7211,6.06,23.49,26.36,21.47,94.37,0.03,NASA_POWER
2022-01-14,sorriso_mt,"Sorriso, MT",-12.5425,-55.7211,1.8,24.53,28.41,20.91,90.27,0.04,NASA_POWER
2022-01-15,sorriso_mt,"Sorriso, MT",-12.5425,-55.7211,1.69,25.47,29.54,21.76,88.97,0.08,NASA_POWER
2022-01-16,sorriso_mt,"Sorriso, MT",-12.5425,-55.7211,1.02,24.83,27.98,22.01,88.12,0.28,NASA_POWER
2022-01-17,sorriso_mt,"Sorriso, MT",-12.5425,-55.7211,5.74,23.23,26.06,20.43,93.4,0.15,NASA_POWER
2022-01-18,sorriso_mt,"Sorriso, MT",-12.5425,-55.7211,0.21,24.9,29.16,20.85,87.17,0.02,NASA_POWER
2022-01-19,sorriso_mt,"Sorriso, MT",-12.5425,-55.7211,0.01,24.41,28.08,21.69,87.16,0.04,NASA_POWER
2022-01-20,sorriso_mt,"Sorriso, MT",-12.5425,-55.7211,0.5,24.32,28.51,20.88,85.85,0.07,NASA_POWER
2022-01-21,sorriso_mt,"Sorriso, MT",-12.5425,-55.7211,0.21,24.69,28.72,20.58,87.51,0.2,NASA_POWER
2022-01-22,sorriso_mt,"Sorriso, MT",-12.5425,-55.7211,0.35,25.28,28.99,22.06,87.49,0.25,NASA_POWER
2022-01-23,sorriso_mt,"Sorriso, MT",-12.5425,-55.7211,12.46,25.87,29.6,21.22,86.37,0.26,NASA_POWER
2022-01-24,sorriso_mt,"Sorriso, MT",-12.5425,-55.7211,4.51,26.02,29.77,22.97,88.42,0.19,NASA_POWER
2022-01-25,sorriso_mt,"Sorriso, MT",-12.5425,-55.7211,0.91,25.04,28.56,22.75,88.47,0.15,NASA_POWER
2022-01-26,sorriso_mt,"Sorriso, MT",-12.5425,-55.7211,14.33,23.76,25.96,21.59,95.82,0.11,NASA_POWER
2022-01-27,sorriso_mt,"Sorriso, MT",-12.5425,-55.7211,9.82,23.18,26.19,20.65,93.58,0.07,NASA_POWER
2022-01-28,sorriso_mt,"Sorriso, MT",-12.5425,-55.7211,8.28,23.33,25.74,20.74,93.48,0.12,NASA_POWER
2022-01-29,sorriso_mt,"Sorriso, MT",-12.5425,-55.7211,19.24,23.35,25.89,21.36,95.24,0.13,NASA_POWER
2022-01-30,sorriso_mt,"Sorriso, MT",-12.5425,-55.7211,9.81,23.01,25.07,21.09,95.22,0.04,NASA_POWER
2022-01-31,sorriso_mt,"Sorriso, MT",-12.5425,-55.7211,7.68,23.38,26.45,21.07,93.56,0.04,NASA_POWER
2022-02-01,sorriso_mt,"Sorriso, MT",-12.5425,-55.7211,8.24,23.35,26.46,20.88,92.39,0.03,NASA_POWER
2022-02-02,sorriso_mt,"Sorriso, MT",-12.5425,-55.7211,1.34,24.57,28.64,20.89,88.85,0.03,NASA_POWER
2022-02-03,sorriso_mt,"Sorriso, MT",-12.5425,-55.7211,1.35,25.04,28.37,21.95,86.29,0.08,NASA_POWER
2022-02-04,sorriso_mt,"Sorriso, MT",-12.5425,-55.7211,0.33,24.97,28.33,21.61,87.08,0.17,NASA_POWER
2022-02-05,sorriso_mt,"Sorriso, MT",-12.5425,-55.7211,3.28,25.32,28.95,21.3,85.3,0.19,NASA_POWER
2022-02-06,sorriso_mt,"Sorriso, MT",-12.5425,-55.7211,8.52,24.11,26.92,21.76,93.98,0.11,NASA_POWER
2022-02-07,sorriso_mt,"Sorriso, MT",-12.5425,-55.7211,0.69,24.28,28.42,20.95,88.05,0.09,NASA_POWER
2022-02-08,sorriso_mt,"Sorriso, MT",-12.5425,-55.7211,46.29,24.39,27.12,22.73,89.39,0.16,NASA_POWER
2022-02-09,sorriso_mt,"Sorriso, MT",-12.5425,-55.7211,19.83,23.59,26.16,22.09,92.61,0.14,NASA_POWER
2022-02-10,sorriso_mt,"Sorriso, MT",-12.5425,-55.7211,4.91,24.27,28.24,20.95,88.34,0.05,NASA_POWER
2022-02-11,sorriso_mt,"Sorriso, MT",-12.5425,-55.7211,10.12,24.46,27.65,21.47,92.27,0.03,NASA_POWER
2022-02-12,sorriso_mt,"Sorriso, MT",-12.5425,-55.7211,40.03,23.84,26.48,21.77,95.0,0.03,NASA_POWER
2022-02-13,sorriso_mt,"Sorriso, MT",-12.5425,-55.7211,11.8,24.3,27.76,21.44,92.06,0.03,NASA_POWER
2022-02-14,sorriso_mt,"Sorriso, MT",-12.5425,-55.7211,3.98,25.08,28.4,21.73,90.71,0.03,NASA_POWER
2022-02-15,sorriso_mt,"Sorriso, MT",-12.5425,-55.7211,1.84,24.31,26.94,22.3,89.77,0.14,NASA_POWER
2022-02-16,sorriso_mt,"Sorriso, MT",-12.5425,-55.7211,9.25,23.59,26.43,21.36,94.78,0.12,NASA_POWER
2022-02-17,sorriso_mt,"Sorriso, MT",-12.5425,-55.7211,4.96,23.58,26.9,21.37,92.75,0.05,NASA_POWER
2022-02-18,sorriso_mt,"Sorriso, MT",-12.5425,-55.7211,8.88,24.06,27.96,21.06,93.64,0.06,NASA_POWER
2022-02-19,sorriso_mt,"Sorriso, MT",-12.5425,-55.7211,34.52,23.19,25.7,21.61,94.68,0.06,NASA_POWER
2022-02-20,sorriso_mt,"Sorriso, MT",-12.5425,-55.7211,23.66,22.97,25.8,21.13,93.8,0.05,NASA_POWER
2022-02-21,sorriso_mt,"Sorriso, MT",-12.5425,-55.7211,9.68,22.89,25.05,21.14,95.46,0.03,NASA_POWER
2022-02-22,sorriso_mt,"Sorriso, MT",-12.5425,-55.7211,13.71,24.41,28.66,21.27,90.77,0.09,NASA_POWER
2022-02-23,sorriso_mt,"Sorriso, MT",-12.5425,-55.7211,6.19,24.52,27.98,21.95,88.95,0.25,NASA_POWER
2022-02-24,sorriso_mt,"Sorriso, MT",-12.5425,-55.7211,0.37,24.37,27.71,21.59,87.63,0.17,NASA_POWER
2022-02-25,sorriso_mt,"Sorriso, MT",-12.5425,-55.7211,0.66,25.23,29.51,20.69,87.97,0.15,NASA_POWER
2022-02-26,sorriso_mt,"Sorriso, MT",-12.5425,-55.7211,0.71,26.08,29.76,22.44,87.5,0.16,NASA_POWER
2022-02-27,sorriso_mt,"Sorriso, MT",-12.5425,-55.7211,0.26,25.45,28.18,22.73,90.8,0.18,NASA_POWER
2022-02-28,sorriso_mt,"Sorriso, MT",-12.5425,-55.7211,1.88,25.53,28.13,23.43,87.44,0.23,NASA_POWER
2022-03-01,sorriso_mt,"Sorriso, MT",-12.5425,-55.7211,1.38,25.46,28.81,22.26,86.88,0.25,NASA_POWER
2022-03-02,sorriso_mt,"Sorriso, MT",-12.5425,-55.7211,0.58,25.42,29.03,22.91,86.83,0.23,NASA_POWER
2022-03-03,sorriso_mt,"Sorriso, MT",-12.5425,-55.7211,20.66,23.99,27.36,22.0,92.24,0.03,NASA_POWER
2022-03-04,sorriso_mt,"Sorriso, MT",-12.5425,-55.7211,19.56,22.86,25.61,20.97,94.42,0.06,NASA_POWER
2022-03-05,sorriso_mt,"Sorriso, MT",-12.5425,-55.7211,8.39,23.7,27.74,19.94,89.17,0.12,NASA_POWER
2022-03-06,sorriso_mt,"Sorriso, MT",-12.5425,-55.7211,14.46,24.08,27.63,21.53,92.25,0.16,NASA_POWER
2022-03-07,sorriso_mt,"Sorriso, MT",-12.5425,-55.7211,7.46,23.49,26.33,21.53,94.93,0.04,NASA_POWER
2022-03-08,sorriso_mt,"Sorriso, MT",-12.5425,-55.7211,16.15,23.58,26.84,21.43,93.69,0.02,NASA_POWER
2022-03-09,sorriso_mt,"Sorriso, MT",-12.5425,-55.7211,9.94,22.98,25.22,21.2,97.05,0.1,NASA_POWER
2022-03-10,sorriso_mt,"Sorriso, MT",-12.5425,-55.7211,0.96,24.55,28.6,21.6,89.72,0.22,NASA_POWER
2022-03-11,sorriso_mt,"Sorriso, MT",-12.5425,-55.7211,21.03,24.93,28.78,21.48,91.19,0.15,NASA_POWER
2022-03-12,sorriso_mt,"Sorriso, MT",-12.5425,-55.7211,29.13,24.61,26.97,22.59,94.17,0.13,NASA_POWER
2022-03-13,sorriso_mt,"Sorriso, MT",-12.5425,-55.7211,10.27,24.78,28.03,21.98,89.92,0.25,NASA_POWER
2022-03-14,sorriso_mt,"Sorriso, MT",-12.5425,-55.7211,8.01,24.82,28.38,21.69,85.26,0.19,NASA_POWER
2022-03-15,sorriso_mt,"Sorriso, MT",-12.5425,-55.7211,11.62,23.69,26.76,21.77,90.56,0.15,NASA_POWER
2022-03-16,sorriso_mt,"Sorriso, MT",-12.5425,-55.7211,2.08,24.33,27.33,21.78,90.65,0.21,NASA_POWER
2022-03-17,sorriso_mt,"Sorriso, MT",-12.5425,-55.7211,4.5,24.14,26.72,21.3,94.01,0.13,NASA_POWER
2022-03-18,sorriso_mt,"Sorriso, MT",-12.5425,-55.7211,4.45,24.73,28.27,21.75,91.76,0.05,NASA_POWER
2022-03-19,sorriso_mt,"Sorriso, MT",-12.5425,-55.7211,5.16,25.32,29.07,21.38,87.8,0.22,NASA_POWER
2022-03-20,sorriso_mt,"Sorriso, MT",-12.5425,-55.7211,9.45,24.85,27.54,22.7,89.46,0.16,NASA_POWER
2022-03-21,sorriso_mt,"Sorriso, MT",-12.5425,-55.7211,6.34,24.68,28.05,22.26,89.32,0.18,NASA_POWER
2022-03-22,sorriso_mt,"Sorriso, MT",-12.5425,-55.7211,0.71,24.76,28.29,22.14,90.61,0.14,NASA_POWER
2022-03-23,sorriso_mt,"Sorriso, MT",-12.5425,-55.7211,1.14,24.95,28.32,22.13,92.23,0.12,NASA_POWER
2022-03-24,sorriso_mt,"Sorriso, MT",-12.5425,-55.7211,9.47,24.62,27.83,22.22,92.98,0.06,NASA_POWER
2022-03-25,sorriso_mt,"Sorriso, MT",-12.5425,-55.7211,4.16,24.02,26.86,22.27,94.21,0.09,NASA_POWER
2022-03-26,sorriso_mt,"Sorriso, MT",-12.5425,-55.7211,0.43,25.16,29.25,21.43,89.39,0.06,NASA_POWER
2022-03-27,sorriso_mt,"Sorriso, MT",-12.5425,-55.7211,34.64,24.86,27.67,22.23,91.99,0.16,NASA_POWER
2022-03-28,sorriso_mt,"Sorriso, MT",-12.5425,-55.7211,16.9,24.66,28.39,22.28,91.99,0.08,NASA_POWER
2022-03-29,sorriso_mt,"Sorriso, MT",-12.5425,-55.7211,7.85,24.51,28.46,21.17,91.04,0.17,NASA_POWER
2022-03-30,sorriso_mt,"Sorriso, MT",-12.5425,-55.7211,9.93,23.85,26.9,21.77,91.56,0.14,NASA_POWER
2022-03-31,sorriso_mt,"Sorriso, MT",-12.5425,-55.7211,21.55,23.56,26.67,21.73,90.33,0.03,NASA_POWER
2022-04-01,sorriso_mt,"Sorriso, MT",-12.5425,-55.7211,3.8,23.42,27.91,20.04,90.01,0.03,NASA_POWER
2022-04-02,sorriso_mt,"Sorriso, MT",-12.5425,-55.7211,4.0,23.97,28.26,20.28,89.06,0.14,NASA_POWER
2022-04-03,sorriso_mt,"Sorriso, MT",-12.5425,-55.7211,1.83,24.92,28.6,21.5,88.81,0.16,NASA_POWER
2022-04-04,sorriso_mt,"Sorriso, MT",-12.5425,-55.7211,0.26,24.71,28.68,20.75,87.23,0.19,NASA_POWER
2022-04-05,sorriso_mt,"Sorriso, MT",-12.5425,-55.7211,3.71,23.44,26.59,21.01,93.25,0.15,NASA_POWER
2022-04-06,sorriso_mt,"Sorriso, MT",-12.5425,-55.7211,2.2,24.59,28.83,20.53,91.16,0.16,NASA_POWER
2022-04-07,sorriso_mt,"Sorriso, MT",-12.5425,-55.7211,0.29,24.82,29.22,20.61,89.0,0.19,NASA_POWER
2022-04-08,sorriso_mt,"Sorriso, MT",-12.5425,-55.7211,13.8,24.83,28.59,21.74,92.09,0.11,NASA_POWER
2022-04-09,sorriso_mt,"Sorriso, MT",-12.5425,-55.7211,0.06,25.11,28.54,22.05,90.46,0.24,NASA_POWER
2022-04-10,sorriso_mt,"Sorriso, MT",-12.5425,-55.7211,0.01,25.37,29.19,21.87,87.94,0.17,NASA_POWER
2022-04-11,sorriso_mt,"Sorriso, MT",-12.5425,-55.7211,0.12,25.24,29.15,21.91,89.36,0.08,NASA_POWER
2022-04-12,sorriso_mt,"Sorriso, MT",-12.5425,-55.7211,3.9,25.34,29.04,21.74,90.58,0.14,NASA_POWER
2022-04-13,sorriso_mt,"Sorriso, MT",-12.5425,-55.7211,2.58,25.54,29.25,22.44,88.46,0.2,NASA_POWER
2022-04-14,sorriso_mt,"Sorriso, MT",-12.5425,-55.7211,2.12,25.09,28.84,21.79,89.97,0.12,NASA_POWER
2022-04-15,sorriso_mt,"Sorriso, MT",-12.5425,-55.7211,2.74,25.02,28.31,22.61,89.19,0.15,NASA_POWER
2022-04-16,sorriso_mt,"Sorriso, MT",-12.5425,-55.7211,13.17,24.61,27.57,22.03,92.7,0.17,NASA_POWER
2022-04-17,sorriso_mt,"Sorriso, MT",-12.5425,-55.7211,1.79,23.64,26.39,20.93,92.02,0.05,NASA_POWER
2022-04-18,sorriso_mt,"Sorriso, MT",-12.5425,-55.7211,0.5,23.19,27.5,19.68,88.12,0.21,NASA_POWER
2022-04-19,sorriso_mt,"Sorriso, MT",-12.5425,-55.7211,0.23,23.88,28.84,19.12,89.39,0.08,NASA_POWER
2022-04-20,sorriso_mt,"Sorriso, MT",-12.5425,-55.7211,0.52,24.88,28.75,20.89,89.38,0.11,NASA_POWER
2022-04-21,sorriso_mt,"Sorriso, MT",-12.5425,-55.7211,0.1,24.89,28.8,21.79,89.07,0.11,NASA_POWER
2022-04-22,sorriso_mt,"Sorriso, MT",-12.5425,-55.7211,0.05,24.68,28.5,20.67,90.5,0.21,NASA_POWER
2022-04-23,sorriso_mt,"Sorriso, MT",-12.5425,-55.7211,0.13,24.96,28.35,22.66,90.32,0.04,NASA_POWER
2022-04-24,sorriso_mt,"Sorriso, MT",-12.5425,-55.7211,1.48,24.81,28.4,21.36,90.11,0.03,NASA_POWER
2022-04-25,sorriso_mt,"Sorriso, MT",-12.5425,-55.7211,0.37,25.31,28.87,22.28,90.13,0.03,NASA_POWER
2022-04-26,sorriso_mt,"Sorriso, MT",-12.5425,-55.7211,0.02,24.72,28.6,21.65,88.59,0.04,NASA_POWER
2022-04-27,sorriso_mt,"Sorriso, MT",-12.5425,-55.7211,0.03,24.03,28.09,20.14,86.36,0.06,NASA_POWER
2022-04-28,sorriso_mt,"Sorriso, MT",-12.5425,-55.7211,0.07,23.77,28.23,19.48,88.03,0.03,NASA_POWER
2022-04-29,sorriso_mt,"Sorriso, MT",-12.5425,-55.7211,0.06,23.78,28.18,19.94,88.96,0.1,NASA_POWER
2022-04-30,sorriso_mt,"Sorriso, MT",-12.5425,-55.7211,0.0,23.65,28.34,19.79,88.7,0.11,NASA_POWER
2022-05-01,sorriso_mt,"Sorriso, MT",-12.5425,-55.7211,0.0,23.59,28.46,18.89,88.96,0.11,NASA_POWER
2022-05-02,sorriso_mt,"Sorriso, MT",-12.5425,-55.7211,0.0,23.59,28.32,18.61,89.35,0.09,NASA_POWER
2022-05-03,sorriso_mt,"Sorriso, MT",-12.5425,-55.7211,0.0,24.18,28.5,19.78,88.83,0.09,NASA_POWER
2022-05-04,sorriso_mt,"Sorriso, MT",-12.5425,-55.7211,0.0,23.0,26.4,20.38,86.0,0.03,NASA_POWER
2022-05-05,sorriso_mt,"Sorriso, MT",-12.5425,-55.7211,0.0,21.66,25.68,18.21,84.35,0.03,NASA_POWER
2022-05-06,sorriso_mt,"Sorriso, MT",-12.5425,-55.7211,0.0,22.29,26.95,18.05,85.82,0.04,NASA_POWER
2022-05-07,sorriso_mt,"Sorriso, MT",-12.5425,-55.7211,0.0,22.43,26.92,18.64,86.33,0.07,NASA_POWER
2022-05-08,sorriso_mt,"Sorriso, MT",-12.5425,-55.7211,0.0,23.09,27.69,18.48,87.81,0.05,NASA_POWER
2022-05-09,sorriso_mt,"Sorriso, MT",-12.5425,-55.7211,0.02,24.17,28.54,20.16,89.38,0.07,NASA_POWER
2022-05-10,sorriso_mt,"Sorriso, MT",-12.5425,-55.7211,0.0,24.07,28.44,20.54,89.59,0.1,NASA_POWER
2022-05-11,sorriso_mt,"Sorriso, MT",-12.5425,-55.7211,0.0,23.91,28.27,20.22,89.2,0.16,NASA_POWER
2022-05-12,sorriso_mt,"Sorriso, MT",-12.5425,-55.7211,0.01,23.2,27.24,20.4,90.6,0.05,NASA_POWER
2022-05-13,sorriso_mt,"Sorriso, MT",-12.5425,-55.7211,0.0,22.97,27.64,18.99,90.25,0.15,NASA_POWER
2022-05-14,sorriso_mt,"Sorriso, MT",-12.5425,-55.7211,0.0,24.09,28.67,19.45,89.15,0.17,NASA_POWER
2022-05-15,sorriso_mt,"Sorriso, MT",-12.5425,-55.7211,4.73,24.74,28.87,20.51,91.1,0.13,NASA_POWER
2022-05-16,sorriso_mt,"Sorriso, MT",-12.5425,-55.7211,2.61,24.06,28.06,21.01,88.73,0.08,NASA_POWER
2022-05-17,sorriso_mt,"Sorriso, MT",-12.5425,-55.7211,0.0,19.82,23.13,17.21,72.03,0.04,NASA_POWER
2022-05-18,sorriso_mt,"Sorriso, MT",-12.5425,-55.7211,0.0,16.08,19.52,12.17,61.89,0.04,NASA_POWER
2022-05-19,sorriso_mt,"Sorriso, MT",-12.5425,-55.7211,0.0,13.8,19.47,9.37,75.78,0.13,NASA_POWER
2022-05-20,sorriso_mt,"Sorriso, MT",-12.5425,-55.7211,0.0,15.04,21.71,8.74,82.15,0.19,NASA_POWER
2022-05-21,sorriso_mt,"Sorriso, MT",-12.5425,-55.7211,0.0,17.15,23.69,10.63,84.67,0.2,NASA_POWER
2022-05-22,sorriso_mt,"Sorriso, MT",-12.5425,-55.7211,0.0,18.03,24.52,11.72,85.83,0.27,NASA_POWER
2022-05-23,sorriso_mt,"Sorriso, MT",-12.5425,-55.7211,0.0,18.71,25.28,13.02,85.98,0.28,NASA_POWER
2022-05-24,sorriso_mt,"Sorriso, MT",-12.5425,-55.7211,0.0,20.2,26.68,13.06,87.25,0.22,NASA_POWER
2022-05-25,sorriso_mt,"Sorriso, MT",-12.5425,-55.7211,0.0,22.43,27.93,17.78,87.88,0.07,NASA_POWER
2022-05-26,sorriso_mt,"Sorriso, MT",-12.5425,-55.7211,0.0,21.98,26.87,18.27,86.18,0.04,NASA_POWER
2022-05-27,sorriso_mt,"Sorriso, MT",-12.5425,-55.7211,0.0,22.64,28.06,18.39,87.26,0.04,NASA_POWER
2022-05-28,sorriso_mt,"Sorriso, MT",-12.5425,-55.7211,0.0,23.68,28.85,18.69,86.37,0.06,NASA_POWER
2022-05-29,sorriso_mt,"Sorriso, MT",-12.5425,-55.7211,0.0,24.05,29.33,19.96,85.31,0.11,NASA_POWER
2022-05-30,sorriso_mt,"Sorriso, MT",-12.5425,-55.7211,0.0,23.29,29.12,18.59,85.05,0.24,NASA_POWER
2022-05-31,sorriso_mt,"Sorriso, MT",-12.5425,-55.7211,0.0,22.68,29.02,16.9,83.47,0.29,NASA_POWER
2022-06-01,sorriso_mt,"Sorriso, MT",-12.5425,-55.7211,0.0,23.21,29.65,17.07,81.5,0.2,NASA_POWER
2022-06-02,sorriso_mt,"Sorriso, MT",-12.5425,-55.7211,0.0,24.01,30.06,18.96,80.81,0.17,NASA_POWER
2022-06-03,sorriso_mt,"Sorriso, MT",-12.5425,-55.7211,0.0,24.03,29.29,20.36,78.5,0.1,NASA_POWER
2022-06-04,sorriso_mt,"Sorriso, MT",-12.5425,-55.7211,0.0,23.37,29.59,18.84,80.04,0.11,NASA_POWER
2022-06-05,sorriso_mt,"Sorriso, MT",-12.5425,-55.7211,0.0,23.67,30.12,18.37,79.02,0.18,NASA_POWER
2022-06-06,sorriso_mt,"Sorriso, MT",-12.5425,-55.7211,0.0,24.44,30.49,19.04,78.86,0.13,NASA_POWER
2022-06-07,sorriso_mt,"Sorriso, MT",-12.5425,-55.7211,0.0,24.35,30.2,19.97,80.82,0.18,NASA_POWER
2022-06-08,sorriso_mt,"Sorriso, MT",-12.5425,-55.7211,0.06,24.74,30.85,20.33,78.69,0.21,NASA_POWER
2022-06-09,sorriso_mt,"Sorriso, MT",-12.5425,-55.7211,1.14,24.32,30.44,19.35,79.59,0.21,NASA_POWER
2022-06-10,sorriso_mt,"Sorriso, MT",-12.5425,-55.7211,2.63,22.28,25.87,20.41,89.73,0.1,NASA_POWER
2022-06-11,sorriso_mt,"Sorriso, MT",-12.5425,-55.7211,3.6,21.57,25.98,18.98,85.31,0.03,NASA_POWER
2022-06-12,sorriso_mt,"Sorriso, MT",-12.5425,-55.7211,0.0,21.26,25.89,18.0,80.15,0.03,NASA_POWER
2022-06-13,sorriso_mt,"Sorriso, MT",-12.5425,-55.7211,0.0,20.74,26.29,16.41,73.0,0.03,NASA_POWER
2022-06-14,sorriso_mt,"Sorriso, MT",-12.5425,-55.7211,0.0,21.48,28.56,16.35,74.74,0.12,NASA_POWER
2022-06-15,sorriso_mt,"Sorriso, MT",-12.5425,-55.7211,0.0,23.01,30.37,16.09,74.56,0.26,NASA_POWER
2022-06-16,sorriso_mt,"Sorriso, MT",-12.5425,-55.7211,0.0,24.33,30.56,18.84,76.63,0.18,NASA_POWER
2022-06-17,sorriso_mt,"Sorriso, MT",-12.5425,-55.7211,0.0,24.76,31.56,19.43,75.96,0.25,NASA_POWER
2022-06-18,sorriso_mt,"Sorriso, MT",-12.5425,-55.7211,0.0,24.02,30.79,18.08,77.26,0.18,NASA_POWER
2022-06-19,sorriso_mt,"Sorriso, MT",-12.5425,-55.7211,0.0,23.89,31.4,18.43,72.93,0.14,NASA_POWER
2022-06-20,sorriso_mt,"Sorriso, MT",-12.5425,-55.7211,0.0,23.69,31.27,16.75,66.63,0.32,NASA_POWER
2022-06-21,sorriso_mt,"Sorriso, MT",-12.5425,-55.7211,0.0,23.85,31.32,16.78,67.68,0.27,NASA_POWER
2022-06-22,sorriso_mt,"Sorriso, MT",-12.5425,-55.7211,0.0,23.91,31.22,16.97,68.02,0.33,NASA_POWER
2022-06-23,sorriso_mt,"Sorriso, MT",-12.5425,-55.7211,0.0,24.65,31.31,17.69,66.07,0.29,NASA_POWER
2022-06-24,sorriso_mt,"Sorriso, MT",-12.5425,-55.7211,0.0,24.14,31.52,18.38,68.26,0.26,NASA_POWER
2022-06-25,sorriso_mt,"Sorriso, MT",-12.5425,-55.7211,0.0,23.88,31.45,18.41,64.23,0.04,NASA_POWER
2022-06-26,sorriso_mt,"Sorriso, MT",-12.5425,-55.7211,0.0,22.93,30.75,16.72,66.36,0.15,NASA_POWER
2022-06-27,sorriso_mt,"Sorriso, MT",-12.5425,-55.7211,0.0,22.94,31.37,15.82,60.3,0.19,NASA_POWER
2022-06-28,sorriso_mt,"Sorriso, MT",-12.5425,-55.7211,0.0,23.42,31.91,15.24,58.06,0.27,NASA_POWER
2022-06-29,sorriso_mt,"Sorriso, MT",-12.5425,-55.7211,0.0,22.86,31.26,15.65,62.74,0.16,NASA_POWER
2022-06-30,sorriso_mt,"Sorriso, MT",-12.5425,-55.7211,0.0,23.41,32.02,16.63,62.31,0.14,NASA_POWER
2022-07-01,sorriso_mt,"Sorriso, MT",-12.5425,-55.7211,0.0,24.48,32.73,17.0,59.54,0.25,NASA_POWER
2022-07-02,sorriso_mt,"Sorriso, MT",-12.5425,-55.7211,0.0,25.07,32.93,18.0,61.81,0.33,NASA_POWER
2022-07-03,sorriso_mt,"Sorriso, MT",-12.5425,-55.7211,0.0,25.35,33.15,18.39,59.58,0.27,NASA_POWER
2022-07-04,sorriso_mt,"Sorriso, MT",-12.5425,-55.7211,0.0,24.52,32.3,18.4,59.95,0.24,NASA_POWER
2022-07-05,sorriso_mt,"Sorriso, MT",-12.5425,-55.7211,0.0,23.37,32.08,16.15,56.57,0.27,NASA_POWER
2022-07-06,sorriso_mt,"Sorriso, MT",-12.5425,-55.7211,0.0,24.02,32.41,15.66,50.89,0.21,NASA_POWER
2022-07-07,sorriso_mt,"Sorriso, MT",-12.5425,-55.7211,0.0,24.51,32.76,17.14,58.74,0.33,NASA_POWER
2022-07-08,sorriso_mt,"Sorriso, MT",-12.5425,-55.7211,0.0,25.34,33.04,19.14,58.03,0.19,NASA_POWER
2022-07-09,sorriso_mt,"Sorriso, MT",-12.5425,-55.7211,0.0,25.42,33.77,18.64,56.89,0.24,NASA_POWER
2022-07-10,sorriso_mt,"Sorriso, MT",-12.5425,-55.7211,0.0,25.22,33.31,16.96,52.19,0.22,NASA_POWER
2022-07-11,sorriso_mt,"Sorriso, MT",-12.5425,-55.7211,0.01,24.51,33.01,17.48,55.79,0.19,NASA_POWER
2022-07-12,sorriso_mt,"Sorriso, MT",-12.5425,-55.7211,0.02,25.15,34.1,18.85,51.64,0.27,NASA_POWER
2022-07-13,sorriso_mt,"Sorriso, MT",-12.5425,-55.7211,0.01,24.63,33.43,17.42,56.5,0.13,NASA_POWER
2022-07-14,sorriso_mt,"Sorriso, MT",-12.5425,-55.7211,0.01,25.85,34.36,18.38,52.17,0.3,NASA_POWER
2022-07-15,sorriso_mt,"Sorriso, MT",-12.5425,-55.7211,0.0,25.71,33.97,18.05,57.15,0.22,NASA_POWER
2022-07-16,sorriso_mt,"Sorriso, MT",-12.5425,-55.7211,0.0,26.88,34.64,20.21,57.91,0.25,NASA_POWER
2022-07-17,sorriso_mt,"Sorriso, MT",-12.5425,-55.7211,0.0,25.99,34.17,19.28,55.41,0.29,NASA_POWER
2022-07-18,sorriso_mt,"Sorriso, MT",-12.5425,-55.7211,0.0,25.38,33.45,18.56,47.17,0.25,NASA_POWER
2022-07-19,sorriso_mt,"Sorriso, MT",-12.5425,-55.7211,0.0,24.74,33.32,16.73,47.4,0.21,NASA_POWER
2022-07-20,sorriso_mt,"Sorriso, MT",-12.5425,-55.7211,0.0,25.35,33.51,17.03,48.2,0.27,NASA_POWER
2022-07-21,sorriso_mt,"Sorriso, MT",-12.5425,-55.7211,0.0,25.91,34.5,17.24,48.07,0.22,NASA_POWER
2022-07-22,sorriso_mt,"Sorriso, MT",-12.5425,-55.7211,0.0,26.2,34.71,17.78,45.8,0.3,NASA_POWER
2022-07-23,sorriso_mt,"Sorriso, MT",-12.5425,-55.7211,0.0,26.29,33.95,17.8,47.1,0.34,NASA_POWER
2022-07-24,sorriso_mt,"Sorriso, MT",-12.5425,-55.7211,0.0,26.38,34.27,18.27,48.9,0.36,NASA_POWER
2022-07-25,sorriso_mt,"Sorriso, MT",-12.5425,-55.7211,0.0,26.3,34.82,19.48,47.69,0.28,NASA_POWER
2022-07-26,sorriso_mt,"Sorriso, MT",-12.5425,-55.7211,0.0,25.83,34.79,17.43,50.13,0.33,NASA_POWER
2022-07-27,sorriso_mt,"Sorriso, MT",-12.5425,-55.7211,0.0,25.73,34.16,17.92,47.13,0.26,NASA_POWER
2022-07-28,sorriso_mt,"Sorriso, MT",-12.5425,-55.7211,0.0,25.56,34.49,17.53,45.27,0.29,NASA_POWER
2022-07-29,sorriso_mt,"Sorriso, MT",-12.5425,-55.7211,0.0,26.71,34.98,19.72,37.36,0.32,NASA_POWER
2022-07-30,sorriso_mt,"Sorriso, MT",-12.5425,-55.7211,0.0,24.42,34.48,16.37,51.56,0.16,NASA_POWER
2022-07-31,sorriso_mt,"Sorriso, MT",-12.5425,-55.7211,0.1,25.67,35.84,16.64,43.52,0.19,NASA_POWER
2022-08-01,sorriso_mt,"Sorriso, MT",-12.5425,-55.7211,0.0,25.99,36.05,18.31,40.13,0.23,NASA_POWER
2022-08-02,sorriso_mt,"Sorriso, MT",-12.5425,-55.7211,0.0,26.03,35.84,17.73,38.46,0.22,NASA_POWER
2022-08-03,sorriso_mt,"Sorriso, MT",-12.5425,-55.7211,0.0,26.2,34.69,18.47,39.27,0.35,NASA_POWER
2022-08-04,sorriso_mt,"Sorriso, MT",-12.5425,-55.7211,0.0,27.6,36.1,18.81,40.68,0.21,NASA_POWER
2022-08-05,sorriso_mt,"Sorriso, MT",-12.5425,-55.7211,0.0,27.72,36.33,21.55,41.41,0.21,NASA_POWER
2022-08-06,sorriso_mt,"Sorriso, MT",-12.5425,-55.7211,0.01,27.33,35.58,19.02,43.92,0.25,NASA_POWER
2022-08-07,sorriso_mt,"Sorriso, MT",-12.5425,-55.7211,0.32,29.93,37.12,23.12,47.18,0.16,NASA_POWER
2022-08-08,sorriso_mt,"Sorriso, MT",-12.5425,-55.7211,1.33,28.38,34.91,23.38,56.55,0.03,NASA_POWER
2022-08-09,sorriso_mt,"Sorriso, MT",-12.5425,-55.7211,0.94,28.5,36.78,21.55,51.94,0.04,NASA_POWER
2022-08-10,sorriso_mt,"Sorriso, MT",-12.5425,-55.7211,1.12,22.27,29.62,15.7,60.7,0.05,NASA_POWER
2022-08-11,sorriso_mt,"Sorriso, MT",-12.5425,-55.7211,0.0,23.34,32.48,16.41,40.34,0.05,NASA_POWER
2022-08-12,sorriso_mt,"Sorriso, MT",-12.5425,-55.7211,0.0,25.25,34.58,16.84,44.25,0.16,NASA_POWER
2022-08-13,sorriso_mt,"Sorriso, MT",-12.5425,-55.7211,0.0,26.91,36.72,17.98,37.82,0.23,NASA_POWER
2022-08-14,sorriso_mt,"Sorriso, MT",-12.5425,-55.7211,0.0,27.74,36.25,19.38,40.11,0.21,NASA_POWER
2022-08-15,sorriso_mt,"Sorriso, MT",-12.5425,-55.7211,0.0,29.54,36.29,24.12,39.53,0.04,NASA_POWER
2022-08-16,sorriso_mt,"Sorriso, MT",-12.5425,-55.7211,0.0,28.78,35.44,23.33,43.9,0.2,NASA_POWER
2022-08-17,sorriso_mt,"Sorriso, MT",-12.5425,-55.7211,0.0,29.29,37.35,21.73,36.5,0.03,NASA_POWER
2022-08-18,sorriso_mt,"Sorriso, MT",-12.5425,-55.7211,0.0,29.23,37.74,21.61,37.68,0.04,NASA_POWER
2022-08-19,sorriso_mt,"Sorriso, MT",-12.5425,-55.7211,0.0,23.3,29.33,19.15,58.62,0.07,NASA_POWER
2022-08-20,sorriso_mt,"Sorriso, MT",-12.5425,-55.7211,0.0,23.76,33.06,15.65,38.72,0.04,NASA_POWER
2022-08-21,sorriso_mt,"Sorriso, MT",-12.5425,-55.7211,0.0,26.35,34.98,17.9,41.49,0.04,NASA_POWER
2022-08-22,sorriso_mt,"Sorriso, MT",-12.5425,-55.7211,0.0,27.71,34.92,21.94,31.66,0.04,NASA_POWER
2022-08-23,sorriso_mt,"Sorriso, MT",-12.5425,-55.7211,0.0,26.84,35.11,19.77,31.26,0.07,NASA_POWER
2022-08-24,sorriso_mt,"Sorriso, MT",-12.5425,-55.7211,0.0,27.63,36.12,20.51,33.43,0.05,NASA_POWER
2022-08-25,sorriso_mt,"Sorriso, MT",-12.5425,-55.7211,0.0,28.2,36.33,20.19,35.46,0.19,NASA_POWER
2022-08-26,sorriso_mt,"Sorriso, MT",-12.5425,-55.7211,0.0,28.45,35.68,22.69,37.97,0.23,NASA_POWER
2022-08-27,sorriso_mt,"Sorriso, MT",-12.5425,-55.7211,0.0,28.83,36.95,20.94,36.12,0.14,NASA_POWER
2022-08-28,sorriso_mt,"Sorriso, MT",-12.5425,-55.7211,0.0,29.81,36.52,23.47,31.32,0.04,NASA_POWER
2022-08-29,sorriso_mt,"Sorriso, MT",-12.5425,-55.7211,0.0,29.69,37.03,23.28,32.68,0.05,NASA_POWER
2022-08-30,sorriso_mt,"Sorriso, MT",-12.5425,-55.7211,0.0,28.29,36.85,21.18,34.34,0.26,NASA_POWER
2022-08-31,sorriso_mt,"Sorriso, MT",-12.5425,-55.7211,0.0,29.15,37.91,21.03,29.72,0.14,NASA_POWER
2022-09-01,sorriso_mt,"Sorriso, MT",-12.5425,-55.7211,0.0,29.98,37.54,24.43,29.21,0.04,NASA_POWER
2022-09-02,sorriso_mt,"Sorriso, MT",-12.5425,-55.7211,0.0,29.04,37.47,22.2,28.84,0.07,NASA_POWER
2022-09-03,sorriso_mt,"Sorriso, MT",-12.5425,-55.7211,0.0,28.65,37.06,22.02,24.18,0.15,NASA_POWER
2022-09-04,sorriso_mt,"Sorriso, MT",-12.5425,-55.7211,0.0,27.74,36.93,19.56,30.96,0.13,NASA_POWER
2022-09-05,sorriso_mt,"Sorriso, MT",-12.5425,-55.7211,0.08,28.62,38.45,19.17,31.83,0.15,NASA_POWER
2022-09-06,sorriso_mt,"Sorriso, MT",-12.5425,-55.7211,0.0,29.77,38.21,21.76,28.62,0.14,NASA_POWER
2022-09-07,sorriso_mt,"Sorriso, MT",-12.5425,-55.7211,0.0,31.2,38.51,24.19,30.72,0.04,NASA_POWER
2022-09-08,sorriso_mt,"Sorriso, MT",-12.5425,-55.7211,0.07,31.05,37.22,26.24,35.51,0.19,NASA_POWER
2022-09-09,sorriso_mt,"Sorriso, MT",-12.5425,-55.7211,0.27,30.32,38.04,23.05,34.39,0.26,NASA_POWER
2022-09-10,sorriso_mt,"Sorriso, MT",-12.5425,-55.7211,0.0,30.5,39.22,21.95,27.17,0.22,NASA_POWER
2022-09-11,sorriso_mt,"Sorriso, MT",-12.5425,-55.7211,0.0,29.72,38.96,21.33,27.73,0.21,NASA_POWER
2022-09-12,sorriso_mt,"Sorriso, MT",-12.5425,-55.7211,0.0,30.6,39.12,22.83,24.5,0.45,NASA_POWER
2022-09-13,sorriso_mt,"Sorriso, MT",-12.5425,-55.7211,0.0,29.81,37.46,23.22,30.27,0.43,NASA_POWER
2022-09-14,sorriso_mt,"Sorriso, MT",-12.5425,-55.7211,0.12,30.8,37.76,23.89,39.7,0.13,NASA_POWER
2022-09-15,sorriso_mt,"Sorriso, MT",-12.5425,-55.7211,0.0,28.7,34.34,23.7,50.68,0.05,NASA_POWER
2022-09-16,sorriso_mt,"Sorriso, MT",-12.5425,-55.7211,0.0,30.18,37.85,22.98,40.61,0.03,NASA_POWER
2022-09-17,sorriso_mt,"Sorriso, MT",-12.5425,-55.7211,0.0,32.2,38.74,26.36,35.33,0.18,NASA_POWER
2022-09-18,sorriso_mt,"Sorriso, MT",-12.5425,-55.7211,0.66,31.48,38.51,24.76,40.48,0.08,NASA_POWER
2022-09-19,sorriso_mt,"Sorriso, MT",-12.5425,-55.7211,1.7,29.81,36.34,23.92,58.4,0.04,NASA_POWER
2022-09-20,sorriso_mt,"Sorriso, MT",-12.5425,-55.7211,17.38,29.99,37.29,24.7,56.58,0.18,NASA_POWER
2022-09-21,sorriso_mt,"Sorriso, MT",-12.5425,-55.7211,9.72,28.14,35.45,23.26,69.03,0.02,NASA_POWER
2022-09-22,sorriso_mt,"Sorriso, MT",-12.5425,-55.7211,1.65,28.2,35.64,22.34,69.83,0.06,NASA_POWER
2022-09-23,sorriso_mt,"Sorriso, MT",-12.5425,-55.7211,6.53,25.84,31.97,21.16,75.71,0.04,NASA_POWER
2022-09-24,sorriso_mt,"Sorriso, MT",-12.5425,-55.7211,0.97,27.58,33.91,23.09,65.78,0.1,NASA_POWER
2022-09-25,sorriso_mt,"Sorriso, MT",-12.5425,-55.7211,3.76,28.59,36.59,21.6,60.63,0.05,NASA_POWER
2022-09-26,sorriso_mt,"Sorriso, MT",-12.5425,-55.7211,5.32,29.0,36.16,21.91,62.46,0.1,NASA_POWER
2022-09-27,sorriso_mt,"Sorriso, MT",-12.5425,-55.7211,1.54,29.48,35.64,23.52,59.9,0.04,NASA_POWER
2022-09-28,sorriso_mt,"Sorriso, MT",-12.5425,-55.7211,0.42,28.92,36.24,23.5,63.63,0.02,NASA_POWER
2022-09-29,sorriso_mt,"Sorriso, MT",-12.5425,-55.7211,0.23,28.62,37.12,22.3,61.81,0.03,NASA_POWER
2022-09-30,sorriso_mt,"Sorriso, MT",-12.5425,-55.7211,0.0,28.96,37.23,22.05,56.85,0.03,NASA_POWER
2022-10-01,sorriso_mt,"Sorriso, MT",-12.5425,-55.7211,0.3,29.77,38.12,23.48,56.52,0.03,NASA_POWER
2022-10-02,sorriso_mt,"Sorriso, MT",-12.5425,-55.7211,1.07,29.92,37.69,24.22,59.02,0.03,NASA_POWER
2022-10-03,sorriso_mt,"Sorriso, MT",-12.5425,-55.7211,9.34,28.3,34.87,22.72,70.44,0.05,NASA_POWER
2022-10-04,sorriso_mt,"Sorriso, MT",-12.5425,-55.7211,5.45,27.28,31.18,23.82,70.68,0.14,NASA_POWER
2022-10-05,sorriso_mt,"Sorriso, MT",-12.5425,-55.7211,0.03,27.66,33.78,22.97,64.25,0.19,NASA_POWER
2022-10-06,sorriso_mt,"Sorriso, MT",-12.5425,-55.7211,8.15,28.37,36.05,21.73,65.85,0.05,NASA_POWER
2022-10-07,sorriso_mt,"Sorriso, MT",-12.5425,-55.7211,7.44,26.14,31.3,22.67,78.61,0.04,NASA_POWER
2022-10-08,sorriso_mt,"Sorriso, MT",-12.5425,-55.7211,1.26,28.12,35.63,21.55,69.25,0.16,NASA_POWER
2022-10-09,sorriso_mt,"Sorriso, MT",-12.5425,-55.7211,9.79,27.4,32.41,23.52,70.86,0.14,NASA_POWER
2022-10-10,sorriso_mt,"Sorriso, MT",-12.5425,-55.7211,16.59,26.65,32.74,22.41,76.9,0.03,NASA_POWER
2022-10-11,sorriso_mt,"Sorriso, MT",-12.5425,-55.7211,1.39,27.05,32.44,22.79,73.58,0.06,NASA_POWER
2022-10-12,sorriso_mt,"Sorriso, MT",-12.5425,-55.7211,28.54,23.75,26.29,21.47,84.88,0.07,NASA_POWER
2022-10-13,sorriso_mt,"Sorriso, MT",-12.5425,-55.7211,0.65,25.29,30.82,20.66,81.23,0.13,NASA_POWER
2022-10-14,sorriso_mt,"Sorriso, MT",-12.5425,-55.7211,0.05,27.24,33.9,21.67,70.0,0.13,NASA_POWER
2022-10-15,sorriso_mt,"Sorriso, MT",-12.5425,-55.7211,0.08,28.11,35.34,21.87,65.93,0.15,NASA_POWER
2022-10-16,sorriso_mt,"Sorriso, MT",-12.5425,-55.7211,0.03,28.74,36.1,22.87,64.11,0.06,NASA_POWER
2022-10-17,sorriso_mt,"Sorriso, MT",-12.5425,-55.7211,6.59,28.53,34.54,22.64,67.29,0.19,NASA_POWER
2022-10-18,sorriso_mt,"Sorriso, MT",-12.5425,-55.7211,0.35,28.39,34.98,23.17,67.72,0.09,NASA_POWER
2022-10-19,sorriso_mt,"Sorriso, MT",-12.5425,-55.7211,3.19,28.48,35.33,23.28,68.76,0.05,NASA_POWER
2022-10-20,sorriso_mt,"Sorriso, MT",-12.5425,-55.7211,3.07,28.7,35.41,23.06,67.4,0.03,NASA_POWER
2022-10-21,sorriso_mt,"Sorriso, MT",-12.5425,-55.7211,14.91,25.14,28.35,22.79,88.96,0.02,NASA_POWER
2022-10-22,sorriso_mt,"Sorriso, MT",-12.5425,-55.7211,3.33,26.16,32.21,22.54,79.92,0.04,NASA_POWER
2022-10-23,sorriso_mt,"Sorriso, MT",-12.5425,-55.7211,2.11,26.47,32.19,22.45,79.67,0.02,NASA_POWER
2022-10-24,sorriso_mt,"Sorriso, MT",-12.5425,-55.7211,3.63,27.05,32.31,22.88,77.15,0.1,NASA_POWER
2022-10-25,sorriso_mt,"Sorriso, MT",-12.5425,-55.7211,8.15,25.92,30.27,22.55,83.6,0.08,NASA_POWER
2022-10-26,sorriso_mt,"Sorriso, MT",-12.5425,-55.7211,0.56,27.61,34.15,22.14,72.58,0.03,NASA_POWER
2022-10-27,sorriso_mt,"Sorriso, MT",-12.5425,-55.7211,2.9,27.78,32.85,22.81,72.21,0.04,NASA_POWER
2022-10-28,sorriso_mt,"Sorriso, MT",-12.5425,-55.7211,4.21,26.65,32.43,22.8,78.94,0.03,NASA_POWER
2022-10-29,sorriso_mt,"Sorriso, MT",-12.5425,-55.7211,39.39,24.09,26.17,22.58,94.7,0.03,NASA_POWER
2022-10-30,sorriso_mt,"Sorriso, MT",-12.5425,-55.7211,2.5,26.01,31.18,21.71,83.2,0.04,NASA_POWER
2022-10-31,sorriso_mt,"Sorriso, MT",-12.5425,-55.7211,18.37,26.54,31.38,22.59,83.09,0.07,NASA_POWER
2022-11-01,sorriso_mt,"Sorriso, MT",-12.5425,-55.7211,3.24,20.12,23.53,17.41,74.61,0.07,NASA_POWER
2022-11-02,sorriso_mt,"Sorriso, MT",-12.5425,-55.7211,0.09,20.67,26.34,15.89,67.64,0.04,NASA_POWER
2022-11-03,sorriso_mt,"Sorriso, MT",-12.5425,-55.7211,0.03,22.32,28.98,16.33,68.26,0.03,NASA_POWER
2022-11-04,sorriso_mt,"Sorriso, MT",-12.5425,-55.7211,0.02,23.7,30.22,17.27,67.97,0.03,NASA_POWER
2022-11-05,sorriso_mt,"Sorriso, MT",-12.5425,-55.7211,0.0,25.05,32.1,18.47,67.93,0.04,NASA_POWER
2022-11-06,sorriso_mt,"Sorriso, MT",-12.5425,-55.7211,0.0,26.0,33.94,19.0,59.26,0.05,NASA_POWER
2022-11-07,sorriso_mt,"Sorriso, MT",-12.5425,-55.7211,0.0,27.03,35.31,19.06,54.86,0.06,NASA_POWER
2022-11-08,sorriso_mt,"Sorriso, MT",-12.5425,-55.7211,0.0,27.52,36.54,18.89,54.71,0.19,NASA_POWER
2022-11-09,sorriso_mt,"Sorriso, MT",-12.5425,-55.7211,0.0,28.27,36.33,20.87,62.84,0.03,NASA_POWER
2022-11-10,sorriso_mt,"Sorriso, MT",-12.5425,-55.7211,0.12,28.57,35.05,22.5,63.53,0.03,NASA_POWER
2022-11-11,sorriso_mt,"Sorriso, MT",-12.5425,-55.7211,21.29,26.74,31.99,22.79,75.64,0.04,NASA_POWER
2022-11-12,sorriso_mt,"Sorriso, MT",-12.5425,-55.7211,16.02,24.08,27.34,21.66,89.67,0.06,NASA_POWER
2022-11-13,sorriso_mt,"Sorriso, MT",-12.5425,-55.7211,0.36,25.81,31.45,20.85,78.01,0.1,NASA_POWER
2022-11-14,sorriso_mt,"Sorriso, MT",-12.5425,-55.7211,5.61,26.3,32.41,20.93,77.21,0.04,NASA_POWER
2022-11-15,sorriso_mt,"Sorriso, MT",-12.5425,-55.7211,13.75,25.87,30.85,21.44,84.64,0.14,NASA_POWER
2022-11-16,sorriso_mt,"Sorriso, MT",-12.5425,-55.7211,7.26,26.05,30.77,21.72,84.64,0.04,NASA_POWER
2022-11-17,sorriso_mt,"Sorriso, MT",-12.5425,-55.7211,6.86,26.61,31.59,22.47,81.75,0.14,NASA_POWER
2022-11-18,sorriso_mt,"Sorriso, MT",-12.5425,-55.7211,1.72,27.52,32.57,22.01,74.96,0.14,NASA_POWER
2022-11-19,sorriso_mt,"Sorriso, MT",-12.5425,-55.7211,0.08,27.84,33.44,22.57,74.87,0.09,NASA_POWER
2022-11-20,sorriso_mt,"Sorriso, MT",-12.5425,-55.7211,6.73,26.77,31.47,23.44,76.03,0.04,NASA_POWER
2022-11-21,sorriso_mt,"Sorriso, MT",-12.5425,-55.7211,2.79,26.2,31.24,22.06,77.2,0.03,NASA_POWER
2022-11-22,sorriso_mt,"Sorriso, MT",-12.5425,-55.7211,5.32,25.84,30.88,22.02,81.48,0.08,NASA_POWER
2022-11-23,sorriso_mt,"Sorriso, MT",-12.5425,-55.7211,8.11,25.25,29.57,22.45,85.86,0.15,NASA_POWER
2022-11-24,sorriso_mt,"Sorriso, MT",-12.5425,-55.7211,4.51,25.55,29.91,22.23,83.1,0.15,NASA_POWER
2022-11-25,sorriso_mt,"Sorriso, MT",-12.5425,-55.7211,3.22,24.98,28.31,22.76,87.9,0.09,NASA_POWER
2022-11-26,sorriso_mt,"Sorriso, MT",-12.5425,-55.7211,4.04,25.84,29.64,22.7,83.41,0.14,NASA_POWER
2022-11-27,sorriso_mt,"Sorriso, MT",-12.5425,-55.7211,1.3,25.99,31.26,22.28,81.92,0.05,NASA_POWER
2022-11-28,sorriso_mt,"Sorriso, MT",-12.5425,-55.7211,0.02,26.96,32.76,21.51,72.75,0.05,NASA_POWER
2022-11-29,sorriso_mt,"Sorriso, MT",-12.5425,-55.7211,0.09,27.29,33.39,21.54,68.87,0.04,NASA_POWER
2022-11-30,sorriso_mt,"Sorriso, MT",-12.5425,-55.7211,10.03,25.29,30.14,22.66,81.55,0.04,NASA_POWER
2022-12-01,sorriso_mt,"Sorriso, MT",-12.5425,-55.7211,5.85,25.19,29.68,21.91,86.02,0.04,NASA_POWER
2022-12-02,sorriso_mt,"Sorriso, MT",-12.5425,-55.7211,9.96,25.01,28.6,22.26,86.91,0.05,NASA_POWER
2022-12-03,sorriso_mt,"Sorriso, MT",-12.5425,-55.7211,21.22,24.57,28.98,21.77,88.19,0.03,NASA_POWER
2022-12-04,sorriso_mt,"Sorriso, MT",-12.5425,-55.7211,9.78,24.16,27.61,21.33,92.0,0.03,NASA_POWER
2022-12-05,sorriso_mt,"Sorriso, MT",-12.5425,-55.7211,4.99,23.82,27.29,21.39,88.92,0.04,NASA_POWER
2022-12-06,sorriso_mt,"Sorriso, MT",-12.5425,-55.7211,7.09,23.51,27.04,20.7,92.13,0.06,NASA_POWER
2022-12-07,sorriso_mt,"Sorriso, MT",-12.5425,-55.7211,3.05,24.99,29.01,21.52,87.33,0.14,NASA_POWER
2022-12-08,sorriso_mt,"Sorriso, MT",-12.5425,-55.7211,0.29,26.13,30.21,22.66,81.3,0.1,NASA_POWER
2022-12-09,sorriso_mt,"Sorriso, MT",-12.5425,-55.7211,15.71,25.93,30.31,22.23,83.53,0.06,NASA_POWER
2022-12-10,sorriso_mt,"Sorriso, MT",-12.5425,-55.7211,0.82,25.34,29.55,22.14,85.8,0.08,NASA_POWER
2022-12-11,sorriso_mt,"Sorriso, MT",-12.5425,-55.7211,4.71,25.75,30.6,20.98,81.59,0.02,NASA_POWER
2022-12-12,sorriso_mt,"Sorriso, MT",-12.5425,-55.7211,4.4,25.55,30.18,21.6,83.38,0.1,NASA_POWER
2022-12-13,sorriso_mt,"Sorriso, MT",-12.5425,-55.7211,3.47,26.03,31.14,21.63,80.55,0.08,NASA_POWER
2022-12-14,sorriso_mt,"Sorriso, MT",-12.5425,-55.7211,5.59,24.06,26.37,22.5,91.26,0.03,NASA_POWER
2022-12-15,sorriso_mt,"Sorriso, MT",-12.5425,-55.7211,8.59,23.89,26.44,22.07,93.74,0.03,NASA_POWER
2022-12-16,sorriso_mt,"Sorriso, MT",-12.5425,-55.7211,4.49,23.64,26.04,21.6,92.6,0.07,NASA_POWER
2022-12-17,sorriso_mt,"Sorriso, MT",-12.5425,-55.7211,15.47,24.23,27.53,21.51,91.46,0.07,NASA_POWER
2022-12-18,sorriso_mt,"Sorriso, MT",-12.5425,-55.7211,27.42,23.41,25.52,21.78,96.55,0.06,NASA_POWER
2022-12-19,sorriso_mt,"Sorriso, MT",-12.5425,-55.7211,22.06,23.7,26.77,20.88,93.55,0.05,NASA_POWER
2022-12-20,sorriso_mt,"Sorriso, MT",-12.5425,-55.7211,16.02,23.77,26.44,21.65,93.8,0.03,NASA_POWER
2022-12-21,sorriso_mt,"Sorriso, MT",-12.5425,-55.7211,20.6,23.06,24.9,21.69,96.53,0.03,NASA_POWER
2022-12-22,sorriso_mt,"Sorriso, MT",-12.5425,-55.7211,6.71,24.31,28.66,20.3,90.76,0.09,NASA_POWER
2022-12-23,sorriso_mt,"Sorriso, MT",-12.5425,-55.7211,7.26,24.52,27.82,21.81,92.37,0.03,NASA_POWER
2022-12-24,sorriso_mt,"Sorriso, MT",-12.5425,-55.7211,10.6,24.45,27.12,21.83,92.89,0.03,NASA_POWER
2022-12-25,sorriso_mt,"Sorriso, MT",-12.5425,-55.7211,7.12,23.96,26.45,22.36,93.98,0.06,NASA_POWER
2022-12-26,sorriso_mt,"Sorriso, MT",-12.5425,-55.7211,6.55,23.68,26.51,21.5,93.11,0.02,NASA_POWER
2022-12-27,sorriso_mt,"Sorriso, MT",-12.5425,-55.7211,11.89,24.1,28.01,21.22,93.61,0.05,NASA_POWER
2022-12-28,sorriso_mt,"Sorriso, MT",-12.5425,-55.7211,10.62,24.12,26.7,22.1,94.91,0.04,NASA_POWER
2022-12-29,sorriso_mt,"Sorriso, MT",-12.5425,-55.7211,2.66,24.05,26.64,21.68,92.12,0.03,NASA_POWER
2022-12-30,sorriso_mt,"Sorriso, MT",-12.5425,-55.7211,2.76,23.92,26.21,22.57,93.81,0.03,NASA_POWER
2022-12-31,sorriso_mt,"Sorriso, MT",-12.5425,-55.7211,3.77,24.06,27.18,21.5,91.88,0.08,NASA_POWER
2023-01-01,sorriso_mt,"Sorriso, MT",-12.5425,-55.7211,4.36,25.08,28.75,21.79,90.62,0.07,NASA_POWER
2023-01-02,sorriso_mt,"Sorriso, MT",-12.5425,-55.7211,7.57,24.6,27.5,22.22,94.36,0.12,NASA_POWER
2023-01-03,sorriso_mt,"Sorriso, MT",-12.5425,-55.7211,18.22,24.37,27.64,21.68,92.33,0.03,NASA_POWER
2023-01-04,sorriso_mt,"Sorriso, MT",-12.5425,-55.7211,16.41,24.12,26.97,22.03,93.47,0.03,NASA_POWER
2023-01-05,sorriso_mt,"Sorriso, MT",-12.5425,-55.7211,17.52,24.25,27.53,21.63,92.18,0.06,NASA_POWER
2023-01-06,sorriso_mt,"Sorriso, MT",-12.5425,-55.7211,16.36,23.12,24.96,21.61,95.42,0.03,NASA_POWER
2023-01-07,sorriso_mt,"Sorriso, MT",-12.5425,-55.7211,18.18,23.78,27.02,20.72,91.4,0.05,NASA_POWER
2023-01-08,sorriso_mt,"Sorriso, MT",-12.5425,-55.7211,12.47,23.79,27.26,21.3,92.85,0.03,NASA_POWER
2023-01-09,sorriso_mt,"Sorriso, MT",-12.5425,-55.7211,12.9,24.1,27.29,20.8,92.05,0.03,NASA_POWER
2023-01-10,sorriso_mt,"Sorriso, MT",-12.5425,-55.7211,5.36,23.38,25.75,21.79,92.11,0.07,NASA_POWER
2023-01-11,sorriso_mt,"Sorriso, MT",-12.5425,-55.7211,5.35,23.75,27.35,21.18,90.63,0.04,NASA_POWER
2023-01-12,sorriso_mt,"Sorriso, MT",-12.5425,-55.7211,4.69,24.26,27.8,20.92,89.42,0.05,NASA_POWER
2023-01-13,sorriso_mt,"Sorriso, MT",-12.5425,-55.7211,9.24,23.59,26.88,21.53,92.99,0.03,NASA_POWER
2023-01-14,sorriso_mt,"Sorriso, MT",-12.5425,-55.7211,2.31,23.64,27.69,20.92,88.06,0.1,NASA_POWER
2023-01-15,sorriso_mt,"Sorriso, MT",-12.5425,-55.7211,0.76,23.37,26.29,21.11,91.26,0.22,NASA_POWER
2023-01-16,sorriso_mt,"Sorriso, MT",-12.5425,-55.7211,5.38,23.62,25.78,21.34,91.55,0.21,NASA_POWER
2023-01-17,sorriso_mt,"Sorriso, MT",-12.5425,-55.7211,2.31,22.95,25.76,20.77,93.33,0.13,NASA_POWER
2023-01-18,sorriso_mt,"Sorriso, MT",-12.5425,-55.7211,0.5,23.86,27.83,20.02,86.73,0.19,NASA_POWER
2023-01-19,sorriso_mt,"Sorriso, MT",-12.5425,-55.7211,2.26,23.84,27.71,20.4,89.23,0.15,NASA_POWER
2023-01-20,sorriso_mt,"Sorriso, MT",-12.5425,-55.7211,1.8,24.07,27.76,20.92,88.15,0.12,NASA_POWER
2023-01-21,sorriso_mt,"Sorriso, MT",-12.5425,-55.7211,6.09,23.88,27.19,20.5,92.46,0.07,NASA_POWER
2023-01-22,sorriso_mt,"Sorriso, MT",-12.5425,-55.7211,9.33,24.02,26.45,21.74,94.15,0.04,NASA_POWER
2023-01-23,sorriso_mt,"Sorriso, MT",-12.5425,-55.7211,20.82,24.33,28.02,21.49,91.42,0.07,NASA_POWER
2023-01-24,sorriso_mt,"Sorriso, MT",-12.5425,-55.7211,9.05,24.2,27.65,21.5,89.65,0.09,NASA_POWER
2023-01-25,sorriso_mt,"Sorriso, MT",-12.5425,-55.7211,3.91,24.33,27.49,21.82,90.62,0.06,NASA_POWER
2023-01-26,sorriso_mt,"Sorriso, MT",-12.5425,-55.7211,1.83,24.42,28.06,21.8,89.38,0.07,NASA_POWER
2023-01-27,sorriso_mt,"Sorriso, MT",-12.5425,-55.7211,22.22,23.82,26.66,21.82,93.42,0.04,NASA_POWER
2023-01-28,sorriso_mt,"Sorriso, MT",-12.5425,-55.7211,8.55,23.5,26.4,21.46,92.98,0.04,NASA_POWER
2023-01-29,sorriso_mt,"Sorriso, MT",-12.5425,-55.7211,13.14,23.8,27.17,20.98,89.83,0.16,NASA_POWER
2023-01-30,sorriso_mt,"Sorriso, MT",-12.5425,-55.7211,8.63,24.02,27.65,21.16,89.25,0.23,NASA_POWER
2023-01-31,sorriso_mt,"Sorriso, MT",-12.5425,-55.7211,16.11,23.51,27.05,20.91,93.03,0.18,NASA_POWER
2023-02-01,sorriso_mt,"Sorriso, MT",-12.5425,-55.7211,3.6,24.79,29.09,21.41,86.36,0.17,NASA_POWER
2023-02-02,sorriso_mt,"Sorriso, MT",-12.5425,-55.7211,2.51,24.38,28.37,20.88,91.41,0.07,NASA_POWER
2023-02-03,sorriso_mt,"Sorriso, MT",-12.5425,-55.7211,12.74,24.69,27.87,22.23,90.9,0.2,NASA_POWER
2023-02-04,sorriso_mt,"Sorriso, MT",-12.5425,-55.7211,5.3,23.6,26.3,21.65,93.23,0.14,NASA_POWER
2023-02-05,sorriso_mt,"Sorriso, MT",-12.5425,-55.7211,8.99,24.14,27.52,21.01,89.87,0.27,NASA_POWER
2023-02-06,sorriso_mt,"Sorriso, MT",-12.5425,-55.7211,2.64,24.83,28.24,21.5,84.93,0.22,NASA_POWER
2023-02-07,sorriso_mt,"Sorriso, MT",-12.5425,-55.7211,6.98,24.27,27.75,20.18,90.03,0.27,NASA_POWER
2023-02-08,sorriso_mt,"Sorriso, MT",-12.5425,-55.7211,12.58,24.8,28.03,21.68,89.43,0.26,NASA_POWER
2023-02-09,sorriso_mt,"Sorriso, MT",-12.5425,-55.7211,5.55,24.97,28.64,22.24,88.61,0.19,NASA_POWER
2023-02-10,sorriso_mt,"Sorriso, MT",-12.5425,-55.7211,2.57,24.84,28.87,21.35,89.53,0.11,NASA_POWER
2023-02-11,sorriso_mt,"Sorriso, MT",-12.5425,-55.7211,0.98,25.56,29.07,22.28,87.61,0.15,NASA_POWER
2023-02-12,sorriso_mt,"Sorriso, MT",-12.5425,-55.7211,4.05,25.38,28.89,22.11,89.76,0.08,NASA_POWER
2023-02-13,sorriso_mt,"Sorriso, MT",-12.5425,-55.7211,3.36,24.73,27.76,22.47,93.66,0.12,NASA_POWER
2023-02-14,sorriso_mt,"Sorriso, MT",-12.5425,-55.7211,1.46,25.54,29.24,22.02,88.84,0.22,NASA_POWER
2023-02-15,sorriso_mt,"Sorriso, MT",-12.5425,-55.7211,3.69,25.21,27.97,22.92,91.76,0.19,NASA_POWER
2023-02-16,sorriso_mt,"Sorriso, MT",-12.5425,-55.7211,0.28,24.84,28.36,21.36,89.62,0.05,NASA_POWER
2023-02-17,sorriso_mt,"Sorriso, MT",-12.5425,-55.7211,46.95,23.84,25.53,22.08,93.82,0.1,NASA_POWER
2023-02-18,sorriso_mt,"Sorriso, MT",-12.5425,-55.7211,10.05,24.41,27.96,21.31,91.64,0.08,NASA_POWER
2023-02-19,sorriso_mt,"Sorriso, MT",-12.5425,-55.7211,13.67,23.46,25.35,22.07,96.72,0.06,NASA_POWER
2023-02-20,sorriso_mt,"Sorriso, MT",-12.5425,-55.7211,9.79,23.13,25.53,21.26,94.32,0.03,NASA_POWER
2023-02-21,sorriso_mt,"Sorriso, MT",-12.5425,-55.7211,3.83,22.84,26.13,20.78,93.64,0.03,NASA_POWER
2023-02-22,sorriso_mt,"Sorriso, MT",-12.5425,-55.7211,8.86,24.02,27.56,20.88,91.06,0.05,NASA_POWER
2023-02-23,sorriso_mt,"Sorriso, MT",-12.5425,-55.7211,1.23,24.23,27.45,21.71,89.91,0.13,NASA_POWER
2023-02-24,sorriso_mt,"Sorriso, MT",-12.5425,-55.7211,5.57,24.82,28.15,21.55,88.92,0.14,NASA_POWER
2023-02-25,sorriso_mt,"Sorriso, MT",-12.5425,-55.7211,10.6,24.45,27.56,22.1,92.43,0.15,NASA_POWER
2023-02-26,sorriso_mt,"Sorriso, MT",-12.5425,-55.7211,0.51,24.22,28.7,20.6,89.48,0.12,NASA_POWER
2023-02-27,sorriso_mt,"Sorriso, MT",-12.5425,-55.7211,1.01,24.97,28.0,21.33,90.13,0.15,NASA_POWER
2023-02-28,sorriso_mt,"Sorriso, MT",-12.5425,-55.7211,3.29,23.95,25.82,22.64,93.3,0.2,NASA_POWER
2023-03-01,sorriso_mt,"Sorriso, MT",-12.5425,-55.7211,1.18,24.65,28.51,21.62,89.77,0.2,NASA_POWER
2023-03-02,sorriso_mt,"Sorriso, MT",-12.5425,-55.7211,5.47,24.41,28.43,21.01,85.63,0.03,NASA_POWER
2023-03-03,sorriso_mt,"Sorriso, MT",-12.5425,-55.7211,7.19,24.19,28.75,19.59,86.83,0.12,NASA_POWER
2023-03-04,sorriso_mt,"Sorriso, MT",-12.5425,-55.7211,1.19,25.15,29.4,21.16,86.72,0.13,NASA_POWER
2023-03-05,sorriso_mt,"Sorriso, MT",-12.5425,-55.7211,6.25,25.1,28.63,22.21,89.76,0.14,NASA_POWER
2023-03-06,sorriso_mt,"Sorriso, MT",-12.5425,-55.7211,2.96,25.47,29.59,21.76,86.88,0.21,NASA_POWER
2023-03-07,sorriso_mt,"Sorriso, MT",-12.5425,-55.7211,33.54,24.62,27.54,21.94,94.35,0.08,NASA_POWER
2023-03-08,sorriso_mt,"Sorriso, MT",-12.5425,-55.7211,2.78,24.95,28.55,22.86,91.27,0.06,NASA_POWER
2023-03-09,sorriso_mt,"Sorriso, MT",-12.5425,-55.7211,0.02,24.87,28.59,21.77,87.47,0.08,NASA_POWER
2023-03-10,sorriso_mt,"Sorriso, MT",-12.5425,-55.7211,8.94,24.57,27.39,21.9,90.21,0.13,NASA_POWER
2023-03-11,sorriso_mt,"Sorriso, MT",-12.5425,-55.7211,2.63,23.28,26.13,21.3,91.08,0.05,NASA_POWER
2023-03-12,sorriso_mt,"Sorriso, MT",-12.5425,-55.7211,11.07,22.72,26.07,20.67,93.9,0.09,NASA_POWER
2023-03-13,sorriso_mt,"Sorriso, MT",-12.5425,-55.7211,1.95,23.81,27.48,20.64,89.99,0.1,NASA_POWER
2023-03-14,sorriso_mt,"Sorriso, MT",-12.5425,-55.7211,3.0,22.98,25.56,21.33,94.01,0.13,NASA_POWER
2023-03-15,sorriso_mt,"Sorriso, MT",-12.5425,-55.7211,2.96,24.39,28.65,20.22,87.83,0.12,NASA_POWER
2023-03-16,sorriso_mt,"Sorriso, MT",-12.5425,-55.7211,8.81,24.61,28.52,21.03,90.09,0.09,NASA_POWER
2023-03-17,sorriso_mt,"Sorriso, MT",-12.5425,-55.7211,13.69,23.53,24.8,22.13,97.82,0.1,NASA_POWER
2023-03-18,sorriso_mt,"Sorriso, MT",-12.5425,-55.7211,13.15,23.32,25.85,21.86,94.81,0.03,NASA_POWER
2023-03-19,sorriso_mt,"Sorriso, MT",-12.5425,-55.7211,8.57,23.06,25.88,20.8,93.79,0.03,NASA_POWER
2023-03-20,sorriso_mt,"Sorriso, MT",-12.5425,-55.7211,22.04,23.38,26.28,21.21,93.88,0.05,NASA_POWER
2023-03-21,sorriso_mt,"Sorriso, MT",-12.5425,-55.7211,9.76,23.16,26.0,21.21,92.67,0.03,NASA_POWER
2023-03-22,sorriso_mt,"Sorriso, MT",-12.5425,-55.7211,3.65,23.23,25.89,20.89,91.57,0.14,NASA_POWER
2023-03-23,sorriso_mt,"Sorriso, MT",-12.5425,-55.7211,14.99,23.31,25.91,21.18,94.02,0.24,NASA_POWER
2023-03-24,sorriso_mt,"Sorriso, MT",-12.5425,-55.7211,4.18,23.89,27.42,21.07,92.75,0.17,NASA_POWER
2023-03-25,sorriso_mt,"Sorriso, MT",-12.5425,-55.7211,6.26,24.87,28.63,21.45,90.84,0.09,NASA_POWER
2023-03-26,sorriso_mt,"Sorriso, MT",-12.5425,-55.7211,5.56,25.17,28.97,21.53,89.8,0.17,NASA_POWER
2023-03-27,sorriso_mt,"Sorriso, MT",-12.5425,-55.7211,5.91,24.51,27.69,21.8,93.1,0.24,NASA_POWER
2023-03-28,sorriso_mt,"Sorriso, MT",-12.5425,-55.7211,2.28,24.13,26.76,21.53,92.01,0.15,NASA_POWER
2023-03-29,sorriso_mt,"Sorriso, MT",-12.5425,-55.7211,11.48,24.21,27.99,21.19,88.58,0.07,NASA_POWER
2023-03-30,sorriso_mt,"Sorriso, MT",-12.5425,-55.7211,8.66,24.65,28.28,22.01,91.93,0.11,NASA_POWER
2023-03-31,sorriso_mt,"Sorriso, MT",-12.5425,-55.7211,4.22,25.43,28.83,22.2,86.11,0.3,NASA_POWER
2023-04-01,sorriso_mt,"Sorriso, MT",-12.5425,-55.7211,7.68,25.02,29.35,20.95,87.94,0.19,NASA_POWER
2023-04-02,sorriso_mt,"Sorriso, MT",-12.5425,-55.7211,8.86,24.26,28.05,21.51,90.32,0.12,NASA_POWER
2023-04-03,sorriso_mt,"Sorriso, MT",-12.5425,-55.7211,1.54,24.14,28.28,20.8,89.54,0.03,NASA_POWER
2023-04-04,sorriso_mt,"Sorriso, MT",-12.5425,-55.7211,0.07,23.96,27.73,20.39,86.58,0.14,NASA_POWER
2023-04-05,sorriso_mt,"Sorriso, MT",-12.5425,-55.7211,14.21,24.01,27.45,20.92,90.18,0.16,NASA_POWER
2023-04-06,sorriso_mt,"Sorriso, MT",-12.5425,-55.7211,2.58,23.44,25.96,21.81,91.74,0.25,NASA_POWER
2023-04-07,sorriso_mt,"Sorriso, MT",-12.5425,-55.7211,4.37,24.31,28.4,20.09,89.54,0.25,NASA_POWER
2023-04-08,sorriso_mt,"Sorriso, MT",-12.5425,-55.7211,9.21,23.52,25.76,22.05,95.8,0.08,NASA_POWER
2023-04-09,sorriso_mt,"Sorriso, MT",-12.5425,-55.7211,0.76,23.83,27.44,21.56,90.99,0.02,NASA_POWER
2023-04-10,sorriso_mt,"Sorriso, MT",-12.5425,-55.7211,2.54,24.23,27.4,20.66,91.04,0.16,NASA_POWER
2023-04-11,sorriso_mt,"Sorriso, MT",-12.5425,-55.7211,2.12,24.39,28.01,21.76,90.97,0.06,NASA_POWER
2023-04-12,sorriso_mt,"Sorriso, MT",-12.5425,-55.7211,0.9,23.84,26.37,22.0,93.29,0.07,NASA_POWER
2023-04-13,sorriso_mt,"Sorriso, MT",-12.5425,-55.7211,0.03,25.02,28.87,21.73,89.8,0.12,NASA_POWER
2023-04-14,sorriso_mt,"Sorriso, MT",-12.5425,-55.7211,0.0,25.31,28.41,23.19,86.67,0.12,NASA_POWER
2023-04-15,sorriso_mt,"Sorriso, MT",-12.5425,-55.7211,3.09,25.19,28.5,22.29,87.01,0.12,NASA_POWER
2023-04-16,sorriso_mt,"Sorriso, MT",-12.5425,-55.7211,0.81,25.51,29.07,22.3,88.42,0.18,NASA_POWER
2023-04-17,sorriso_mt,"Sorriso, MT",-12.5425,-55.7211,0.0,25.43,28.9,22.12,89.7,0.26,NASA_POWER
2023-04-18,sorriso_mt,"Sorriso, MT",-12.5425,-55.7211,0.0,25.12,28.58,22.03,89.98,0.13,NASA_POWER
2023-04-19,sorriso_mt,"Sorriso, MT",-12.5425,-55.7211,4.68,24.79,27.6,22.44,93.33,0.03,NASA_POWER
2023-04-20,sorriso_mt,"Sorriso, MT",-12.5425,-55.7211,2.36,24.37,27.07,22.53,92.97,0.14,NASA_POWER
2023-04-21,sorriso_mt,"Sorriso, MT",-12.5425,-55.7211,5.14,23.14,25.61,21.53,94.04,0.02,NASA_POWER
2023-04-22,sorriso_mt,"Sorriso, MT",-12.5425,-55.7211,6.42,24.31,28.43,20.88,92.13,0.11,NASA_POWER
2023-04-23,sorriso_mt,"Sorriso, MT",-12.5425,-55.7211,5.38,23.2,26.55,20.64,93.22,0.06,NASA_POWER
2023-04-24,sorriso_mt,"Sorriso, MT",-12.5425,-55.7211,0.35,24.26,28.31,20.9,89.97,0.04,NASA_POWER
2023-04-25,sorriso_mt,"Sorriso, MT",-12.5425,-55.7211,0.81,24.71,28.58,21.11,89.02,0.09,NASA_POWER
2023-04-26,sorriso_mt,"Sorriso, MT",-12.5425,-55.7211,0.75,24.84,28.58,21.78,90.26,0.04,NASA_POWER
2023-04-27,sorriso_mt,"Sorriso, MT",-12.5425,-55.7211,0.16,24.72,28.62,20.99,89.01,0.13,NASA_POWER
2023-04-28,sorriso_mt,"Sorriso, MT",-12.5425,-55.7211,0.09,25.17,28.91,22.21,88.93,0.05,NASA_POWER
2023-04-29,sorriso_mt,"Sorriso, MT",-12.5425,-55.7211,0.01,25.13,29.06,21.66,89.34,0.13,NASA_POWER
2023-04-30,sorriso_mt,"Sorriso, MT",-12.5425,-55.7211,0.0,25.13,29.15,21.26,87.66,0.19,NASA_POWER
2023-05-01,sorriso_mt,"Sorriso, MT",-12.5425,-55.7211,0.03,25.07,28.85,21.39,88.97,0.18,NASA_POWER
2023-05-02,sorriso_mt,"Sorriso, MT",-12.5425,-55.7211,0.01,24.88,28.75,21.43,89.16,0.15,NASA_POWER
2023-05-03,sorriso_mt,"Sorriso, MT",-12.5425,-55.7211,0.04,24.56,28.58,21.09,89.16,0.04,NASA_POWER
2023-05-04,sorriso_mt,"Sorriso, MT",-12.5425,-55.7211,0.03,23.69,27.97,19.9,87.28,0.07,NASA_POWER
2023-05-05,sorriso_mt,"Sorriso, MT",-12.5425,-55.7211,0.0,23.01,27.7,17.99,87.75,0.09,NASA_POWER
2023-05-06,sorriso_mt,"Sorriso, MT",-12.5425,-55.7211,2.03,24.46,28.18,20.76,90.93,0.07,NASA_POWER
2023-05-07,sorriso_mt,"Sorriso, MT",-12.5425,-55.7211,0.18,24.66,28.84,21.49,89.28,0.03,NASA_POWER
2023-05-08,sorriso_mt,"Sorriso, MT",-12.5425,-55.7211,0.01,23.96,28.47,19.72,88.64,0.11,NASA_POWER
2023-05-09,sorriso_mt,"Sorriso, MT",-12.5425,-55.7211,0.0,23.74,28.23,19.39,88.33,0.11,NASA_POWER
2023-05-10,sorriso_mt,"Sorriso, MT",-12.5425,-55.7211,0.0,23.11,27.41,19.32,89.29,0.21,NASA_POWER
2023-05-11,sorriso_mt,"Sorriso, MT",-12.5425,-55.7211,0.0,23.13,27.84,19.04,87.76,0.18,NASA_POWER
2023-05-12,sorriso_mt,"Sorriso, MT",-12.5425,-55.7211,0.0,22.86,27.91,18.16,88.5,0.16,NASA_POWER
2023-05-13,sorriso_mt,"Sorriso, MT",-12.5425,-55.7211,0.06,23.34,27.57,19.85,88.03,0.04,NASA_POWER
2023-05-14,sorriso_mt,"Sorriso, MT",-12.5425,-55.7211,0.01,23.06,27.59,19.32,87.51,0.04,NASA_POWER
2023-05-15,sorriso_mt,"Sorriso, MT",-12.5425,-55.7211,0.0,22.37,27.4,18.44,86.67,0.18,NASA_POWER
2023-05-16,sorriso_mt,"Sorriso, MT",-12.5425,-55.7211,0.0,22.03,27.27,17.81,85.48,0.18,NASA_POWER
2023-05-17,sorriso_mt,"Sorriso, MT",-12.5425,-55.7211,0.0,22.57,28.13,17.68,86.2,0.13,NASA_POWER
2023-05-18,sorriso_mt,"Sorriso, MT",-12.5425,-55.7211,0.0,23.17,28.46,18.6,87.47,0.1,NASA_POWER
2023-05-19,sorriso_mt,"Sorriso, MT",-12.5425,-55.7211,0.0,22.62,27.84,18.48,86.07,0.19,NASA_POWER
2023-05-20,sorriso_mt,"Sorriso, MT",-12.5425,-55.7211,0.0,22.86,28.63,17.19,86.4,0.13,NASA_POWER
2023-05-21,sorriso_mt,"Sorriso, MT",-12.5425,-55.7211,0.0,23.74,29.12,18.94,84.68,0.03,NASA_POWER
2023-05-22,sorriso_mt,"Sorriso, MT",-12.5425,-55.7211,0.01,23.58,29.17,19.17,84.2,0.04,NASA_POWER
2023-05-23,sorriso_mt,"Sorriso, MT",-12.5425,-55.7211,0.0,22.89,28.52,18.24,83.82,0.18,NASA_POWER
2023-05-24,sorriso_mt,"Sorriso, MT",-12.5425,-55.7211,0.0,23.21,29.03,18.06,82.74,0.15,NASA_POWER
2023-05-25,sorriso_mt,"Sorriso, MT",-12.5425,-55.7211,0.0,24.1,30.0,18.82,83.26,0.1,NASA_POWER
2023-05-26,sorriso_mt,"Sorriso, MT",-12.5425,-55.7211,0.0,24.35,30.01,20.11,81.04,0.04,NASA_POWER
2023-05-27,sorriso_mt,"Sorriso, MT",-12.5425,-55.7211,0.0,24.32,30.49,19.05,82.2,0.18,NASA_POWER
2023-05-28,sorriso_mt,"Sorriso, MT",-12.5425,-55.7211,0.06,24.76,30.98,19.3,81.09,0.17,NASA_POWER
2023-05-29,sorriso_mt,"Sorriso, MT",-12.5425,-55.7211,0.03,24.35,29.92,19.81,82.11,0.14,NASA_POWER
2023-05-30,sorriso_mt,"Sorriso, MT",-12.5425,-55.7211,0.3,24.77,30.71,20.04,78.41,0.06,NASA_POWER
2023-05-31,sorriso_mt,"Sorriso, MT",-12.5425,-55.7211,7.94,24.18,30.07,20.42,82.59,0.06,NASA_POWER
2023-06-01,sorriso_mt,"Sorriso, MT",-12.5425,-55.7211,8.48,23.81,28.53,19.88,89.58,0.03,NASA_POWER
2023-06-02,sorriso_mt,"Sorriso, MT",-12.5425,-55.7211,1.13,24.29,29.01,20.84,84.66,0.15,NASA_POWER
2023-06-03,sorriso_mt,"Sorriso, MT",-12.5425,-55.7211,0.07,24.07,29.42,19.61,82.3,0.22,NASA_POWER
2023-06-04,sorriso_mt,"Sorriso, MT",-12.5425,-55.7211,0.0,24.17,29.84,19.23,78.26,0.27,NASA_POWER
2023-06-05,sorriso_mt,"Sorriso, MT",-12.5425,-55.7211,0.0,23.52,29.17,19.38,74.95,0.25,NASA_POWER
2023-06-06,sorriso_mt,"Sorriso, MT",-12.5425,-55.7211,0.0,22.89,29.62,17.08,73.36,0.2,NASA_POWER
2023-06-07,sorriso_mt,"Sorriso, MT",-12.5425,-55.7211,0.0,24.1,30.74,18.35,78.12,0.19,NASA_POWER
2023-06-08,sorriso_mt,"Sorriso, MT",-12.5425,-55.7211,0.0,24.56,30.47,20.74,75.33,0.17,NASA_POWER
2023-06-09,sorriso_mt,"Sorriso, MT",-12.5425,-55.7211,0.0,24.56,31.27,19.18,73.71,0.15,NASA_POWER
2023-06-10,sorriso_mt,"Sorriso, MT",-12.5425,-55.7211,0.0,24.8,31.68,19.17,75.76,0.08,NASA_POWER
2023-06-11,sorriso_mt,"Sorriso, MT",-12.5425,-55.7211,4.25,25.04,31.76,19.37,78.39,0.14,NASA_POWER
2023-06-12,sorriso_mt,"Sorriso, MT",-12.5425,-55.7211,0.37,25.56,31.66,21.21,79.48,0.2,NASA_POWER
2023-06-13,sorriso_mt,"Sorriso, MT",-12.5425,-55.7211,0.01,23.71,28.41,19.59,72.28,0.06,NASA_POWER
2023-06-14,sorriso_mt,"Sorriso, MT",-12.5425,-55.7211,0.0,19.06,24.38,15.16,63.88,0.04,NASA_POWER
2023-06-15,sorriso_mt,"Sorriso, MT",-12.5425,-55.7211,0.0,19.76,26.66,14.45,64.52,0.03,NASA_POWER
2023-06-16,sorriso_mt,"Sorriso, MT",-12.5425,-55.7211,0.0,21.68,29.25,15.38,71.92,0.03,NASA_POWER
2023-06-17,sorriso_mt,"Sorriso, MT",-12.5425,-55.7211,0.0,22.4,29.34,16.66,67.51,0.03,NASA_POWER
2023-06-18,sorriso_mt,"Sorriso, MT",-12.5425,-55.7211,0.0,22.12,29.74,16.26,67.32,0.1,NASA_POWER
2023-06-19,sorriso_mt,"Sorriso, MT",-12.5425,-55.7211,0.0,22.86,31.35,15.42,69.22,0.12,NASA_POWER
2023-06-20,sorriso_mt,"Sorriso, MT",-12.5425,-55.7211,0.0,24.28,32.45,17.66,64.39,0.2,NASA_POWER
2023-06-21,sorriso_mt,"Sorriso, MT",-12.5425,-55.7211,0.0,24.02,31.87,17.84,64.04,0.19,NASA_POWER
2023-06-22,sorriso_mt,"Sorriso, MT",-12.5425,-55.7211,0.0,24.42,31.91,17.43,65.75,0.17,NASA_POWER
2023-06-23,sorriso_mt,"Sorriso, MT",-12.5425,-55.7211,0.0,24.91,32.48,18.48,67.28,0.21,NASA_POWER
2023-06-24,sorriso_mt,"Sorriso, MT",-12.5425,-55.7211,0.0,24.67,31.62,19.09,68.32,0.22,NASA_POWER
2023-06-25,sorriso_mt,"Sorriso, MT",-12.5425,-55.7211,0.0,24.07,30.8,19.78,70.31,0.07,NASA_POWER
2023-06-26,sorriso_mt,"Sorriso, MT",-12.5425,-55.7211,0.0,23.78,31.69,17.38,66.04,0.11,NASA_POWER
2023-06-27,sorriso_mt,"Sorriso, MT",-12.5425,-55.7211,0.0,24.41,31.76,17.56,68.05,0.2,NASA_POWER
2023-06-28,sorriso_mt,"Sorriso, MT",-12.5425,-55.7211,0.0,24.64,32.26,18.66,64.81,0.35,NASA_POWER
2023-06-29,sorriso_mt,"Sorriso, MT",-12.5425,-55.7211,0.0,24.27,31.89,18.21,60.5,0.26,NASA_POWER
2023-06-30,sorriso_mt,"Sorriso, MT",-12.5425,-55.7211,0.0,23.08,31.91,16.86,58.33,0.19,NASA_POWER
2023-07-01,sorriso_mt,"Sorriso, MT",-12.5425,-55.7211,0.0,22.99,32.1,15.89,54.12,0.28,NASA_POWER
2023-07-02,sorriso_mt,"Sorriso, MT",-12.5425,-55.7211,0.0,23.39,32.65,15.54,56.16,0.14,NASA_POWER
2023-07-03,sorriso_mt,"Sorriso, MT",-12.5425,-55.7211,0.0,24.02,32.78,16.71,58.57,0.27,NASA_POWER
2023-07-04,sorriso_mt,"Sorriso, MT",-12.5425,-55.7211,0.0,24.56,33.28,16.33,56.37,0.26,NASA_POWER
2023-07-05,sorriso_mt,"Sorriso, MT",-12.5425,-55.7211,0.0,25.21,34.13,17.6,58.06,0.23,NASA_POWER
2023-07-06,sorriso_mt,"Sorriso, MT",-12.5425,-55.7211,0.0,24.98,33.26,17.35,59.61,0.2,NASA_POWER
2023-07-07,sorriso_mt,"Sorriso, MT",-12.5425,-55.7211,0.0,24.74,32.88,17.46,59.87,0.18,NASA_POWER
2023-07-08,sorriso_mt,"Sorriso, MT",-12.5425,-55.7211,0.0,25.74,33.91,18.7,54.8,0.27,NASA_POWER
2023-07-09,sorriso_mt,"Sorriso, MT",-12.5425,-55.7211,0.0,26.64,34.69,19.68,53.64,0.23,NASA_POWER
2023-07-10,sorriso_mt,"Sorriso, MT",-12.5425,-55.7211,0.0,26.34,34.85,18.75,51.34,0.24,NASA_POWER
2023-07-11,sorriso_mt,"Sorriso, MT",-12.5425,-55.7211,0.0,26.56,35.39,19.85,48.22,0.35,NASA_POWER
2023-07-12,sorriso_mt,"Sorriso, MT",-12.5425,-55.7211,0.0,27.56,35.45,20.69,54.49,0.26,NASA_POWER
2023-07-13,sorriso_mt,"Sorriso, MT",-12.5425,-55.7211,0.0,27.07,34.94,21.39,59.33,0.18,NASA_POWER
2023-07-14,sorriso_mt,"Sorriso, MT",-12.5425,-55.7211,0.0,23.91,31.23,18.01,56.65,0.03,NASA_POWER
2023-07-15,sorriso_mt,"Sorriso, MT",-12.5425,-55.7211,0.0,24.48,33.52,17.08,56.98,0.08,NASA_POWER
2023-07-16,sorriso_mt,"Sorriso, MT",-12.5425,-55.7211,0.0,26.09,34.86,17.77,50.98,0.37,NASA_POWER
2023-07-17,sorriso_mt,"Sorriso, MT",-12.5425,-55.7211,0.0,26.3,35.0,18.34,49.64,0.26,NASA_POWER
2023-07-18,sorriso_mt,"Sorriso, MT",-12.5425,-55.7211,0.0,27.11,35.07,18.59,49.44,0.35,NASA_POWER
2023-07-19,sorriso_mt,"Sorriso, MT",-12.5425,-55.7211,0.0,26.02,34.84,19.77,52.82,0.21,NASA_POWER
2023-07-20,sorriso_mt,"Sorriso, MT",-12.5425,-55.7211,0.0,25.38,34.75,17.83,51.01,0.23,NASA_POWER
2023-07-21,sorriso_mt,"Sorriso, MT",-12.5425,-55.7211,0.0,24.79,33.31,18.78,44.67,0.11,NASA_POWER
2023-07-22,sorriso_mt,"Sorriso, MT",-12.5425,-55.7211,0.0,24.75,32.49,18.12,45.66,0.21,NASA_POWER
2023-07-23,sorriso_mt,"Sorriso, MT",-12.5425,-55.7211,0.0,25.23,33.62,18.14,49.06,0.25,NASA_POWER
2023-07-24,sorriso_mt,"Sorriso, MT",-12.5425,-55.7211,0.0,25.6,33.96,17.32,47.31,0.37,NASA_POWER
2023-07-25,sorriso_mt,"Sorriso, MT",-12.5425,-55.7211,0.0,25.45,34.2,17.52,44.91,0.19,NASA_POWER
2023-07-26,sorriso_mt,"Sorriso, MT",-12.5425,-55.7211,0.0,26.41,35.14,18.1,44.6,0.27,NASA_POWER
2023-07-27,sorriso_mt,"Sorriso, MT",-12.5425,-55.7211,0.0,26.89,34.97,18.34,42.76,0.39,NASA_POWER
2023-07-28,sorriso_mt,"Sorriso, MT",-12.5425,-55.7211,0.0,26.23,35.42,18.56,44.3,0.15,NASA_POWER
2023-07-29,sorriso_mt,"Sorriso, MT",-12.5425,-55.7211,0.0,26.77,35.45,18.85,44.94,0.11,NASA_POWER
2023-07-30,sorriso_mt,"Sorriso, MT",-12.5425,-55.7211,0.0,27.65,35.69,19.75,47.81,0.22,NASA_POWER
2023-07-31,sorriso_mt,"Sorriso, MT",-12.5425,-55.7211,0.0,27.66,36.62,19.84,43.69,0.09,NASA_POWER
2023-08-01,sorriso_mt,"Sorriso, MT",-12.5425,-55.7211,0.0,27.61,35.61,20.33,47.25,0.18,NASA_POWER
2023-08-02,sorriso_mt,"Sorriso, MT",-12.5425,-55.7211,0.0,28.03,35.84,20.95,44.34,0.28,NASA_POWER
2023-08-03,sorriso_mt,"Sorriso, MT",-12.5425,-55.7211,0.0,27.49,35.81,20.06,42.57,0.19,NASA_POWER
2023-08-04,sorriso_mt,"Sorriso, MT",-12.5425,-55.7211,0.0,28.03,36.75,20.84,41.69,0.22,NASA_POWER
2023-08-05,sorriso_mt,"Sorriso, MT",-12.5425,-55.7211,0.0,28.3,37.02,20.53,41.12,0.3,NASA_POWER
2023-08-06,sorriso_mt,"Sorriso, MT",-12.5425,-55.7211,0.0,29.21,37.68,19.75,34.12,0.28,NASA_POWER
2023-08-07,sorriso_mt,"Sorriso, MT",-12.5425,-55.7211,0.0,29.64,37.45,21.96,40.25,0.3,NASA_POWER
2023-08-08,sorriso_mt,"Sorriso, MT",-12.5425,-55.7211,0.0,29.36,37.49,21.7,39.5,0.27,NASA_POWER
2023-08-09,sorriso_mt,"Sorriso, MT",-12.5425,-55.7211,0.0,29.45,38.46,20.79,34.08,0.23,NASA_POWER
2023-08-10,sorriso_mt,"Sorriso, MT",-12.5425,-55.7211,0.0,29.68,37.68,20.9,34.5,0.23,NASA_POWER
2023-08-11,sorriso_mt,"Sorriso, MT",-12.5425,-55.7211,0.55,29.72,36.4,22.15,38.97,0.29,NASA_POWER
2023-08-12,sorriso_mt,"Sorriso, MT",-12.5425,-55.7211,0.0,29.96,37.51,23.6,33.83,0.25,NASA_POWER
2023-08-13,sorriso_mt,"Sorriso, MT",-12.5425,-55.7211,0.0,29.35,36.76,23.17,32.26,0.22,NASA_POWER
2023-08-14,sorriso_mt,"Sorriso, MT",-12.5425,-55.7211,0.0,28.19,34.61,22.53,37.56,0.24,NASA_POWER
2023-08-15,sorriso_mt,"Sorriso, MT",-12.5425,-55.7211,0.0,27.82,35.49,22.9,36.7,0.05,NASA_POWER
2023-08-16,sorriso_mt,"Sorriso, MT",-12.5425,-55.7211,0.0,27.49,34.52,22.22,36.79,0.04,NASA_POWER
2023-08-17,sorriso_mt,"Sorriso, MT",-12.5425,-55.7211,0.0,28.81,36.65,21.3,36.81,0.04,NASA_POWER
2023-08-18,sorriso_mt,"Sorriso, MT",-12.5425,-55.7211,0.0,29.74,37.48,22.52,35.11,0.37,NASA_POWER
2023-08-19,sorriso_mt,"Sorriso, MT",-12.5425,-55.7211,0.11,30.15,37.15,25.23,36.95,0.18,NASA_POWER
2023-08-20,sorriso_mt,"Sorriso, MT",-12.5425,-55.7211,0.0,30.23,37.91,22.83,35.61,0.07,NASA_POWER
2023-08-21,sorriso_mt,"Sorriso, MT",-12.5425,-55.7211,0.06,31.08,39.21,23.51,32.72,0.03,NASA_POWER
2023-08-22,sorriso_mt,"Sorriso, MT",-12.5425,-55.7211,0.0,31.68,39.58,23.51,33.08,0.14,NASA_POWER
2023-08-23,sorriso_mt,"Sorriso, MT",-12.5425,-55.7211,0.0,30.14,38.32,26.59,40.99,0.29,NASA_POWER
2023-08-24,sorriso_mt,"Sorriso, MT",-12.5425,-55.7211,0.0,31.45,39.05,24.04,39.44,0.13,NASA_POWER
2023-08-25,sorriso_mt,"Sorriso, MT",-12.5425,-55.7211,0.1,30.78,37.81,23.66,41.61,0.14,NASA_POWER
2023-08-26,sorriso_mt,"Sorriso, MT",-12.5425,-55.7211,8.98,29.71,36.82,23.73,52.05,0.18,NASA_POWER
2023-08-27,sorriso_mt,"Sorriso, MT",-12.5425,-55.7211,6.21,28.43,36.27,21.28,63.73,0.13,NASA_POWER
2023-08-28,sorriso_mt,"Sorriso, MT",-12.5425,-55.7211,0.01,29.35,36.99,22.14,56.24,0.15,NASA_POWER
2023-08-29,sorriso_mt,"Sorriso, MT",-12.5425,-55.7211,0.15,29.56,36.83,22.87,56.74,0.02,NASA_POWER
2023-08-30,sorriso_mt,"Sorriso, MT",-12.5425,-55.7211,0.75,29.03,36.33,23.33,61.23,0.09,NASA_POWER
2023-08-31,sorriso_mt,"Sorriso, MT",-12.5425,-55.7211,0.71,28.76,35.91,22.85,63.43,0.08,NASA_POWER
2023-09-01,sorriso_mt,"Sorriso, MT",-12.5425,-55.7211,4.53,28.68,36.38,22.74,64.95,0.1,NASA_POWER
2023-09-02,sorriso_mt,"Sorriso, MT",-12.5425,-55.7211,0.77,28.9,37.03,21.73,60.41,0.03,NASA_POWER
2023-09-03,sorriso_mt,"Sorriso, MT",-12.5425,-55.7211,1.53,29.25,36.01,23.68,56.61,0.13,NASA_POWER
2023-09-04,sorriso_mt,"Sorriso, MT",-12.5425,-55.7211,0.01,29.12,37.87,21.54,52.43,0.09,NASA_POWER
2023-09-05,sorriso_mt,"Sorriso, MT",-12.5425,-55.7211,0.76,31.38,39.18,23.14,44.57,0.31,NASA_POWER
2023-09-06,sorriso_mt,"Sorriso, MT",-12.5425,-55.7211,0.57,30.25,37.59,23.39,54.71,0.05,NASA_POWER
2023-09-07,sorriso_mt,"Sorriso, MT",-12.5425,-55.7211,1.18,29.24,36.39,23.1,58.28,0.04,NASA_POWER
2023-09-08,sorriso_mt,"Sorriso, MT",-12.5425,-55.7211,0.07,29.19,35.66,23.42,52.75,0.04,NASA_POWER
2023-09-09,sorriso_mt,"Sorriso, MT",-12.5425,-55.7211,0.0,30.75,37.72,24.59,47.18,0.15,NASA_POWER
2023-09-10,sorriso_mt,"Sorriso, MT",-12.5425,-55.7211,0.0,31.59,39.31,25.18,37.79,0.16,NASA_POWER
2023-09-11,sorriso_mt,"Sorriso, MT",-12.5425,-55.7211,0.0,31.68,39.75,23.7,33.42,0.09,NASA_POWER
2023-09-12,sorriso_mt,"Sorriso, MT",-12.5425,-55.7211,0.0,31.76,39.18,23.03,34.04,0.1,NASA_POWER
2023-09-13,sorriso_mt,"Sorriso, MT",-12.5425,-55.7211,0.41,32.64,39.64,24.73,36.84,0.11,NASA_POWER
2023-09-14,sorriso_mt,"Sorriso, MT",-12.5425,-55.7211,0.02,31.96,38.67,26.18,41.58,0.03,NASA_POWER
2023-09-15,sorriso_mt,"Sorriso, MT",-12.5425,-55.7211,0.94,31.57,38.44,25.59,42.01,0.04,NASA_POWER
2023-09-16,sorriso_mt,"Sorriso, MT",-12.5425,-55.7211,0.63,31.84,39.51,26.85,36.9,0.14,NASA_POWER
2023-09-17,sorriso_mt,"Sorriso, MT",-12.5425,-55.7211,2.73,29.5,34.69,25.01,45.88,0.21,NASA_POWER
2023-09-18,sorriso_mt,"Sorriso, MT",-12.5425,-55.7211,1.0,31.11,38.7,23.72,45.01,0.23,NASA_POWER
2023-09-19,sorriso_mt,"Sorriso, MT",-12.5425,-55.7211,0.06,32.63,40.21,25.48,39.58,0.19,NASA_POWER
2023-09-20,sorriso_mt,"Sorriso, MT",-12.5425,-55.7211,0.0,32.42,40.59,23.61,33.38,0.27,NASA_POWER
2023-09-21,sorriso_mt,"Sorriso, MT",-12.5425,-55.7211,0.0,32.28,41.11,23.85,28.83,0.09,NASA_POWER
2023-09-22,sorriso_mt,"Sorriso, MT",-12.5425,-55.7211,0.0,32.73,41.52,25.42,27.18,0.16,NASA_POWER
2023-09-23,sorriso_mt,"Sorriso, MT",-12.5425,-55.7211,0.0,32.89,40.81,24.28,30.22,0.14,NASA_POWER
2023-09-24,sorriso_mt,"Sorriso, MT",-12.5425,-55.7211,0.06,33.98,41.12,27.62,29.63,0.19,NASA_POWER
2023-09-25,sorriso_mt,"Sorriso, MT",-12.5425,-55.7211,1.19,32.78,40.73,25.36,34.79,0.26,NASA_POWER
2023-09-26,sorriso_mt,"Sorriso, MT",-12.5425,-55.7211,0.29,33.22,40.37,26.64,31.66,0.1,NASA_POWER
2023-09-27,sorriso_mt,"Sorriso, MT",-12.5425,-55.7211,4.21,32.59,40.74,25.53,42.56,0.06,NASA_POWER
2023-09-28,sorriso_mt,"Sorriso, MT",-12.5425,-55.7211,3.74,31.13,39.47,24.69,62.11,0.11,NASA_POWER
2023-09-29,sorriso_mt,"Sorriso, MT",-12.5425,-55.7211,0.25,31.38,38.28,25.64,52.12,0.13,NASA_POWER
2023-09-30,sorriso_mt,"Sorriso, MT",-12.5425,-55.7211,4.3,31.01,38.94,25.51,57.2,0.03,NASA_POWER
2023-10-01,sorriso_mt,"Sorriso, MT",-12.5425,-55.7211,8.07,30.47,37.71,23.66,62.02,0.04,NASA_POWER
2023-10-02,sorriso_mt,"Sorriso, MT",-12.5425,-55.7211,3.79,29.91,36.92,24.93,63.75,0.03,NASA_POWER
2023-10-03,sorriso_mt,"Sorriso, MT",-12.5425,-55.7211,0.86,30.55,38.12,23.91,63.57,0.1,NASA_POWER
2023-10-04,sorriso_mt,"Sorriso, MT",-12.5425,-55.7211,0.0,32.27,39.91,25.07,48.83,0.21,NASA_POWER
2023-10-05,sorriso_mt,"Sorriso, MT",-12.5425,-55.7211,2.59,31.61,37.41,25.37,44.46,0.28,NASA_POWER
2023-10-06,sorriso_mt,"Sorriso, MT",-12.5425,-55.7211,64.71,27.77,31.84,24.15,70.51,0.11,NASA_POWER
2023-10-07,sorriso_mt,"Sorriso, MT",-12.5425,-55.7211,0.14,28.67,35.73,22.92,66.96,0.06,NASA_POWER
2023-10-08,sorriso_mt,"Sorriso, MT",-12.5425,-55.7211,0.06,30.06,37.79,23.91,57.7,0.07,NASA_POWER
2023-10-09,sorriso_mt,"Sorriso, MT",-12.5425,-55.7211,7.37,30.23,38.25,24.01,61.92,0.14,NASA_POWER
2023-10-10,sorriso_mt,"Sorriso, MT",-12.5425,-55.7211,2.56,29.12,35.97,23.53,67.11,0.03,NASA_POWER
2023-10-11,sorriso_mt,"Sorriso, MT",-12.5425,-55.7211,0.01,30.06,38.14,23.49,60.24,0.12,NASA_POWER
2023-10-12,sorriso_mt,"Sorriso, MT",-12.5425,-55.7211,0.37,30.82,37.62,25.1,58.61,0.25,NASA_POWER
2023-10-13,sorriso_mt,"Sorriso, MT",-12.5425,-55.7211,3.34,29.84,37.58,23.59,62.3,0.06,NASA_POWER
2023-10-14,sorriso_mt,"Sorriso, MT",-12.5425,-55.7211,6.35,29.69,37.46,24.91,62.17,0.03,NASA_POWER
2023-10-15,sorriso_mt,"Sorriso, MT",-12.5425,-55.7211,0.68,30.19,38.09,23.28,62.79,0.03,NASA_POWER
2023-10-16,sorriso_mt,"Sorriso, MT",-12.5425,-55.7211,0.11,29.99,37.09,23.92,60.72,0.18,NASA_POWER
2023-10-17,sorriso_mt,"Sorriso, MT",-12.5425,-55.7211,0.0,31.03,38.82,23.77,53.75,0.14,NASA_POWER
2023-10-18,sorriso_mt,"Sorriso, MT",-12.5425,-55.7211,0.0,31.78,40.22,24.01,41.15,0.05,NASA_POWER
2023-10-19,sorriso_mt,"Sorriso, MT",-12.5425,-55.7211,0.0,31.13,40.57,22.14,40.41,0.06,NASA_POWER
2023-10-20,sorriso_mt,"Sorriso, MT",-12.5425,-55.7211,0.0,32.35,41.16,23.96,38.82,0.04,NASA_POWER
2023-10-21,sorriso_mt,"Sorriso, MT",-12.5425,-55.7211,0.1,32.59,40.31,25.41,42.47,0.11,NASA_POWER
2023-10-22,sorriso_mt,"Sorriso, MT",-12.5425,-55.7211,0.01,32.89,39.71,25.96,46.06,0.03,NASA_POWER
2023-10-23,sorriso_mt,"Sorriso, MT",-12.5425,-55.7211,0.0,29.62,35.52,25.19,59.96,0.06,NASA_POWER
2023-10-24,sorriso_mt,"Sorriso, MT",-12.5425,-55.7211,0.13,30.66,36.49,23.53,54.89,0.2,NASA_POWER
2023-10-25,sorriso_mt,"Sorriso, MT",-12.5425,-55.7211,0.53,32.65,40.33,24.13,43.75,0.23,NASA_POWER
2023-10-26,sorriso_mt,"Sorriso, MT",-12.5425,-55.7211,5.68,30.8,37.84,24.78,55.34,0.09,NASA_POWER
2023-10-27,sorriso_mt,"Sorriso, MT",-12.5425,-55.7211,3.94,28.9,33.94,24.41,67.33,0.12,NASA_POWER
2023-10-28,sorriso_mt,"Sorriso, MT",-12.5425,-55.7211,0.01,30.62,37.09,24.82,55.68,0.03,NASA_POWER
2023-10-29,sorriso_mt,"Sorriso, MT",-12.5425,-55.7211,1.2,30.32,36.93,24.76,58.88,0.03,NASA_POWER
2023-10-30,sorriso_mt,"Sorriso, MT",-12.5425,-55.7211,5.92,28.48,35.4,23.48,72.98,0.04,NASA_POWER
2023-10-31,sorriso_mt,"Sorriso, MT",-12.5425,-55.7211,0.09,31.41,39.83,22.4,54.96,0.12,NASA_POWER
2023-11-01,sorriso_mt,"Sorriso, MT",-12.5425,-55.7211,13.43,30.96,39.01,24.5,51.57,0.23,NASA_POWER
2023-11-02,sorriso_mt,"Sorriso, MT",-12.5425,-55.7211,29.86,28.85,35.92,21.5,64.54,0.08,NASA_POWER
2023-11-03,sorriso_mt,"Sorriso, MT",-12.5425,-55.7211,24.6,25.97,28.23,23.53,81.89,0.03,NASA_POWER
2023-11-04,sorriso_mt,"Sorriso, MT",-12.5425,-55.7211,4.63,25.99,30.46,23.16,86.52,0.03,NASA_POWER
2023-11-05,sorriso_mt,"Sorriso, MT",-12.5425,-55.7211,0.03,27.41,32.57,22.35,74.33,0.06,NASA_POWER
2023-11-06,sorriso_mt,"Sorriso, MT",-12.5425,-55.7211,3.01,29.17,35.92,22.91,66.86,0.11,NASA_POWER
2023-11-07,sorriso_mt,"Sorriso, MT",-12.5425,-55.7211,0.15,28.83,34.83,24.05,71.59,0.06,NASA_POWER
2023-11-08,sorriso_mt,"Sorriso, MT",-12.5425,-55.7211,4.99,28.06,34.57,24.2,72.71,0.03,NASA_POWER
2023-11-09,sorriso_mt,"Sorriso, MT",-12.5425,-55.7211,0.21,29.34,36.8,22.81,65.27,0.04,NASA_POWER
2023-11-10,sorriso_mt,"Sorriso, MT",-12.5425,-55.7211,0.0,30.02,36.93,24.14,57.74,0.05,NASA_POWER
2023-11-11,sorriso_mt,"Sorriso, MT",-12.5425,-55.7211,0.0,30.73,38.49,23.8,55.66,0.1,NASA_POWER
2023-11-12,sorriso_mt,"Sorriso, MT",-12.5425,-55.7211,0.0,30.44,36.73,25.66,54.06,0.09,NASA_POWER
2023-11-13,sorriso_mt,"Sorriso, MT",-12.5425,-55.7211,0.38,30.85,38.79,23.48,50.75,0.1,NASA_POWER
2023-11-14,sorriso_mt,"Sorriso, MT",-12.5425,-55.7211,0.0,31.78,39.87,23.24,52.0,0.2,NASA_POWER
2023-11-15,sorriso_mt,"Sorriso, MT",-12.5425,-55.7211,0.0,33.39,41.56,24.78,43.0,0.1,NASA_POWER
2023-11-16,sorriso_mt,"Sorriso, MT",-12.5425,-55.7211,15.27,32.92,38.95,26.49,48.35,0.12,NASA_POWER
2023-11-17,sorriso_mt,"Sorriso, MT",-12.5425,-55.7211,2.79,29.98,35.91,25.73,61.68,0.04,NASA_POWER
2023-11-18,sorriso_mt,"Sorriso, MT",-12.5425,-55.7211,0.51,30.1,37.15,23.79,61.61,0.03,NASA_POWER
2023-11-19,sorriso_mt,"Sorriso, MT",-12.5425,-55.7211,0.0,30.46,36.87,24.83,58.58,0.03,NASA_POWER
2023-11-20,sorriso_mt,"Sorriso, MT",-12.5425,-55.7211,7.09,29.42,34.6,25.07,65.12,0.03,NASA_POWER
2023-11-21,sorriso_mt,"Sorriso, MT",-12.5425,-55.7211,0.34,28.44,33.87,24.02,66.75,0.05,NASA_POWER
2023-11-22,sorriso_mt,"Sorriso, MT",-12.5425,-55.7211,0.39,27.63,32.53,23.63,66.61,0.08,NASA_POWER
2023-11-23,sorriso_mt,"Sorriso, MT",-12.5425,-55.7211,4.0,25.82,28.29,23.23,80.79,0.11,NASA_POWER
2023-11-24,sorriso_mt,"Sorriso, MT",-12.5425,-55.7211,0.11,27.98,35.52,22.27,71.01,0.05,NASA_POWER
2023-11-25,sorriso_mt,"Sorriso, MT",-12.5425,-55.7211,2.35,30.08,36.55,23.5,60.47,0.12,NASA_POWER
2023-11-26,sorriso_mt,"Sorriso, MT",-12.5425,-55.7211,12.58,29.56,36.36,24.69,63.71,0.08,NASA_POWER
2023-11-27,sorriso_mt,"Sorriso, MT",-12.5425,-55.7211,0.03,29.04,35.65,23.33,63.1,0.03,NASA_POWER
2023-11-28,sorriso_mt,"Sorriso, MT",-12.5425,-55.7211,0.57,28.59,35.06,23.15,61.93,0.03,NASA_POWER
2023-11-29,sorriso_mt,"Sorriso, MT",-12.5425,-55.7211,0.0,29.73,37.14,22.56,52.09,0.04,NASA_POWER
2023-11-30,sorriso_mt,"Sorriso, MT",-12.5425,-55.7211,0.21,30.24,38.04,22.59,49.49,0.17,NASA_POWER
2023-12-01,sorriso_mt,"Sorriso, MT",-12.5425,-55.7211,1.69,30.69,37.66,23.27,51.47,0.3,NASA_POWER
2023-12-02,sorriso_mt,"Sorriso, MT",-12.5425,-55.7211,0.7,30.72,38.0,23.76,54.37,0.3,NASA_POWER
2023-12-03,sorriso_mt,"Sorriso, MT",-12.5425,-55.7211,6.94,30.22,37.48,23.98,58.25,0.09,NASA_POWER
2023-12-04,sorriso_mt,"Sorriso, MT",-12.5425,-55.7211,23.2,26.94,31.64,23.71,78.33,0.04,NASA_POWER
2023-12-05,sorriso_mt,"Sorriso, MT",-12.5425,-55.7211,0.82,27.29,32.91,22.32,72.13,0.03,NASA_POWER
2023-12-06,sorriso_mt,"Sorriso, MT",-12.5425,-55.7211,0.03,29.08,35.87,23.18,63.3,0.04,NASA_POWER
2023-12-07,sorriso_mt,"Sorriso, MT",-12.5425,-55.7211,2.42,30.06,35.67,23.78,62.33,0.23,NASA_POWER
2023-12-08,sorriso_mt,"Sorriso, MT",-12.5425,-55.7211,3.36,29.37,35.91,23.32,67.86,0.08,NASA_POWER
2023-12-09,sorriso_mt,"Sorriso, MT",-12.5425,-55.7211,0.08,30.81,37.41,23.95,58.68,0.14,NASA_POWER
2023-12-10,sorriso_mt,"Sorriso, MT",-12.5425,-55.7211,0.13,31.53,38.87,24.01,55.4,0.2,NASA_POWER
2023-12-11,sorriso_mt,"Sorriso, MT",-12.5425,-55.7211,1.51,30.13,36.92,24.24,58.43,0.09,NASA_POWER
2023-12-12,sorriso_mt,"Sorriso, MT",-12.5425,-55.7211,6.19,28.67,34.7,23.42,64.87,0.05,NASA_POWER
2023-12-13,sorriso_mt,"Sorriso, MT",-12.5425,-55.7211,0.01,30.28,37.21,23.18,57.96,0.04,NASA_POWER
2023-12-14,sorriso_mt,"Sorriso, MT",-12.5425,-55.7211,7.62,30.29,36.75,24.45,59.61,0.06,NASA_POWER
2023-12-15,sorriso_mt,"Sorriso, MT",-12.5425,-55.7211,0.73,30.32,37.42,23.74,58.16,0.05,NASA_POWER
2023-12-16,sorriso_mt,"Sorriso, MT",-12.5425,-55.7211,0.0,31.08,38.85,23.39,48.49,0.08,NASA_POWER
2023-12-17,sorriso_mt,"Sorriso, MT",-12.5425,-55.7211,0.53,31.2,39.15,22.97,50.52,0.13,NASA_POWER
2023-12-18,sorriso_mt,"Sorriso, MT",-12.5425,-55.7211,0.11,30.84,38.09,23.03,50.13,0.22,NASA_POWER
2023-12-19,sorriso_mt,"Sorriso, MT",-12.5425,-55.7211,0.72,31.29,39.2,22.37,46.17,0.2,NASA_POWER
2023-12-20,sorriso_mt,"Sorriso, MT",-12.5425,-55.7211,6.07,30.28,37.3,24.48,55.16,0.04,NASA_POWER
2023-12-21,sorriso_mt,"Sorriso, MT",-12.5425,-55.7211,27.04,27.6,33.26,23.8,77.89,0.03,NASA_POWER
2023-12-22,sorriso_mt,"Sorriso, MT",-12.5425,-55.7211,10.1,26.25,29.37,23.25,86.8,0.05,NASA_POWER
2023-12-23,sorriso_mt,"Sorriso, MT",-12.5425,-55.7211,1.17,26.52,31.55,23.14,79.08,0.03,NASA_POWER
2023-12-24,sorriso_mt,"Sorriso, MT",-12.5425,-55.7211,15.92,27.2,33.33,22.43,76.51,0.02,NASA_POWER
2023-12-25,sorriso_mt,"Sorriso, MT",-12.5425,-55.7211,2.12,28.1,34.12,22.46,73.14,0.08,NASA_POWER
2023-12-26,sorriso_mt,"Sorriso, MT",-12.5425,-55.7211,10.48,26.84,30.32,23.28,79.61,0.11,NASA_POWER
2023-12-27,sorriso_mt,"Sorriso, MT",-12.5425,-55.7211,0.0,28.42,34.74,22.08,65.81,0.15,NASA_POWER
2023-12-28,sorriso_mt,"Sorriso, MT",-12.5425,-55.7211,1.94,29.27,36.41,22.07,63.85,0.07,NASA_POWER
2023-12-29,sorriso_mt,"Sorriso, MT",-12.5425,-55.7211,3.98,27.74,33.28,24.08,76.59,0.06,NASA_POWER
2023-12-30,sorriso_mt,"Sorriso, MT",-12.5425,-55.7211,0.14,27.02,30.48,23.66,74.35,0.08,NASA_POWER
2023-12-31,sorriso_mt,"Sorriso, MT",-12.5425,-55.7211,0.67,28.38,34.72,23.06,66.86,0.1,NASA_POWER
2024-01-01,sorriso_mt,"Sorriso, MT",-12.5425,-55.7211,17.84,27.13,31.98,23.56,76.72,0.04,NASA_POWER
2024-01-02,sorriso_mt,"Sorriso, MT",-12.5425,-55.7211,6.38,25.65,29.29,23.16,86.1,0.05,NASA_POWER
2024-01-03,sorriso_mt,"Sorriso, MT",-12.5425,-55.7211,10.67,24.22,26.3,22.51,95.12,0.02,NASA_POWER
2024-01-04,sorriso_mt,"Sorriso, MT",-12.5425,-55.7211,14.37,25.29,28.61,23.0,91.58,0.03,NASA_POWER
2024-01-05,sorriso_mt,"Sorriso, MT",-12.5425,-55.7211,44.78,23.92,25.55,22.83,96.71,0.06,NASA_POWER
2024-01-06,sorriso_mt,"Sorriso, MT",-12.5425,-55.7211,6.51,25.03,28.32,22.16,90.89,0.06,NASA_POWER
2024-01-07,sorriso_mt,"Sorriso, MT",-12.5425,-55.7211,13.94,24.89,27.8,22.62,92.26,0.04,NASA_POWER
2024-01-08,sorriso_mt,"Sorriso, MT",-12.5425,-55.7211,16.91,24.78,27.57,22.49,95.04,0.04,NASA_POWER
2024-01-09,sorriso_mt,"Sorriso, MT",-12.5425,-55.7211,6.82,24.83,27.95,22.65,92.01,0.08,NASA_POWER
2024-01-10,sorriso_mt,"Sorriso, MT",-12.5425,-55.7211,6.51,24.89,27.99,22.1,92.98,0.04,NASA_POWER
2024-01-11,sorriso_mt,"Sorriso, MT",-12.5425,-55.7211,15.68,23.74,25.75,22.35,94.41,0.09,NASA_POWER
2024-01-12,sorriso_mt,"Sorriso, MT",-12.5425,-55.7211,8.55,24.71,28.46,21.44,89.48,0.04,NASA_POWER
2024-01-13,sorriso_mt,"Sorriso, MT",-12.5425,-55.7211,4.15,24.66,27.76,21.97,90.94,0.09,NASA_POWER
2024-01-14,sorriso_mt,"Sorriso, MT",-12.5425,-55.7211,2.24,25.6,29.24,22.12,90.45,0.06,NASA_POWER
2024-01-15,sorriso_mt,"Sorriso, MT",-12.5425,-55.7211,0.43,25.8,29.24,23.12,87.62,0.02,NASA_POWER
2024-01-16,sorriso_mt,"Sorriso, MT",-12.5425,-55.7211,0.3,26.39,30.53,22.87,84.55,0.03,NASA_POWER
2024-01-17,sorriso_mt,"Sorriso, MT",-12.5425,-55.7211,5.91,26.74,31.17,22.72,84.69,0.03,NASA_POWER
2024-01-18,sorriso_mt,"Sorriso, MT",-12.5425,-55.7211,4.64,26.73,31.02,23.01,84.06,0.03,NASA_POWER
2024-01-19,sorriso_mt,"Sorriso, MT",-12.5425,-55.7211,48.55,26.01,29.61,22.69,86.66,0.1,NASA_POWER
2024-01-20,sorriso_mt,"Sorriso, MT",-12.5425,-55.7211,6.61,26.27,29.82,22.78,86.41,0.25,NASA_POWER
2024-01-21,sorriso_mt,"Sorriso, MT",-12.5425,-55.7211,2.23,26.23,29.36,22.79,88.38,0.14,NASA_POWER
2024-01-22,sorriso_mt,"Sorriso, MT",-12.5425,-55.7211,4.58,26.37,30.28,23.42,89.0,0.15,NASA_POWER
2024-01-23,sorriso_mt,"Sorriso, MT",-12.5425,-55.7211,4.84,26.48,30.02,23.3,88.72,0.2,NASA_POWER
2024-01-24,sorriso_mt,"Sorriso, MT",-12.5425,-55.7211,12.62,25.91,28.54,23.86,93.46,0.06,NASA_POWER
2024-01-25,sorriso_mt,"Sorriso, MT",-12.5425,-55.7211,6.19,25.14,26.72,23.65,94.18,0.04,NASA_POWER
2024-01-26,sorriso_mt,"Sorriso, MT",-12.5425,-55.7211,3.97,25.33,29.04,22.56,89.28,0.15,NASA_POWER
2024-01-27,sorriso_mt,"Sorriso, MT",-12.5425,-55.7211,0.21,25.59,30.02,21.25,83.88,0.17,NASA_POWER
2024-01-28,sorriso_mt,"Sorriso, MT",-12.5425,-55.7211,0.13,25.13,30.23,20.92,85.81,0.19,NASA_POWER
2024-01-29,sorriso_mt,"Sorriso, MT",-12.5425,-55.7211,10.33,24.84,28.56,21.49,89.71,0.04,NASA_POWER
2024-01-30,sorriso_mt,"Sorriso, MT",-12.5425,-55.7211,11.64,25.27,29.84,20.98,88.47,0.04,NASA_POWER
2024-01-31,sorriso_mt,"Sorriso, MT",-12.5425,-55.7211,5.3,25.49,29.25,22.45,90.39,0.09,NASA_POWER
2024-02-01,sorriso_mt,"Sorriso, MT",-12.5425,-55.7211,28.76,26.19,30.74,22.05,88.35,0.13,NASA_POWER
2024-02-02,sorriso_mt,"Sorriso, MT",-12.5425,-55.7211,3.76,25.19,28.58,22.83,90.31,0.03,NASA_POWER
2024-02-03,sorriso_mt,"Sorriso, MT",-12.5425,-55.7211,32.36,24.17,26.8,22.27,93.77,0.02,NASA_POWER
2024-02-04,sorriso_mt,"Sorriso, MT",-12.5425,-55.7211,30.82,24.08,26.94,22.05,93.14,0.08,NASA_POWER
2024-02-05,sorriso_mt,"Sorriso, MT",-12.5425,-55.7211,3.18,24.01,27.18,21.7,90.98,0.03,NASA_POWER
2024-02-06,sorriso_mt,"Sorriso, MT",-12.5425,-55.7211,1.34,25.25,29.74,21.55,86.47,0.06,NASA_POWER
2024-02-07,sorriso_mt,"Sorriso, MT",-12.5425,-55.7211,4.12,25.67,29.78,22.73,89.0,0.03,NASA_POWER
2024-02-08,sorriso_mt,"Sorriso, MT",-12.5425,-55.7211,9.68,25.51,30.3,21.14,86.44,0.04,NASA_POWER
2024-02-09,sorriso_mt,"Sorriso, MT",-12.5425,-55.7211,4.99,25.81,29.34,23.0,88.76,0.02,NASA_POWER
2024-02-10,sorriso_mt,"Sorriso, MT",-12.5425,-55.7211,15.9,25.79,29.72,22.35,89.62,0.04,NASA_POWER
2024-02-11,sorriso_mt,"Sorriso, MT",-12.5425,-55.7211,9.25,25.02,27.54,23.37,92.61,0.04,NASA_POWER
2024-02-12,sorriso_mt,"Sorriso, MT",-12.5425,-55.7211,1.56,24.51,27.5,22.19,89.28,0.04,NASA_POWER
2024-02-13,sorriso_mt,"Sorriso, MT",-12.5425,-55.7211,2.35,25.47,29.84,21.37,87.79,0.11,NASA_POWER
2024-02-14,sorriso_mt,"Sorriso, MT",-12.5425,-55.7211,1.72,26.01,30.27,21.67,88.0,0.16,NASA_POWER
2024-02-15,sorriso_mt,"Sorriso, MT",-12.5425,-55.7211,0.38,26.43,30.94,21.81,86.36,0.04,NASA_POWER
2024-02-16,sorriso_mt,"Sorriso, MT",-12.5425,-55.7211,0.71,26.75,30.91,22.4,86.03,0.06,NASA_POWER
2024-02-17,sorriso_mt,"Sorriso, MT",-12.5425,-55.7211,1.36,26.42,31.32,22.4,84.41,0.03,NASA_POWER
2024-02-18,sorriso_mt,"Sorriso, MT",-12.5425,-55.7211,41.08,24.66,27.32,21.79,93.04,0.08,NASA_POWER
2024-02-19,sorriso_mt,"Sorriso, MT",-12.5425,-55.7211,19.26,25.27,28.05,22.96,95.34,0.03,NASA_POWER
2024-02-20,sorriso_mt,"Sorriso, MT",-12.5425,-55.7211,14.98,25.34,28.75,22.42,91.86,0.04,NASA_POWER
2024-02-21,sorriso_mt,"Sorriso, MT",-12.5425,-55.7211,3.97,25.39,28.79,22.83,90.67,0.05,NASA_POWER
2024-02-22,sorriso_mt,"Sorriso, MT",-12.5425,-55.7211,2.75,25.46,28.94,22.97,90.89,0.02,NASA_POWER
2024-02-23,sorriso_mt,"Sorriso, MT",-12.5425,-55.7211,2.9,25.14,28.22,22.81,90.39,0.02,NASA_POWER
2024-02-24,sorriso_mt,"Sorriso, MT",-12.5425,-55.7211,0.93,24.63,27.8,22.45,90.08,0.08,NASA_POWER
2024-02-25,sorriso_mt,"Sorriso, MT",-12.5425,-55.7211,0.23,25.86,30.18,21.8,87.36,0.1,NASA_POWER
2024-02-26,sorriso_mt,"Sorriso, MT",-12.5425,-55.7211,5.61,26.43,30.46,22.47,88.37,0.11,NASA_POWER
2024-02-27,sorriso_mt,"Sorriso, MT",-12.5425,-55.7211,5.6,25.44,28.21,23.28,91.0,0.11,NASA_POWER
2024-02-28,sorriso_mt,"Sorriso, MT",-12.5425,-55.7211,1.64,25.7,29.87,21.72,88.2,0.13,NASA_POWER
2024-02-29,sorriso_mt,"Sorriso, MT",-12.5425,-55.7211,1.23,26.17,30.09,22.1,87.91,0.17,NASA_POWER
2024-03-01,sorriso_mt,"Sorriso, MT",-12.5425,-55.7211,2.51,26.68,30.53,23.42,89.32,0.07,NASA_POWER
2024-03-02,sorriso_mt,"Sorriso, MT",-12.5425,-55.7211,29.54,25.98,28.57,23.68,90.68,0.13,NASA_POWER
2024-03-03,sorriso_mt,"Sorriso, MT",-12.5425,-55.7211,7.76,24.29,26.54,22.9,96.16,0.06,NASA_POWER
2024-03-04,sorriso_mt,"Sorriso, MT",-12.5425,-55.7211,8.86,25.08,28.33,22.66,90.64,0.11,NASA_POWER
2024-03-05,sorriso_mt,"Sorriso, MT",-12.5425,-55.7211,4.29,23.93,26.14,21.95,92.62,0.1,NASA_POWER
2024-03-06,sorriso_mt,"Sorriso, MT",-12.5425,-55.7211,1.69,25.0,28.56,21.43,90.82,0.08,NASA_POWER
2024-03-07,sorriso_mt,"Sorriso, MT",-12.5425,-55.7211,2.44,25.8,28.59,23.53,92.66,0.05,NASA_POWER
2024-03-08,sorriso_mt,"Sorriso, MT",-12.5425,-55.7211,6.25,26.09,29.89,23.23,89.96,0.16,NASA_POWER
2024-03-09,sorriso_mt,"Sorriso, MT",-12.5425,-55.7211,1.75,25.81,29.72,22.37,90.16,0.08,NASA_POWER
2024-03-10,sorriso_mt,"Sorriso, MT",-12.5425,-55.7211,3.27,25.96,29.75,23.08,91.49,0.24,NASA_POWER
2024-03-11,sorriso_mt,"Sorriso, MT",-12.5425,-55.7211,4.16,27.04,30.84,23.3,88.86,0.24,NASA_POWER
2024-03-12,sorriso_mt,"Sorriso, MT",-12.5425,-55.7211,1.98,27.49,31.29,24.48,89.19,0.03,NASA_POWER
2024-03-13,sorriso_mt,"Sorriso, MT",-12.5425,-55.7211,1.0,27.06,30.46,24.02,90.52,0.06,NASA_POWER
2024-03-14,sorriso_mt,"Sorriso, MT",-12.5425,-55.7211,6.52,26.79,29.86,24.52,92.01,0.07,NASA_POWER
2024-03-15,sorriso_mt,"Sorriso, MT",-12.5425,-55.7211,4.48,27.21,30.78,23.98,90.08,0.06,NASA_POWER
2024-03-16,sorriso_mt,"Sorriso, MT",-12.5425,-55.7211,0.73,27.71,31.15,24.6,88.67,0.06,NASA_POWER
2024-03-17,sorriso_mt,"Sorriso, MT",-12.5425,-55.7211,3.08,26.53,29.77,24.4,88.64,0.04,NASA_POWER
2024-03-18,sorriso_mt,"Sorriso, MT",-12.5425,-55.7211,2.58,26.14,29.09,23.51,89.97,0.16,NASA_POWER
2024-03-19,sorriso_mt,"Sorriso, MT",-12.5425,-55.7211,0.99,26.35,30.28,23.19,89.97,0.12,NASA_POWER
2024-03-20,sorriso_mt,"Sorriso, MT",-12.5425,-55.7211,7.98,26.12,29.57,23.92,91.77,0.14,NASA_POWER
2024-03-21,sorriso_mt,"Sorriso, MT",-12.5425,-55.7211,9.1,25.64,28.64,23.05,92.63,0.12,NASA_POWER
2024-03-22,sorriso_mt,"Sorriso, MT",-12.5425,-55.7211,5.52,26.1,29.66,22.8,89.44,0.21,NASA_POWER
2024-03-23,sorriso_mt,"Sorriso, MT",-12.5425,-55.7211,12.9,25.86,29.32,23.29,91.35,0.11,NASA_POWER
2024-03-24,sorriso_mt,"Sorriso, MT",-12.5425,-55.7211,7.45,25.37,27.93,23.18,94.84,0.04,NASA_POWER
2024-03-25,sorriso_mt,"Sorriso, MT",-12.5425,-55.7211,11.45,24.84,27.39,23.23,93.89,0.06,NASA_POWER
2024-03-26,sorriso_mt,"Sorriso, MT",-12.5425,-55.7211,3.81,25.08,28.56,22.59,91.55,0.03,NASA_POWER
2024-03-27,sorriso_mt,"Sorriso, MT",-12.5425,-55.7211,18.22,24.82,27.81,22.93,94.09,0.03,NASA_POWER
2024-03-28,sorriso_mt,"Sorriso, MT",-12.5425,-55.7211,7.38,24.41,26.75,23.01,93.31,0.04,NASA_POWER
2024-03-29,sorriso_mt,"Sorriso, MT",-12.5425,-55.7211,0.21,25.17,29.15,22.06,90.13,0.04,NASA_POWER
2024-03-30,sorriso_mt,"Sorriso, MT",-12.5425,-55.7211,0.19,25.65,29.39,22.85,88.63,0.04,NASA_POWER
2024-03-31,sorriso_mt,"Sorriso, MT",-12.5425,-55.7211,0.09,25.63,28.4,22.69,89.53,0.15,NASA_POWER
2024-04-01,sorriso_mt,"Sorriso, MT",-12.5425,-55.7211,6.32,25.97,28.94,23.44,90.88,0.29,NASA_POWER
2024-04-02,sorriso_mt,"Sorriso, MT",-12.5425,-55.7211,3.87,25.14,27.61,22.91,94.45,0.18,NASA_POWER
2024-04-03,sorriso_mt,"Sorriso, MT",-12.5425,-55.7211,7.23,25.15,28.83,21.66,89.6,0.15,NASA_POWER
2024-04-04,sorriso_mt,"Sorriso, MT",-12.5425,-55.7211,9.82,25.49,28.9,22.66,91.81,0.15,NASA_POWER
2024-04-05,sorriso_mt,"Sorriso, MT",-12.5425,-55.7211,3.52,26.12,29.83,23.05,89.87,0.13,NASA_POWER
2024-04-06,sorriso_mt,"Sorriso, MT",-12.5425,-55.7211,0.63,24.9,27.24,23.1,92.88,0.04,NASA_POWER
2024-04-07,sorriso_mt,"Sorriso, MT",-12.5425,-55.7211,2.16,25.2,28.69,22.69,91.36,0.13,NASA_POWER
2024-04-08,sorriso_mt,"Sorriso, MT",-12.5425,-55.7211,2.03,25.39,29.45,21.95,90.72,0.09,NASA_POWER
2024-04-09,sorriso_mt,"Sorriso, MT",-12.5425,-55.7211,5.84,25.6,29.08,22.86,94.2,0.04,NASA_POWER
2024-04-10,sorriso_mt,"Sorriso, MT",-12.5425,-55.7211,10.02,25.46,28.04,23.24,93.84,0.21,NASA_POWER
2024-04-11,sorriso_mt,"Sorriso, MT",-12.5425,-55.7211,14.26,25.7,29.16,23.29,92.5,0.08,NASA_POWER
2024-04-12,sorriso_mt,"Sorriso, MT",-12.5425,-55.7211,5.55,25.68,29.17,22.82,91.5,0.08,NASA_POWER
2024-04-13,sorriso_mt,"Sorriso, MT",-12.5425,-55.7211,8.4,25.78,29.6,22.23,92.2,0.04,NASA_POWER
2024-04-14,sorriso_mt,"Sorriso, MT",-12.5425,-55.7211,5.68,25.05,26.92,23.73,95.77,0.08,NASA_POWER
2024-04-15,sorriso_mt,"Sorriso, MT",-12.5425,-55.7211,5.92,25.71,29.11,22.97,92.89,0.02,NASA_POWER
2024-04-16,sorriso_mt,"Sorriso, MT",-12.5425,-55.7211,50.37,25.06,26.83,23.73,97.66,0.05,NASA_POWER
2024-04-17,sorriso_mt,"Sorriso, MT",-12.5425,-55.7211,9.82,25.74,29.44,23.33,92.14,0.04,NASA_POWER
2024-04-18,sorriso_mt,"Sorriso, MT",-12.5425,-55.7211,0.26,25.95,29.71,22.74,89.78,0.04,NASA_POWER
2024-04-19,sorriso_mt,"Sorriso, MT",-12.5425,-55.7211,1.4,26.26,29.58,23.46,91.78,0.03,NASA_POWER
2024-04-20,sorriso_mt,"Sorriso, MT",-12.5425,-55.7211,3.65,25.64,27.5,23.8,95.59,0.11,NASA_POWER
2024-04-21,sorriso_mt,"Sorriso, MT",-12.5425,-55.7211,6.29,25.55,29.28,22.73,91.92,0.07,NASA_POWER
2024-04-22,sorriso_mt,"Sorriso, MT",-12.5425,-55.7211,1.82,25.61,28.87,23.05,91.49,0.12,NASA_POWER
2024-04-23,sorriso_mt,"Sorriso, MT",-12.5425,-55.7211,0.87,26.01,29.89,22.77,90.15,0.04,NASA_POWER
2024-04-24,sorriso_mt,"Sorriso, MT",-12.5425,-55.7211,2.84,25.75,29.62,23.11,90.43,0.03,NASA_POWER
2024-04-25,sorriso_mt,"Sorriso, MT",-12.5425,-55.7211,1.49,25.67,29.66,22.42,89.77,0.15,NASA_POWER
2024-04-26,sorriso_mt,"Sorriso, MT",-12.5425,-55.7211,1.36,25.55,29.64,22.31,90.87,0.04,NASA_POWER
2024-04-27,sorriso_mt,"Sorriso, MT",-12.5425,-55.7211,1.25,26.11,29.69,23.1,89.77,0.11,NASA_POWER
2024-04-28,sorriso_mt,"Sorriso, MT",-12.5425,-55.7211,1.43,25.69,28.42,24.07,93.11,0.03,NASA_POWER
2024-04-29,sorriso_mt,"Sorriso, MT",-12.5425,-55.7211,1.96,25.06,27.91,23.12,94.55,0.11,NASA_POWER
2024-04-30,sorriso_mt,"Sorriso, MT",-12.5425,-55.7211,0.33,25.75,29.77,22.97,91.51,0.03,NASA_POWER
2024-05-01,sorriso_mt,"Sorriso, MT",-12.5425,-55.7211,0.06,25.7,29.62,22.67,89.44,0.03,NASA_POWER
2024-05-02,sorriso_mt,"Sorriso, MT",-12.5425,-55.7211,0.0,25.21,29.48,20.99,88.05,0.03,NASA_POWER
2024-05-03,sorriso_mt,"Sorriso, MT",-12.5425,-55.7211,0.0,24.93,29.41,20.64,88.75,0.07,NASA_POWER
2024-05-04,sorriso_mt,"Sorriso, MT",-12.5425,-55.7211,0.67,25.56,30.02,21.41,89.85,0.03,NASA_POWER
2024-05-05,sorriso_mt,"Sorriso, MT",-12.5425,-55.7211,0.68,25.28,29.57,22.17,89.17,0.03,NASA_POWER
2024-05-06,sorriso_mt,"Sorriso, MT",-12.5425,-55.7211,1.51,24.56,29.26,20.43,90.27,0.03,NASA_POWER
2024-05-07,sorriso_mt,"Sorriso, MT",-12.5425,-55.7211,0.98,25.28,29.77,21.41,89.35,0.03,NASA_POWER
2024-05-08,sorriso_mt,"Sorriso, MT",-12.5425,-55.7211,1.55,25.31,29.62,21.94,89.97,0.03,NASA_POWER
2024-05-09,sorriso_mt,"Sorriso, MT",-12.5425,-55.7211,0.32,24.5,29.32,20.81,87.94,0.05,NASA_POWER
2024-05-10,sorriso_mt,"Sorriso, MT",-12.5425,-55.7211,1.62,24.16,29.24,19.28,88.7,0.14,NASA_POWER
2024-05-11,sorriso_mt,"Sorriso, MT",-12.5425,-55.7211,1.47,24.18,29.3,19.61,87.16,0.06,NASA_POWER
2024-05-12,sorriso_mt,"Sorriso, MT",-12.5425,-55.7211,0.81,24.45,29.96,19.75,86.98,0.03,NASA_POWER
2024-05-13,sorriso_mt,"Sorriso, MT",-12.5425,-55.7211,0.76,24.35,29.73,20.68,84.8,0.03,NASA_POWER
2024-05-14,sorriso_mt,"Sorriso, MT",-12.5425,-55.7211,1.0,22.71,29.25,17.65,84.5,0.13,NASA_POWER
2024-05-15,sorriso_mt,"Sorriso, MT",-12.5425,-55.7211,1.22,22.16,28.19,17.14,82.87,0.04,NASA_POWER
2024-05-16,sorriso_mt,"Sorriso, MT",-12.5425,-55.7211,1.47,24.5,30.93,18.83,85.55,0.06,NASA_POWER
2024-05-17,sorriso_mt,"Sorriso, MT",-12.5425,-55.7211,2.96,25.19,29.87,22.45,88.72,0.06,NASA_POWER
2024-05-18,sorriso_mt,"Sorriso, MT",-12.5425,-55.7211,0.23,24.2,29.76,20.29,83.09,0.09,NASA_POWER
2024-05-19,sorriso_mt,"Sorriso, MT",-12.5425,-55.7211,0.0,23.13,29.44,18.42,79.17,0.23,NASA_POWER
2024-05-20,sorriso_mt,"Sorriso, MT",-12.5425,-55.7211,0.0,22.4,29.02,17.26,78.26,0.04,NASA_POWER
2024-05-21,sorriso_mt,"Sorriso, MT",-12.5425,-55.7211,1.75,23.95,30.46,18.14,83.33,0.08,NASA_POWER
2024-05-22,sorriso_mt,"Sorriso, MT",-12.5425,-55.7211,0.7,25.03,31.29,20.69,81.46,0.07,NASA_POWER
2024-05-23,sorriso_mt,"Sorriso, MT",-12.5425,-55.7211,1.88,24.8,31.27,20.0,84.72,0.03,NASA_POWER
2024-05-24,sorriso_mt,"Sorriso, MT",-12.5425,-55.7211,1.32,25.28,31.85,20.62,82.34,0.08,NASA_POWER
2024-05-25,sorriso_mt,"Sorriso, MT",-12.5425,-55.7211,1.59,23.71,29.39,20.2,84.68,0.06,NASA_POWER
2024-05-26,sorriso_mt,"Sorriso, MT",-12.5425,-55.7211,0.6,22.64,28.46,18.54,80.89,0.09,NASA_POWER
2024-05-27,sorriso_mt,"Sorriso, MT",-12.5425,-55.7211,0.64,22.13,29.2,17.65,82.45,0.07,NASA_POWER
2024-05-28,sorriso_mt,"Sorriso, MT",-12.5425,-55.7211,1.58,21.16,27.18,16.31,78.75,0.09,NASA_POWER
2024-05-29,sorriso_mt,"Sorriso, MT",-12.5425,-55.7211,0.0,21.26,28.09,15.46,72.72,0.15,NASA_POWER
2024-05-30,sorriso_mt,"Sorriso, MT",-12.5425,-55.7211,0.0,22.18,29.68,16.8,74.49,0.11,NASA_POWER
2024-05-31,sorriso_mt,"Sorriso, MT",-12.5425,-55.7211,0.0,22.52,30.25,16.82,76.39,0.09,NASA_POWER
2024-06-01,sorriso_mt,"Sorriso, MT",-12.5425,-55.7211,0.0,23.35,30.93,17.37,73.05,0.03,NASA_POWER
2024-06-02,sorriso_mt,"Sorriso, MT",-12.5425,-55.7211,0.0,24.24,31.31,18.37,73.04,0.03,NASA_POWER
2024-06-03,sorriso_mt,"Sorriso, MT",-12.5425,-55.7211,0.02,23.85,31.23,19.26,72.66,0.09,NASA_POWER
2024-06-04,sorriso_mt,"Sorriso, MT",-12.5425,-55.7211,0.39,23.15,30.51,16.62,70.63,0.07,NASA_POWER
2024-06-05,sorriso_mt,"Sorriso, MT",-12.5425,-55.7211,2.46,22.86,29.33,18.66,81.37,0.03,NASA_POWER
2024-06-06,sorriso_mt,"Sorriso, MT",-12.5425,-55.7211,0.0,23.92,31.27,18.39,75.37,0.06,NASA_POWER
2024-06-07,sorriso_mt,"Sorriso, MT",-12.5425,-55.7211,1.23,23.08,30.97,16.95,72.97,0.2,NASA_POWER
2024-06-08,sorriso_mt,"Sorriso, MT",-12.5425,-55.7211,1.33,23.72,31.69,16.76,72.43,0.14,NASA_POWER
2024-06-09,sorriso_mt,"Sorriso, MT",-12.5425,-55.7211,1.47,24.17,31.64,18.1,78.16,0.04,NASA_POWER
2024-06-10,sorriso_mt,"Sorriso, MT",-12.5425,-55.7211,0.86,24.48,31.88,18.65,77.23,0.09,NASA_POWER
2024-06-11,sorriso_mt,"Sorriso, MT",-12.5425,-55.7211,1.13,23.2,31.19,16.88,73.38,0.11,NASA_POWER
2024-06-12,sorriso_mt,"Sorriso, MT",-12.5425,-55.7211,1.21,23.5,31.63,16.19,69.64,0.2,NASA_POWER
2024-06-13,sorriso_mt,"Sorriso, MT",-12.5425,-55.7211,1.61,24.05,32.13,17.92,76.44,0.06,NASA_POWER
2024-06-14,sorriso_mt,"Sorriso, MT",-12.5425,-55.7211,0.0,24.85,32.68,17.97,71.33,0.03,NASA_POWER
2024-06-15,sorriso_mt,"Sorriso, MT",-12.5425,-55.7211,0.03,24.69,32.61,19.17,73.83,0.04,NASA_POWER
2024-06-16,sorriso_mt,"Sorriso, MT",-12.5425,-55.7211,1.57,23.46,31.72,17.23,74.91,0.06,NASA_POWER
2024-06-17,sorriso_mt,"Sorriso, MT",-12.5425,-55.7211,1.59,23.93,31.78,18.09,74.16,0.04,NASA_POWER
2024-06-18,sorriso_mt,"Sorriso, MT",-12.5425,-55.7211,1.28,23.89,31.95,17.41,69.28,0.03,NASA_POWER
2024-06-19,sorriso_mt,"Sorriso, MT",-12.5425,-55.7211,1.1,23.78,31.65,18.08,75.52,0.03,NASA_POWER
2024-06-20,sorriso_mt,"Sorriso, MT",-12.5425,-55.7211,2.08,23.12,31.5,17.33,76.32,0.05,NASA_POWER
2024-06-21,sorriso_mt,"Sorriso, MT",-12.5425,-55.7211,0.24,24.32,32.66,17.06,70.4,0.16,NASA_POWER
2024-06-22,sorriso_mt,"Sorriso, MT",-12.5425,-55.7211,2.22,24.8,32.14,19.38,75.82,0.03,NASA_POWER
2024-06-23,sorriso_mt,"Sorriso, MT",-12.5425,-55.7211,0.12,25.47,33.12,19.73,69.23,0.03,NASA_POWER
2024-06-24,sorriso_mt,"Sorriso, MT",-12.5425,-55.7211,0.0,25.17,33.29,18.85,68.89,0.03,NASA_POWER
2024-06-25,sorriso_mt,"Sorriso, MT",-12.5425,-55.7211,0.0,24.54,32.32,18.5,66.19,0.22,NASA_POWER
2024-06-26,sorriso_mt,"Sorriso, MT",-12.5425,-55.7211,0.0,24.62,32.68,17.54,63.64,0.24,NASA_POWER
2024-06-27,sorriso_mt,"Sorriso, MT",-12.5425,-55.7211,1.57,23.86,32.63,16.8,64.25,0.18,NASA_POWER
2024-06-28,sorriso_mt,"Sorriso, MT",-12.5425,-55.7211,1.11,24.46,33.97,17.48,65.19,0.15,NASA_POWER
2024-06-29,sorriso_mt,"Sorriso, MT",-12.5425,-55.7211,1.27,23.98,32.39,17.85,73.34,0.06,NASA_POWER
2024-06-30,sorriso_mt,"Sorriso, MT",-12.5425,-55.7211,0.0,23.39,31.26,17.86,69.61,0.15,NASA_POWER
2024-07-01,sorriso_mt,"Sorriso, MT",-12.5425,-55.7211,0.39,22.5,31.26,16.85,72.19,0.04,NASA_POWER
2024-07-02,sorriso_mt,"Sorriso, MT",-12.5425,-55.7211,2.12,23.04,32.64,16.08,69.25,0.04,NASA_POWER
2024-07-03,sorriso_mt,"Sorriso, MT",-12.5425,-55.7211,0.43,24.04,32.51,17.22,69.96,0.04,NASA_POWER
2024-07-04,sorriso_mt,"Sorriso, MT",-12.5425,-55.7211,2.15,24.33,32.84,18.45,74.49,0.07,NASA_POWER
2024-07-05,sorriso_mt,"Sorriso, MT",-12.5425,-55.7211,0.0,24.56,32.63,18.8,68.6,0.17,NASA_POWER
2024-07-06,sorriso_mt,"Sorriso, MT",-12.5425,-55.7211,1.1,23.85,32.82,17.06,67.72,0.15,NASA_POWER
2024-07-07,sorriso_mt,"Sorriso, MT",-12.5425,-55.7211,1.18,24.31,33.41,17.21,66.47,0.13,NASA_POWER
2024-07-08,sorriso_mt,"Sorriso, MT",-12.5425,-55.7211,1.19,24.11,32.89,17.37,65.91,0.06,NASA_POWER
2024-07-09,sorriso_mt,"Sorriso, MT",-12.5425,-55.7211,1.19,23.13,31.58,16.86,71.06,0.04,NASA_POWER
2024-07-10,sorriso_mt,"Sorriso, MT",-12.5425,-55.7211,1.2,23.4,31.99,17.39,71.89,0.03,NASA_POWER
2024-07-11,sorriso_mt,"Sorriso, MT",-12.5425,-55.7211,0.0,24.72,33.26,18.34,70.13,0.03,NASA_POWER
2024-07-12,sorriso_mt,"Sorriso, MT",-12.5425,-55.7211,0.02,24.79,33.25,18.3,63.09,0.04,NASA_POWER
2024-07-13,sorriso_mt,"Sorriso, MT",-12.5425,-55.7211,0.01,21.9,29.74,16.05,63.57,0.03,NASA_POWER
2024-07-14,sorriso_mt,"Sorriso, MT",-12.5425,-55.7211,0.0,21.83,29.82,16.23,65.97,0.11,NASA_POWER
2024-07-15,sorriso_mt,"Sorriso, MT",-12.5425,-55.7211,0.0,21.71,30.43,15.57,63.45,0.08,NASA_POWER
2024-07-16,sorriso_mt,"Sorriso, MT",-12.5425,-55.7211,0.0,21.91,31.53,14.71,61.09,0.06,NASA_POWER
2024-07-17,sorriso_mt,"Sorriso, MT",-12.5425,-55.7211,1.36,22.31,31.34,14.15,61.08,0.21,NASA_POWER
2024-07-18,sorriso_mt,"Sorriso, MT",-12.5425,-55.7211,1.21,23.15,32.52,15.15,59.64,0.25,NASA_POWER
2024-07-19,sorriso_mt,"Sorriso, MT",-12.5425,-55.7211,1.26,22.86,32.88,15.06,60.73,0.15,NASA_POWER
2024-07-20,sorriso_mt,"Sorriso, MT",-12.5425,-55.7211,1.22,22.68,32.4,15.0,61.08,0.17,NASA_POWER
2024-07-21,sorriso_mt,"Sorriso, MT",-12.5425,-55.7211,1.22,22.19,32.24,14.41,62.41,0.17,NASA_POWER
2024-07-22,sorriso_mt,"Sorriso, MT",-12.5425,-55.7211,1.17,21.59,31.39,14.04,63.02,0.1,NASA_POWER
2024-07-23,sorriso_mt,"Sorriso, MT",-12.5425,-55.7211,0.0,22.89,32.21,15.74,61.68,0.04,NASA_POWER
2024-07-24,sorriso_mt,"Sorriso, MT",-12.5425,-55.7211,0.39,24.13,34.3,15.74,64.38,0.03,NASA_POWER
2024-07-25,sorriso_mt,"Sorriso, MT",-12.5425,-55.7211,1.17,24.05,33.88,16.86,65.22,0.09,NASA_POWER
2024-07-26,sorriso_mt,"Sorriso, MT",-12.5425,-55.7211,1.22,23.12,33.26,15.52,62.08,0.19,NASA_POWER
2024-07-27,sorriso_mt,"Sorriso, MT",-12.5425,-55.7211,1.21,23.06,33.33,15.07,63.04,0.08,NASA_POWER
2024-07-28,sorriso_mt,"Sorriso, MT",-12.5425,-55.7211,1.16,23.55,33.51,15.33,64.22,0.08,NASA_POWER
2024-07-29,sorriso_mt,"Sorriso, MT",-12.5425,-55.7211,1.16,24.44,33.83,16.7,65.38,0.09,NASA_POWER
2024-07-30,sorriso_mt,"Sorriso, MT",-12.5425,-55.7211,1.22,24.78,34.16,17.82,65.29,0.08,NASA_POWER
2024-07-31,sorriso_mt,"Sorriso, MT",-12.5425,-55.7211,1.1,24.37,34.21,16.63,62.45,0.14,NASA_POWER
2024-08-01,sorriso_mt,"Sorriso, MT",-12.5425,-55.7211,0.0,25.51,35.48,17.21,56.38,0.13,NASA_POWER
2024-08-02,sorriso_mt,"Sorriso, MT",-12.5425,-55.7211,0.0,26.09,35.29,18.25,55.43,0.03,NASA_POWER
2024-08-03,sorriso_mt,"Sorriso, MT",-12.5425,-55.7211,0.55,24.86,34.2,17.51,63.32,0.05,NASA_POWER
2024-08-04,sorriso_mt,"Sorriso, MT",-12.5425,-55.7211,0.53,24.32,33.58,17.21,64.1,0.18,NASA_POWER
2024-08-05,sorriso_mt,"Sorriso, MT",-12.5425,-55.7211,0.53,24.14,33.34,16.89,62.53,0.05,NASA_POWER
2024-08-06,sorriso_mt,"Sorriso, MT",-12.5425,-55.7211,0.55,24.38,34.16,16.29,64.11,0.05,NASA_POWER
2024-08-07,sorriso_mt,"Sorriso, MT",-12.5425,-55.7211,0.0,25.84,35.5,17.88,60.55,0.07,NASA_POWER
2024-08-08,sorriso_mt,"Sorriso, MT",-12.5425,-55.7211,0.0,26.17,36.05,17.76,55.01,0.03,NASA_POWER
2024-08-09,sorriso_mt,"Sorriso, MT",-12.5425,-55.7211,0.0,24.84,33.29,17.89,56.55,0.06,NASA_POWER
2024-08-10,sorriso_mt,"Sorriso, MT",-12.5425,-55.7211,0.0,21.81,29.01,16.15,57.66,0.03,NASA_POWER
2024-08-11,sorriso_mt,"Sorriso, MT",-12.5425,-55.7211,0.01,24.11,34.23,15.66,52.38,0.03,NASA_POWER
2024-08-12,sorriso_mt,"Sorriso, MT",-12.5425,-55.7211,0.0,24.38,33.69,16.87,52.6,0.03,NASA_POWER
2024-08-13,sorriso_mt,"Sorriso, MT",-12.5425,-55.7211,0.0,24.43,33.39,17.39,43.24,0.04,NASA_POWER
2024-08-14,sorriso_mt,"Sorriso, MT",-12.5425,-55.7211,0.0,26.21,36.59,17.45,48.17,0.03,NASA_POWER
2024-08-15,sorriso_mt,"Sorriso, MT",-12.5425,-55.7211,0.0,27.89,36.96,19.94,55.94,0.03,NASA_POWER
2024-08-16,sorriso_mt,"Sorriso, MT",-12.5425,-55.7211,0.0,28.45,36.68,21.33,58.08,0.05,NASA_POWER
2024-08-17,sorriso_mt,"Sorriso, MT",-12.5425,-55.7211,0.0,28.35,36.9,21.49,50.1,0.05,NASA_POWER
2024-08-18,sorriso_mt,"Sorriso, MT",-12.5425,-55.7211,0.0,28.03,37.25,20.8,44.29,0.05,NASA_POWER
2024-08-19,sorriso_mt,"Sorriso, MT",-12.5425,-55.7211,0.0,27.92,37.44,20.74,44.32,0.04,NASA_POWER
2024-08-20,sorriso_mt,"Sorriso, MT",-12.5425,-55.7211,0.0,27.3,36.74,19.38,44.67,0.05,NASA_POWER
2024-08-21,sorriso_mt,"Sorriso, MT",-12.5425,-55.7211,0.01,28.34,37.3,20.76,41.27,0.04,NASA_POWER
2024-08-22,sorriso_mt,"Sorriso, MT",-12.5425,-55.7211,0.0,28.99,38.54,20.81,47.84,0.04,NASA_POWER
2024-08-23,sorriso_mt,"Sorriso, MT",-12.5425,-55.7211,0.04,29.27,38.57,20.88,47.56,0.04,NASA_POWER
2024-08-24,sorriso_mt,"Sorriso, MT",-12.5425,-55.7211,0.0,29.29,37.85,21.83,40.0,0.04,NASA_POWER
2024-08-25,sorriso_mt,"Sorriso, MT",-12.5425,-55.7211,0.0,25.58,32.09,21.6,49.04,0.04,NASA_POWER
2024-08-26,sorriso_mt,"Sorriso, MT",-12.5425,-55.7211,0.0,23.72,31.7,17.5,46.1,0.03,NASA_POWER
2024-08-27,sorriso_mt,"Sorriso, MT",-12.5425,-55.7211,0.0,25.7,35.18,18.02,50.37,0.04,NASA_POWER
2024-08-28,sorriso_mt,"Sorriso, MT",-12.5425,-55.7211,0.0,27.1,37.06,18.93,44.29,0.05,NASA_POWER
2024-08-29,sorriso_mt,"Sorriso, MT",-12.5425,-55.7211,0.0,28.5,37.04,22.44,45.66,0.05,NASA_POWER
2024-08-30,sorriso_mt,"Sorriso, MT",-12.5425,-55.7211,0.0,27.6,36.1,20.21,49.15,0.05,NASA_POWER
2024-08-31,sorriso_mt,"Sorriso, MT",-12.5425,-55.7211,0.0,28.06,37.61,20.32,48.05,0.05,NASA_POWER
2024-09-01,sorriso_mt,"Sorriso, MT",-12.5425,-55.7211,0.0,27.73,37.49,19.71,40.84,0.2,NASA_POWER
2024-09-02,sorriso_mt,"Sorriso, MT",-12.5425,-55.7211,0.0,27.86,37.9,19.13,38.45,0.05,NASA_POWER
2024-09-03,sorriso_mt,"Sorriso, MT",-12.5425,-55.7211,0.0,28.75,38.67,20.19,43.3,0.04,NASA_POWER
2024-09-04,sorriso_mt,"Sorriso, MT",-12.5425,-55.7211,0.0,28.85,38.51,20.44,45.55,0.04,NASA_POWER
2024-09-05,sorriso_mt,"Sorriso, MT",-12.5425,-55.7211,0.0,28.24,38.42,20.25,34.3,0.18,NASA_POWER
2024-09-06,sorriso_mt,"Sorriso, MT",-12.5425,-55.7211,0.0,28.0,38.37,18.9,37.94,0.04,NASA_POWER
2024-09-07,sorriso_mt,"Sorriso, MT",-12.5425,-55.7211,0.0,28.71,38.5,19.95,42.15,0.07,NASA_POWER
2024-09-08,sorriso_mt,"Sorriso, MT",-12.5425,-55.7211,0.0,28.37,38.36,20.13,38.42,0.05,NASA_POWER
2024-09-09,sorriso_mt,"Sorriso, MT",-12.5425,-55.7211,0.0,28.55,38.21,19.97,34.26,0.05,NASA_POWER
2024-09-10,sorriso_mt,"Sorriso, MT",-12.5425,-55.7211,0.0,28.96,38.55,20.44,38.48,0.04,NASA_POWER
2024-09-11,sorriso_mt,"Sorriso, MT",-12.5425,-55.7211,0.0,28.95,37.88,21.56,41.06,0.04,NASA_POWER
2024-09-12,sorriso_mt,"Sorriso, MT",-12.5425,-55.7211,0.0,29.16,37.98,22.12,41.78,0.05,NASA_POWER
2024-09-13,sorriso_mt,"Sorriso, MT",-12.5425,-55.7211,0.0,29.56,38.85,22.11,40.45,0.05,NASA_POWER
2024-09-14,sorriso_mt,"Sorriso, MT",-12.5425,-55.7211,0.0,29.58,38.83,21.54,41.09,0.06,NASA_POWER
2024-09-15,sorriso_mt,"Sorriso, MT",-12.5425,-55.7211,0.0,29.52,38.19,22.63,38.98,0.13,NASA_POWER
2024-09-16,sorriso_mt,"Sorriso, MT",-12.5425,-55.7211,0.01,28.89,37.32,21.53,44.23,0.04,NASA_POWER
2024-09-17,sorriso_mt,"Sorriso, MT",-12.5425,-55.7211,0.0,29.58,37.84,22.93,44.89,0.05,NASA_POWER
2024-09-18,sorriso_mt,"Sorriso, MT",-12.5425,-55.7211,0.0,30.73,39.93,22.72,37.66,0.12,NASA_POWER
2024-09-19,sorriso_mt,"Sorriso, MT",-12.5425,-55.7211,0.01,31.52,39.85,23.98,37.53,0.09,NASA_POWER
2024-09-20,sorriso_mt,"Sorriso, MT",-12.5425,-55.7211,0.0,31.07,39.56,23.91,41.99,0.04,NASA_POWER
2024-09-21,sorriso_mt,"Sorriso, MT",-12.5425,-55.7211,0.0,30.52,39.59,22.33,35.28,0.04,NASA_POWER
2024-09-22,sorriso_mt,"Sorriso, MT",-12.5425,-55.7211,0.0,31.08,39.8,23.2,34.75,0.11,NASA_POWER
2024-09-23,sorriso_mt,"Sorriso, MT",-12.5425,-55.7211,0.0,31.14,39.54,23.15,32.43,0.2,NASA_POWER
2024-09-24,sorriso_mt,"Sorriso, MT",-12.5425,-55.7211,0.01,31.05,38.66,25.09,33.44,0.1,NASA_POWER
2024-09-25,sorriso_mt,"Sorriso, MT",-12.5425,-55.7211,0.12,31.74,40.4,24.71,35.21,0.12,NASA_POWER
2024-09-26,sorriso_mt,"Sorriso, MT",-12.5425,-55.7211,0.06,31.63,39.78,25.46,34.08,0.12,NASA_POWER
2024-09-27,sorriso_mt,"Sorriso, MT",-12.5425,-55.7211,0.0,30.64,38.03,24.82,37.6,0.12,NASA_POWER
2024-09-28,sorriso_mt,"Sorriso, MT",-12.5425,-55.7211,0.0,31.65,39.2,25.85,44.31,0.05,NASA_POWER
2024-09-29,sorriso_mt,"Sorriso, MT",-12.5425,-55.7211,10.02,30.76,38.22,25.83,50.37,0.13,NASA_POWER
2024-09-30,sorriso_mt,"Sorriso, MT",-12.5425,-55.7211,1.04,29.59,37.4,24.0,62.84,0.18,NASA_POWER
2024-10-01,sorriso_mt,"Sorriso, MT",-12.5425,-55.7211,0.7,30.78,38.44,22.83,58.15,0.14,NASA_POWER
2024-10-02,sorriso_mt,"Sorriso, MT",-12.5425,-55.7211,0.01,31.94,39.71,25.18,50.8,0.15,NASA_POWER
2024-10-03,sorriso_mt,"Sorriso, MT",-12.5425,-55.7211,0.0,31.27,39.85,23.53,47.6,0.21,NASA_POWER
2024-10-04,sorriso_mt,"Sorriso, MT",-12.5425,-55.7211,0.01,31.73,40.04,25.06,42.27,0.05,NASA_POWER
2024-10-05,sorriso_mt,"Sorriso, MT",-12.5425,-55.7211,0.02,32.01,40.81,24.3,44.96,0.09,NASA_POWER
2024-10-06,sorriso_mt,"Sorriso, MT",-12.5425,-55.7211,7.47,32.93,41.54,26.05,41.45,0.19,NASA_POWER
2024-10-07,sorriso_mt,"Sorriso, MT",-12.5425,-55.7211,0.47,30.03,37.81,23.56,54.59,0.04,NASA_POWER
2024-10-08,sorriso_mt,"Sorriso, MT",-12.5425,-55.7211,0.08,31.32,39.45,24.26,53.41,0.19,NASA_POWER
2024-10-09,sorriso_mt,"Sorriso, MT",-12.5425,-55.7211,0.85,31.6,39.1,25.55,50.57,0.09,NASA_POWER
2024-10-10,sorriso_mt,"Sorriso, MT",-12.5425,-55.7211,5.83,31.31,38.9,24.59,53.66,0.2,NASA_POWER
2024-10-11,sorriso_mt,"Sorriso, MT",-12.5425,-55.7211,0.06,31.74,39.72,24.56,48.97,0.3,NASA_POWER
2024-10-12,sorriso_mt,"Sorriso, MT",-12.5425,-55.7211,1.22,31.58,39.29,25.1,49.51,0.05,NASA_POWER
2024-10-13,sorriso_mt,"Sorriso, MT",-12.5425,-55.7211,0.61,30.99,39.28,24.09,52.39,0.04,NASA_POWER
2024-10-14,sorriso_mt,"Sorriso, MT",-12.5425,-55.7211,0.43,31.52,38.56,24.11,52.86,0.07,NASA_POWER
2024-10-15,sorriso_mt,"Sorriso, MT",-12.5425,-55.7211,0.68,32.08,40.25,24.86,46.99,0.04,NASA_POWER
2024-10-16,sorriso_mt,"Sorriso, MT",-12.5425,-55.7211,2.97,29.63,35.5,24.93,59.56,0.02,NASA_POWER
2024-10-17,sorriso_mt,"Sorriso, MT",-12.5425,-55.7211,16.66,28.75,35.41,24.0,65.46,0.03,NASA_POWER
2024-10-18,sorriso_mt,"Sorriso, MT",-12.5425,-55.7211,19.17,27.84,33.79,23.28,72.83,0.07,NASA_POWER
2024-10-19,sorriso_mt,"Sorriso, MT",-12.5425,-55.7211,0.2,27.48,32.91,23.0,70.45,0.04,NASA_POWER
2024-10-20,sorriso_mt,"Sorriso, MT",-12.5425,-55.7211,12.49,26.05,31.11,23.77,81.8,0.02,NASA_POWER
2024-10-21,sorriso_mt,"Sorriso, MT",-12.5425,-55.7211,2.73,27.29,32.94,23.31,77.98,0.03,NASA_POWER
2024-10-22,sorriso_mt,"Sorriso, MT",-12.5425,-55.7211,1.2,28.46,35.63,22.3,68.85,0.03,NASA_POWER
2024-10-23,sorriso_mt,"Sorriso, MT",-12.5425,-55.7211,0.9,29.26,34.53,23.96,67.51,0.09,NASA_POWER
2024-10-24,sorriso_mt,"Sorriso, MT",-12.5425,-55.7211,0.0,30.91,37.71,24.92,59.24,0.12,NASA_POWER
2024-10-25,sorriso_mt,"Sorriso, MT",-12.5425,-55.7211,0.3,30.41,36.77,24.96,61.73,0.03,NASA_POWER
2024-10-26,sorriso_mt,"Sorriso, MT",-12.5425,-55.7211,34.68,29.22,36.45,23.88,69.37,0.02,NASA_POWER
2024-10-27,sorriso_mt,"Sorriso, MT",-12.5425,-55.7211,1.63,26.51,30.41,23.96,82.33,0.03,NASA_POWER
2024-10-28,sorriso_mt,"Sorriso, MT",-12.5425,-55.7211,5.92,27.78,34.05,23.06,74.93,0.03,NASA_POWER
2024-10-29,sorriso_mt,"Sorriso, MT",-12.5425,-55.7211,5.96,27.96,34.76,23.28,75.56,0.02,NASA_POWER
2024-10-30,sorriso_mt,"Sorriso, MT",-12.5425,-55.7211,3.71,27.42,32.71,23.08,75.39,0.03,NASA_POWER
2024-10-31,sorriso_mt,"Sorriso, MT",-12.5425,-55.7211,4.03,27.87,33.89,23.08,68.91,0.06,NASA_POWER
2024-11-01,sorriso_mt,"Sorriso, MT",-12.5425,-55.7211,7.29,24.74,28.0,22.63,87.38,0.04,NASA_POWER
2024-11-02,sorriso_mt,"Sorriso, MT",-12.5425,-55.7211,8.74,25.09,30.29,22.09,85.68,0.03,NASA_POWER
2024-11-03,sorriso_mt,"Sorriso, MT",-12.5425,-55.7211,0.31,27.45,33.61,21.94,72.03,0.02,NASA_POWER
2024-11-04,sorriso_mt,"Sorriso, MT",-12.5425,-55.7211,16.5,28.15,34.66,23.3,73.5,0.04,NASA_POWER
2024-11-05,sorriso_mt,"Sorriso, MT",-12.5425,-55.7211,15.53,24.61,27.22,23.12,91.04,0.05,NASA_POWER
2024-11-06,sorriso_mt,"Sorriso, MT",-12.5425,-55.7211,10.5,24.62,27.61,22.18,92.84,0.02,NASA_POWER
2024-11-07,sorriso_mt,"Sorriso, MT",-12.5425,-55.7211,9.96,24.32,26.46,22.81,96.58,0.06,NASA_POWER
2024-11-08,sorriso_mt,"Sorriso, MT",-12.5425,-55.7211,12.41,24.92,28.1,22.61,92.31,0.1,NASA_POWER
2024-11-09,sorriso_mt,"Sorriso, MT",-12.5425,-55.7211,3.19,25.81,29.98,22.83,87.06,0.02,NASA_POWER
2024-11-10,sorriso_mt,"Sorriso, MT",-12.5425,-55.7211,3.88,25.36,28.19,23.37,88.84,0.08,NASA_POWER
2024-11-11,sorriso_mt,"Sorriso, MT",-12.5425,-55.7211,2.72,25.91,30.58,22.24,81.51,0.14,NASA_POWER
2024-11-12,sorriso_mt,"Sorriso, MT",-12.5425,-55.7211,14.28,26.52,31.87,21.05,78.17,0.14,NASA_POWER
2024-11-13,sorriso_mt,"Sorriso, MT",-12.5425,-55.7211,18.89,24.3,25.77,22.97,94.6,0.06,NASA_POWER
2024-11-14,sorriso_mt,"Sorriso, MT",-12.5425,-55.7211,0.95,26.31,30.16,22.43,81.47,0.06,NASA_POWER
2024-11-15,sorriso_mt,"Sorriso, MT",-12.5425,-55.7211,19.44,24.51,27.16,22.66,92.65,0.12,NASA_POWER
2024-11-16,sorriso_mt,"Sorriso, MT",-12.5425,-55.7211,2.17,24.2,28.03,21.85,91.28,0.06,NASA_POWER
2024-11-17,sorriso_mt,"Sorriso, MT",-12.5425,-55.7211,0.0,24.98,29.31,21.49,85.37,0.02,NASA_POWER
2024-11-18,sorriso_mt,"Sorriso, MT",-12.5425,-55.7211,0.57,26.23,30.93,22.46,79.33,0.04,NASA_POWER
2024-11-19,sorriso_mt,"Sorriso, MT",-12.5425,-55.7211,1.6,27.13,32.88,21.72,78.5,0.03,NASA_POWER
2024-11-20,sorriso_mt,"Sorriso, MT",-12.5425,-55.7211,4.45,26.93,31.67,23.0,81.85,0.03,NASA_POWER
2024-11-21,sorriso_mt,"Sorriso, MT",-12.5425,-55.7211,17.0,25.81,30.04,22.99,88.39,0.1,NASA_POWER
2024-11-22,sorriso_mt,"Sorriso, MT",-12.5425,-55.7211,12.04,25.11,28.16,22.92,91.62,0.12,NASA_POWER
2024-11-23,sorriso_mt,"Sorriso, MT",-12.5425,-55.7211,2.4,25.73,29.62,22.04,83.89,0.17,NASA_POWER
2024-11-24,sorriso_mt,"Sorriso, MT",-12.5425,-55.7211,0.83,25.92,30.63,21.83,84.56,0.08,NASA_POWER
2024-11-25,sorriso_mt,"Sorriso, MT",-12.5425,-55.7211,10.32,25.36,28.75,23.19,91.37,0.02,NASA_POWER
2024-11-26,sorriso_mt,"Sorriso, MT",-12.5425,-55.7211,3.62,26.27,30.6,22.61,84.98,0.07,NASA_POWER
2024-11-27,sorriso_mt,"Sorriso, MT",-12.5425,-55.7211,3.3,26.14,30.13,22.5,83.41,0.07,NASA_POWER
2024-11-28,sorriso_mt,"Sorriso, MT",-12.5425,-55.7211,1.73,26.41,30.77,22.17,83.22,0.06,NASA_POWER
2024-11-29,sorriso_mt,"Sorriso, MT",-12.5425,-55.7211,7.09,26.75,31.15,22.88,84.75,0.04,NASA_POWER
2024-11-30,sorriso_mt,"Sorriso, MT",-12.5425,-55.7211,3.9,26.25,30.47,23.06,84.22,0.02,NASA_POWER
2024-12-01,sorriso_mt,"Sorriso, MT",-12.5425,-55.7211,3.86,26.15,30.75,22.53,85.8,0.04,NASA_POWER
2024-12-02,sorriso_mt,"Sorriso, MT",-12.5425,-55.7211,7.94,26.17,29.63,23.44,86.34,0.03,NASA_POWER
2024-12-03,sorriso_mt,"Sorriso, MT",-12.5425,-55.7211,6.58,26.27,30.44,23.28,86.71,0.08,NASA_POWER
2024-12-04,sorriso_mt,"Sorriso, MT",-12.5425,-55.7211,3.59,25.93,29.22,23.47,87.69,0.14,NASA_POWER
2024-12-05,sorriso_mt,"Sorriso, MT",-12.5425,-55.7211,2.27,25.71,29.64,22.55,87.47,0.07,NASA_POWER
2024-12-06,sorriso_mt,"Sorriso, MT",-12.5425,-55.7211,7.21,25.92,29.7,23.17,87.87,0.06,NASA_POWER
2024-12-07,sorriso_mt,"Sorriso, MT",-12.5425,-55.7211,0.91,26.87,30.87,22.88,82.7,0.17,NASA_POWER
2024-12-08,sorriso_mt,"Sorriso, MT",-12.5425,-55.7211,0.4,27.13,32.28,22.26,78.47,0.1,NASA_POWER
2024-12-09,sorriso_mt,"Sorriso, MT",-12.5425,-55.7211,0.08,27.43,32.77,22.46,75.28,0.03,NASA_POWER
2024-12-10,sorriso_mt,"Sorriso, MT",-12.5425,-55.7211,1.44,27.69,33.21,22.75,74.94,0.03,NASA_POWER
2024-12-11,sorriso_mt,"Sorriso, MT",-12.5425,-55.7211,0.11,28.1,34.06,23.05,70.75,0.04,NASA_POWER
2024-12-12,sorriso_mt,"Sorriso, MT",-12.5425,-55.7211,0.0,28.28,34.02,23.06,69.9,0.03,NASA_POWER
2024-12-13,sorriso_mt,"Sorriso, MT",-12.5425,-55.7211,2.92,28.15,33.86,23.2,71.28,0.03,NASA_POWER
2024-12-14,sorriso_mt,"Sorriso, MT",-12.5425,-55.7211,9.48,26.6,30.94,23.05,80.56,0.07,NASA_POWER
2024-12-15,sorriso_mt,"Sorriso, MT",-12.5425,-55.7211,0.67,25.97,29.95,22.93,80.08,0.04,NASA_POWER
2024-12-16,sorriso_mt,"Sorriso, MT",-12.5425,-55.7211,0.88,26.42,31.51,22.11,74.63,0.03,NASA_POWER
2024-12-17,sorriso_mt,"Sorriso, MT",-12.5425,-55.7211,0.24,26.95,32.29,22.4,70.23,0.02,NASA_POWER
2024-12-18,sorriso_mt,"Sorriso, MT",-12.5425,-55.7211,0.05,27.95,34.2,21.78,64.92,0.02,NASA_POWER
2024-12-19,sorriso_mt,"Sorriso, MT",-12.5425,-55.7211,0.01,28.35,34.42,22.9,66.88,0.03,NASA_POWER
2024-12-20,sorriso_mt,"Sorriso, MT",-12.5425,-55.7211,19.12,26.71,30.61,23.55,80.72,0.02,NASA_POWER
2024-12-21,sorriso_mt,"Sorriso, MT",-12.5425,-55.7211,5.41,25.81,29.78,22.96,85.77,0.08,NASA_POWER
2024-12-22,sorriso_mt,"Sorriso, MT",-12.5425,-55.7211,3.33,26.07,30.6,22.48,84.6,0.03,NASA_POWER
2024-12-23,sorriso_mt,"Sorriso, MT",-12.5425,-55.7211,1.53,25.83,29.01,23.13,84.31,0.15,NASA_POWER
2024-12-24,sorriso_mt,"Sorriso, MT",-12.5425,-55.7211,7.96,26.89,32.09,21.65,77.13,0.11,NASA_POWER
2024-12-25,sorriso_mt,"Sorriso, MT",-12.5425,-55.7211,7.15,24.72,26.55,23.34,95.04,0.04,NASA_POWER
2024-12-26,sorriso_mt,"Sorriso, MT",-12.5425,-55.7211,8.55,24.19,26.72,22.8,94.53,0.04,NASA_POWER
2024-12-27,sorriso_mt,"Sorriso, MT",-12.5425,-55.7211,6.87,24.91,28.69,21.94,89.22,0.07,NASA_POWER
2024-12-28,sorriso_mt,"Sorriso, MT",-12.5425,-55.7211,0.82,24.27,26.89,22.01,86.5,0.14,NASA_POWER
2024-12-29,sorriso_mt,"Sorriso, MT",-12.5425,-55.7211,1.87,25.69,30.48,20.76,83.77,0.1,NASA_POWER
2024-12-30,sorriso_mt,"Sorriso, MT",-12.5425,-55.7211,6.42,24.82,28.31,22.99,90.69,0.06,NASA_POWER
2024-12-31,sorriso_mt,"Sorriso, MT",-12.5425,-55.7211,1.02,24.76,27.87,22.1,90.1,0.05,NASA_POWER
2025-01-01,sorriso_mt,"Sorriso, MT",-12.5425,-55.7211,5.49,25.77,30.01,22.71,84.25,0.14,NASA_POWER
2025-01-02,sorriso_mt,"Sorriso, MT",-12.5425,-55.7211,6.8,25.12,28.47,22.64,86.56,0.12,NASA_POWER
2025-01-03,sorriso_mt,"Sorriso, MT",-12.5425,-55.7211,0.46,26.36,31.43,21.56,76.89,0.09,NASA_POWER
2025-01-04,sorriso_mt,"Sorriso, MT",-12.5425,-55.7211,9.96,26.25,31.25,22.17,81.93,0.02,NASA_POWER
2025-01-05,sorriso_mt,"Sorriso, MT",-12.5425,-55.7211,2.16,25.8,29.83,23.16,85.03,0.1,NASA_POWER
2025-01-06,sorriso_mt,"Sorriso, MT",-12.5425,-55.7211,2.02,26.24,30.46,22.19,83.1,0.04,NASA_POWER
2025-01-07,sorriso_mt,"Sorriso, MT",-12.5425,-55.7211,6.98,24.81,27.56,22.49,89.97,0.12,NASA_POWER
2025-01-08,sorriso_mt,"Sorriso, MT",-12.5425,-55.7211,9.08,24.51,27.05,22.12,93.84,0.09,NASA_POWER
2025-01-09,sorriso_mt,"Sorriso, MT",-12.5425,-55.7211,5.88,24.17,26.83,22.29,94.06,0.03,NASA_POWER
2025-01-10,sorriso_mt,"Sorriso, MT",-12.5425,-55.7211,7.82,24.04,26.6,22.21,92.92,0.05,NASA_POWER
2025-01-11,sorriso_mt,"Sorriso, MT",-12.5425,-55.7211,5.92,23.42,25.68,21.83,93.4,0.05,NASA_POWER
2025-01-12,sorriso_mt,"Sorriso, MT",-12.5425,-55.7211,10.04,24.77,28.44,21.8,92.18,0.03,NASA_POWER
2025-01-13,sorriso_mt,"Sorriso, MT",-12.5425,-55.7211,4.24,24.5,27.87,22.25,92.66,0.03,NASA_POWER
2025-01-14,sorriso_mt,"Sorriso, MT",-12.5425,-55.7211,21.47,24.04,26.75,22.01,92.88,0.04,NASA_POWER
2025-01-15,sorriso_mt,"Sorriso, MT",-12.5425,-55.7211,15.13,24.12,26.99,22.0,91.81,0.06,NASA_POWER
2025-01-16,sorriso_mt,"Sorriso, MT",-12.5425,-55.7211,1.3,24.25,27.0,21.92,90.01,0.09,NASA_POWER
2025-01-17,sorriso_mt,"Sorriso, MT",-12.5425,-55.7211,9.41,23.65,26.27,21.14,94.5,0.05,NASA_POWER
2025-01-18,sorriso_mt,"Sorriso, MT",-12.5425,-55.7211,7.92,23.3,25.58,21.71,94.86,0.1,NASA_POWER
2025-01-19,sorriso_mt,"Sorriso, MT",-12.5425,-55.7211,3.29,23.82,26.83,21.56,92.49,0.13,NASA_POWER
2025-01-20,sorriso_mt,"Sorriso, MT",-12.5425,-55.7211,4.62,24.35,28.23,20.65,87.7,0.05,NASA_POWER
2025-01-21,sorriso_mt,"Sorriso, MT",-12.5425,-55.7211,2.27,24.57,28.8,20.97,87.22,0.09,NASA_POWER
2025-01-22,sorriso_mt,"Sorriso, MT",-12.5425,-55.7211,7.45,24.45,27.95,21.4,89.15,0.05,NASA_POWER
2025-01-23,sorriso_mt,"Sorriso, MT",-12.5425,-55.7211,1.08,24.41,27.39,21.94,92.0,0.13,NASA_POWER
2025-01-24,sorriso_mt,"Sorriso, MT",-12.5425,-55.7211,0.86,25.45,29.05,21.86,87.17,0.26,NASA_POWER
2025-01-25,sorriso_mt,"Sorriso, MT",-12.5425,-55.7211,0.52,25.63,28.77,22.84,88.04,0.27,NASA_POWER
2025-01-26,sorriso_mt,"Sorriso, MT",-12.5425,-55.7211,0.04,25.97,30.24,22.59,83.18,0.18,NASA_POWER
2025-01-27,sorriso_mt,"Sorriso, MT",-12.5425,-55.7211,3.24,26.0,30.18,22.53,84.03,0.04,NASA_POWER
2025-01-28,sorriso_mt,"Sorriso, MT",-12.5425,-55.7211,1.18,26.56,31.65,22.01,81.06,0.03,NASA_POWER
2025-01-29,sorriso_mt,"Sorriso, MT",-12.5425,-55.7211,4.7,26.89,31.89,23.31,80.8,0.03,NASA_POWER
2025-01-30,sorriso_mt,"Sorriso, MT",-12.5425,-55.7211,3.56,25.99,30.15,22.99,85.57,0.1,NASA_POWER
2025-01-31,sorriso_mt,"Sorriso, MT",-12.5425,-55.7211,11.88,24.91,28.27,22.56,91.06,0.02,NASA_POWER
2025-02-01,sorriso_mt,"Sorriso, MT",-12.5425,-55.7211,7.31,23.59,25.73,22.04,95.51,0.03,NASA_POWER
2025-02-02,sorriso_mt,"Sorriso, MT",-12.5425,-55.7211,6.15,23.53,26.1,22.01,95.39,0.03,NASA_POWER
2025-02-03,sorriso_mt,"Sorriso, MT",-12.5425,-55.7211,1.73,24.85,29.17,21.08,86.55,0.04,NASA_POWER
2025-02-04,sorriso_mt,"Sorriso, MT",-12.5425,-55.7211,9.08,24.77,28.57,22.19,90.25,0.03,NASA_POWER
2025-02-05,sorriso_mt,"Sorriso, MT",-12.5425,-55.7211,1.03,25.1,29.3,22.22,85.28,0.03,NASA_POWER
2025-02-06,sorriso_mt,"Sorriso, MT",-12.5425,-55.7211,4.58,24.85,28.77,21.72,86.72,0.07,NASA_POWER
2025-02-07,sorriso_mt,"Sorriso, MT",-12.5425,-55.7211,0.88,25.51,30.14,21.42,85.12,0.11,NASA_POWER
2025-02-08,sorriso_mt,"Sorriso, MT",-12.5425,-55.7211,5.42,24.92,30.37,20.44,81.97,0.06,NASA_POWER
2025-02-09,sorriso_mt,"Sorriso, MT",-12.5425,-55.7211,2.97,24.59,30.96,18.7,78.88,0.07,NASA_POWER
2025-02-10,sorriso_mt,"Sorriso, MT",-12.5425,-55.7211,12.75,24.61,28.99,21.36,86.23,0.03,NASA_POWER
2025-02-11,sorriso_mt,"Sorriso, MT",-12.5425,-55.7211,5.48,22.71,24.95,21.52,92.92,0.03,NASA_POWER
2025-02-12,sorriso_mt,"Sorriso, MT",-12.5425,-55.7211,3.98,23.36,27.19,20.77,87.66,0.06,NASA_POWER
2025-02-13,sorriso_mt,"Sorriso, MT",-12.5425,-55.7211,2.84,24.17,28.43,21.07,89.37,0.08,NASA_POWER
2025-02-14,sorriso_mt,"Sorriso, MT",-12.5425,-55.7211,1.1,24.24,27.22,22.61,88.95,0.06,NASA_POWER
2025-02-15,sorriso_mt,"Sorriso, MT",-12.5425,-55.7211,4.56,24.78,29.17,21.31,85.57,0.07,NASA_POWER
2025-02-16,sorriso_mt,"Sorriso, MT",-12.5425,-55.7211,3.79,24.71,29.67,20.43,86.5,0.08,NASA_POWER
2025-02-17,sorriso_mt,"Sorriso, MT",-12.5425,-55.7211,3.57,25.36,29.54,21.94,87.3,0.03,NASA_POWER
2025-02-18,sorriso_mt,"Sorriso, MT",-12.5425,-55.7211,0.61,26.52,31.81,22.09,80.58,0.03,NASA_POWER
2025-02-19,sorriso_mt,"Sorriso, MT",-12.5425,-55.7211,0.81,26.3,31.5,22.73,77.25,0.11,NASA_POWER
2025-02-20,sorriso_mt,"Sorriso, MT",-12.5425,-55.7211,3.41,26.74,32.41,21.83,78.81,0.12,NASA_POWER
2025-02-21,sorriso_mt,"Sorriso, MT",-12.5425,-55.7211,2.49,26.08,30.15,23.31,85.83,0.12,NASA_POWER
2025-02-22,sorriso_mt,"Sorriso, MT",-12.5425,-55.7211,4.12,26.9,32.69,21.4,80.12,0.12,NASA_POWER
2025-02-23,sorriso_mt,"Sorriso, MT",-12.5425,-55.7211,1.33,27.08,32.83,22.22,76.94,0.03,NASA_POWER
2025-02-24,sorriso_mt,"Sorriso, MT",-12.5425,-55.7211,21.44,26.05,30.29,23.16,83.64,0.1,NASA_POWER
2025-02-25,sorriso_mt,"Sorriso, MT",-12.5425,-55.7211,3.15,24.28,27.2,22.4,92.31,0.09,NASA_POWER
2025-02-26,sorriso_mt,"Sorriso, MT",-12.5425,-55.7211,8.3,24.65,28.76,21.88,88.68,0.04,NASA_POWER
2025-02-27,sorriso_mt,"Sorriso, MT",-12.5425,-55.7211,18.88,23.22,25.13,21.72,95.29,0.12,NASA_POWER
2025-02-28,sorriso_mt,"Sorriso, MT",-12.5425,-55.7211,5.7,24.06,27.43,20.77,87.82,0.16,NASA_POWER
2025-03-01,sorriso_mt,"Sorriso, MT",-12.5425,-55.7211,6.99,24.0,27.2,21.36,89.54,0.2,NASA_POWER
2025-03-02,sorriso_mt,"Sorriso, MT",-12.5425,-55.7211,3.85,24.51,28.46,20.75,90.15,0.06,NASA_POWER
2025-03-03,sorriso_mt,"Sorriso, MT",-12.5425,-55.7211,1.65,22.8,26.06,20.23,90.6,0.02,NASA_POWER
2025-03-04,sorriso_mt,"Sorriso, MT",-12.5425,-55.7211,3.76,24.74,29.31,21.37,85.61,0.13,NASA_POWER
2025-03-05,sorriso_mt,"Sorriso, MT",-12.5425,-55.7211,1.13,24.13,28.04,21.51,89.55,0.02,NASA_POWER
2025-03-06,sorriso_mt,"Sorriso, MT",-12.5425,-55.7211,0.07,23.54,27.26,20.4,85.74,0.02,NASA_POWER
2025-03-07,sorriso_mt,"Sorriso, MT",-12.5425,-55.7211,7.02,24.72,29.12,21.74,87.69,0.06,NASA_POWER
2025-03-08,sorriso_mt,"Sorriso, MT",-12.5425,-55.7211,4.39,23.73,26.47,21.23,90.98,0.17,NASA_POWER
2025-03-09,sorriso_mt,"Sorriso, MT",-12.5425,-55.7211,0.41,25.39,30.11,21.12,84.2,0.16,NASA_POWER
2025-03-10,sorriso_mt,"Sorriso, MT",-12.5425,-55.7211,0.34,26.0,31.17,21.51,82.06,0.04,NASA_POWER
2025-03-11,sorriso_mt,"Sorriso, MT",-12.5425,-55.7211,0.35,25.91,30.58,21.73,81.76,0.04,NASA_POWER
2025-03-12,sorriso_mt,"Sorriso, MT",-12.5425,-55.7211,12.01,24.3,26.47,22.4,92.22,0.13,NASA_POWER
2025-03-13,sorriso_mt,"Sorriso, MT",-12.5425,-55.7211,2.76,25.17,29.93,21.31,85.75,0.05,NASA_POWER
2025-03-14,sorriso_mt,"Sorriso, MT",-12.5425,-55.7211,0.72,25.71,30.46,20.8,79.34,0.02,NASA_POWER
2025-03-15,sorriso_mt,"Sorriso, MT",-12.5425,-55.7211,0.19,26.71,32.29,21.8,81.04,0.1,NASA_POWER
2025-03-16,sorriso_mt,"Sorriso, MT",-12.5425,-55.7211,5.09,26.51,31.61,22.96,84.95,0.09,NASA_POWER
2025-03-17,sorriso_mt,"Sorriso, MT",-12.5425,-55.7211,5.7,26.23,31.08,22.79,83.9,0.03,NASA_POWER
2025-03-18,sorriso_mt,"Sorriso, MT",-12.5425,-55.7211,3.1,25.97,30.16,22.55,85.13,0.02,NASA_POWER
2025-03-19,sorriso_mt,"Sorriso, MT",-12.5425,-55.7211,14.05,26.19,30.39,23.05,86.39,0.15,NASA_POWER
2025-03-20,sorriso_mt,"Sorriso, MT",-12.5425,-55.7211,5.72,24.77,27.18,22.37,88.88,0.2,NASA_POWER
2025-03-21,sorriso_mt,"Sorriso, MT",-12.5425,-55.7211,0.32,25.61,30.63,21.32,84.52,0.1,NASA_POWER
2025-03-22,sorriso_mt,"Sorriso, MT",-12.5425,-55.7211,0.08,26.79,31.81,22.16,80.01,0.03,NASA_POWER
2025-03-23,sorriso_mt,"Sorriso, MT",-12.5425,-55.7211,4.39,25.15,28.05,22.58,87.38,0.07,NASA_POWER
2025-03-24,sorriso_mt,"Sorriso, MT",-12.5425,-55.7211,1.82,26.14,31.7,21.54,81.52,0.03,NASA_POWER
2025-03-25,sorriso_mt,"Sorriso, MT",-12.5425,-55.7211,4.85,25.84,31.23,22.72,83.7,0.03,NASA_POWER
2025-03-26,sorriso_mt,"Sorriso, MT",-12.5425,-55.7211,5.3,25.82,31.06,21.59,83.3,0.03,NASA_POWER
2025-03-27,sorriso_mt,"Sorriso, MT",-12.5425,-55.7211,9.7,24.84,28.8,22.63,89.79,0.03,NASA_POWER
2025-03-28,sorriso_mt,"Sorriso, MT",-12.5425,-55.7211,3.88,25.26,29.87,21.37,83.59,0.06,NASA_POWER
2025-03-29,sorriso_mt,"Sorriso, MT",-12.5425,-55.7211,6.51,26.18,31.1,21.97,81.45,0.14,NASA_POWER
2025-03-30,sorriso_mt,"Sorriso, MT",-12.5425,-55.7211,2.31,25.09,27.59,23.1,89.3,0.16,NASA_POWER
2025-03-31,sorriso_mt,"Sorriso, MT",-12.5425,-55.7211,0.74,25.24,29.07,22.35,86.93,0.18,NASA_POWER
2025-04-01,sorriso_mt,"Sorriso, MT",-12.5425,-55.7211,8.66,26.0,30.67,23.06,85.87,0.03,NASA_POWER
2025-04-02,sorriso_mt,"Sorriso, MT",-12.5425,-55.7211,5.56,25.97,30.52,22.22,87.54,0.1,NASA_POWER
2025-04-03,sorriso_mt,"Sorriso, MT",-12.5425,-55.7211,6.71,25.02,28.53,22.62,91.47,0.13,NASA_POWER
2025-04-04,sorriso_mt,"Sorriso, MT",-12.5425,-55.7211,4.09,25.18,28.72,21.98,89.91,0.24,NASA_POWER
2025-04-05,sorriso_mt,"Sorriso, MT",-12.5425,-55.7211,4.66,25.92,30.23,22.57,87.45,0.06,NASA_POWER
2025-04-06,sorriso_mt,"Sorriso, MT",-12.5425,-55.7211,0.51,25.5,29.91,22.28,86.21,0.09,NASA_POWER
2025-04-07,sorriso_mt,"Sorriso, MT",-12.5425,-55.7211,0.43,25.91,30.97,22.0,80.44,0.09,NASA_POWER
2025-04-08,sorriso_mt,"Sorriso, MT",-12.5425,-55.7211,2.42,25.15,29.3,22.27,84.84,0.03,NASA_POWER
2025-04-09,sorriso_mt,"Sorriso, MT",-12.5425,-55.7211,11.51,24.91,29.39,21.68,86.54,0.07,NASA_POWER
2025-04-10,sorriso_mt,"Sorriso, MT",-12.5425,-55.7211,2.59,25.36,30.29,21.27,81.38,0.05,NASA_POWER
2025-04-11,sorriso_mt,"Sorriso, MT",-12.5425,-55.7211,0.37,25.91,30.93,21.87,76.96,0.03,NASA_POWER
2025-04-12,sorriso_mt,"Sorriso, MT",-12.5425,-55.7211,1.82,26.13,30.96,22.24,80.57,0.06,NASA_POWER
2025-04-13,sorriso_mt,"Sorriso, MT",-12.5425,-55.7211,4.1,26.47,30.95,22.7,80.96,0.08,NASA_POWER
2025-04-14,sorriso_mt,"Sorriso, MT",-12.5425,-55.7211,3.98,25.44,29.96,22.22,85.38,0.06,NASA_POWER
2025-04-15,sorriso_mt,"Sorriso, MT",-12.5425,-55.7211,5.26,26.15,31.15,21.84,82.81,0.06,NASA_POWER
2025-04-16,sorriso_mt,"Sorriso, MT",-12.5425,-55.7211,11.1,24.17,26.2,22.32,96.58,0.07,NASA_POWER
2025-04-17,sorriso_mt,"Sorriso, MT",-12.5425,-55.7211,0.24,25.9,30.44,22.3,83.35,0.04,NASA_POWER
2025-04-18,sorriso_mt,"Sorriso, MT",-12.5425,-55.7211,0.41,26.88,31.82,22.31,80.42,0.03,NASA_POWER
2025-04-19,sorriso_mt,"Sorriso, MT",-12.5425,-55.7211,0.51,27.12,32.37,23.05,81.14,0.04,NASA_POWER
2025-04-20,sorriso_mt,"Sorriso, MT",-12.5425,-55.7211,0.03,27.37,32.83,22.78,76.72,0.03,NASA_POWER
2025-04-21,sorriso_mt,"Sorriso, MT",-12.5425,-55.7211,0.2,27.54,32.55,22.59,75.51,0.06,NASA_POWER
2025-04-22,sorriso_mt,"Sorriso, MT",-12.5425,-55.7211,1.23,26.16,30.23,23.46,81.54,0.03,NASA_POWER
2025-04-23,sorriso_mt,"Sorriso, MT",-12.5425,-55.7211,3.27,25.71,29.75,22.81,85.35,0.13,NASA_POWER
2025-04-24,sorriso_mt,"Sorriso, MT",-12.5425,-55.7211,6.16,25.1,28.68,23.48,90.93,0.11,NASA_POWER
2025-04-25,sorriso_mt,"Sorriso, MT",-12.5425,-55.7211,0.31,26.16,31.51,22.28,80.46,0.09,NASA_POWER
2025-04-26,sorriso_mt,"Sorriso, MT",-12.5425,-55.7211,3.31,25.6,30.18,22.39,85.19,0.13,NASA_POWER
2025-04-27,sorriso_mt,"Sorriso, MT",-12.5425,-55.7211,3.28,25.95,31.42,22.24,82.9,0.09,NASA_POWER
2025-04-28,sorriso_mt,"Sorriso, MT",-12.5425,-55.7211,0.98,26.1,31.43,22.34,81.11,0.09,NASA_POWER
2025-04-29,sorriso_mt,"Sorriso, MT",-12.5425,-55.7211,0.04,26.3,31.94,22.2,78.17,0.03,NASA_POWER
2025-04-30,sorriso_mt,"Sorriso, MT",-12.5425,-55.7211,0.0,26.72,32.41,22.09,76.21,0.03,NASA_POWER
2025-05-01,sorriso_mt,"Sorriso, MT",-12.5425,-55.7211,0.0,26.79,32.69,22.21,73.21,0.04,NASA_POWER
2025-05-02,sorriso_mt,"Sorriso, MT",-12.5425,-55.7211,0.0,26.54,32.53,21.52,74.55,0.03,NASA_POWER
2025-05-03,sorriso_mt,"Sorriso, MT",-12.5425,-55.7211,0.0,27.57,33.74,23.33,70.21,0.03,NASA_POWER
2025-05-04,sorriso_mt,"Sorriso, MT",-12.5425,-55.7211,0.94,27.22,32.66,23.18,73.03,0.03,NASA_POWER
2025-05-05,sorriso_mt,"Sorriso, MT",-12.5425,-55.7211,0.1,27.38,33.63,22.57,68.91,0.04,NASA_POWER
2025-05-06,sorriso_mt,"Sorriso, MT",-12.5425,-55.7211,0.0,27.2,33.98,21.08,69.78,0.03,NASA_POWER
2025-05-07,sorriso_mt,"Sorriso, MT",-12.5425,-55.7211,0.27,27.5,34.27,21.91,67.53,0.03,NASA_POWER
2025-05-08,sorriso_mt,"Sorriso, MT",-12.5425,-55.7211,0.08,27.58,34.46,21.68,67.01,0.03,NASA_POWER
2025-05-09,sorriso_mt,"Sorriso, MT",-12.5425,-55.7211,0.0,27.68,34.64,21.45,66.85,0.06,NASA_POWER
2025-05-10,sorriso_mt,"Sorriso, MT",-12.5425,-55.7211,0.0,27.52,35.17,20.97,62.22,0.03,NASA_POWER
2025-05-11,sorriso_mt,"Sorriso, MT",-12.5425,-55.7211,0.0,26.58,34.03,21.39,64.26,0.04,NASA_POWER
2025-05-12,sorriso_mt,"Sorriso, MT",-12.5425,-55.7211,2.21,26.23,34.03,20.34,68.82,0.03,NASA_POWER
2025-05-13,sorriso_mt,"Sorriso, MT",-12.5425,-55.7211,1.81,26.53,33.8,21.83,68.72,0.03,NASA_POWER
2025-05-14,sorriso_mt,"Sorriso, MT",-12.5425,-55.7211,0.17,26.2,33.68,20.06,64.07,0.03,NASA_POWER
2025-05-15,sorriso_mt,"Sorriso, MT",-12.5425,-55.7211,0.0,26.09,33.73,20.16,61.11,0.04,NASA_POWER
2025-05-16,sorriso_mt,"Sorriso, MT",-12.5425,-55.7211,0.0,25.81,33.89,19.29,61.17,0.03,NASA_POWER
2025-05-17,sorriso_mt,"Sorriso, MT",-12.5425,-55.7211,0.0,26.14,34.11,19.25,60.67,0.03,NASA_POWER
2025-05-18,sorriso_mt,"Sorriso, MT",-12.5425,-55.7211,0.0,26.6,34.67,19.24,60.13,0.03,NASA_POWER
2025-05-19,sorriso_mt,"Sorriso, MT",-12.5425,-55.7211,0.0,27.11,34.56,20.49,60.62,0.03,NASA_POWER
2025-05-20,sorriso_mt,"Sorriso, MT",-12.5425,-55.7211,0.0,26.59,34.42,20.74,57.55,0.04,NASA_POWER
2025-05-21,sorriso_mt,"Sorriso, MT",-12.5425,-55.7211,0.0,26.25,34.07,19.65,52.86,0.03,NASA_POWER
2025-05-22,sorriso_mt,"Sorriso, MT",-12.5425,-55.7211,0.0,25.59,34.39,18.01,54.89,0.06,NASA_POWER
2025-05-23,sorriso_mt,"Sorriso, MT",-12.5425,-55.7211,0.0,25.94,34.19,18.41,57.26,0.02,NASA_POWER
2025-05-24,sorriso_mt,"Sorriso, MT",-12.5425,-55.7211,0.0,27.32,34.63,21.08,58.84,0.03,NASA_POWER
2025-05-25,sorriso_mt,"Sorriso, MT",-12.5425,-55.7211,0.0,27.31,34.14,21.32,59.06,0.03,NASA_POWER
2025-05-26,sorriso_mt,"Sorriso, MT",-12.5425,-55.7211,0.01,27.09,34.32,20.72,55.26,0.03,NASA_POWER
2025-05-27,sorriso_mt,"Sorriso, MT",-12.5425,-55.7211,0.01,26.82,33.26,20.89,57.84,0.07,NASA_POWER
2025-05-28,sorriso_mt,"Sorriso, MT",-12.5425,-55.7211,2.96,26.57,34.43,20.59,61.67,0.03,NASA_POWER
2025-05-29,sorriso_mt,"Sorriso, MT",-12.5425,-55.7211,0.76,22.64,29.99,17.02,65.14,0.04,NASA_POWER
2025-05-30,sorriso_mt,"Sorriso, MT",-12.5425,-55.7211,0.0,23.45,32.22,16.81,51.49,0.03,NASA_POWER
2025-05-31,sorriso_mt,"Sorriso, MT",-12.5425,-55.7211,0.0,25.33,33.76,18.45,59.33,0.03,NASA_POWER
2025-06-01,sorriso_mt,"Sorriso, MT",-12.5425,-55.7211,0.0,25.89,34.1,19.32,58.41,0.04,NASA_POWER
2025-06-02,sorriso_mt,"Sorriso, MT",-12.5425,-55.7211,0.0,25.2,31.98,19.34,62.46,0.03,NASA_POWER
2025-06-03,sorriso_mt,"Sorriso, MT",-12.5425,-55.7211,1.11,26.64,34.62,19.95,65.16,0.03,NASA_POWER
2025-06-04,sorriso_mt,"Sorriso, MT",-12.5425,-55.7211,0.18,26.8,34.78,20.38,60.92,0.04,NASA_POWER
2025-06-05,sorriso_mt,"Sorriso, MT",-12.5425,-55.7211,0.07,26.82,35.26,19.33,54.84,0.03,NASA_POWER
2025-06-06,sorriso_mt,"Sorriso, MT",-12.5425,-55.7211,0.0,26.95,35.14,19.53,49.92,0.03,NASA_POWER
2025-06-07,sorriso_mt,"Sorriso, MT",-12.5425,-55.7211,0.0,26.55,35.42,18.4,52.54,0.09,NASA_POWER
2025-06-08,sorriso_mt,"Sorriso, MT",-12.5425,-55.7211,0.0,27.33,35.44,19.61,49.74,0.1,NASA_POWER
2025-06-09,sorriso_mt,"Sorriso, MT",-12.5425,-55.7211,0.38,26.94,35.24,20.04,51.37,0.03,NASA_POWER
2025-06-10,sorriso_mt,"Sorriso, MT",-12.5425,-55.7211,1.65,25.52,33.49,19.68,67.05,0.03,NASA_POWER
2025-06-11,sorriso_mt,"Sorriso, MT",-12.5425,-55.7211,0.0,26.29,33.88,20.1,61.34,0.03,NASA_POWER
2025-06-12,sorriso_mt,"Sorriso, MT",-12.5425,-55.7211,0.0,26.25,33.94,19.68,56.94,0.03,NASA_POWER
2025-06-13,sorriso_mt,"Sorriso, MT",-12.5425,-55.7211,0.0,26.75,34.51,19.57,56.92,0.03,NASA_POWER
2025-06-14,sorriso_mt,"Sorriso, MT",-12.5425,-55.7211,0.0,27.23,34.22,21.06,56.46,0.04,NASA_POWER
2025-06-15,sorriso_mt,"Sorriso, MT",-12.5425,-55.7211,0.0,27.25,34.19,21.68,54.78,0.03,NASA_POWER
2025-06-16,sorriso_mt,"Sorriso, MT",-12.5425,-55.7211,0.0,26.77,34.02,20.65,54.72,0.04,NASA_POWER
2025-06-17,sorriso_mt,"Sorriso, MT",-12.5425,-55.7211,0.0,26.32,34.47,19.62,48.12,0.04,NASA_POWER
2025-06-18,sorriso_mt,"Sorriso, MT",-12.5425,-55.7211,0.0,25.92,33.95,18.24,49.77,0.03,NASA_POWER
2025-06-19,sorriso_mt,"Sorriso, MT",-12.5425,-55.7211,0.0,26.71,33.63,20.57,54.57,0.03,NASA_POWER
2025-06-20,sorriso_mt,"Sorriso, MT",-12.5425,-55.7211,0.0,26.75,34.3,19.85,47.28,0.03,NASA_POWER
2025-06-21,sorriso_mt,"Sorriso, MT",-12.5425,-55.7211,0.0,26.76,34.96,19.02,45.66,0.05,NASA_POWER
2025-06-22,sorriso_mt,"Sorriso, MT",-12.5425,-55.7211,0.0,27.59,35.21,19.93,48.4,0.03,NASA_POWER
2025-06-23,sorriso_mt,"Sorriso, MT",-12.5425,-55.7211,1.28,25.08,27.17,22.93,70.85,0.08,NASA_POWER
2025-06-24,sorriso_mt,"Sorriso, MT",-12.5425,-55.7211,14.39,20.36,23.39,17.11,87.48,0.04,NASA_POWER
2025-06-25,sorriso_mt,"Sorriso, MT",-12.5425,-55.7211,0.02,24.29,32.87,16.84,67.38,0.03,NASA_POWER
2025-06-26,sorriso_mt,"Sorriso, MT",-12.5425,-55.7211,0.03,26.13,34.55,19.15,61.72,0.03,NASA_POWER
2025-06-27,sorriso_mt,"Sorriso, MT",-12.5425,-55.7211,0.0,26.04,34.46,18.83,57.76,0.03,NASA_POWER
2025-06-28,sorriso_mt,"Sorriso, MT",-12.5425,-55.7211,0.0,26.39,34.76,19.18,53.42,0.03,NASA_POWER
2025-06-29,sorriso_mt,"Sorriso, MT",-12.5425,-55.7211,0.0,26.96,34.49,20.58,53.85,0.03,NASA_POWER
2025-06-30,sorriso_mt,"Sorriso, MT",-12.5425,-55.7211,0.0,26.2,33.48,20.55,50.88,0.04,NASA_POWER
2025-07-01,sorriso_mt,"Sorriso, MT",-12.5425,-55.7211,0.0,22.33,29.85,16.35,59.44,0.04,NASA_POWER
2025-07-02,sorriso_mt,"Sorriso, MT",-12.5425,-55.7211,0.0,23.12,31.62,15.86,59.47,0.04,NASA_POWER
2025-07-03,sorriso_mt,"Sorriso, MT",-12.5425,-55.7211,0.0,22.93,29.99,16.69,61.46,0.04,NASA_POWER
2025-07-04,sorriso_mt,"Sorriso, MT",-12.5425,-55.7211,0.0,24.15,32.24,17.42,57.34,0.03,NASA_POWER
2025-07-05,sorriso_mt,"Sorriso, MT",-12.5425,-55.7211,0.0,24.24,32.47,17.89,52.67,0.05,NASA_POWER
2025-07-06,sorriso_mt,"Sorriso, MT",-12.5425,-55.7211,0.0,24.23,33.15,16.22,46.79,0.05,NASA_POWER
2025-07-07,sorriso_mt,"Sorriso, MT",-12.5425,-55.7211,0.0,24.97,33.69,16.98,43.48,0.04,NASA_POWER
2025-07-08,sorriso_mt,"Sorriso, MT",-12.5425,-55.7211,0.0,25.2,33.73,17.56,43.92,0.03,NASA_POWER
2025-07-09,sorriso_mt,"Sorriso, MT",-12.5425,-55.7211,0.0,25.57,34.33,17.44,44.87,0.03,NASA_POWER
2025-07-10,sorriso_mt,"Sorriso, MT",-12.5425,-55.7211,0.0,26.15,34.9,18.61,42.71,0.03,NASA_POWER
2025-07-11,sorriso_mt,"Sorriso, MT",-12.5425,-55.7211,0.0,26.14,34.09,19.11,39.78,0.03,NASA_POWER
2025-07-12,sorriso_mt,"Sorriso, MT",-12.5425,-55.7211,0.0,25.37,33.21,18.24,41.5,0.04,NASA_POWER
2025-07-13,sorriso_mt,"Sorriso, MT",-12.5425,-55.7211,0.0,25.83,34.13,17.38,43.39,0.03,NASA_POWER
2025-07-14,sorriso_mt,"Sorriso, MT",-12.5425,-55.7211,0.0,27.02,34.17,20.87,40.63,0.03,NASA_POWER
2025-07-15,sorriso_mt,"Sorriso, MT",-12.5425,-55.7211,0.0,26.3,34.03,19.79,35.97,0.04,NASA_POWER
2025-07-16,sorriso_mt,"Sorriso, MT",-12.5425,-55.7211,0.0,26.4,35.05,18.6,35.44,0.11,NASA_POWER
2025-07-17,sorriso_mt,"Sorriso, MT",-12.5425,-55.7211,0.0,26.14,34.32,18.82,36.69,0.04,NASA_POWER
2025-07-18,sorriso_mt,"Sorriso, MT",-12.5425,-55.7211,0.0,24.78,32.98,18.35,40.39,0.04,NASA_POWER
2025-07-19,sorriso_mt,"Sorriso, MT",-12.5425,-55.7211,0.0,24.74,34.28,16.6,40.54,0.11,NASA_POWER
2025-07-20,sorriso_mt,"Sorriso, MT",-12.5425,-55.7211,0.0,26.29,35.23,18.34,36.31,0.19,NASA_POWER
2025-07-21,sorriso_mt,"Sorriso, MT",-12.5425,-55.7211,0.0,26.14,35.45,17.98,31.68,0.16,NASA_POWER
2025-07-22,sorriso_mt,"Sorriso, MT",-12.5425,-55.7211,0.0,26.9,36.08,18.34,32.44,0.17,NASA_POWER
2025-07-23,sorriso_mt,"Sorriso, MT",-12.5425,-55.7211,0.0,27.76,36.03,19.9,35.62,0.03,NASA_POWER
2025-07-24,sorriso_mt,"Sorriso, MT",-12.5425,-55.7211,0.0,28.19,36.58,20.72,37.89,0.17,NASA_POWER
2025-07-25,sorriso_mt,"Sorriso, MT",-12.5425,-55.7211,0.0,28.15,36.75,20.64,37.64,0.12,NASA_POWER
2025-07-26,sorriso_mt,"Sorriso, MT",-12.5425,-55.7211,0.0,28.43,36.68,21.57,37.86,0.09,NASA_POWER
2025-07-27,sorriso_mt,"Sorriso, MT",-12.5425,-55.7211,0.0,28.4,36.58,21.05,36.82,0.08,NASA_POWER
2025-07-28,sorriso_mt,"Sorriso, MT",-12.5425,-55.7211,0.0,28.74,36.58,20.86,33.71,0.02,NASA_POWER
2025-07-29,sorriso_mt,"Sorriso, MT",-12.5425,-55.7211,0.0,28.13,34.87,22.39,42.17,0.04,NASA_POWER
2025-07-30,sorriso_mt,"Sorriso, MT",-12.5425,-55.7211,0.0,26.93,33.75,21.21,40.93,0.09,NASA_POWER
2025-07-31,sorriso_mt,"Sorriso, MT",-12.5425,-55.7211,0.0,28.72,36.54,21.23,34.15,0.06,NASA_POWER
2025-08-01,sorriso_mt,"Sorriso, MT",-12.5425,-55.7211,0.0,29.94,37.02,23.93,32.3,0.06,NASA_POWER
2025-08-02,sorriso_mt,"Sorriso, MT",-12.5425,-55.7211,0.0,30.12,35.94,24.85,35.07,0.05,NASA_POWER
2025-08-03,sorriso_mt,"Sorriso, MT",-12.5425,-55.7211,0.0,29.3,35.13,24.35,36.26,0.04,NASA_POWER
2025-08-04,sorriso_mt,"Sorriso, MT",-12.5425,-55.7211,0.0,28.51,35.31,22.73,32.77,0.03,NASA_POWER
2025-08-05,sorriso_mt,"Sorriso, MT",-12.5425,-55.7211,0.0,28.22,35.06,21.7,33.49,0.04,NASA_POWER
2025-08-06,sorriso_mt,"Sorriso, MT",-12.5425,-55.7211,0.0,27.74,35.15,20.91,38.09,0.04,NASA_POWER
2025-08-07,sorriso_mt,"Sorriso, MT",-12.5425,-55.7211,0.0,28.21,35.72,21.79,35.87,0.03,NASA_POWER
2025-08-08,sorriso_mt,"Sorriso, MT",-12.5425,-55.7211,0.0,27.7,34.56,20.99,35.14,0.06,NASA_POWER
2025-08-09,sorriso_mt,"Sorriso, MT",-12.5425,-55.7211,0.0,25.97,32.64,20.69,42.1,0.05,NASA_POWER
2025-08-10,sorriso_mt,"Sorriso, MT",-12.5425,-55.7211,0.0,25.3,33.41,18.69,35.21,0.03,NASA_POWER
2025-08-11,sorriso_mt,"Sorriso, MT",-12.5425,-55.7211,0.0,25.88,33.54,18.77,34.05,0.04,NASA_POWER
2025-08-12,sorriso_mt,"Sorriso, MT",-12.5425,-55.7211,0.01,26.45,34.42,19.55,32.39,0.03,NASA_POWER
2025-08-13,sorriso_mt,"Sorriso, MT",-12.5425,-55.7211,0.0,26.05,35.55,17.96,27.36,0.06,NASA_POWER
2025-08-14,sorriso_mt,"Sorriso, MT",-12.5425,-55.7211,0.0,26.36,36.06,17.28,22.95,0.04,NASA_POWER
2025-08-15,sorriso_mt,"Sorriso, MT",-12.5425,-55.7211,0.0,27.08,35.74,18.54,23.35,0.12,NASA_POWER
2025-08-16,sorriso_mt,"Sorriso, MT",-12.5425,-55.7211,0.0,28.87,36.45,21.66,31.66,0.08,NASA_POWER
2025-08-17,sorriso_mt,"Sorriso, MT",-12.5425,-55.7211,0.0,30.69,38.25,25.03,29.35,0.05,NASA_POWER
2025-08-18,sorriso_mt,"Sorriso, MT",-12.5425,-55.7211,0.0,30.24,37.95,23.5,29.07,0.05,NASA_POWER
2025-08-19,sorriso_mt,"Sorriso, MT",-12.5425,-55.7211,0.01,30.45,38.25,23.15,28.59,0.14,NASA_POWER
2025-08-20,sorriso_mt,"Sorriso, MT",-12.5425,-55.7211,0.0,29.68,37.38,22.16,32.7,0.18,NASA_POWER
2025-08-21,sorriso_mt,"Sorriso, MT",-12.5425,-55.7211,0.0,31.33,38.16,25.47,28.52,0.04,NASA_POWER
2025-08-22,sorriso_mt,"Sorriso, MT",-12.5425,-55.7211,0.0,29.42,37.58,22.45,22.97,0.28,NASA_POWER
2025-08-23,sorriso_mt,"Sorriso, MT",-12.5425,-55.7211,0.0,29.44,38.53,20.23,24.33,0.26,NASA_POWER
2025-08-24,sorriso_mt,"Sorriso, MT",-12.5425,-55.7211,0.0,29.97,37.75,22.58,27.9,0.04,NASA_POWER
2025-08-25,sorriso_mt,"Sorriso, MT",-12.5425,-55.7211,0.0,28.01,35.67,21.45,33.11,0.04,NASA_POWER
2025-08-26,sorriso_mt,"Sorriso, MT",-12.5425,-55.7211,0.0,28.85,36.91,21.27,31.96,0.05,NASA_POWER
2025-08-27,sorriso_mt,"Sorriso, MT",-12.5425,-55.7211,0.0,30.73,38.09,23.86,29.75,0.04,NASA_POWER
2025-08-28,sorriso_mt,"Sorriso, MT",-12.5425,-55.7211,0.0,31.63,39.43,24.74,28.25,0.07,NASA_POWER
2025-08-29,sorriso_mt,"Sorriso, MT",-12.5425,-55.7211,0.0,31.08,38.3,25.52,32.2,0.06,NASA_POWER
2025-08-30,sorriso_mt,"Sorriso, MT",-12.5425,-55.7211,0.0,31.94,38.77,26.22,28.58,0.04,NASA_POWER
2025-08-31,sorriso_mt,"Sorriso, MT",-12.5425,-55.7211,0.0,31.89,38.83,25.32,27.31,0.04,NASA_POWER
2025-09-01,sorriso_mt,"Sorriso, MT",-12.5425,-55.7211,0.0,32.73,39.51,26.38,25.44,0.04,NASA_POWER
2025-09-02,sorriso_mt,"Sorriso, MT",-12.5425,-55.7211,0.0,32.72,39.17,27.06,26.21,0.05,NASA_POWER
2025-09-03,sorriso_mt,"Sorriso, MT",-12.5425,-55.7211,0.0,31.52,39.09,24.51,27.94,0.06,NASA_POWER
2025-09-04,sorriso_mt,"Sorriso, MT",-12.5425,-55.7211,0.0,31.55,39.03,25.85,26.12,0.09,NASA_POWER
2025-09-05,sorriso_mt,"Sorriso, MT",-12.5425,-55.7211,0.0,31.49,38.38,26.19,26.76,0.04,NASA_POWER
2025-09-06,sorriso_mt,"Sorriso, MT",-12.5425,-55.7211,0.0,30.71,38.29,24.75,28.27,0.04,NASA_POWER
2025-09-07,sorriso_mt,"Sorriso, MT",-12.5425,-55.7211,0.0,31.53,39.73,23.29,27.61,0.22,NASA_POWER
2025-09-08,sorriso_mt,"Sorriso, MT",-12.5425,-55.7211,0.0,31.66,39.25,23.45,29.63,0.22,NASA_POWER
2025-09-09,sorriso_mt,"Sorriso, MT",-12.5425,-55.7211,0.0,32.71,40.11,26.02,27.8,0.17,NASA_POWER
2025-09-10,sorriso_mt,"Sorriso, MT",-12.5425,-55.7211,0.0,31.92,39.81,26.08,25.39,0.17,NASA_POWER
2025-09-11,sorriso_mt,"Sorriso, MT",-12.5425,-55.7211,0.0,32.26,40.48,24.62,22.42,0.27,NASA_POWER
2025-09-12,sorriso_mt,"Sorriso, MT",-12.5425,-55.7211,0.0,32.04,40.47,22.82,22.85,0.31,NASA_POWER
2025-09-13,sorriso_mt,"Sorriso, MT",-12.5425,-55.7211,0.0,32.51,40.8,24.13,24.98,0.16,NASA_POWER
2025-09-14,sorriso_mt,"Sorriso, MT",-12.5425,-55.7211,12.59,31.32,38.71,25.38,38.48,0.17,NASA_POWER
2025-09-15,sorriso_mt,"Sorriso, MT",-12.5425,-55.7211,0.24,30.21,39.36,23.57,47.15,0.22,NASA_POWER
2025-09-16,sorriso_mt,"Sorriso, MT",-12.5425,-55.7211,2.46,28.36,34.56,23.56,57.47,0.3,NASA_POWER
2025-09-17,sorriso_mt,"Sorriso, MT",-12.5425,-55.7211,0.05,31.04,39.22,23.4,48.35,0.19,NASA_POWER
2025-09-18,sorriso_mt,"Sorriso, MT",-12.5425,-55.7211,0.24,30.58,37.19,24.07,45.69,0.05,NASA_POWER
2025-09-19,sorriso_mt,"Sorriso, MT",-12.5425,-55.7211,3.41,29.33,36.82,21.96,58.45,0.06,NASA_POWER
2025-09-20,sorriso_mt,"Sorriso, MT",-12.5425,-55.7211,4.35,29.22,35.86,23.41,60.39,0.03,NASA_POWER
2025-09-21,sorriso_mt,"Sorriso, MT",-12.5425,-55.7211,2.05,29.21,36.23,23.37,61.9,0.1,NASA_POWER
2025-09-22,sorriso_mt,"Sorriso, MT",-12.5425,-55.7211,3.21,30.56,37.63,23.43,59.44,0.07,NASA_POWER
2025-09-23,sorriso_mt,"Sorriso, MT",-12.5425,-55.7211,4.12,28.74,35.02,23.38,67.86,0.03,NASA_POWER
2025-09-24,sorriso_mt,"Sorriso, MT",-12.5425,-55.7211,4.8,29.07,36.93,23.86,66.45,0.03,NASA_POWER
2025-09-25,sorriso_mt,"Sorriso, MT",-12.5425,-55.7211,3.38,28.03,34.81,22.89,70.62,0.08,NASA_POWER
2025-09-26,sorriso_mt,"Sorriso, MT",-12.5425,-55.7211,3.19,30.08,37.12,22.93,60.26,0.09,NASA_POWER
2025-09-27,sorriso_mt,"Sorriso, MT",-12.5425,-55.7211,0.7,30.49,38.13,23.3,57.05,0.23,NASA_POWER
2025-09-28,sorriso_mt,"Sorriso, MT",-12.5425,-55.7211,0.01,30.76,37.97,23.9,49.9,0.19,NASA_POWER
2025-09-29,sorriso_mt,"Sorriso, MT",-12.5425,-55.7211,0.0,31.39,39.48,22.33,35.79,0.19,NASA_POWER
2025-09-30,sorriso_mt,"Sorriso, MT",-12.5425,-55.7211,0.0,30.17,39.83,20.37,39.65,0.33,NASA_POWER
2025-10-01,sorriso_mt,"Sorriso, MT",-12.5425,-55.7211,0.0,31.36,40.8,21.75,35.83,0.36,NASA_POWER
2025-10-02,sorriso_mt,"Sorriso, MT",-12.5425,-55.7211,0.0,30.36,39.85,21.01,33.09,0.3,NASA_POWER
2025-10-03,sorriso_mt,"Sorriso, MT",-12.5425,-55.7211,0.0,30.91,39.64,21.46,33.54,0.18,NASA_POWER
2025-10-04,sorriso_mt,"Sorriso, MT",-12.5425,-55.7211,0.0,32.03,41.07,23.85,30.17,0.21,NASA_POWER
2025-10-05,sorriso_mt,"Sorriso, MT",-12.5425,-55.7211,0.38,32.89,40.12,25.65,27.24,0.21,NASA_POWER
2025-10-06,sorriso_mt,"Sorriso, MT",-12.5425,-55.7211,0.0,32.22,40.78,23.81,29.86,0.21,NASA_POWER
2025-10-07,sorriso_mt,"Sorriso, MT",-12.5425,-55.7211,0.49,32.09,41.3,22.78,30.35,0.19,NASA_POWER
2025-10-08,sorriso_mt,"Sorriso, MT",-12.5425,-55.7211,0.25,30.21,36.05,24.5,41.83,0.04,NASA_POWER
2025-10-09,sorriso_mt,"Sorriso, MT",-12.5425,-55.7211,0.38,30.86,39.14,24.59,48.81,0.05,NASA_POWER
2025-10-10,sorriso_mt,"Sorriso, MT",-12.5425,-55.7211,0.53,29.71,36.17,23.86,53.97,0.02,NASA_POWER
2025-10-11,sorriso_mt,"Sorriso, MT",-12.5425,-55.7211,0.03,29.0,32.73,25.32,49.82,0.18,NASA_POWER
2025-10-12,sorriso_mt,"Sorriso, MT",-12.5425,-55.7211,0.07,30.03,36.64,24.41,45.33,0.04,NASA_POWER
2025-10-13,sorriso_mt,"Sorriso, MT",-12.5425,-55.7211,9.4,30.75,38.54,23.39,45.06,0.06,NASA_POWER
2025-10-14,sorriso_mt,"Sorriso, MT",-12.5425,-55.7211,15.15,29.28,36.09,22.92,64.29,0.03,NASA_POWER
2025-10-15,sorriso_mt,"Sorriso, MT",-12.5425,-55.7211,0.69,28.81,35.87,22.78,63.75,0.06,NASA_POWER
2025-10-16,sorriso_mt,"Sorriso, MT",-12.5425,-55.7211,0.06,30.0,36.91,23.52,59.35,0.17,NASA_POWER
2025-10-17,sorriso_mt,"Sorriso, MT",-12.5425,-55.7211,2.3,30.97,37.91,24.0,54.9,0.2,NASA_POWER
2025-10-18,sorriso_mt,"Sorriso, MT",-12.5425,-55.7211,1.33,31.03,38.97,22.69,53.67,0.05,NASA_POWER
2025-10-19,sorriso_mt,"Sorriso, MT",-12.5425,-55.7211,0.07,29.86,36.44,23.89,57.01,0.04,NASA_POWER
2025-10-20,sorriso_mt,"Sorriso, MT",-12.5425,-55.7211,4.45,28.46,34.39,24.1,63.39,0.04,NASA_POWER
2025-10-21,sorriso_mt,"Sorriso, MT",-12.5425,-55.7211,6.48,26.79,32.39,22.57,74.34,0.07,NASA_POWER
2025-10-22,sorriso_mt,"Sorriso, MT",-12.5425,-55.7211,0.05,28.47,34.95,23.11,61.83,0.06,NASA_POWER
2025-10-23,sorriso_mt,"Sorriso, MT",-12.5425,-55.7211,0.02,29.64,37.08,22.66,50.94,0.04,NASA_POWER
2025-10-24,sorriso_mt,"Sorriso, MT",-12.5425,-55.7211,0.05,29.5,36.07,23.4,51.14,0.04,NASA_POWER
2025-10-25,sorriso_mt,"Sorriso, MT",-12.5425,-55.7211,0.01,30.16,37.64,22.71,51.47,0.08,NASA_POWER
2025-10-26,sorriso_mt,"Sorriso, MT",-12.5425,-55.7211,0.07,31.03,39.18,22.67,46.17,0.07,NASA_POWER
2025-10-27,sorriso_mt,"Sorriso, MT",-12.5425,-55.7211,1.01,31.27,39.33,24.81,47.34,0.03,NASA_POWER
2025-10-28,sorriso_mt,"Sorriso, MT",-12.5425,-55.7211,0.48,31.51,38.06,25.3,51.17,0.05,NASA_POWER
2025-10-29,sorriso_mt,"Sorriso, MT",-12.5425,-55.7211,0.41,31.67,38.63,24.54,49.55,0.04,NASA_POWER
2025-10-30,sorriso_mt,"Sorriso, MT",-12.5425,-55.7211,0.63,30.64,37.0,25.88,48.54,0.03,NASA_POWER
2025-10-31,sorriso_mt,"Sorriso, MT",-12.5425,-55.7211,0.76,30.32,36.58,22.94,54.55,0.1,NASA_POWER
2025-11-01,sorriso_mt,"Sorriso, MT",-12.5425,-55.7211,0.47,30.25,36.19,25.3,51.35,0.12,NASA_POWER
2025-11-02,sorriso_mt,"Sorriso, MT",-12.5425,-55.7211,1.05,31.33,39.29,23.73,50.02,0.09,NASA_POWER
2025-11-03,sorriso_mt,"Sorriso, MT",-12.5425,-55.7211,1.89,31.36,36.86,26.65,54.52,0.09,NASA_POWER
2025-11-04,sorriso_mt,"Sorriso, MT",-12.5425,-55.7211,1.88,28.19,33.04,24.45,68.92,0.03,NASA_POWER
2025-11-05,sorriso_mt,"Sorriso, MT",-12.5425,-55.7211,0.04,30.6,37.49,23.69,55.79,0.04,NASA_POWER
2025-11-06,sorriso_mt,"Sorriso, MT",-12.5425,-55.7211,18.92,30.97,37.62,26.1,57.78,0.07,NASA_POWER
2025-11-07,sorriso_mt,"Sorriso, MT",-12.5425,-55.7211,0.42,28.39,33.39,24.41,67.03,0.04,NASA_POWER
2025-11-08,sorriso_mt,"Sorriso, MT",-12.5425,-55.7211,3.95,28.85,35.68,23.43,67.75,0.04,NASA_POWER
2025-11-09,sorriso_mt,"Sorriso, MT",-12.5425,-55.7211,2.39,27.0,31.76,23.75,76.8,0.08,NASA_POWER
2025-11-10,sorriso_mt,"Sorriso, MT",-12.5425,-55.7211,4.5,28.76,36.36,24.04,66.96,0.04,NASA_POWER
2025-11-11,sorriso_mt,"Sorriso, MT",-12.5425,-55.7211,2.65,26.74,32.32,23.3,77.07,0.03,NASA_POWER
2025-11-12,sorriso_mt,"Sorriso, MT",-12.5425,-55.7211,2.37,26.76,31.9,22.52,72.74,0.05,NASA_POWER
2025-11-13,sorriso_mt,"Sorriso, MT",-12.5425,-55.7211,2.9,28.86,36.36,22.56,64.24,0.09,NASA_POWER
2025-11-14,sorriso_mt,"Sorriso, MT",-12.5425,-55.7211,2.99,28.98,36.03,22.81,64.92,0.06,NASA_POWER
2025-11-15,sorriso_mt,"Sorriso, MT",-12.5425,-55.7211,0.78,29.6,37.15,22.42,61.74,0.08,NASA_POWER
2025-11-16,sorriso_mt,"Sorriso, MT",-12.5425,-55.7211,0.0,31.08,38.66,23.46,52.28,0.05,NASA_POWER
2025-11-17,sorriso_mt,"Sorriso, MT",-12.5425,-55.7211,0.87,30.98,38.77,23.44,54.88,0.03,NASA_POWER
2025-11-18,sorriso_mt,"Sorriso, MT",-12.5425,-55.7211,1.53,29.17,35.35,22.97,61.97,0.04,NASA_POWER
2025-11-19,sorriso_mt,"Sorriso, MT",-12.5425,-55.7211,0.37,30.15,36.29,24.64,55.42,0.14,NASA_POWER
2025-11-20,sorriso_mt,"Sorriso, MT",-12.5425,-55.7211,0.05,30.96,38.12,24.11,49.47,0.06,NASA_POWER
2025-11-21,sorriso_mt,"Sorriso, MT",-12.5425,-55.7211,0.31,29.19,35.25,24.13,62.69,0.03,NASA_POWER
2025-11-22,sorriso_mt,"Sorriso, MT",-12.5425,-55.7211,7.09,25.06,27.69,23.73,87.39,0.04,NASA_POWER
2025-11-23,sorriso_mt,"Sorriso, MT",-12.5425,-55.7211,0.07,25.25,28.78,23.38,77.39,0.06,NASA_POWER
2025-11-24,sorriso_mt,"Sorriso, MT",-12.5425,-55.7211,1.9,28.35,35.17,22.38,66.99,0.04,NASA_POWER
2025-11-25,sorriso_mt,"Sorriso, MT",-12.5425,-55.7211,0.97,28.16,34.04,23.55,70.97,0.06,NASA_POWER
2025-11-26,sorriso_mt,"Sorriso, MT",-12.5425,-55.7211,0.81,29.28,36.12,23.8,63.27,0.05,NASA_POWER
2025-11-27,sorriso_mt,"Sorriso, MT",-12.5425,-55.7211,18.97,28.7,34.52,24.3,68.0,0.03,NASA_POWER
2025-11-28,sorriso_mt,"Sorriso, MT",-12.5425,-55.7211,1.0,28.12,34.2,23.71,69.59,0.07,NASA_POWER
2025-11-29,sorriso_mt,"Sorriso, MT",-12.5425,-55.7211,0.06,29.94,36.99,22.98,61.16,0.05,NASA_POWER
2025-11-30,sorriso_mt,"Sorriso, MT",-12.5425,-55.7211,0.0,30.03,36.57,24.51,56.58,0.03,NASA_POWER
2025-12-01,sorriso_mt,"Sorriso, MT",-12.5425,-55.7211,5.83,27.95,32.49,24.15,69.46,0.02,NASA_POWER
2025-12-02,sorriso_mt,"Sorriso, MT",-12.5425,-55.7211,38.6,26.74,33.09,23.09,79.43,0.04,NASA_POWER
2025-12-03,sorriso_mt,"Sorriso, MT",-12.5425,-55.7211,32.65,24.17,25.93,22.5,95.43,0.03,NASA_POWER
2025-12-04,sorriso_mt,"Sorriso, MT",-12.5425,-55.7211,9.52,24.7,28.2,21.6,91.5,0.02,NASA_POWER
2025-12-05,sorriso_mt,"Sorriso, MT",-12.5425,-55.7211,17.78,23.3,24.53,22.26,96.99,0.03,NASA_POWER
2025-12-06,sorriso_mt,"Sorriso, MT",-12.5425,-55.7211,5.82,23.68,26.07,21.56,91.02,0.04,NASA_POWER
2025-12-07,sorriso_mt,"Sorriso, MT",-12.5425,-55.7211,4.54,24.18,27.11,22.12,91.91,0.03,NASA_POWER
2025-12-08,sorriso_mt,"Sorriso, MT",-12.5425,-55.7211,2.45,24.52,28.34,21.98,87.37,0.06,NASA_POWER
2025-12-09,sorriso_mt,"Sorriso, MT",-12.5425,-55.7211,1.73,25.31,30.14,21.79,80.62,0.04,NASA_POWER
2025-12-10,sorriso_mt,"Sorriso, MT",-12.5425,-55.7211,1.46,25.49,29.45,22.33,82.72,0.09,NASA_POWER
2025-12-11,sorriso_mt,"Sorriso, MT",-12.5425,-55.7211,0.37,26.51,31.39,22.27,77.7,0.03,NASA_POWER
2025-12-12,sorriso_mt,"Sorriso, MT",-12.5425,-55.7211,1.98,27.28,33.29,22.3,74.91,0.02,NASA_POWER
2025-12-13,sorriso_mt,"Sorriso, MT",-12.5425,-55.7211,2.32,26.74,32.03,23.04,80.05,0.05,NASA_POWER
2025-12-14,sorriso_mt,"Sorriso, MT",-12.5425,-55.7211,0.96,27.39,33.28,23.05,76.21,0.02,NASA_POWER
2025-12-15,sorriso_mt,"Sorriso, MT",-12.5425,-55.7211,4.27,27.0,32.11,23.01,77.19,0.05,NASA_POWER
2025-12-16,sorriso_mt,"Sorriso, MT",-12.5425,-55.7211,8.88,26.25,31.42,22.9,83.59,0.04,NASA_POWER
2025-12-17,sorriso_mt,"Sorriso, MT",-12.5425,-55.7211,5.56,26.94,33.26,22.27,78.88,0.05,NASA_POWER
2025-12-18,sorriso_mt,"Sorriso, MT",-12.5425,-55.7211,6.72,24.6,27.85,22.79,92.38,0.03,NASA_POWER
2025-12-19,sorriso_mt,"Sorriso, MT",-12.5425,-55.7211,6.29,25.27,28.85,22.1,89.86,0.05,NASA_POWER
2025-12-20,sorriso_mt,"Sorriso, MT",-12.5425,-55.7211,6.76,24.58,28.28,22.61,88.83,0.03,NASA_POWER
2025-12-21,sorriso_mt,"Sorriso, MT",-12.5425,-55.7211,8.75,24.26,27.02,22.33,92.67,0.03,NASA_POWER
2025-12-22,sorriso_mt,"Sorriso, MT",-12.5425,-55.7211,12.51,24.82,28.16,22.53,92.09,0.03,NASA_POWER
2025-12-23,sorriso_mt,"Sorriso, MT",-12.5425,-55.7211,6.88,24.3,27.71,22.17,90.04,0.05,NASA_POWER
2025-12-24,sorriso_mt,"Sorriso, MT",-12.5425,-55.7211,0.57,25.17,29.64,21.62,80.93,0.04,NASA_POWER
2025-12-25,sorriso_mt,"Sorriso, MT",-12.5425,-55.7211,0.11,25.68,30.65,20.77,78.07,0.06,NASA_POWER
2025-12-26,sorriso_mt,"Sorriso, MT",-12.5425,-55.7211,37.08,24.81,28.62,21.84,83.38,0.03,NASA_POWER
2025-12-27,sorriso_mt,"Sorriso, MT",-12.5425,-55.7211,11.21,25.18,29.13,21.58,89.79,0.15,NASA_POWER
2025-12-28,sorriso_mt,"Sorriso, MT",-12.5425,-55.7211,2.37,25.46,28.39,23.87,90.47,0.24,NASA_POWER
2025-12-29,sorriso_mt,"Sorriso, MT",-12.5425,-55.7211,0.73,25.89,29.68,22.59,84.13,0.21,NASA_POWER
2025-12-30,sorriso_mt,"Sorriso, MT",-12.5425,-55.7211,0.15,25.49,29.85,22.06,83.16,0.08,NASA_POWER
2025-12-31,sorriso_mt,"Sorriso, MT",-12.5425,-55.7211,0.04,26.6,32.18,22.12,77.1,0.1,NASA_POWER
2026-01-01,sorriso_mt,"Sorriso, MT",-12.5425,-55.7211,2.24,27.04,32.96,21.54,76.3,0.13,NASA_POWER
2026-01-02,sorriso_mt,"Sorriso, MT",-12.5425,-55.7211,1.47,28.01,33.57,22.38,73.46,0.06,NASA_POWER
2026-01-03,sorriso_mt,"Sorriso, MT",-12.5425,-55.7211,9.95,26.99,30.95,23.69,80.41,0.06,NASA_POWER
2026-01-04,sorriso_mt,"Sorriso, MT",-12.5425,-55.7211,7.61,24.49,27.03,22.5,92.39,0.03,NASA_POWER
2026-01-05,sorriso_mt,"Sorriso, MT",-12.5425,-55.7211,1.59,23.77,26.84,21.62,89.81,0.03,NASA_POWER
2026-01-06,sorriso_mt,"Sorriso, MT",-12.5425,-55.7211,5.7,24.39,27.45,21.83,87.82,0.04,NASA_POWER
2026-01-07,sorriso_mt,"Sorriso, MT",-12.5425,-55.7211,17.17,24.57,27.98,22.18,89.08,0.03,NASA_POWER
2026-01-08,sorriso_mt,"Sorriso, MT",-12.5425,-55.7211,17.15,24.26,27.46,21.61,92.54,0.04,NASA_POWER
2026-01-09,sorriso_mt,"Sorriso, MT",-12.5425,-55.7211,4.23,24.52,28.37,22.11,88.22,0.03,NASA_POWER
2026-01-10,sorriso_mt,"Sorriso, MT",-12.5425,-55.7211,0.08,25.45,29.93,20.66,84.4,0.16,NASA_POWER
2026-01-11,sorriso_mt,"Sorriso, MT",-12.5425,-55.7211,2.56,25.95,30.27,22.5,82.78,0.05,NASA_POWER
2026-01-12,sorriso_mt,"Sorriso, MT",-12.5425,-55.7211,3.65,24.88,28.5,22.05,86.02,0.11,NASA_POWER
2026-01-13,sorriso_mt,"Sorriso, MT",-12.5425,-55.7211,11.09,24.59,28.55,21.57,87.97,0.02,NASA_POWER
2026-01-14,sorriso_mt,"Sorriso, MT",-12.5425,-55.7211,1.38,24.88,29.43,21.27,82.93,0.03,NASA_POWER
2026-01-15,sorriso_mt,"Sorriso, MT",-12.5425,-55.7211,3.09,25.6,30.82,21.17,81.18,0.03,NASA_POWER
2026-01-16,sorriso_mt,"Sorriso, MT",-12.5425,-55.7211,0.35,25.27,30.09,21.85,80.97,0.03,NASA_POWER
2026-01-17,sorriso_mt,"Sorriso, MT",-12.5425,-55.7211,2.68,25.82,31.3,20.96,77.99,0.06,NASA_POWER
2026-01-18,sorriso_mt,"Sorriso, MT",-12.5425,-55.7211,1.05,26.47,32.71,21.16,74.71,0.08,NASA_POWER
2026-01-19,sorriso_mt,"Sorriso, MT",-12.5425,-55.7211,1.73,27.1,33.48,20.82,72.06,0.05,NASA_POWER
2026-01-20,sorriso_mt,"Sorriso, MT",-12.5425,-55.7211,28.41,25.52,30.24,22.24,85.88,0.08,NASA_POWER
2026-01-21,sorriso_mt,"Sorriso, MT",-12.5425,-55.7211,12.16,24.01,27.16,22.2,92.14,0.03,NASA_POWER
2026-01-22,sorriso_mt,"Sorriso, MT",-12.5425,-55.7211,3.35,24.67,28.54,21.47,88.0,0.06,NASA_POWER
2026-01-23,sorriso_mt,"Sorriso, MT",-12.5425,-55.7211,1.07,25.21,29.57,21.31,85.55,0.06,NASA_POWER
2026-01-24,sorriso_mt,"Sorriso, MT",-12.5425,-55.7211,8.66,25.42,29.54,22.59,88.62,0.05,NASA_POWER
2026-01-25,sorriso_mt,"Sorriso, MT",-12.5425,-55.7211,8.87,24.98,28.5,22.74,91.52,0.05,NASA_POWER
2026-01-26,sorriso_mt,"Sorriso, MT",-12.5425,-55.7211,0.66,24.51,27.51,22.01,90.55,0.15,NASA_POWER
2026-01-27,sorriso_mt,"Sorriso, MT",-12.5425,-55.7211,11.26,25.76,30.2,21.71,85.41,0.21,NASA_POWER
2026-01-28,sorriso_mt,"Sorriso, MT",-12.5425,-55.7211,4.24,25.11,27.93,22.91,88.32,0.12,NASA_POWER
2026-01-29,sorriso_mt,"Sorriso, MT",-12.5425,-55.7211,0.03,25.02,29.37,21.86,84.55,0.06,NASA_POWER
2026-01-30,sorriso_mt,"Sorriso, MT",-12.5425,-55.7211,7.39,25.74,30.84,21.02,82.7,0.05,NASA_POWER
2026-01-31,sorriso_mt,"Sorriso, MT",-12.5425,-55.7211,8.44,25.97,30.16,22.19,87.38,0.03,NASA_POWER
2026-02-01,sorriso_mt,"Sorriso, MT",-12.5425,-55.7211,3.55,25.58,28.94,22.62,86.47,0.1,NASA_POWER
2026-02-02,sorriso_mt,"Sorriso, MT",-12.5425,-55.7211,42.45,24.95,27.9,22.6,92.67,0.05,NASA_POWER
2026-02-03,sorriso_mt,"Sorriso, MT",-12.5425,-55.7211,8.84,24.02,26.67,22.22,92.54,0.02,NASA_POWER
2026-02-04,sorriso_mt,"Sorriso, MT",-12.5425,-55.7211,1.68,24.43,28.24,21.72,88.33,0.11,NASA_POWER
2026-02-05,sorriso_mt,"Sorriso, MT",-12.5425,-55.7211,0.38,25.0,28.79,21.56,88.56,0.11,NASA_POWER
2026-02-06,sorriso_mt,"Sorriso, MT",-12.5425,-55.7211,32.12,24.76,27.63,22.23,89.39,0.07,NASA_POWER
2026-02-07,sorriso_mt,"Sorriso, MT",-12.5425,-55.7211,9.28,23.9,26.58,22.09,93.51,0.02,NASA_POWER
2026-02-08,sorriso_mt,"Sorriso, MT",-12.5425,-55.7211,8.17,24.72,28.23,21.56,92.32,0.03,NASA_POWER
2026-02-09,sorriso_mt,"Sorriso, MT",-12.5425,-55.7211,21.83,23.28,25.03,21.82,96.37,0.03,NASA_POWER
2026-02-10,sorriso_mt,"Sorriso, MT",-12.5425,-55.7211,17.66,23.46,26.64,20.9,92.16,0.04,NASA_POWER
2026-02-11,sorriso_mt,"Sorriso, MT",-12.5425,-55.7211,7.57,22.83,25.33,20.91,94.84,0.03,NASA_POWER
2026-02-12,sorriso_mt,"Sorriso, MT",-12.5425,-55.7211,12.24,23.04,25.36,21.25,95.68,0.16,NASA_POWER
2026-02-13,sorriso_mt,"Sorriso, MT",-12.5425,-55.7211,1.97,23.87,27.69,21.03,87.17,0.19,NASA_POWER
2026-02-14,sorriso_mt,"Sorriso, MT",-12.5425,-55.7211,5.25,25.17,29.14,21.05,86.49,0.24,NASA_POWER
2026-02-15,sorriso_mt,"Sorriso, MT",-12.5425,-55.7211,3.74,26.01,29.51,23.29,89.55,0.12,NASA_POWER
2026-02-16,sorriso_mt,"Sorriso, MT",-12.5425,-55.7211,2.98,25.03,28.23,22.24,89.83,0.14,NASA_POWER
2026-02-17,sorriso_mt,"Sorriso, MT",-12.5425,-55.7211,2.53,24.77,27.75,22.02,89.7,0.18,NASA_POWER
2026-02-18,sorriso_mt,"Sorriso, MT",-12.5425,-55.7211,0.37,24.56,28.95,20.86,84.47,0.26,NASA_POWER
2026-02-19,sorriso_mt,"Sorriso, MT",-12.5425,-55.7211,14.84,24.95,29.26,20.19,86.84,0.17,NASA_POWER
2026-02-20,sorriso_mt,"Sorriso, MT",-12.5425,-55.7211,3.23,24.73,28.4,22.33,90.67,0.06,NASA_POWER
2026-02-21,sorriso_mt,"Sorriso, MT",-12.5425,-55.7211,0.17,25.36,29.14,21.39,87.01,0.03,NASA_POWER
2026-02-22,sorriso_mt,"Sorriso, MT",-12.5425,-55.7211,4.11,24.45,26.67,22.79,91.45,0.07,NASA_POWER
2026-02-23,sorriso_mt,"Sorriso, MT",-12.5425,-55.7211,10.03,24.45,27.55,22.04,91.81,0.05,NASA_POWER
2026-02-24,sorriso_mt,"Sorriso, MT",-12.5425,-55.7211,20.94,23.73,25.89,22.24,96.01,0.13,NASA_POWER
2026-02-25,sorriso_mt,"Sorriso, MT",-12.5425,-55.7211,5.63,24.66,28.45,21.84,91.15,0.2,NASA_POWER
2026-02-26,sorriso_mt,"Sorriso, MT",-12.5425,-55.7211,5.79,24.42,27.9,22.79,94.32,0.03,NASA_POWER
2026-02-27,sorriso_mt,"Sorriso, MT",-12.5425,-55.7211,4.14,24.83,28.01,22.26,92.78,0.03,NASA_POWER
2026-02-28,sorriso_mt,"Sorriso, MT",-12.5425,-55.7211,3.08,23.77,25.86,22.09,95.4,0.08,NASA_POWER
2026-03-01,sorriso_mt,"Sorriso, MT",-12.5425,-55.7211,0.81,25.48,29.0,21.97,88.03,0.1,NASA_POWER
2026-03-02,sorriso_mt,"Sorriso, MT",-12.5425,-55.7211,4.31,25.2,28.4,22.33,90.43,0.14,NASA_POWER
2026-03-03,sorriso_mt,"Sorriso, MT",-12.5425,-55.7211,14.8,25.0,28.3,21.99,92.14,0.03,NASA_POWER
2026-03-04,sorriso_mt,"Sorriso, MT",-12.5425,-55.7211,2.16,24.67,27.81,22.64,92.17,0.09,NASA_POWER
2026-03-05,sorriso_mt,"Sorriso, MT",-12.5425,-55.7211,4.22,25.09,29.39,21.8,88.12,0.13,NASA_POWER
2026-03-06,sorriso_mt,"Sorriso, MT",-12.5425,-55.7211,5.76,25.33,29.04,21.68,88.34,0.19,NASA_POWER
2026-03-07,sorriso_mt,"Sorriso, MT",-12.5425,-55.7211,15.33,23.37,25.15,22.18,96.76,0.05,NASA_POWER
2026-03-08,sorriso_mt,"Sorriso, MT",-12.5425,-55.7211,22.91,24.26,28.76,20.86,90.53,0.07,NASA_POWER
2026-03-09,sorriso_mt,"Sorriso, MT",-12.5425,-55.7211,7.96,23.83,26.91,21.76,92.05,0.07,NASA_POWER
2026-03-10,sorriso_mt,"Sorriso, MT",-12.5425,-55.7211,0.13,24.96,29.42,20.81,85.23,0.1,NASA_POWER
2026-03-11,sorriso_mt,"Sorriso, MT",-12.5425,-55.7211,1.05,25.96,30.3,21.32,88.27,0.11,NASA_POWER
2026-03-12,sorriso_mt,"Sorriso, MT",-12.5425,-55.7211,5.89,25.74,28.77,23.42,89.79,0.09,NASA_POWER
2026-03-13,sorriso_mt,"Sorriso, MT",-12.5425,-55.7211,2.94,24.44,27.07,22.68,92.73,0.17,NASA_POWER
2026-03-14,sorriso_mt,"Sorriso, MT",-12.5425,-55.7211,5.76,24.2,27.03,21.82,93.67,0.12,NASA_POWER
2026-03-15,sorriso_mt,"Sorriso, MT",-12.5425,-55.7211,7.69,24.6,28.12,21.71,92.46,0.05,NASA_POWER
2026-03-16,sorriso_mt,"Sorriso, MT",-12.5425,-55.7211,1.39,25.15,28.63,22.65,89.89,0.03,NASA_POWER
2026-03-17,sorriso_mt,"Sorriso, MT",-12.5425,-55.7211,12.94,24.66,28.11,22.56,93.37,0.06,NASA_POWER
2026-03-18,sorriso_mt,"Sorriso, MT",-12.5425,-55.7211,13.02,24.86,28.15,22.63,88.72,0.25,NASA_POWER
2026-03-19,sorriso_mt,"Sorriso, MT",-12.5425,-55.7211,10.76,24.56,28.21,21.62,91.7,0.08,NASA_POWER
2026-03-20,sorriso_mt,"Sorriso, MT",-12.5425,-55.7211,3.79,24.07,26.56,22.35,93.48,0.05,NASA_POWER
2026-03-21,sorriso_mt,"Sorriso, MT",-12.5425,-55.7211,3.45,24.87,28.88,21.48,89.69,0.05,NASA_POWER
2026-03-22,sorriso_mt,"Sorriso, MT",-12.5425,-55.7211,1.56,25.51,29.11,22.64,88.49,0.08,NASA_POWER
2026-03-23,sorriso_mt,"Sorriso, MT",-12.5425,-55.7211,2.94,25.75,29.59,22.45,89.47,0.06,NASA_POWER
2026-03-24,sorriso_mt,"Sorriso, MT",-12.5425,-55.7211,7.4,25.08,28.55,22.9,89.6,0.06,NASA_POWER
2026-03-25,sorriso_mt,"Sorriso, MT",-12.5425,-55.7211,3.42,24.15,27.12,21.91,91.52,0.03,NASA_POWER
2026-03-26,sorriso_mt,"Sorriso, MT",-12.5425,-55.7211,10.71,23.29,25.66,21.54,94.21,0.03,NASA_POWER
2026-03-27,sorriso_mt,"Sorriso, MT",-12.5425,-55.7211,11.92,23.15,26.09,21.09,93.19,0.03,NASA_POWER
2026-03-28,sorriso_mt,"Sorriso, MT",-12.5425,-55.7211,5.52,24.25,28.52,20.52,91.07,0.08,NASA_POWER
2026-03-29,sorriso_mt,"Sorriso, MT",-12.5425,-55.7211,1.11,25.05,29.32,21.26,88.18,0.03,NASA_POWER
2026-03-30,sorriso_mt,"Sorriso, MT",-12.5425,-55.7211,0.08,25.12,29.33,21.07,84.85,0.07,NASA_POWER
2026-03-31,sorriso_mt,"Sorriso, MT",-12.5425,-55.7211,3.1,24.74,28.96,20.43,86.97,0.12,NASA_POWER
2026-04-01,sorriso_mt,"Sorriso, MT",-12.5425,-55.7211,2.87,25.09,29.22,21.45,90.09,0.04,NASA_POWER
2026-04-02,sorriso_mt,"Sorriso, MT",-12.5425,-55.7211,2.03,23.66,26.87,21.82,91.72,0.04,NASA_POWER
2026-04-03,sorriso_mt,"Sorriso, MT",-12.5425,-55.7211,1.19,24.61,28.67,21.08,88.63,0.04,NASA_POWER
2026-04-04,sorriso_mt,"Sorriso, MT",-12.5425,-55.7211,3.16,24.73,28.09,21.93,90.92,0.05,NASA_POWER
2026-04-05,sorriso_mt,"Sorriso, MT",-12.5425,-55.7211,2.25,24.51,27.71,22.09,91.42,0.15,NASA_POWER
2026-04-06,sorriso_mt,"Sorriso, MT",-12.5425,-55.7211,3.5,24.77,28.6,21.48,90.73,0.06,NASA_POWER
2026-04-07,sorriso_mt,"Sorriso, MT",-12.5425,-55.7211,0.27,25.34,29.23,22.38,89.99,0.04,NASA_POWER
