date,usd_brl,fx_source
2006-04-03,2.1542,BCB_PTAX
2006-04-04,2.1293,BCB_PTAX
2006-04-05,2.1344,BCB_PTAX
2006-04-06,2.1299,BCB_PTAX
2006-04-07,2.1409,BCB_PTAX
2006-04-10,2.1522,BCB_PTAX
2006-04-11,2.142,BCB_PTAX
2006-04-12,2.1336,BCB_PTAX
2006-04-13,2.1426,BCB_PTAX
2006-04-17,2.1343,BCB_PTAX
2006-04-18,2.1292,BCB_PTAX
2006-04-19,2.1143,BCB_PTAX
2006-04-20,2.1236,BCB_PTAX
2006-04-24,2.1182,BCB_PTAX
2006-04-25,2.1233,BCB_PTAX
2006-04-26,2.1224,BCB_PTAX
2006-04-27,2.1136,BCB_PTAX
2006-04-28,2.0892,BCB_PTAX
2006-05-02,2.0718,BCB_PTAX
2006-05-03,2.0706,BCB_PTAX
2006-05-04,2.0667,BCB_PTAX
2006-05-05,2.0587,BCB_PTAX
2006-05-08,2.0651,BCB_PTAX
2006-05-09,2.0642,BCB_PTAX
2006-05-10,2.0586,BCB_PTAX
2006-05-11,2.0881,BCB_PTAX
2006-05-12,2.1307,BCB_PTAX
2006-05-15,2.1774,BCB_PTAX
2006-05-16,2.1403,BCB_PTAX
2006-05-17,2.1826,BCB_PTAX
2006-05-18,2.1833,BCB_PTAX
2006-05-19,2.193,BCB_PTAX
2006-05-22,2.2883,BCB_PTAX
2006-05-23,2.2601,BCB_PTAX
2006-05-24,2.3711,BCB_PTAX
2006-05-25,2.315,BCB_PTAX
2006-05-26,2.252,BCB_PTAX
2006-05-29,2.2566,BCB_PTAX
2006-05-30,2.3235,BCB_PTAX
2006-05-31,2.3005,BCB_PTAX
2006-06-01,2.2713,BCB_PTAX
2006-06-02,2.2595,BCB_PTAX
2006-06-05,2.2557,BCB_PTAX
2006-06-06,2.2686,BCB_PTAX
2006-06-07,2.25,BCB_PTAX
2006-06-08,2.2701,BCB_PTAX
2006-06-09,2.2615,BCB_PTAX
2006-06-12,2.2707,BCB_PTAX
2006-06-13,2.3018,BCB_PTAX
2006-06-14,2.2845,BCB_PTAX
2006-06-16,2.2521,BCB_PTAX
2006-06-19,2.2404,BCB_PTAX
2006-06-20,2.2506,BCB_PTAX
2006-06-21,2.2378,BCB_PTAX
2006-06-22,2.2391,BCB_PTAX
2006-06-23,2.2462,BCB_PTAX
2006-06-26,2.2259,BCB_PTAX
2006-06-27,2.2315,BCB_PTAX
2006-06-28,2.2262,BCB_PTAX
2006-06-29,2.2063,BCB_PTAX
2006-06-30,2.1643,BCB_PTAX
2006-07-03,2.1701,BCB_PTAX
2006-07-04,2.1646,BCB_PTAX
2006-07-05,2.1955,BCB_PTAX
2006-07-06,2.184,BCB_PTAX
2006-07-07,2.1765,BCB_PTAX
2006-07-10,2.175,BCB_PTAX
2006-07-11,2.1859,BCB_PTAX
2006-07-12,2.1915,BCB_PTAX
2006-07-13,2.2106,BCB_PTAX
2006-07-14,2.213,BCB_PTAX
2006-07-17,2.2126,BCB_PTAX
2006-07-18,2.1962,BCB_PTAX
2006-07-19,2.181,BCB_PTAX
2006-07-20,2.1895,BCB_PTAX
2006-07-21,2.1935,BCB_PTAX
2006-07-24,2.1916,BCB_PTAX
2006-07-25,2.1993,BCB_PTAX
2006-07-26,2.1984,BCB_PTAX
2006-07-27,2.1899,BCB_PTAX
2006-07-28,2.18,BCB_PTAX
2006-07-31,2.1762,BCB_PTAX
2006-08-01,2.1905,BCB_PTAX
2006-08-02,2.1821,BCB_PTAX
2006-08-03,2.1835,BCB_PTAX
2006-08-04,2.172,BCB_PTAX
2006-08-07,2.1793,BCB_PTAX
2006-08-08,2.1839,BCB_PTAX
2006-08-09,2.1687,BCB_PTAX
2006-08-10,2.1628,BCB_PTAX
2006-08-11,2.1616,BCB_PTAX
2006-08-14,2.1605,BCB_PTAX
2006-08-15,2.148,BCB_PTAX
2006-08-16,2.1329,BCB_PTAX
2006-08-17,2.1365,BCB_PTAX
2006-08-18,2.1456,BCB_PTAX
2006-08-21,2.1361,BCB_PTAX
2006-08-22,2.1355,BCB_PTAX
2006-08-23,2.1354,BCB_PTAX
2006-08-24,2.1523,BCB_PTAX
2006-08-25,2.1571,BCB_PTAX
2006-08-28,2.1473,BCB_PTAX
2006-08-29,2.1419,BCB_PTAX
2006-08-30,2.133,BCB_PTAX
2006-08-31,2.1388,BCB_PTAX
2006-09-01,2.1468,BCB_PTAX
2006-09-04,2.1282,BCB_PTAX
2006-09-05,2.1288,BCB_PTAX
2006-09-06,2.1443,BCB_PTAX
2006-09-08,2.1582,BCB_PTAX
2006-09-11,2.1751,BCB_PTAX
2006-09-12,2.1732,BCB_PTAX
2006-09-13,2.17,BCB_PTAX
2006-09-14,2.1593,BCB_PTAX
2006-09-15,2.154,BCB_PTAX
2006-09-18,2.1453,BCB_PTAX
2006-09-19,2.1518,BCB_PTAX
2006-09-20,2.169,BCB_PTAX
2006-09-21,2.1969,BCB_PTAX
2006-09-22,2.2177,BCB_PTAX
2006-09-25,2.2188,BCB_PTAX
2006-09-26,2.198,BCB_PTAX
2006-09-27,2.186,BCB_PTAX
2006-09-28,2.1793,BCB_PTAX
2006-09-29,2.1742,BCB_PTAX
2006-10-02,2.1623,BCB_PTAX
2006-10-03,2.1655,BCB_PTAX
2006-10-04,2.1676,BCB_PTAX
2006-10-05,2.1629,BCB_PTAX
2006-10-06,2.1636,BCB_PTAX
2006-10-09,2.1588,BCB_PTAX
2006-10-10,2.1497,BCB_PTAX
2006-10-11,2.1546,BCB_PTAX
2006-10-13,2.1419,BCB_PTAX
2006-10-16,2.1331,BCB_PTAX
2006-10-17,2.1361,BCB_PTAX
2006-10-18,2.1339,BCB_PTAX
2006-10-19,2.1387,BCB_PTAX
2006-10-20,2.1457,BCB_PTAX
2006-10-23,2.1391,BCB_PTAX
2006-10-24,2.1467,BCB_PTAX
2006-10-25,2.151,BCB_PTAX
2006-10-26,2.1363,BCB_PTAX
2006-10-27,2.1378,BCB_PTAX
2006-10-30,2.1456,BCB_PTAX
2006-10-31,2.143,BCB_PTAX
2006-11-01,2.141,BCB_PTAX
2006-11-03,2.142,BCB_PTAX
2006-11-06,2.1378,BCB_PTAX
2006-11-07,2.1353,BCB_PTAX
2006-11-08,2.1464,BCB_PTAX
2006-11-09,2.1412,BCB_PTAX
2006-11-10,2.1489,BCB_PTAX
2006-11-13,2.162,BCB_PTAX
2006-11-14,2.1537,BCB_PTAX
2006-11-16,2.1517,BCB_PTAX
2006-11-17,2.1593,BCB_PTAX
2006-11-20,2.1622,BCB_PTAX
2006-11-21,2.1638,BCB_PTAX
2006-11-22,2.1623,BCB_PTAX
2006-11-23,2.1683,BCB_PTAX
2006-11-24,2.17,BCB_PTAX
2006-11-27,2.18,BCB_PTAX
2006-11-28,2.187,BCB_PTAX
2006-11-29,2.1783,BCB_PTAX
2006-11-30,2.1668,BCB_PTAX
2006-12-01,2.1672,BCB_PTAX
2006-12-04,2.1693,BCB_PTAX
2006-12-05,2.156,BCB_PTAX
2006-12-06,2.1528,BCB_PTAX
2006-12-07,2.1428,BCB_PTAX
2006-12-08,2.1442,BCB_PTAX
2006-12-11,2.1384,BCB_PTAX
2006-12-12,2.1481,BCB_PTAX
2006-12-13,2.1459,BCB_PTAX
2006-12-14,2.146,BCB_PTAX
2006-12-15,2.147,BCB_PTAX
2006-12-18,2.147,BCB_PTAX
2006-12-19,2.1572,BCB_PTAX
2006-12-20,2.156,BCB_PTAX
2006-12-21,2.1593,BCB_PTAX
2006-12-22,2.1518,BCB_PTAX
2006-12-26,2.1437,BCB_PTAX
2006-12-27,2.1497,BCB_PTAX
2006-12-28,2.138,BCB_PTAX
2006-12-29,2.138,BCB_PTAX
2007-01-02,2.1342,BCB_PTAX
2007-01-03,2.1372,BCB_PTAX
2007-01-04,2.1429,BCB_PTAX
2007-01-05,2.1474,BCB_PTAX
2007-01-08,2.1505,BCB_PTAX
2007-01-09,2.1506,BCB_PTAX
2007-01-10,2.1556,BCB_PTAX
2007-01-11,2.1465,BCB_PTAX
2007-01-12,2.1421,BCB_PTAX
2007-01-15,2.1407,BCB_PTAX
2007-01-16,2.1444,BCB_PTAX
2007-01-17,2.135,BCB_PTAX
2007-01-18,2.1329,BCB_PTAX
2007-01-19,2.1307,BCB_PTAX
2007-01-22,2.1327,BCB_PTAX
2007-01-23,2.1368,BCB_PTAX
2007-01-24,2.1286,BCB_PTAX
2007-01-25,2.1281,BCB_PTAX
2007-01-26,2.136,BCB_PTAX
2007-01-29,2.136,BCB_PTAX
2007-01-30,2.1329,BCB_PTAX
2007-01-31,2.1247,BCB_PTAX
2007-02-01,2.1093,BCB_PTAX
2007-02-02,2.0982,BCB_PTAX
2007-02-05,2.0964,BCB_PTAX
2007-02-06,2.0833,BCB_PTAX
2007-02-07,2.0852,BCB_PTAX
2007-02-08,2.0951,BCB_PTAX
2007-02-09,2.1033,BCB_PTAX
2007-02-12,2.114,BCB_PTAX
2007-02-13,2.1088,BCB_PTAX
2007-02-14,2.1,BCB_PTAX
2007-02-15,2.0896,BCB_PTAX
2007-02-16,2.0913,BCB_PTAX
2007-02-21,2.0802,BCB_PTAX
2007-02-22,2.0766,BCB_PTAX
2007-02-23,2.0868,BCB_PTAX
2007-02-26,2.0863,BCB_PTAX
2007-02-27,2.1099,BCB_PTAX
2007-02-28,2.1182,BCB_PTAX
2007-03-01,2.126,BCB_PTAX
2007-03-02,2.1274,BCB_PTAX
2007-03-05,2.1388,BCB_PTAX
2007-03-06,2.1209,BCB_PTAX
2007-03-07,2.1121,BCB_PTAX
2007-03-08,2.1054,BCB_PTAX
2007-03-09,2.0983,BCB_PTAX
2007-03-12,2.0902,BCB_PTAX
2007-03-13,2.0962,BCB_PTAX
2007-03-14,2.1044,BCB_PTAX
2007-03-15,2.0909,BCB_PTAX
2007-03-16,2.0915,BCB_PTAX
2007-03-19,2.0792,BCB_PTAX
2007-03-20,2.0763,BCB_PTAX
2007-03-21,2.0676,BCB_PTAX
2007-03-22,2.0602,BCB_PTAX
2007-03-23,2.0652,BCB_PTAX
2007-03-26,2.0601,BCB_PTAX
2007-03-27,2.0637,BCB_PTAX
2007-03-28,2.0716,BCB_PTAX
2007-03-29,2.0545,BCB_PTAX
2007-03-30,2.0504,BCB_PTAX
2007-04-02,2.0478,BCB_PTAX
2007-04-03,2.0372,BCB_PTAX
2007-04-04,2.0321,BCB_PTAX
2007-04-05,2.0333,BCB_PTAX
2007-04-09,2.0236,BCB_PTAX
2007-04-10,2.0282,BCB_PTAX
2007-04-11,2.0333,BCB_PTAX
2007-04-12,2.0371,BCB_PTAX
2007-04-13,2.0231,BCB_PTAX
2007-04-16,2.034,BCB_PTAX
2007-04-17,2.0348,BCB_PTAX
2007-04-18,2.0365,BCB_PTAX
2007-04-19,2.0312,BCB_PTAX
2007-04-20,2.0262,BCB_PTAX
2007-04-23,2.029,BCB_PTAX
2007-04-24,2.0385,BCB_PTAX
2007-04-25,2.0236,BCB_PTAX
2007-04-26,2.0252,BCB_PTAX
2007-04-27,2.0321,BCB_PTAX
2007-04-30,2.0339,BCB_PTAX
2007-05-02,2.0268,BCB_PTAX
2007-05-03,2.0239,BCB_PTAX
2007-05-04,2.0309,BCB_PTAX
2007-05-07,2.0266,BCB_PTAX
2007-05-08,2.0226,BCB_PTAX
2007-05-09,2.0222,BCB_PTAX
2007-05-10,2.0217,BCB_PTAX
2007-05-11,2.0194,BCB_PTAX
2007-05-14,2.0138,BCB_PTAX
2007-05-15,1.9922,BCB_PTAX
2007-05-16,1.9586,BCB_PTAX
2007-05-17,1.9573,BCB_PTAX
2007-05-18,1.963,BCB_PTAX
2007-05-21,1.9435,BCB_PTAX
2007-05-22,1.9409,BCB_PTAX
2007-05-23,1.9489,BCB_PTAX
2007-05-24,1.9653,BCB_PTAX
2007-05-25,1.952,BCB_PTAX
2007-05-28,1.9441,BCB_PTAX
2007-05-29,1.9461,BCB_PTAX
2007-05-30,1.9468,BCB_PTAX
2007-05-31,1.9289,BCB_PTAX
2007-06-01,1.9056,BCB_PTAX
2007-06-04,1.9215,BCB_PTAX
2007-06-05,1.9395,BCB_PTAX
2007-06-06,1.9617,BCB_PTAX
2007-06-08,1.9638,BCB_PTAX
2007-06-11,1.9473,BCB_PTAX
2007-06-12,1.942,BCB_PTAX
2007-06-13,1.9442,BCB_PTAX
2007-06-14,1.9303,BCB_PTAX
2007-06-15,1.9097,BCB_PTAX
2007-06-18,1.9047,BCB_PTAX
2007-06-19,1.9058,BCB_PTAX
2007-06-20,1.9198,BCB_PTAX
2007-06-21,1.9197,BCB_PTAX
2007-06-22,1.9334,BCB_PTAX
2007-06-25,1.9379,BCB_PTAX
2007-06-26,1.9488,BCB_PTAX
2007-06-27,1.9499,BCB_PTAX
2007-06-28,1.9256,BCB_PTAX
2007-06-29,1.9262,BCB_PTAX
2007-07-02,1.9176,BCB_PTAX
2007-07-03,1.9122,BCB_PTAX
2007-07-04,1.9099,BCB_PTAX
2007-07-05,1.9157,BCB_PTAX
2007-07-06,1.9033,BCB_PTAX
2007-07-09,1.8992,BCB_PTAX
2007-07-10,1.8947,BCB_PTAX
2007-07-11,1.89,BCB_PTAX
2007-07-12,1.8767,BCB_PTAX
2007-07-13,1.8684,BCB_PTAX
2007-07-16,1.8647,BCB_PTAX
2007-07-17,1.8621,BCB_PTAX
2007-07-18,1.8609,BCB_PTAX
2007-07-19,1.8536,BCB_PTAX
2007-07-20,1.8606,BCB_PTAX
2007-07-23,1.8448,BCB_PTAX
2007-07-24,1.8525,BCB_PTAX
2007-07-25,1.8643,BCB_PTAX
2007-07-26,1.9054,BCB_PTAX
2007-07-27,1.9069,BCB_PTAX
2007-07-30,1.8809,BCB_PTAX
2007-07-31,1.8776,BCB_PTAX
2007-08-01,1.8856,BCB_PTAX
2007-08-02,1.8729,BCB_PTAX
2007-08-03,1.8814,BCB_PTAX
2007-08-06,1.9106,BCB_PTAX
2007-08-07,1.9077,BCB_PTAX
2007-08-08,1.8866,BCB_PTAX
2007-08-09,1.9191,BCB_PTAX
2007-08-10,1.955,BCB_PTAX
2007-08-13,1.9411,BCB_PTAX
2007-08-14,1.9809,BCB_PTAX
2007-08-15,2.0043,BCB_PTAX
2007-08-16,2.1124,BCB_PTAX
2007-08-17,2.0376,BCB_PTAX
2007-08-20,2.028,BCB_PTAX
2007-08-21,2.0385,BCB_PTAX
2007-08-22,2.0173,BCB_PTAX
2007-08-23,1.9939,BCB_PTAX
2007-08-24,1.9855,BCB_PTAX
2007-08-27,1.9489,BCB_PTAX
2007-08-28,1.9849,BCB_PTAX
2007-08-29,1.9864,BCB_PTAX
2007-08-30,1.9777,BCB_PTAX
2007-08-31,1.962,BCB_PTAX
2007-09-03,1.9547,BCB_PTAX
2007-09-04,1.9528,BCB_PTAX
2007-09-05,1.964,BCB_PTAX
2007-09-06,1.9545,BCB_PTAX
2007-09-10,1.9591,BCB_PTAX
2007-09-11,1.9304,BCB_PTAX
2007-09-12,1.9125,BCB_PTAX
2007-09-13,1.8991,BCB_PTAX
2007-09-14,1.9031,BCB_PTAX
2007-09-17,1.9123,BCB_PTAX
2007-09-18,1.896,BCB_PTAX
2007-09-19,1.8639,BCB_PTAX
2007-09-20,1.8637,BCB_PTAX
2007-09-21,1.8618,BCB_PTAX
2007-09-24,1.8694,BCB_PTAX
2007-09-25,1.8656,BCB_PTAX
2007-09-26,1.8493,BCB_PTAX
2007-09-27,1.8409,BCB_PTAX
2007-09-28,1.8389,BCB_PTAX
2007-10-01,1.8225,BCB_PTAX
2007-10-02,1.8235,BCB_PTAX
2007-10-03,1.8274,BCB_PTAX
2007-10-04,1.8284,BCB_PTAX
2007-10-05,1.8092,BCB_PTAX
2007-10-08,1.8133,BCB_PTAX
2007-10-09,1.8108,BCB_PTAX
2007-10-10,1.8048,BCB_PTAX
2007-10-11,1.792,BCB_PTAX
2007-10-15,1.8078,BCB_PTAX
2007-10-16,1.8242,BCB_PTAX
2007-10-17,1.8138,BCB_PTAX
2007-10-18,1.8071,BCB_PTAX
2007-10-19,1.7964,BCB_PTAX
2007-10-22,1.8206,BCB_PTAX
2007-10-23,1.8007,BCB_PTAX
2007-10-24,1.7969,BCB_PTAX
2007-10-25,1.7896,BCB_PTAX
2007-10-26,1.7752,BCB_PTAX
2007-10-29,1.7595,BCB_PTAX
2007-10-30,1.7552,BCB_PTAX
2007-10-31,1.744,BCB_PTAX
2007-11-01,1.746,BCB_PTAX
2007-11-05,1.7556,BCB_PTAX
2007-11-06,1.7325,BCB_PTAX
2007-11-07,1.74,BCB_PTAX
2007-11-08,1.7354,BCB_PTAX
2007-11-09,1.749,BCB_PTAX
2007-11-12,1.774,BCB_PTAX
2007-11-13,1.7682,BCB_PTAX
2007-11-14,1.7378,BCB_PTAX
2007-11-16,1.7414,BCB_PTAX
2007-11-19,1.7593,BCB_PTAX
2007-11-20,1.7647,BCB_PTAX
2007-11-21,1.7866,BCB_PTAX
2007-11-22,1.7747,BCB_PTAX
2007-11-23,1.7962,BCB_PTAX
2007-11-26,1.811,BCB_PTAX
2007-11-27,1.8501,BCB_PTAX
2007-11-28,1.8018,BCB_PTAX
2007-11-29,1.7905,BCB_PTAX
2007-11-30,1.7837,BCB_PTAX
2007-12-03,1.7888,BCB_PTAX
2007-12-04,1.8233,BCB_PTAX
2007-12-05,1.7956,BCB_PTAX
2007-12-06,1.7873,BCB_PTAX
2007-12-07,1.7616,BCB_PTAX
2007-12-10,1.762,BCB_PTAX
2007-12-11,1.765,BCB_PTAX
2007-12-12,1.7624,BCB_PTAX
2007-12-13,1.7746,BCB_PTAX
2007-12-14,1.7959,BCB_PTAX
2007-12-17,1.8123,BCB_PTAX
2007-12-18,1.8091,BCB_PTAX
2007-12-19,1.8019,BCB_PTAX
2007-12-20,1.8032,BCB_PTAX
2007-12-21,1.7966,BCB_PTAX
2007-12-24,1.7909,BCB_PTAX
2007-12-26,1.7795,BCB_PTAX
2007-12-27,1.7671,BCB_PTAX
2007-12-28,1.7713,BCB_PTAX
2007-12-31,1.7713,BCB_PTAX
2008-01-02,1.7722,BCB_PTAX
2008-01-03,1.7569,BCB_PTAX
2008-01-04,1.7574,BCB_PTAX
2008-01-07,1.7675,BCB_PTAX
2008-01-08,1.7554,BCB_PTAX
2008-01-09,1.7691,BCB_PTAX
2008-01-10,1.7628,BCB_PTAX
2008-01-11,1.7536,BCB_PTAX
2008-01-14,1.7414,BCB_PTAX
2008-01-15,1.745,BCB_PTAX
2008-01-16,1.763,BCB_PTAX
2008-01-17,1.7687,BCB_PTAX
2008-01-18,1.785,BCB_PTAX
2008-01-21,1.8301,BCB_PTAX
2008-01-22,1.8041,BCB_PTAX
2008-01-23,1.8147,BCB_PTAX
2008-01-24,1.7883,BCB_PTAX
2008-01-25,1.7912,BCB_PTAX
2008-01-28,1.7906,BCB_PTAX
2008-01-29,1.7762,BCB_PTAX
2008-01-30,1.7802,BCB_PTAX
2008-01-31,1.7603,BCB_PTAX
2008-02-01,1.7451,BCB_PTAX
2008-02-06,1.7531,BCB_PTAX
2008-02-07,1.7627,BCB_PTAX
2008-02-08,1.7681,BCB_PTAX
2008-02-11,1.7601,BCB_PTAX
2008-02-12,1.7478,BCB_PTAX
2008-02-13,1.7459,BCB_PTAX
2008-02-14,1.7469,BCB_PTAX
2008-02-15,1.7541,BCB_PTAX
2008-02-18,1.7394,BCB_PTAX
2008-02-19,1.7329,BCB_PTAX
2008-02-20,1.7351,BCB_PTAX
2008-02-21,1.7104,BCB_PTAX
2008-02-22,1.704,BCB_PTAX
2008-02-25,1.7062,BCB_PTAX
2008-02-26,1.6882,BCB_PTAX
2008-02-27,1.6715,BCB_PTAX
2008-02-28,1.6723,BCB_PTAX
2008-02-29,1.6833,BCB_PTAX
2008-03-03,1.6816,BCB_PTAX
2008-03-04,1.673,BCB_PTAX
2008-03-05,1.67,BCB_PTAX
2008-03-06,1.672,BCB_PTAX
2008-03-07,1.6841,BCB_PTAX
2008-03-10,1.6996,BCB_PTAX
2008-03-11,1.6947,BCB_PTAX
2008-03-12,1.6796,BCB_PTAX
2008-03-13,1.6971,BCB_PTAX
2008-03-14,1.6947,BCB_PTAX
2008-03-17,1.7248,BCB_PTAX
2008-03-18,1.7007,BCB_PTAX
2008-03-19,1.7045,BCB_PTAX
2008-03-20,1.7424,BCB_PTAX
2008-03-24,1.7407,BCB_PTAX
2008-03-25,1.7341,BCB_PTAX
2008-03-26,1.7288,BCB_PTAX
2008-03-27,1.7345,BCB_PTAX
2008-03-28,1.7456,BCB_PTAX
2008-03-31,1.7491,BCB_PTAX
2008-04-01,1.7534,BCB_PTAX
2008-04-02,1.7273,BCB_PTAX
2008-04-03,1.7252,BCB_PTAX
2008-04-04,1.7117,BCB_PTAX
2008-04-07,1.699,BCB_PTAX
2008-04-08,1.7038,BCB_PTAX
2008-04-09,1.6878,BCB_PTAX
2008-04-10,1.6822,BCB_PTAX
2008-04-11,1.6876,BCB_PTAX
2008-04-14,1.6867,BCB_PTAX
2008-04-15,1.6822,BCB_PTAX
2008-04-16,1.6699,BCB_PTAX
2008-04-17,1.6588,BCB_PTAX
2008-04-18,1.6693,BCB_PTAX
2008-04-22,1.6575,BCB_PTAX
2008-04-23,1.6582,BCB_PTAX
2008-04-24,1.6687,BCB_PTAX
2008-04-25,1.6688,BCB_PTAX
2008-04-28,1.6764,BCB_PTAX
2008-04-29,1.7058,BCB_PTAX
2008-04-30,1.6872,BCB_PTAX
2008-05-02,1.6506,BCB_PTAX
2008-05-05,1.6578,BCB_PTAX
2008-05-06,1.6615,BCB_PTAX
2008-05-07,1.6741,BCB_PTAX
2008-05-08,1.6936,BCB_PTAX
2008-05-09,1.6949,BCB_PTAX
2008-05-12,1.6743,BCB_PTAX
2008-05-13,1.6583,BCB_PTAX
2008-05-14,1.6641,BCB_PTAX
2008-05-15,1.6601,BCB_PTAX
2008-05-16,1.6434,BCB_PTAX
2008-05-19,1.646,BCB_PTAX
2008-05-20,1.657,BCB_PTAX
2008-05-21,1.6492,BCB_PTAX
2008-05-23,1.6547,BCB_PTAX
2008-05-26,1.661,BCB_PTAX
2008-05-27,1.6681,BCB_PTAX
2008-05-28,1.663,BCB_PTAX
2008-05-29,1.6496,BCB_PTAX
2008-05-30,1.6294,BCB_PTAX
2008-06-02,1.632,BCB_PTAX
2008-06-03,1.6215,BCB_PTAX
2008-06-04,1.6307,BCB_PTAX
2008-06-05,1.6262,BCB_PTAX
2008-06-06,1.6282,BCB_PTAX
2008-06-09,1.6265,BCB_PTAX
2008-06-10,1.6392,BCB_PTAX
2008-06-11,1.6428,BCB_PTAX
2008-06-12,1.64,BCB_PTAX
2008-06-13,1.6368,BCB_PTAX
2008-06-16,1.6277,BCB_PTAX
2008-06-17,1.6127,BCB_PTAX
2008-06-18,1.6113,BCB_PTAX
2008-06-19,1.6051,BCB_PTAX
2008-06-20,1.6042,BCB_PTAX
2008-06-23,1.6117,BCB_PTAX
2008-06-24,1.6046,BCB_PTAX
2008-06-25,1.6001,BCB_PTAX
2008-06-26,1.5951,BCB_PTAX
2008-06-27,1.6077,BCB_PTAX
2008-06-30,1.5919,BCB_PTAX
2008-07-01,1.6061,BCB_PTAX
2008-07-02,1.5993,BCB_PTAX
2008-07-03,1.6089,BCB_PTAX
2008-07-04,1.61,BCB_PTAX
2008-07-07,1.6041,BCB_PTAX
2008-07-08,1.6027,BCB_PTAX
2008-07-09,1.6092,BCB_PTAX
2008-07-10,1.6147,BCB_PTAX
2008-07-11,1.6032,BCB_PTAX
2008-07-14,1.5942,BCB_PTAX
2008-07-15,1.591,BCB_PTAX
2008-07-16,1.596,BCB_PTAX
2008-07-17,1.5913,BCB_PTAX
2008-07-18,1.5938,BCB_PTAX
2008-07-21,1.5818,BCB_PTAX
2008-07-22,1.5811,BCB_PTAX
2008-07-23,1.5834,BCB_PTAX
2008-07-24,1.5781,BCB_PTAX
2008-07-25,1.5745,BCB_PTAX
2008-07-28,1.5754,BCB_PTAX
2008-07-29,1.573,BCB_PTAX
2008-07-30,1.5641,BCB_PTAX
2008-07-31,1.5666,BCB_PTAX
2008-08-01,1.5593,BCB_PTAX
2008-08-04,1.5659,BCB_PTAX
2008-08-05,1.5732,BCB_PTAX
2008-08-06,1.5782,BCB_PTAX
2008-08-07,1.5843,BCB_PTAX
2008-08-08,1.6136,BCB_PTAX
2008-08-11,1.6148,BCB_PTAX
2008-08-12,1.6161,BCB_PTAX
2008-08-13,1.6211,BCB_PTAX
2008-08-14,1.6204,BCB_PTAX
2008-08-15,1.6389,BCB_PTAX
2008-08-18,1.6349,BCB_PTAX
2008-08-19,1.6343,BCB_PTAX
2008-08-20,1.6207,BCB_PTAX
2008-08-21,1.6143,BCB_PTAX
2008-08-22,1.6217,BCB_PTAX
2008-08-25,1.6275,BCB_PTAX
2008-08-26,1.6375,BCB_PTAX
2008-08-27,1.6213,BCB_PTAX
2008-08-28,1.6262,BCB_PTAX
2008-08-29,1.6344,BCB_PTAX
2008-09-01,1.6447,BCB_PTAX
2008-09-02,1.6602,BCB_PTAX
2008-09-03,1.6728,BCB_PTAX
2008-09-04,1.701,BCB_PTAX
2008-09-05,1.7305,BCB_PTAX
2008-09-08,1.7282,BCB_PTAX
2008-09-09,1.7544,BCB_PTAX
2008-09-10,1.7858,BCB_PTAX
2008-09-11,1.8255,BCB_PTAX
2008-09-12,1.7912,BCB_PTAX
2008-09-15,1.8125,BCB_PTAX
2008-09-16,1.841,BCB_PTAX
2008-09-17,1.866,BCB_PTAX
2008-09-18,1.9159,BCB_PTAX
2008-09-19,1.8398,BCB_PTAX
2008-09-22,1.7989,BCB_PTAX
2008-09-23,1.8242,BCB_PTAX
2008-09-24,1.8445,BCB_PTAX
2008-09-25,1.8277,BCB_PTAX
2008-09-26,1.8555,BCB_PTAX
2008-09-29,1.9559,BCB_PTAX
2008-09-30,1.9143,BCB_PTAX
2008-10-01,1.9213,BCB_PTAX
2008-10-02,2.0081,BCB_PTAX
2008-10-03,2.054,BCB_PTAX
2008-10-06,2.1769,BCB_PTAX
2008-10-07,2.1883,BCB_PTAX
2008-10-08,2.3924,BCB_PTAX
2008-10-09,2.1818,BCB_PTAX
2008-10-10,2.288,BCB_PTAX
2008-10-13,2.1562,BCB_PTAX
2008-10-14,2.0789,BCB_PTAX
2008-10-15,2.1551,BCB_PTAX
2008-10-16,2.1854,BCB_PTAX
2008-10-17,2.102,BCB_PTAX
2008-10-20,2.1174,BCB_PTAX
2008-10-21,2.1941,BCB_PTAX
2008-10-22,2.365,BCB_PTAX
2008-10-23,2.3147,BCB_PTAX
2008-10-24,2.3112,BCB_PTAX
2008-10-27,2.2524,BCB_PTAX
2008-10-28,2.17,BCB_PTAX
2008-10-29,2.132,BCB_PTAX
2008-10-30,2.1151,BCB_PTAX
2008-10-31,2.1153,BCB_PTAX
2008-11-03,2.1818,BCB_PTAX
2008-11-04,2.1227,BCB_PTAX
2008-11-05,2.121,BCB_PTAX
2008-11-06,2.1593,BCB_PTAX
2008-11-07,2.1613,BCB_PTAX
2008-11-10,2.1335,BCB_PTAX
2008-11-11,2.201,BCB_PTAX
2008-11-12,2.2632,BCB_PTAX
2008-11-13,2.3314,BCB_PTAX
2008-11-14,2.28,BCB_PTAX
2008-11-17,2.294,BCB_PTAX
2008-11-18,2.2996,BCB_PTAX
2008-11-19,2.3766,BCB_PTAX
2008-11-20,2.3962,BCB_PTAX
2008-11-21,2.4277,BCB_PTAX
2008-11-24,2.35,BCB_PTAX
2008-11-25,2.3056,BCB_PTAX
2008-11-26,2.3221,BCB_PTAX
2008-11-27,2.2657,BCB_PTAX
2008-11-28,2.3331,BCB_PTAX
2008-12-01,2.3565,BCB_PTAX
2008-12-02,2.3457,BCB_PTAX
2008-12-03,2.4213,BCB_PTAX
2008-12-04,2.4905,BCB_PTAX
2008-12-05,2.5004,BCB_PTAX
2008-12-08,2.4689,BCB_PTAX
2008-12-09,2.4829,BCB_PTAX
2008-12-10,2.4683,BCB_PTAX
2008-12-11,2.3397,BCB_PTAX
2008-12-12,2.392,BCB_PTAX
2008-12-15,2.369,BCB_PTAX
2008-12-16,2.3783,BCB_PTAX
2008-12-17,2.3576,BCB_PTAX
2008-12-18,2.3572,BCB_PTAX
2008-12-19,2.3859,BCB_PTAX
2008-12-22,2.374,BCB_PTAX
2008-12-23,2.3829,BCB_PTAX
2008-12-24,2.3751,BCB_PTAX
2008-12-26,2.3613,BCB_PTAX
2008-12-29,2.3956,BCB_PTAX
2008-12-30,2.337,BCB_PTAX
2008-12-31,2.337,BCB_PTAX
2009-01-02,2.3298,BCB_PTAX
2009-01-05,2.278,BCB_PTAX
2009-01-06,2.1889,BCB_PTAX
2009-01-07,2.2174,BCB_PTAX
2009-01-08,2.2683,BCB_PTAX
2009-01-09,2.2867,BCB_PTAX
2009-01-12,2.2969,BCB_PTAX
2009-01-13,2.3083,BCB_PTAX
2009-01-14,2.3341,BCB_PTAX
2009-01-15,2.3803,BCB_PTAX
2009-01-16,2.3248,BCB_PTAX
2009-01-19,2.3306,BCB_PTAX
2009-01-20,2.3548,BCB_PTAX
2009-01-21,2.3544,BCB_PTAX
2009-01-22,2.3299,BCB_PTAX
2009-01-23,2.3568,BCB_PTAX
2009-01-26,2.3149,BCB_PTAX
2009-01-27,2.3109,BCB_PTAX
2009-01-28,2.2982,BCB_PTAX
2009-01-29,2.2761,BCB_PTAX
2009-01-30,2.3162,BCB_PTAX
2009-02-02,2.3475,BCB_PTAX
2009-02-03,2.3144,BCB_PTAX
2009-02-04,2.2994,BCB_PTAX
2009-02-05,2.3065,BCB_PTAX
2009-02-06,2.2658,BCB_PTAX
2009-02-09,2.2446,BCB_PTAX
2009-02-10,2.2528,BCB_PTAX
2009-02-11,2.287,BCB_PTAX
2009-02-12,2.2909,BCB_PTAX
2009-02-13,2.268,BCB_PTAX
2009-02-16,2.2719,BCB_PTAX
2009-02-17,2.3131,BCB_PTAX
2009-02-18,2.3396,BCB_PTAX
2009-02-19,2.3249,BCB_PTAX
2009-02-20,2.3916,BCB_PTAX
2009-02-25,2.3814,BCB_PTAX
2009-02-26,2.3503,BCB_PTAX
2009-02-27,2.3784,BCB_PTAX
2009-03-02,2.4121,BCB_PTAX
2009-03-03,2.4218,BCB_PTAX
2009-03-04,2.3917,BCB_PTAX
2009-03-05,2.3822,BCB_PTAX
2009-03-06,2.3768,BCB_PTAX
2009-03-09,2.3781,BCB_PTAX
2009-03-10,2.3515,BCB_PTAX
2009-03-11,2.3366,BCB_PTAX
2009-03-12,2.3158,BCB_PTAX
2009-03-13,2.3012,BCB_PTAX
2009-03-16,2.2705,BCB_PTAX
2009-03-17,2.2833,BCB_PTAX
2009-03-18,2.2806,BCB_PTAX
2009-03-19,2.2379,BCB_PTAX
2009-03-20,2.2567,BCB_PTAX
2009-03-23,2.2505,BCB_PTAX
2009-03-24,2.2567,BCB_PTAX
2009-03-25,2.2435,BCB_PTAX
2009-03-26,2.2375,BCB_PTAX
2009-03-27,2.2745,BCB_PTAX
2009-03-30,2.3297,BCB_PTAX
2009-03-31,2.3152,BCB_PTAX
2009-04-01,2.2899,BCB_PTAX
2009-04-02,2.2355,BCB_PTAX
2009-04-03,2.2072,BCB_PTAX
2009-04-06,2.2252,BCB_PTAX
2009-04-07,2.2249,BCB_PTAX
2009-04-08,2.2014,BCB_PTAX
2009-04-09,2.1766,BCB_PTAX
2009-04-13,2.1699,BCB_PTAX
2009-04-14,2.1876,BCB_PTAX
2009-04-15,2.1992,BCB_PTAX
2009-04-16,2.1791,BCB_PTAX
2009-04-17,2.1864,BCB_PTAX
2009-04-20,2.235,BCB_PTAX
2009-04-22,2.2128,BCB_PTAX
2009-04-23,2.2107,BCB_PTAX
2009-04-24,2.1933,BCB_PTAX
2009-04-27,2.2165,BCB_PTAX
2009-04-28,2.2037,BCB_PTAX
2009-04-29,2.1838,BCB_PTAX
2009-04-30,2.1783,BCB_PTAX
2009-05-04,2.1369,BCB_PTAX
2009-05-05,2.1476,BCB_PTAX
2009-05-06,2.1213,BCB_PTAX
2009-05-07,2.0984,BCB_PTAX
2009-05-08,2.075,BCB_PTAX
2009-05-11,2.0579,BCB_PTAX
2009-05-12,2.0649,BCB_PTAX
2009-05-13,2.0992,BCB_PTAX
2009-05-14,2.0929,BCB_PTAX
2009-05-15,2.0762,BCB_PTAX
2009-05-18,2.0784,BCB_PTAX
2009-05-19,2.0488,BCB_PTAX
2009-05-20,2.0199,BCB_PTAX
2009-05-21,2.0264,BCB_PTAX
2009-05-22,2.0279,BCB_PTAX
2009-05-25,2.0234,BCB_PTAX
2009-05-26,2.0261,BCB_PTAX
2009-05-27,2.0095,BCB_PTAX
2009-05-28,2.0144,BCB_PTAX
2009-05-29,1.973,BCB_PTAX
2009-06-01,1.944,BCB_PTAX
2009-06-02,1.937,BCB_PTAX
2009-06-03,1.96,BCB_PTAX
2009-06-04,1.9497,BCB_PTAX
2009-06-05,1.9534,BCB_PTAX
2009-06-08,1.9704,BCB_PTAX
2009-06-09,1.9385,BCB_PTAX
2009-06-10,1.9474,BCB_PTAX
2009-06-12,1.9301,BCB_PTAX
2009-06-15,1.9458,BCB_PTAX
2009-06-16,1.9461,BCB_PTAX
2009-06-17,1.9784,BCB_PTAX
2009-06-18,1.9709,BCB_PTAX
2009-06-19,1.9592,BCB_PTAX
2009-06-22,2.0074,BCB_PTAX
2009-06-23,2.0019,BCB_PTAX
2009-06-24,1.9724,BCB_PTAX
2009-06-25,1.9562,BCB_PTAX
2009-06-26,1.9396,BCB_PTAX
2009-06-29,1.9487,BCB_PTAX
2009-06-30,1.9516,BCB_PTAX
2009-07-01,1.9342,BCB_PTAX
2009-07-02,1.9469,BCB_PTAX
2009-07-03,1.9474,BCB_PTAX
2009-07-06,1.9711,BCB_PTAX
2009-07-07,1.9641,BCB_PTAX
2009-07-08,1.9982,BCB_PTAX
2009-07-09,1.9921,BCB_PTAX
2009-07-10,2.0147,BCB_PTAX
2009-07-13,1.9895,BCB_PTAX
2009-07-14,1.9704,BCB_PTAX
2009-07-15,1.942,BCB_PTAX
2009-07-16,1.934,BCB_PTAX
2009-07-17,1.929,BCB_PTAX
2009-07-20,1.9068,BCB_PTAX
2009-07-21,1.9043,BCB_PTAX
2009-07-22,1.9029,BCB_PTAX
2009-07-23,1.8922,BCB_PTAX
2009-07-24,1.896,BCB_PTAX
2009-07-27,1.8837,BCB_PTAX
2009-07-28,1.8819,BCB_PTAX
2009-07-29,1.8982,BCB_PTAX
2009-07-30,1.8811,BCB_PTAX
2009-07-31,1.8726,BCB_PTAX
2009-08-03,1.8369,BCB_PTAX
2009-08-04,1.8272,BCB_PTAX
2009-08-05,1.8181,BCB_PTAX
2009-08-06,1.8348,BCB_PTAX
2009-08-07,1.8232,BCB_PTAX
2009-08-10,1.8412,BCB_PTAX
2009-08-11,1.8457,BCB_PTAX
2009-08-12,1.8386,BCB_PTAX
2009-08-13,1.8325,BCB_PTAX
2009-08-14,1.8385,BCB_PTAX
2009-08-17,1.8682,BCB_PTAX
2009-08-18,1.8574,BCB_PTAX
2009-08-19,1.8433,BCB_PTAX
2009-08-20,1.8434,BCB_PTAX
2009-08-21,1.8297,BCB_PTAX
2009-08-24,1.8339,BCB_PTAX
2009-08-25,1.8419,BCB_PTAX
2009-08-26,1.867,BCB_PTAX
2009-08-27,1.8669,BCB_PTAX
2009-08-28,1.874,BCB_PTAX
2009-08-31,1.8864,BCB_PTAX
2009-09-01,1.8829,BCB_PTAX
2009-09-02,1.9038,BCB_PTAX
2009-09-03,1.8702,BCB_PTAX
2009-09-04,1.8501,BCB_PTAX
2009-09-08,1.8254,BCB_PTAX
2009-09-09,1.828,BCB_PTAX
2009-09-10,1.8261,BCB_PTAX
2009-09-11,1.8179,BCB_PTAX
2009-09-14,1.8197,BCB_PTAX
2009-09-15,1.8087,BCB_PTAX
2009-09-16,1.7984,BCB_PTAX
2009-09-17,1.8094,BCB_PTAX
2009-09-18,1.8049,BCB_PTAX
2009-09-21,1.8172,BCB_PTAX
2009-09-22,1.8061,BCB_PTAX
2009-09-23,1.7916,BCB_PTAX
2009-09-24,1.7917,BCB_PTAX
2009-09-25,1.8017,BCB_PTAX
2009-09-28,1.791,BCB_PTAX
2009-09-29,1.7928,BCB_PTAX
2009-09-30,1.7781,BCB_PTAX
2009-10-01,1.7794,BCB_PTAX
2009-10-02,1.7844,BCB_PTAX
2009-10-05,1.7673,BCB_PTAX
2009-10-06,1.7533,BCB_PTAX
2009-10-07,1.7595,BCB_PTAX
2009-10-08,1.7412,BCB_PTAX
2009-10-09,1.7389,BCB_PTAX
2009-10-13,1.7298,BCB_PTAX
2009-10-14,1.7099,BCB_PTAX
2009-10-15,1.7037,BCB_PTAX
2009-10-16,1.7135,BCB_PTAX
2009-10-19,1.713,BCB_PTAX
2009-10-20,1.745,BCB_PTAX
2009-10-21,1.744,BCB_PTAX
2009-10-22,1.7304,BCB_PTAX
2009-10-23,1.7113,BCB_PTAX
2009-10-26,1.7157,BCB_PTAX
2009-10-27,1.7342,BCB_PTAX
2009-10-28,1.7447,BCB_PTAX
2009-10-29,1.7436,BCB_PTAX
2009-10-30,1.744,BCB_PTAX
2009-11-03,1.7588,BCB_PTAX
2009-11-04,1.7271,BCB_PTAX
2009-11-05,1.724,BCB_PTAX
2009-11-06,1.7179,BCB_PTAX
2009-11-09,1.7024,BCB_PTAX
2009-11-10,1.7096,BCB_PTAX
2009-11-11,1.7112,BCB_PTAX
2009-11-12,1.725,BCB_PTAX
2009-11-13,1.729,BCB_PTAX
2009-11-16,1.7127,BCB_PTAX
2009-11-17,1.7153,BCB_PTAX
2009-11-18,1.7103,BCB_PTAX
2009-11-19,1.7287,BCB_PTAX
2009-11-20,1.7356,BCB_PTAX
2009-11-23,1.7245,BCB_PTAX
2009-11-24,1.7282,BCB_PTAX
2009-11-25,1.7272,BCB_PTAX
2009-11-26,1.7409,BCB_PTAX
2009-11-27,1.7443,BCB_PTAX
2009-11-30,1.7505,BCB_PTAX
2009-12-01,1.7293,BCB_PTAX
2009-12-02,1.7201,BCB_PTAX
2009-12-03,1.7096,BCB_PTAX
2009-12-04,1.7131,BCB_PTAX
2009-12-07,1.7302,BCB_PTAX
2009-12-08,1.7482,BCB_PTAX
2009-12-09,1.7611,BCB_PTAX
2009-12-10,1.7627,BCB_PTAX
2009-12-11,1.7521,BCB_PTAX
2009-12-14,1.7483,BCB_PTAX
2009-12-15,1.7557,BCB_PTAX
2009-12-16,1.7518,BCB_PTAX
2009-12-17,1.7823,BCB_PTAX
2009-12-18,1.7879,BCB_PTAX
2009-12-21,1.7787,BCB_PTAX
2009-12-22,1.7825,BCB_PTAX
2009-12-23,1.7763,BCB_PTAX
2009-12-24,1.7527,BCB_PTAX
2009-12-28,1.7398,BCB_PTAX
2009-12-29,1.7421,BCB_PTAX
2009-12-30,1.7412,BCB_PTAX
2009-12-31,1.7412,BCB_PTAX
2010-01-04,1.724,BCB_PTAX
2010-01-05,1.7227,BCB_PTAX
2010-01-06,1.7337,BCB_PTAX
2010-01-07,1.7413,BCB_PTAX
2010-01-08,1.739,BCB_PTAX
2010-01-11,1.7323,BCB_PTAX
2010-01-12,1.7439,BCB_PTAX
2010-01-13,1.7442,BCB_PTAX
2010-01-14,1.7648,BCB_PTAX
2010-01-15,1.7711,BCB_PTAX
2010-01-18,1.7721,BCB_PTAX
2010-01-19,1.7747,BCB_PTAX
2010-01-20,1.7854,BCB_PTAX
2010-01-21,1.7903,BCB_PTAX
2010-01-22,1.8187,BCB_PTAX
2010-01-25,1.8194,BCB_PTAX
2010-01-26,1.8367,BCB_PTAX
2010-01-27,1.8513,BCB_PTAX
2010-01-28,1.856,BCB_PTAX
2010-01-29,1.8748,BCB_PTAX
2010-02-01,1.8773,BCB_PTAX
2010-02-02,1.8363,BCB_PTAX
2010-02-03,1.8337,BCB_PTAX
2010-02-04,1.8715,BCB_PTAX
2010-02-05,1.8753,BCB_PTAX
2010-02-08,1.873,BCB_PTAX
2010-02-09,1.855,BCB_PTAX
2010-02-10,1.8483,BCB_PTAX
2010-02-11,1.8516,BCB_PTAX
2010-02-12,1.867,BCB_PTAX
2010-02-17,1.8313,BCB_PTAX
2010-02-18,1.8266,BCB_PTAX
2010-02-19,1.8116,BCB_PTAX
2010-02-22,1.8046,BCB_PTAX
2010-02-23,1.8186,BCB_PTAX
2010-02-24,1.8203,BCB_PTAX
2010-02-25,1.8364,BCB_PTAX
2010-02-26,1.811,BCB_PTAX
2010-03-01,1.8,BCB_PTAX
2010-03-02,1.7851,BCB_PTAX
2010-03-03,1.7846,BCB_PTAX
2010-03-04,1.7888,BCB_PTAX
2010-03-05,1.7824,BCB_PTAX
2010-03-08,1.7826,BCB_PTAX
2010-03-09,1.7899,BCB_PTAX
2010-03-10,1.7716,BCB_PTAX
2010-03-11,1.7693,BCB_PTAX
2010-03-12,1.7637,BCB_PTAX
2010-03-15,1.7644,BCB_PTAX
2010-03-16,1.7666,BCB_PTAX
2010-03-17,1.764,BCB_PTAX
2010-03-18,1.7848,BCB_PTAX
2010-03-19,1.7954,BCB_PTAX
2010-03-22,1.803,BCB_PTAX
2010-03-23,1.7813,BCB_PTAX
2010-03-24,1.7904,BCB_PTAX
2010-03-25,1.8008,BCB_PTAX
2010-03-26,1.8231,BCB_PTAX
2010-03-29,1.8064,BCB_PTAX
2010-03-30,1.7952,BCB_PTAX
2010-03-31,1.781,BCB_PTAX
2010-04-01,1.7701,BCB_PTAX
2010-04-05,1.7573,BCB_PTAX
2010-04-06,1.7605,BCB_PTAX
2010-04-07,1.7662,BCB_PTAX
2010-04-08,1.7806,BCB_PTAX
2010-04-09,1.773,BCB_PTAX
2010-04-12,1.7608,BCB_PTAX
2010-04-13,1.7584,BCB_PTAX
2010-04-14,1.7446,BCB_PTAX
2010-04-15,1.7483,BCB_PTAX
2010-04-16,1.7558,BCB_PTAX
2010-04-19,1.7588,BCB_PTAX
2010-04-20,1.7497,BCB_PTAX
2010-04-22,1.7626,BCB_PTAX
2010-04-23,1.7624,BCB_PTAX
2010-04-26,1.7446,BCB_PTAX
2010-04-27,1.7592,BCB_PTAX
2010-04-28,1.7558,BCB_PTAX
2010-04-29,1.7321,BCB_PTAX
2010-04-30,1.7306,BCB_PTAX
2010-05-03,1.7315,BCB_PTAX
2010-05-04,1.7557,BCB_PTAX
2010-05-05,1.7862,BCB_PTAX
2010-05-06,1.8353,BCB_PTAX
2010-05-07,1.8343,BCB_PTAX
2010-05-10,1.7833,BCB_PTAX
2010-05-11,1.7843,BCB_PTAX
2010-05-12,1.7723,BCB_PTAX
2010-05-13,1.7737,BCB_PTAX
2010-05-14,1.7967,BCB_PTAX
2010-05-17,1.8045,BCB_PTAX
2010-05-18,1.7921,BCB_PTAX
2010-05-19,1.8366,BCB_PTAX
2010-05-20,1.8677,BCB_PTAX
2010-05-21,1.871,BCB_PTAX
2010-05-24,1.8522,BCB_PTAX
2010-05-25,1.8811,BCB_PTAX
2010-05-26,1.8461,BCB_PTAX
2010-05-27,1.8328,BCB_PTAX
2010-05-28,1.8229,BCB_PTAX
2010-05-31,1.8167,BCB_PTAX
2010-06-01,1.8255,BCB_PTAX
2010-06-02,1.8362,BCB_PTAX
2010-06-04,1.8401,BCB_PTAX
2010-06-07,1.8634,BCB_PTAX
2010-06-08,1.8658,BCB_PTAX
2010-06-09,1.8423,BCB_PTAX
2010-06-10,1.8185,BCB_PTAX
2010-06-11,1.8125,BCB_PTAX
2010-06-14,1.803,BCB_PTAX
2010-06-15,1.7971,BCB_PTAX
2010-06-16,1.7893,BCB_PTAX
2010-06-17,1.7817,BCB_PTAX
2010-06-18,1.7761,BCB_PTAX
2010-06-21,1.7663,BCB_PTAX
2010-06-22,1.768,BCB_PTAX
2010-06-23,1.7908,BCB_PTAX
2010-06-24,1.7907,BCB_PTAX
2010-06-25,1.7781,BCB_PTAX
2010-06-28,1.7826,BCB_PTAX
2010-06-29,1.8076,BCB_PTAX
2010-06-30,1.8015,BCB_PTAX
2010-07-01,1.8006,BCB_PTAX
2010-07-02,1.7785,BCB_PTAX
2010-07-05,1.7755,BCB_PTAX
2010-07-06,1.7665,BCB_PTAX
2010-07-07,1.7719,BCB_PTAX
2010-07-08,1.7652,BCB_PTAX
2010-07-09,1.7572,BCB_PTAX
2010-07-12,1.7644,BCB_PTAX
2010-07-13,1.7525,BCB_PTAX
2010-07-14,1.7657,BCB_PTAX
2010-07-15,1.769,BCB_PTAX
2010-07-16,1.7792,BCB_PTAX
2010-07-19,1.7854,BCB_PTAX
2010-07-20,1.78,BCB_PTAX
2010-07-21,1.7766,BCB_PTAX
2010-07-22,1.7629,BCB_PTAX
2010-07-23,1.7617,BCB_PTAX
2010-07-26,1.7669,BCB_PTAX
2010-07-27,1.7658,BCB_PTAX
2010-07-28,1.765,BCB_PTAX
2010-07-29,1.7643,BCB_PTAX
2010-07-30,1.7572,BCB_PTAX
2010-08-02,1.7489,BCB_PTAX
2010-08-03,1.7594,BCB_PTAX
2010-08-04,1.7563,BCB_PTAX
2010-08-05,1.7535,BCB_PTAX
2010-08-06,1.7566,BCB_PTAX
2010-08-09,1.7537,BCB_PTAX
2010-08-10,1.7576,BCB_PTAX
2010-08-11,1.7663,BCB_PTAX
2010-08-12,1.7731,BCB_PTAX
2010-08-13,1.7716,BCB_PTAX
2010-08-16,1.7639,BCB_PTAX
2010-08-17,1.7528,BCB_PTAX
2010-08-18,1.7513,BCB_PTAX
2010-08-19,1.7584,BCB_PTAX
2010-08-20,1.7597,BCB_PTAX
2010-08-23,1.7587,BCB_PTAX
2010-08-24,1.7727,BCB_PTAX
2010-08-25,1.7668,BCB_PTAX
2010-08-26,1.7596,BCB_PTAX
2010-08-27,1.7544,BCB_PTAX
2010-08-30,1.7591,BCB_PTAX
2010-08-31,1.756,BCB_PTAX
2010-09-01,1.7441,BCB_PTAX
2010-09-02,1.7367,BCB_PTAX
2010-09-03,1.7281,BCB_PTAX
2010-09-06,1.7259,BCB_PTAX
2010-09-08,1.7231,BCB_PTAX
2010-09-09,1.7238,BCB_PTAX
2010-09-10,1.7186,BCB_PTAX
2010-09-13,1.7174,BCB_PTAX
2010-09-14,1.7076,BCB_PTAX
2010-09-15,1.7169,BCB_PTAX
2010-09-16,1.7184,BCB_PTAX
2010-09-17,1.7166,BCB_PTAX
2010-09-20,1.7216,BCB_PTAX
2010-09-21,1.7255,BCB_PTAX
2010-09-22,1.7184,BCB_PTAX
2010-09-23,1.7194,BCB_PTAX
2010-09-24,1.712,BCB_PTAX
2010-09-27,1.71,BCB_PTAX
2010-09-28,1.7093,BCB_PTAX
2010-09-29,1.7053,BCB_PTAX
2010-09-30,1.6942,BCB_PTAX
2010-10-01,1.6812,BCB_PTAX
2010-10-04,1.6882,BCB_PTAX
2010-10-05,1.6808,BCB_PTAX
2010-10-06,1.6758,BCB_PTAX
2010-10-07,1.6777,BCB_PTAX
2010-10-08,1.6804,BCB_PTAX
2010-10-11,1.6648,BCB_PTAX
2010-10-13,1.6554,BCB_PTAX
2010-10-14,1.6596,BCB_PTAX
2010-10-15,1.6604,BCB_PTAX
2010-10-18,1.6686,BCB_PTAX
2010-10-19,1.6868,BCB_PTAX
2010-10-20,1.6735,BCB_PTAX
2010-10-21,1.6897,BCB_PTAX
2010-10-22,1.6997,BCB_PTAX
2010-10-25,1.7026,BCB_PTAX
2010-10-26,1.7045,BCB_PTAX
2010-10-27,1.7077,BCB_PTAX
2010-10-28,1.7112,BCB_PTAX
2010-10-29,1.7014,BCB_PTAX
2010-11-01,1.7044,BCB_PTAX
2010-11-03,1.6937,BCB_PTAX
2010-11-04,1.6819,BCB_PTAX
2010-11-05,1.6801,BCB_PTAX
2010-11-08,1.697,BCB_PTAX
2010-11-09,1.697,BCB_PTAX
2010-11-10,1.707,BCB_PTAX
2010-11-11,1.7178,BCB_PTAX
2010-11-12,1.7198,BCB_PTAX
2010-11-16,1.7295,BCB_PTAX
2010-11-17,1.7298,BCB_PTAX
2010-11-18,1.7143,BCB_PTAX
2010-11-19,1.7189,BCB_PTAX
2010-11-22,1.7235,BCB_PTAX
2010-11-23,1.7336,BCB_PTAX
2010-11-24,1.7247,BCB_PTAX
2010-11-25,1.7206,BCB_PTAX
2010-11-26,1.7298,BCB_PTAX
2010-11-29,1.7271,BCB_PTAX
2010-11-30,1.7161,BCB_PTAX
2010-12-01,1.7052,BCB_PTAX
2010-12-02,1.7029,BCB_PTAX
2010-12-03,1.6917,BCB_PTAX
2010-12-06,1.6836,BCB_PTAX
2010-12-07,1.6739,BCB_PTAX
2010-12-08,1.6892,BCB_PTAX
2010-12-09,1.7024,BCB_PTAX
2010-12-10,1.7117,BCB_PTAX
2010-12-13,1.7027,BCB_PTAX
2010-12-14,1.6949,BCB_PTAX
2010-12-15,1.6988,BCB_PTAX
2010-12-16,1.7028,BCB_PTAX
2010-12-17,1.7098,BCB_PTAX
2010-12-20,1.7082,BCB_PTAX
2010-12-21,1.6974,BCB_PTAX
2010-12-22,1.6946,BCB_PTAX
2010-12-23,1.6984,BCB_PTAX
2010-12-24,1.6903,BCB_PTAX
2010-12-27,1.6922,BCB_PTAX
2010-12-28,1.6866,BCB_PTAX
2010-12-29,1.6788,BCB_PTAX
2010-12-30,1.6662,BCB_PTAX
2010-12-31,1.6662,BCB_PTAX
2011-01-03,1.651,BCB_PTAX
2011-01-04,1.6556,BCB_PTAX
2011-01-05,1.6713,BCB_PTAX
2011-01-06,1.6857,BCB_PTAX
2011-01-07,1.6861,BCB_PTAX
2011-01-10,1.6912,BCB_PTAX
2011-01-11,1.6887,BCB_PTAX
2011-01-12,1.6773,BCB_PTAX
2011-01-13,1.6701,BCB_PTAX
2011-01-14,1.6843,BCB_PTAX
2011-01-17,1.6818,BCB_PTAX
2011-01-18,1.6745,BCB_PTAX
2011-01-19,1.6714,BCB_PTAX
2011-01-20,1.6715,BCB_PTAX
2011-01-21,1.6723,BCB_PTAX
2011-01-24,1.6731,BCB_PTAX
2011-01-25,1.6745,BCB_PTAX
2011-01-26,1.6692,BCB_PTAX
2011-01-27,1.672,BCB_PTAX
2011-01-28,1.6782,BCB_PTAX
2011-01-31,1.6734,BCB_PTAX
2011-02-01,1.6631,BCB_PTAX
2011-02-02,1.6671,BCB_PTAX
2011-02-03,1.6697,BCB_PTAX
2011-02-04,1.6738,BCB_PTAX
2011-02-07,1.6776,BCB_PTAX
2011-02-08,1.6711,BCB_PTAX
2011-02-09,1.6643,BCB_PTAX
2011-02-10,1.668,BCB_PTAX
2011-02-11,1.6679,BCB_PTAX
2011-02-14,1.6681,BCB_PTAX
2011-02-15,1.6682,BCB_PTAX
2011-02-16,1.6704,BCB_PTAX
2011-02-17,1.6661,BCB_PTAX
2011-02-18,1.6677,BCB_PTAX
2011-02-21,1.6667,BCB_PTAX
2011-02-22,1.6694,BCB_PTAX
2011-02-23,1.672,BCB_PTAX
2011-02-24,1.6649,BCB_PTAX
2011-02-25,1.6625,BCB_PTAX
2011-02-28,1.6612,BCB_PTAX
2011-03-01,1.6627,BCB_PTAX
2011-03-02,1.661,BCB_PTAX
2011-03-03,1.6545,BCB_PTAX
2011-03-04,1.6462,BCB_PTAX
2011-03-09,1.6559,BCB_PTAX
2011-03-10,1.6612,BCB_PTAX
2011-03-11,1.6649,BCB_PTAX
2011-03-14,1.6631,BCB_PTAX
2011-03-15,1.6692,BCB_PTAX
2011-03-16,1.6674,BCB_PTAX
2011-03-17,1.6757,BCB_PTAX
2011-03-18,1.672,BCB_PTAX
2011-03-21,1.6652,BCB_PTAX
2011-03-22,1.6638,BCB_PTAX
2011-03-23,1.6602,BCB_PTAX
2011-03-24,1.6593,BCB_PTAX
2011-03-25,1.6581,BCB_PTAX
2011-03-28,1.6614,BCB_PTAX
2011-03-29,1.6546,BCB_PTAX
2011-03-30,1.636,BCB_PTAX
2011-03-31,1.6287,BCB_PTAX
2011-04-01,1.6194,BCB_PTAX
2011-04-04,1.611,BCB_PTAX
2011-04-05,1.6087,BCB_PTAX
2011-04-06,1.6097,BCB_PTAX
2011-04-07,1.5927,BCB_PTAX
2011-04-08,1.5762,BCB_PTAX
2011-04-11,1.5805,BCB_PTAX
2011-04-12,1.587,BCB_PTAX
2011-04-13,1.5864,BCB_PTAX
2011-04-14,1.5842,BCB_PTAX
2011-04-15,1.5776,BCB_PTAX
2011-04-18,1.5912,BCB_PTAX
2011-04-19,1.5792,BCB_PTAX
2011-04-20,1.5722,BCB_PTAX
2011-04-25,1.572,BCB_PTAX
2011-04-26,1.5654,BCB_PTAX
2011-04-27,1.5705,BCB_PTAX
2011-04-28,1.5853,BCB_PTAX
2011-04-29,1.5733,BCB_PTAX
2011-05-02,1.5747,BCB_PTAX
2011-05-03,1.589,BCB_PTAX
2011-05-04,1.603,BCB_PTAX
2011-05-05,1.6219,BCB_PTAX
2011-05-06,1.6111,BCB_PTAX
2011-05-09,1.6199,BCB_PTAX
2011-05-10,1.6069,BCB_PTAX
2011-05-11,1.6178,BCB_PTAX
2011-05-12,1.6207,BCB_PTAX
2011-05-13,1.6328,BCB_PTAX
2011-05-16,1.6317,BCB_PTAX
2011-05-17,1.629,BCB_PTAX
2011-05-18,1.6166,BCB_PTAX
2011-05-19,1.6165,BCB_PTAX
2011-05-20,1.6169,BCB_PTAX
2011-05-23,1.6339,BCB_PTAX
2011-05-24,1.6256,BCB_PTAX
2011-05-25,1.6297,BCB_PTAX
2011-05-26,1.6196,BCB_PTAX
2011-05-27,1.6038,BCB_PTAX
2011-05-30,1.5958,BCB_PTAX
2011-05-31,1.5799,BCB_PTAX
2011-06-01,1.5878,BCB_PTAX
2011-06-02,1.5805,BCB_PTAX
2011-06-03,1.5744,BCB_PTAX
2011-06-06,1.581,BCB_PTAX
2011-06-07,1.5764,BCB_PTAX
2011-06-08,1.582,BCB_PTAX
2011-06-09,1.5877,BCB_PTAX
2011-06-10,1.5938,BCB_PTAX
2011-06-13,1.5888,BCB_PTAX
2011-06-14,1.5821,BCB_PTAX
2011-06-15,1.596,BCB_PTAX
2011-06-16,1.6108,BCB_PTAX
2011-06-17,1.5979,BCB_PTAX
2011-06-20,1.5969,BCB_PTAX
2011-06-21,1.591,BCB_PTAX
2011-06-22,1.5877,BCB_PTAX
2011-06-24,1.5988,BCB_PTAX
2011-06-27,1.5969,BCB_PTAX
2011-06-28,1.5833,BCB_PTAX
2011-06-29,1.573,BCB_PTAX
2011-06-30,1.5611,BCB_PTAX
2011-07-01,1.5599,BCB_PTAX
2011-07-04,1.558,BCB_PTAX
2011-07-05,1.5637,BCB_PTAX
2011-07-06,1.5662,BCB_PTAX
2011-07-07,1.5581,BCB_PTAX
2011-07-08,1.5634,BCB_PTAX
2011-07-11,1.5796,BCB_PTAX
2011-07-12,1.5773,BCB_PTAX
2011-07-13,1.5762,BCB_PTAX
2011-07-14,1.5729,BCB_PTAX
2011-07-15,1.5743,BCB_PTAX
2011-07-18,1.5828,BCB_PTAX
2011-07-19,1.5691,BCB_PTAX
2011-07-20,1.5651,BCB_PTAX
2011-07-21,1.5567,BCB_PTAX
2011-07-22,1.5547,BCB_PTAX
2011-07-25,1.5449,BCB_PTAX
2011-07-26,1.5345,BCB_PTAX
2011-07-27,1.5639,BCB_PTAX
2011-07-28,1.5651,BCB_PTAX
2011-07-29,1.5563,BCB_PTAX
2011-08-01,1.5551,BCB_PTAX
2011-08-02,1.5656,BCB_PTAX
2011-08-03,1.5651,BCB_PTAX
2011-08-04,1.5752,BCB_PTAX
2011-08-05,1.5895,BCB_PTAX
2011-08-08,1.5999,BCB_PTAX
2011-08-09,1.6334,BCB_PTAX
2011-08-10,1.6183,BCB_PTAX
2011-08-11,1.6306,BCB_PTAX
2011-08-12,1.6157,BCB_PTAX
2011-08-15,1.5956,BCB_PTAX
2011-08-16,1.5918,BCB_PTAX
2011-08-17,1.583,BCB_PTAX
2011-08-18,1.6062,BCB_PTAX
2011-08-19,1.596,BCB_PTAX
2011-08-22,1.6009,BCB_PTAX
2011-08-23,1.6036,BCB_PTAX
2011-08-24,1.6039,BCB_PTAX
2011-08-25,1.6154,BCB_PTAX
2011-08-26,1.6114,BCB_PTAX
2011-08-29,1.5974,BCB_PTAX
2011-08-30,1.5904,BCB_PTAX
2011-08-31,1.5872,BCB_PTAX
2011-09-01,1.604,BCB_PTAX
2011-09-02,1.6343,BCB_PTAX
2011-09-05,1.6522,BCB_PTAX
2011-09-06,1.6583,BCB_PTAX
2011-09-08,1.6566,BCB_PTAX
2011-09-09,1.6774,BCB_PTAX
2011-09-12,1.6899,BCB_PTAX
2011-09-13,1.7127,BCB_PTAX
2011-09-14,1.7288,BCB_PTAX
2011-09-15,1.7106,BCB_PTAX
2011-09-16,1.7122,BCB_PTAX
2011-09-19,1.7763,BCB_PTAX
2011-09-20,1.787,BCB_PTAX
2011-09-21,1.828,BCB_PTAX
2011-09-22,1.9016,BCB_PTAX
2011-09-23,1.8735,BCB_PTAX
2011-09-26,1.8445,BCB_PTAX
2011-09-27,1.8008,BCB_PTAX
2011-09-28,1.8131,BCB_PTAX
2011-09-29,1.8291,BCB_PTAX
2011-09-30,1.8544,BCB_PTAX
2011-10-03,1.8811,BCB_PTAX
2011-10-04,1.8856,BCB_PTAX
2011-10-05,1.8456,BCB_PTAX
2011-10-06,1.8116,BCB_PTAX
2011-10-07,1.7666,BCB_PTAX
2011-10-10,1.7478,BCB_PTAX
2011-10-11,1.7658,BCB_PTAX
2011-10-13,1.7536,BCB_PTAX
2011-10-14,1.7376,BCB_PTAX
2011-10-17,1.7488,BCB_PTAX
2011-10-18,1.7724,BCB_PTAX
2011-10-19,1.7604,BCB_PTAX
2011-10-20,1.7826,BCB_PTAX
2011-10-21,1.7803,BCB_PTAX
2011-10-24,1.7768,BCB_PTAX
2011-10-25,1.7548,BCB_PTAX
2011-10-26,1.7606,BCB_PTAX
2011-10-27,1.7323,BCB_PTAX
2011-10-28,1.6986,BCB_PTAX
2011-10-31,1.6885,BCB_PTAX
2011-11-01,1.7506,BCB_PTAX
2011-11-03,1.727,BCB_PTAX
2011-11-04,1.7415,BCB_PTAX
2011-11-07,1.7503,BCB_PTAX
2011-11-08,1.7453,BCB_PTAX
2011-11-09,1.7516,BCB_PTAX
2011-11-10,1.761,BCB_PTAX
2011-11-11,1.7547,BCB_PTAX
2011-11-14,1.7649,BCB_PTAX
2011-11-16,1.7772,BCB_PTAX
2011-11-17,1.7775,BCB_PTAX
2011-11-18,1.7723,BCB_PTAX
2011-11-21,1.8061,BCB_PTAX
2011-11-22,1.8069,BCB_PTAX
2011-11-23,1.8441,BCB_PTAX
2011-11-24,1.866,BCB_PTAX
2011-11-25,1.8937,BCB_PTAX
2011-11-28,1.8596,BCB_PTAX
2011-11-29,1.8486,BCB_PTAX
2011-11-30,1.8109,BCB_PTAX
2011-12-01,1.7929,BCB_PTAX
2011-12-02,1.7843,BCB_PTAX
2011-12-05,1.783,BCB_PTAX
2011-12-06,1.7913,BCB_PTAX
2011-12-07,1.798,BCB_PTAX
2011-12-08,1.7941,BCB_PTAX
2011-12-09,1.813,BCB_PTAX
2011-12-12,1.8219,BCB_PTAX
2011-12-13,1.8409,BCB_PTAX
2011-12-14,1.8728,BCB_PTAX
2011-12-15,1.8609,BCB_PTAX
2011-12-16,1.8465,BCB_PTAX
2011-12-19,1.8616,BCB_PTAX
2011-12-20,1.8508,BCB_PTAX
2011-12-21,1.8556,BCB_PTAX
2011-12-22,1.8578,BCB_PTAX
2011-12-23,1.856,BCB_PTAX
2011-12-26,1.8566,BCB_PTAX
2011-12-27,1.8585,BCB_PTAX
2011-12-28,1.8634,BCB_PTAX
2011-12-29,1.8758,BCB_PTAX
2011-12-30,1.8758,BCB_PTAX
2012-01-02,1.8683,BCB_PTAX
2012-01-03,1.8457,BCB_PTAX
2012-01-04,1.8272,BCB_PTAX
2012-01-05,1.8371,BCB_PTAX
2012-01-06,1.8449,BCB_PTAX
2012-01-09,1.8442,BCB_PTAX
2012-01-10,1.8042,BCB_PTAX
2012-01-11,1.8048,BCB_PTAX
2012-01-12,1.7874,BCB_PTAX
2012-01-13,1.7853,BCB_PTAX
2012-01-16,1.7836,BCB_PTAX
2012-01-17,1.776,BCB_PTAX
2012-01-18,1.7791,BCB_PTAX
2012-01-19,1.7648,BCB_PTAX
2012-01-20,1.767,BCB_PTAX
2012-01-23,1.7528,BCB_PTAX
2012-01-24,1.7649,BCB_PTAX
2012-01-25,1.7632,BCB_PTAX
2012-01-26,1.7389,BCB_PTAX
2012-01-27,1.7436,BCB_PTAX
2012-01-30,1.7509,BCB_PTAX
2012-01-31,1.7391,BCB_PTAX
2012-02-01,1.7376,BCB_PTAX
2012-02-02,1.7326,BCB_PTAX
2012-02-03,1.7223,BCB_PTAX
2012-02-06,1.7249,BCB_PTAX
2012-02-07,1.7261,BCB_PTAX
2012-02-08,1.7195,BCB_PTAX
2012-02-09,1.7225,BCB_PTAX
2012-02-10,1.726,BCB_PTAX
2012-02-13,1.7169,BCB_PTAX
2012-02-14,1.7173,BCB_PTAX
2012-02-15,1.7158,BCB_PTAX
2012-02-16,1.7326,BCB_PTAX
2012-02-17,1.7136,BCB_PTAX
2012-02-22,1.7076,BCB_PTAX
2012-02-23,1.704,BCB_PTAX
2012-02-24,1.7098,BCB_PTAX
2012-02-27,1.7088,BCB_PTAX
2012-02-28,1.7024,BCB_PTAX
2012-02-29,1.7092,BCB_PTAX
2012-03-01,1.7152,BCB_PTAX
2012-03-02,1.7245,BCB_PTAX
2012-03-05,1.7314,BCB_PTAX
2012-03-06,1.7556,BCB_PTAX
2012-03-07,1.7692,BCB_PTAX
2012-03-08,1.7697,BCB_PTAX
2012-03-09,1.7767,BCB_PTAX
2012-03-12,1.8157,BCB_PTAX
2012-03-13,1.8102,BCB_PTAX
2012-03-14,1.8146,BCB_PTAX
2012-03-15,1.8006,BCB_PTAX
2012-03-16,1.8018,BCB_PTAX
2012-03-19,1.809,BCB_PTAX
2012-03-20,1.8259,BCB_PTAX
2012-03-21,1.8267,BCB_PTAX
2012-03-22,1.825,BCB_PTAX
2012-03-23,1.8194,BCB_PTAX
2012-03-26,1.8143,BCB_PTAX
2012-03-27,1.8135,BCB_PTAX
2012-03-28,1.8223,BCB_PTAX
2012-03-29,1.8334,BCB_PTAX
2012-03-30,1.8221,BCB_PTAX
2012-04-02,1.8314,BCB_PTAX
2012-04-03,1.8256,BCB_PTAX
2012-04-04,1.8316,BCB_PTAX
2012-04-05,1.8301,BCB_PTAX
2012-04-09,1.826,BCB_PTAX
2012-04-10,1.8317,BCB_PTAX
2012-04-11,1.8303,BCB_PTAX
2012-04-12,1.827,BCB_PTAX
2012-04-13,1.8364,BCB_PTAX
2012-04-16,1.8373,BCB_PTAX
2012-04-17,1.8454,BCB_PTAX
2012-04-18,1.8694,BCB_PTAX
2012-04-19,1.8867,BCB_PTAX
2012-04-20,1.8786,BCB_PTAX
2012-04-23,1.8864,BCB_PTAX
2012-04-24,1.878,BCB_PTAX
2012-04-25,1.8807,BCB_PTAX
2012-04-26,1.8871,BCB_PTAX
2012-04-27,1.8852,BCB_PTAX
2012-04-30,1.8918,BCB_PTAX
2012-05-02,1.9149,BCB_PTAX
2012-05-03,1.9277,BCB_PTAX
2012-05-04,1.921,BCB_PTAX
2012-05-07,1.9268,BCB_PTAX
2012-05-08,1.9366,BCB_PTAX
2012-05-09,1.9577,BCB_PTAX
2012-05-10,1.9581,BCB_PTAX
2012-05-11,1.9513,BCB_PTAX
2012-05-14,1.9866,BCB_PTAX
2012-05-15,1.9947,BCB_PTAX
2012-05-16,1.9974,BCB_PTAX
2012-05-17,1.9973,BCB_PTAX
2012-05-18,2.0095,BCB_PTAX
2012-05-21,2.0374,BCB_PTAX
2012-05-22,2.0493,BCB_PTAX
2012-05-23,2.0816,BCB_PTAX
2012-05-24,2.0384,BCB_PTAX
2012-05-25,2.0032,BCB_PTAX
2012-05-28,1.9778,BCB_PTAX
2012-05-29,1.9944,BCB_PTAX
2012-05-30,2.0078,BCB_PTAX
2012-05-31,2.0223,BCB_PTAX
2012-06-01,2.035,BCB_PTAX
2012-06-04,2.041,BCB_PTAX
2012-06-05,2.0266,BCB_PTAX
2012-06-06,2.0183,BCB_PTAX
2012-06-08,2.0353,BCB_PTAX
2012-06-11,2.0348,BCB_PTAX
2012-06-12,2.0564,BCB_PTAX
2012-06-13,2.0604,BCB_PTAX
2012-06-14,2.0691,BCB_PTAX
2012-06-15,2.0443,BCB_PTAX
2012-06-18,2.0634,BCB_PTAX
2012-06-19,2.044,BCB_PTAX
2012-06-20,2.0293,BCB_PTAX
2012-06-21,2.0363,BCB_PTAX
2012-06-22,2.0555,BCB_PTAX
2012-06-25,2.0718,BCB_PTAX
2012-06-26,2.0743,BCB_PTAX
2012-06-27,2.0764,BCB_PTAX
2012-06-28,2.0904,BCB_PTAX
2012-06-29,2.0213,BCB_PTAX
2012-07-02,1.9893,BCB_PTAX
2012-07-03,1.9888,BCB_PTAX
2012-07-04,2.0201,BCB_PTAX
2012-07-05,2.0292,BCB_PTAX
2012-07-06,2.0359,BCB_PTAX
2012-07-09,2.0312,BCB_PTAX
2012-07-10,2.0332,BCB_PTAX
2012-07-11,2.031,BCB_PTAX
2012-07-12,2.0471,BCB_PTAX
2012-07-13,2.0338,BCB_PTAX
2012-07-16,2.038,BCB_PTAX
2012-07-17,2.0349,BCB_PTAX
2012-07-18,2.0258,BCB_PTAX
2012-07-19,2.0239,BCB_PTAX
2012-07-20,2.0227,BCB_PTAX
2012-07-23,2.0412,BCB_PTAX
2012-07-24,2.0418,BCB_PTAX
2012-07-25,2.0403,BCB_PTAX
2012-07-26,2.0255,BCB_PTAX
2012-07-27,2.0173,BCB_PTAX
2012-07-30,2.0313,BCB_PTAX
2012-07-31,2.0499,BCB_PTAX
2012-08-01,2.0432,BCB_PTAX
2012-08-02,2.0475,BCB_PTAX
2012-08-03,2.0313,BCB_PTAX
2012-08-06,2.0279,BCB_PTAX
2012-08-07,2.0281,BCB_PTAX
2012-08-08,2.0273,BCB_PTAX
2012-08-09,2.0182,BCB_PTAX
2012-08-10,2.0175,BCB_PTAX
2012-08-13,2.0266,BCB_PTAX
2012-08-14,2.0258,BCB_PTAX
2012-08-15,2.0234,BCB_PTAX
2012-08-16,2.0214,BCB_PTAX
2012-08-17,2.0182,BCB_PTAX
2012-08-20,2.0209,BCB_PTAX
2012-08-21,2.0173,BCB_PTAX
2012-08-22,2.021,BCB_PTAX
2012-08-23,2.0241,BCB_PTAX
2012-08-24,2.0255,BCB_PTAX
2012-08-27,2.0293,BCB_PTAX
2012-08-28,2.0433,BCB_PTAX
2012-08-29,2.0509,BCB_PTAX
2012-08-30,2.0513,BCB_PTAX
2012-08-31,2.0372,BCB_PTAX
2012-09-03,2.0335,BCB_PTAX
2012-09-04,2.0392,BCB_PTAX
2012-09-05,2.0385,BCB_PTAX
2012-09-06,2.0381,BCB_PTAX
2012-09-10,2.0241,BCB_PTAX
2012-09-11,2.0197,BCB_PTAX
2012-09-12,2.0204,BCB_PTAX
2012-09-13,2.0254,BCB_PTAX
2012-09-14,2.0139,BCB_PTAX
2012-09-17,2.0312,BCB_PTAX
2012-09-18,2.0274,BCB_PTAX
2012-09-19,2.0236,BCB_PTAX
2012-09-20,2.0263,BCB_PTAX
2012-09-21,2.024,BCB_PTAX
2012-09-24,2.0273,BCB_PTAX
2012-09-25,2.0251,BCB_PTAX
2012-09-26,2.0341,BCB_PTAX
2012-09-27,2.0311,BCB_PTAX
2012-09-28,2.0306,BCB_PTAX
2012-10-01,2.026,BCB_PTAX
2012-10-02,2.0266,BCB_PTAX
2012-10-03,2.0266,BCB_PTAX
2012-10-04,2.0224,BCB_PTAX
2012-10-05,2.0246,BCB_PTAX
2012-10-08,2.0313,BCB_PTAX
2012-10-09,2.0337,BCB_PTAX
2012-10-10,2.0378,BCB_PTAX
2012-10-11,2.0369,BCB_PTAX
2012-10-15,2.0382,BCB_PTAX
2012-10-16,2.0351,BCB_PTAX
2012-10-17,2.0336,BCB_PTAX
2012-10-18,2.0295,BCB_PTAX
2012-10-19,2.0272,BCB_PTAX
2012-10-22,2.0266,BCB_PTAX
2012-10-23,2.0286,BCB_PTAX
2012-10-24,2.0263,BCB_PTAX
2012-10-25,2.0261,BCB_PTAX
2012-10-26,2.0263,BCB_PTAX
2012-10-29,2.0296,BCB_PTAX
2012-10-30,2.0323,BCB_PTAX
2012-10-31,2.0313,BCB_PTAX
2012-11-01,2.0312,BCB_PTAX
2012-11-05,2.035,BCB_PTAX
2012-11-06,2.0341,BCB_PTAX
2012-11-07,2.033,BCB_PTAX
2012-11-08,2.0357,BCB_PTAX
2012-11-09,2.0512,BCB_PTAX
2012-11-12,2.0476,BCB_PTAX
2012-11-13,2.0614,BCB_PTAX
2012-11-14,2.0629,BCB_PTAX
2012-11-16,2.0712,BCB_PTAX
2012-11-19,2.0745,BCB_PTAX
2012-11-20,2.0835,BCB_PTAX
2012-11-21,2.0924,BCB_PTAX
2012-11-22,2.0912,BCB_PTAX
2012-11-23,2.0985,BCB_PTAX
2012-11-26,2.0787,BCB_PTAX
2012-11-27,2.0752,BCB_PTAX
2012-11-28,2.0912,BCB_PTAX
2012-11-29,2.0991,BCB_PTAX
2012-11-30,2.1074,BCB_PTAX
2012-12-03,2.1121,BCB_PTAX
2012-12-04,2.1077,BCB_PTAX
2012-12-05,2.1046,BCB_PTAX
2012-12-06,2.0836,BCB_PTAX
2012-12-07,2.0804,BCB_PTAX
2012-12-10,2.081,BCB_PTAX
2012-12-11,2.0743,BCB_PTAX
2012-12-12,2.0801,BCB_PTAX
2012-12-13,2.0751,BCB_PTAX
2012-12-14,2.084,BCB_PTAX
2012-12-17,2.0902,BCB_PTAX
2012-12-18,2.0966,BCB_PTAX
2012-12-19,2.0791,BCB_PTAX
2012-12-20,2.0625,BCB_PTAX
2012-12-21,2.0758,BCB_PTAX
2012-12-24,2.0774,BCB_PTAX
2012-12-26,2.0569,BCB_PTAX
2012-12-27,2.0483,BCB_PTAX
2012-12-28,2.0435,BCB_PTAX
2012-12-31,2.0435,BCB_PTAX
2013-01-02,2.0415,BCB_PTAX
2013-01-03,2.0464,BCB_PTAX
2013-01-04,2.0425,BCB_PTAX
2013-01-07,2.0312,BCB_PTAX
2013-01-08,2.0286,BCB_PTAX
2013-01-09,2.0417,BCB_PTAX
2013-01-10,2.0358,BCB_PTAX
2013-01-11,2.0341,BCB_PTAX
2013-01-14,2.0334,BCB_PTAX
2013-01-15,2.0374,BCB_PTAX
2013-01-16,2.0409,BCB_PTAX
2013-01-17,2.0411,BCB_PTAX
2013-01-18,2.0441,BCB_PTAX
2013-01-21,2.042,BCB_PTAX
2013-01-22,2.0471,BCB_PTAX
2013-01-23,2.0394,BCB_PTAX
2013-01-24,2.0344,BCB_PTAX
2013-01-25,2.0285,BCB_PTAX
2013-01-28,2.0241,BCB_PTAX
2013-01-29,1.9912,BCB_PTAX
2013-01-30,1.99,BCB_PTAX
2013-01-31,1.9883,BCB_PTAX
2013-02-01,1.9843,BCB_PTAX
2013-02-04,1.9893,BCB_PTAX
2013-02-05,1.9881,BCB_PTAX
2013-02-06,1.9884,BCB_PTAX
2013-02-07,1.9789,BCB_PTAX
2013-02-08,1.9636,BCB_PTAX
2013-02-13,1.967,BCB_PTAX
2013-02-14,1.9666,BCB_PTAX
2013-02-15,1.96,BCB_PTAX
2013-02-18,1.9676,BCB_PTAX
2013-02-19,1.9597,BCB_PTAX
2013-02-20,1.957,BCB_PTAX
2013-02-21,1.972,BCB_PTAX
2013-02-22,1.9705,BCB_PTAX
2013-02-25,1.9676,BCB_PTAX
2013-02-26,1.9818,BCB_PTAX
2013-02-27,1.9807,BCB_PTAX
2013-02-28,1.9754,BCB_PTAX
2013-03-01,1.9848,BCB_PTAX
2013-03-04,1.9827,BCB_PTAX
2013-03-05,1.9693,BCB_PTAX
2013-03-06,1.9673,BCB_PTAX
2013-03-07,1.9642,BCB_PTAX
2013-03-08,1.9528,BCB_PTAX
2013-03-11,1.9552,BCB_PTAX
2013-03-12,1.9585,BCB_PTAX
2013-03-13,1.9619,BCB_PTAX
2013-03-14,1.9676,BCB_PTAX
2013-03-15,1.9749,BCB_PTAX
2013-03-18,1.9871,BCB_PTAX
2013-03-19,1.983,BCB_PTAX
2013-03-20,1.9868,BCB_PTAX
2013-03-21,1.9931,BCB_PTAX
2013-03-22,2.0126,BCB_PTAX
2013-03-25,2.014,BCB_PTAX
2013-03-26,2.0087,BCB_PTAX
2013-03-27,2.0185,BCB_PTAX
2013-03-28,2.0138,BCB_PTAX
2013-04-01,2.0186,BCB_PTAX
2013-04-02,2.0179,BCB_PTAX
2013-04-03,2.0239,BCB_PTAX
2013-04-04,2.0201,BCB_PTAX
2013-04-05,2.0035,BCB_PTAX
2013-04-08,1.9902,BCB_PTAX
2013-04-09,1.9861,BCB_PTAX
2013-04-10,1.981,BCB_PTAX
2013-04-11,1.9736,BCB_PTAX
2013-04-12,1.9761,BCB_PTAX
2013-04-15,1.979,BCB_PTAX
2013-04-16,1.9903,BCB_PTAX
2013-04-17,1.9939,BCB_PTAX
2013-04-18,2.0152,BCB_PTAX
2013-04-19,2.0089,BCB_PTAX
2013-04-22,2.0154,BCB_PTAX
2013-04-23,2.017,BCB_PTAX
2013-04-24,2.0244,BCB_PTAX
2013-04-25,2.0119,BCB_PTAX
2013-04-26,2.0001,BCB_PTAX
2013-04-29,1.9999,BCB_PTAX
2013-04-30,2.0017,BCB_PTAX
2013-05-02,2.0095,BCB_PTAX
2013-05-03,2.0093,BCB_PTAX
2013-05-06,2.0143,BCB_PTAX
2013-05-07,2.011,BCB_PTAX
2013-05-08,2.003,BCB_PTAX
2013-05-09,2.0051,BCB_PTAX
2013-05-10,2.0231,BCB_PTAX
2013-05-13,2.015,BCB_PTAX
2013-05-14,2.0063,BCB_PTAX
2013-05-15,2.0233,BCB_PTAX
2013-05-16,2.0254,BCB_PTAX
2013-05-17,2.0354,BCB_PTAX
2013-05-20,2.0333,BCB_PTAX
2013-05-21,2.0402,BCB_PTAX
2013-05-22,2.0387,BCB_PTAX
2013-05-23,2.0537,BCB_PTAX
2013-05-24,2.0495,BCB_PTAX
2013-05-27,2.0527,BCB_PTAX
2013-05-28,2.0616,BCB_PTAX
2013-05-29,2.0894,BCB_PTAX
2013-05-31,2.1319,BCB_PTAX
2013-06-03,2.1355,BCB_PTAX
2013-06-04,2.1282,BCB_PTAX
2013-06-05,2.1235,BCB_PTAX
2013-06-06,2.125,BCB_PTAX
2013-06-07,2.1372,BCB_PTAX
2013-06-10,2.1506,BCB_PTAX
2013-06-11,2.1521,BCB_PTAX
2013-06-12,2.142,BCB_PTAX
2013-06-13,2.1447,BCB_PTAX
2013-06-14,2.1367,BCB_PTAX
2013-06-17,2.1538,BCB_PTAX
2013-06-18,2.1706,BCB_PTAX
2013-06-19,2.1744,BCB_PTAX
2013-06-20,2.2523,BCB_PTAX
2013-06-21,2.2648,BCB_PTAX
2013-06-24,2.2515,BCB_PTAX
2013-06-25,2.2185,BCB_PTAX
2013-06-26,2.1975,BCB_PTAX
2013-06-27,2.1846,BCB_PTAX
2013-06-28,2.2156,BCB_PTAX
2013-07-01,2.2297,BCB_PTAX
2013-07-02,2.2412,BCB_PTAX
2013-07-03,2.2634,BCB_PTAX
2013-07-04,2.2595,BCB_PTAX
2013-07-05,2.2645,BCB_PTAX
2013-07-08,2.2583,BCB_PTAX
2013-07-09,2.2628,BCB_PTAX
2013-07-10,2.2697,BCB_PTAX
2013-07-11,2.2672,BCB_PTAX
2013-07-12,2.267,BCB_PTAX
2013-07-15,2.2548,BCB_PTAX
2013-07-16,2.2353,BCB_PTAX
2013-07-17,2.2372,BCB_PTAX
2013-07-18,2.2297,BCB_PTAX
2013-07-19,2.2364,BCB_PTAX
2013-07-22,2.2386,BCB_PTAX
2013-07-23,2.2267,BCB_PTAX
2013-07-24,2.2348,BCB_PTAX
2013-07-25,2.2497,BCB_PTAX
2013-07-26,2.2488,BCB_PTAX
2013-07-29,2.2609,BCB_PTAX
2013-07-30,2.2734,BCB_PTAX
2013-07-31,2.2903,BCB_PTAX
2013-08-01,2.2914,BCB_PTAX
2013-08-02,2.2933,BCB_PTAX
2013-08-05,2.301,BCB_PTAX
2013-08-06,2.2955,BCB_PTAX
2013-08-07,2.3028,BCB_PTAX
2013-08-08,2.2882,BCB_PTAX
2013-08-09,2.2748,BCB_PTAX
2013-08-12,2.2722,BCB_PTAX
2013-08-13,2.3035,BCB_PTAX
2013-08-14,2.3118,BCB_PTAX
2013-08-15,2.3434,BCB_PTAX
2013-08-16,2.3565,BCB_PTAX
2013-08-19,2.398,BCB_PTAX
2013-08-20,2.3943,BCB_PTAX
2013-08-21,2.4169,BCB_PTAX
2013-08-22,2.4457,BCB_PTAX
2013-08-23,2.3868,BCB_PTAX
2013-08-26,2.3705,BCB_PTAX
2013-08-27,2.3998,BCB_PTAX
2013-08-28,2.3515,BCB_PTAX
2013-08-29,2.3578,BCB_PTAX
2013-08-30,2.3725,BCB_PTAX
2013-09-02,2.3643,BCB_PTAX
2013-09-03,2.3897,BCB_PTAX
2013-09-04,2.3538,BCB_PTAX
2013-09-05,2.3314,BCB_PTAX
2013-09-06,2.2979,BCB_PTAX
2013-09-09,2.2868,BCB_PTAX
2013-09-10,2.2779,BCB_PTAX
2013-09-11,2.2947,BCB_PTAX
2013-09-12,2.2769,BCB_PTAX
2013-09-13,2.2785,BCB_PTAX
2013-09-16,2.2649,BCB_PTAX
2013-09-17,2.2617,BCB_PTAX
2013-09-18,2.2489,BCB_PTAX
2013-09-19,2.2036,BCB_PTAX
2013-09-20,2.2053,BCB_PTAX
2013-09-23,2.2033,BCB_PTAX
2013-09-24,2.2031,BCB_PTAX
2013-09-25,2.2224,BCB_PTAX
2013-09-26,2.2285,BCB_PTAX
2013-09-27,2.2571,BCB_PTAX
2013-09-30,2.23,BCB_PTAX
2013-10-01,2.2123,BCB_PTAX
2013-10-02,2.2088,BCB_PTAX
2013-10-03,2.2069,BCB_PTAX
2013-10-04,2.2051,BCB_PTAX
2013-10-07,2.2087,BCB_PTAX
2013-10-08,2.2016,BCB_PTAX
2013-10-09,2.2054,BCB_PTAX
2013-10-10,2.185,BCB_PTAX
2013-10-11,2.1821,BCB_PTAX
2013-10-14,2.1817,BCB_PTAX
2013-10-15,2.1818,BCB_PTAX
2013-10-16,2.1629,BCB_PTAX
2013-10-17,2.1611,BCB_PTAX
2013-10-18,2.1616,BCB_PTAX
2013-10-21,2.1738,BCB_PTAX
2013-10-22,2.176,BCB_PTAX
2013-10-23,2.1826,BCB_PTAX
2013-10-24,2.2003,BCB_PTAX
2013-10-25,2.1848,BCB_PTAX
2013-10-28,2.1846,BCB_PTAX
2013-10-29,2.1804,BCB_PTAX
2013-10-30,2.1888,BCB_PTAX
2013-10-31,2.2026,BCB_PTAX
2013-11-01,2.2468,BCB_PTAX
2013-11-04,2.2426,BCB_PTAX
2013-11-05,2.2747,BCB_PTAX
2013-11-06,2.2785,BCB_PTAX
2013-11-07,2.2825,BCB_PTAX
2013-11-08,2.317,BCB_PTAX
2013-11-11,2.3142,BCB_PTAX
2013-11-12,2.3362,BCB_PTAX
2013-11-13,2.3234,BCB_PTAX
2013-11-14,2.3289,BCB_PTAX
2013-11-18,2.2828,BCB_PTAX
2013-11-19,2.2662,BCB_PTAX
2013-11-20,2.2726,BCB_PTAX
2013-11-21,2.3067,BCB_PTAX
2013-11-22,2.2913,BCB_PTAX
2013-11-25,2.2871,BCB_PTAX
2013-11-26,2.304,BCB_PTAX
2013-11-27,2.3058,BCB_PTAX
2013-11-28,2.3208,BCB_PTAX
2013-11-29,2.3249,BCB_PTAX
2013-12-02,2.3449,BCB_PTAX
2013-12-03,2.3558,BCB_PTAX
2013-12-04,2.374,BCB_PTAX
2013-12-05,2.3747,BCB_PTAX
2013-12-06,2.3525,BCB_PTAX
2013-12-09,2.3225,BCB_PTAX
2013-12-10,2.3102,BCB_PTAX
2013-12-11,2.3262,BCB_PTAX
2013-12-12,2.3338,BCB_PTAX
2013-12-13,2.3354,BCB_PTAX
2013-12-16,2.3255,BCB_PTAX
2013-12-17,2.3221,BCB_PTAX
2013-12-18,2.3274,BCB_PTAX
2013-12-19,2.3528,BCB_PTAX
2013-12-20,2.3817,BCB_PTAX
2013-12-23,2.3706,BCB_PTAX
2013-12-24,2.3554,BCB_PTAX
2013-12-26,2.3507,BCB_PTAX
2013-12-27,2.3538,BCB_PTAX
2013-12-30,2.3426,BCB_PTAX
2013-12-31,2.3426,BCB_PTAX
2014-01-02,2.3975,BCB_PTAX
2014-01-03,2.3741,BCB_PTAX
2014-01-06,2.3789,BCB_PTAX
2014-01-07,2.3634,BCB_PTAX
2014-01-08,2.3779,BCB_PTAX
2014-01-09,2.396,BCB_PTAX
2014-01-10,2.3819,BCB_PTAX
2014-01-13,2.3491,BCB_PTAX
2014-01-14,2.3617,BCB_PTAX
2014-01-15,2.347,BCB_PTAX
2014-01-16,2.3683,BCB_PTAX
2014-01-17,2.3601,BCB_PTAX
2014-01-20,2.3335,BCB_PTAX
2014-01-21,2.3608,BCB_PTAX
2014-01-22,2.3601,BCB_PTAX
2014-01-23,2.3761,BCB_PTAX
2014-01-24,2.4129,BCB_PTAX
2014-01-27,2.4044,BCB_PTAX
2014-01-28,2.4165,BCB_PTAX
2014-01-29,2.4397,BCB_PTAX
2014-01-30,2.4224,BCB_PTAX
2014-01-31,2.4263,BCB_PTAX
2014-02-03,2.409,BCB_PTAX
2014-02-04,2.4177,BCB_PTAX
2014-02-05,2.4106,BCB_PTAX
2014-02-06,2.4041,BCB_PTAX
2014-02-07,2.3817,BCB_PTAX
2014-02-10,2.3936,BCB_PTAX
2014-02-11,2.4076,BCB_PTAX
2014-02-12,2.4086,BCB_PTAX
2014-02-13,2.4238,BCB_PTAX
2014-02-14,2.3924,BCB_PTAX
2014-02-17,2.387,BCB_PTAX
2014-02-18,2.3983,BCB_PTAX
2014-02-19,2.3986,BCB_PTAX
2014-02-20,2.3799,BCB_PTAX
2014-02-21,2.3625,BCB_PTAX
2014-02-24,2.3391,BCB_PTAX
2014-02-25,2.3367,BCB_PTAX
2014-02-26,2.3454,BCB_PTAX
2014-02-27,2.3436,BCB_PTAX
2014-02-28,2.3334,BCB_PTAX
2014-03-05,2.324,BCB_PTAX
2014-03-06,2.3094,BCB_PTAX
2014-03-07,2.3382,BCB_PTAX
2014-03-10,2.341,BCB_PTAX
2014-03-11,2.3461,BCB_PTAX
2014-03-12,2.3649,BCB_PTAX
2014-03-13,2.3486,BCB_PTAX
2014-03-14,2.3638,BCB_PTAX
2014-03-17,2.3518,BCB_PTAX
2014-03-18,2.3522,BCB_PTAX
2014-03-19,2.3338,BCB_PTAX
2014-03-20,2.342,BCB_PTAX
2014-03-21,2.3245,BCB_PTAX
2014-03-24,2.3248,BCB_PTAX
2014-03-25,2.3124,BCB_PTAX
2014-03-26,2.3119,BCB_PTAX
2014-03-27,2.283,BCB_PTAX
2014-03-28,2.2603,BCB_PTAX
2014-03-31,2.263,BCB_PTAX
2014-04-01,2.262,BCB_PTAX
2014-04-02,2.2711,BCB_PTAX
2014-04-03,2.2811,BCB_PTAX
2014-04-04,2.242,BCB_PTAX
2014-04-07,2.2326,BCB_PTAX
2014-04-08,2.1974,BCB_PTAX
2014-04-09,2.2111,BCB_PTAX
2014-04-10,2.1987,BCB_PTAX
2014-04-11,2.2059,BCB_PTAX
2014-04-14,2.2096,BCB_PTAX
2014-04-15,2.2257,BCB_PTAX
2014-04-16,2.2342,BCB_PTAX
2014-04-17,2.2482,BCB_PTAX
2014-04-22,2.2449,BCB_PTAX
2014-04-23,2.2426,BCB_PTAX
2014-04-24,2.2229,BCB_PTAX
2014-04-25,2.2325,BCB_PTAX
2014-04-28,2.237,BCB_PTAX
2014-04-29,2.2199,BCB_PTAX
2014-04-30,2.236,BCB_PTAX
2014-05-02,2.2221,BCB_PTAX
2014-05-05,2.2286,BCB_PTAX
2014-05-06,2.2322,BCB_PTAX
2014-05-07,2.2282,BCB_PTAX
2014-05-08,2.2107,BCB_PTAX
2014-05-09,2.2192,BCB_PTAX
2014-05-12,2.2164,BCB_PTAX
2014-05-13,2.2101,BCB_PTAX
2014-05-14,2.2129,BCB_PTAX
2014-05-15,2.2166,BCB_PTAX
2014-05-16,2.211,BCB_PTAX
2014-05-19,2.2111,BCB_PTAX
2014-05-20,2.2156,BCB_PTAX
2014-05-21,2.2111,BCB_PTAX
2014-05-22,2.2131,BCB_PTAX
2014-05-23,2.2187,BCB_PTAX
2014-05-26,2.2209,BCB_PTAX
2014-05-27,2.2354,BCB_PTAX
2014-05-28,2.2405,BCB_PTAX
2014-05-29,2.2251,BCB_PTAX
2014-05-30,2.239,BCB_PTAX
2014-06-02,2.264,BCB_PTAX
2014-06-03,2.2654,BCB_PTAX
2014-06-04,2.2802,BCB_PTAX
2014-06-05,2.2695,BCB_PTAX
2014-06-06,2.2445,BCB_PTAX
2014-06-09,2.2336,BCB_PTAX
2014-06-10,2.2296,BCB_PTAX
2014-06-11,2.2307,BCB_PTAX
2014-06-12,2.2306,BCB_PTAX
2014-06-13,2.2347,BCB_PTAX
2014-06-16,2.2313,BCB_PTAX
2014-06-17,2.2486,BCB_PTAX
2014-06-18,2.2534,BCB_PTAX
2014-06-20,2.238,BCB_PTAX
2014-06-23,2.2195,BCB_PTAX
2014-06-24,2.2217,BCB_PTAX
2014-06-25,2.2052,BCB_PTAX
2014-06-26,2.2089,BCB_PTAX
2014-06-27,2.1975,BCB_PTAX
2014-06-30,2.2025,BCB_PTAX
2014-07-01,2.2054,BCB_PTAX
2014-07-02,2.2134,BCB_PTAX
2014-07-03,2.2281,BCB_PTAX
2014-07-04,2.2149,BCB_PTAX
2014-07-07,2.2201,BCB_PTAX
2014-07-08,2.215,BCB_PTAX
2014-07-09,2.2139,BCB_PTAX
2014-07-10,2.2237,BCB_PTAX
2014-07-11,2.2228,BCB_PTAX
2014-07-14,2.2176,BCB_PTAX
2014-07-15,2.2195,BCB_PTAX
2014-07-16,2.2193,BCB_PTAX
2014-07-17,2.2403,BCB_PTAX
2014-07-18,2.2362,BCB_PTAX
2014-07-21,2.2238,BCB_PTAX
2014-07-22,2.2129,BCB_PTAX
2014-07-23,2.2202,BCB_PTAX
2014-07-24,2.2204,BCB_PTAX
2014-07-25,2.2293,BCB_PTAX
2014-07-28,2.2302,BCB_PTAX
2014-07-29,2.2278,BCB_PTAX
2014-07-30,2.2447,BCB_PTAX
2014-07-31,2.2674,BCB_PTAX
2014-08-01,2.2607,BCB_PTAX
2014-08-04,2.2577,BCB_PTAX
2014-08-05,2.2756,BCB_PTAX
2014-08-06,2.279,BCB_PTAX
2014-08-07,2.2802,BCB_PTAX
2014-08-08,2.2986,BCB_PTAX
2014-08-11,2.2779,BCB_PTAX
2014-08-12,2.277,BCB_PTAX
2014-08-13,2.2692,BCB_PTAX
2014-08-14,2.2703,BCB_PTAX
2014-08-15,2.269,BCB_PTAX
2014-08-18,2.2595,BCB_PTAX
2014-08-19,2.2587,BCB_PTAX
2014-08-20,2.255,BCB_PTAX
2014-08-21,2.2582,BCB_PTAX
2014-08-22,2.2778,BCB_PTAX
2014-08-25,2.2808,BCB_PTAX
2014-08-26,2.2748,BCB_PTAX
2014-08-27,2.2591,BCB_PTAX
2014-08-28,2.2499,BCB_PTAX
2014-08-29,2.2396,BCB_PTAX
2014-09-01,2.2364,BCB_PTAX
2014-09-02,2.2521,BCB_PTAX
2014-09-03,2.2319,BCB_PTAX
2014-09-04,2.2356,BCB_PTAX
2014-09-05,2.2416,BCB_PTAX
2014-09-08,2.2491,BCB_PTAX
2014-09-09,2.2813,BCB_PTAX
2014-09-10,2.2967,BCB_PTAX
2014-09-11,2.288,BCB_PTAX
2014-09-12,2.3251,BCB_PTAX
2014-09-15,2.3401,BCB_PTAX
2014-09-16,2.3351,BCB_PTAX
2014-09-17,2.3384,BCB_PTAX
2014-09-18,2.3668,BCB_PTAX
2014-09-19,2.3656,BCB_PTAX
2014-09-22,2.387,BCB_PTAX
2014-09-23,2.4026,BCB_PTAX
2014-09-24,2.407,BCB_PTAX
2014-09-25,2.4085,BCB_PTAX
2014-09-26,2.431,BCB_PTAX
2014-09-29,2.4522,BCB_PTAX
2014-09-30,2.451,BCB_PTAX
2014-10-01,2.4623,BCB_PTAX
2014-10-02,2.4785,BCB_PTAX
2014-10-03,2.4932,BCB_PTAX
2014-10-06,2.4098,BCB_PTAX
2014-10-07,2.4038,BCB_PTAX
2014-10-08,2.4072,BCB_PTAX
2014-10-09,2.3914,BCB_PTAX
2014-10-10,2.4103,BCB_PTAX
2014-10-13,2.3923,BCB_PTAX
2014-10-14,2.3991,BCB_PTAX
2014-10-15,2.4316,BCB_PTAX
2014-10-16,2.477,BCB_PTAX
2014-10-17,2.4477,BCB_PTAX
2014-10-20,2.4554,BCB_PTAX
2014-10-21,2.4797,BCB_PTAX
2014-10-22,2.4781,BCB_PTAX
2014-10-23,2.5004,BCB_PTAX
2014-10-24,2.4805,BCB_PTAX
2014-10-27,2.5341,BCB_PTAX
2014-10-28,2.4869,BCB_PTAX
2014-10-29,2.4346,BCB_PTAX
2014-10-30,2.4119,BCB_PTAX
2014-10-31,2.4442,BCB_PTAX
2014-11-03,2.4839,BCB_PTAX
2014-11-04,2.5195,BCB_PTAX
2014-11-05,2.5168,BCB_PTAX
2014-11-06,2.5325,BCB_PTAX
2014-11-07,2.5721,BCB_PTAX
2014-11-10,2.539,BCB_PTAX
2014-11-11,2.5644,BCB_PTAX
2014-11-12,2.555,BCB_PTAX
2014-11-13,2.5725,BCB_PTAX
2014-11-14,2.6136,BCB_PTAX
2014-11-17,2.6035,BCB_PTAX
2014-11-18,2.5967,BCB_PTAX
2014-11-19,2.5849,BCB_PTAX
2014-11-20,2.545,BCB_PTAX
2014-11-21,2.5391,BCB_PTAX
2014-11-24,2.5282,BCB_PTAX
2014-11-25,2.5237,BCB_PTAX
2014-11-26,2.5103,BCB_PTAX
2014-11-27,2.5065,BCB_PTAX
2014-11-28,2.5601,BCB_PTAX
2014-12-01,2.5624,BCB_PTAX
2014-12-02,2.5664,BCB_PTAX
2014-12-03,2.5607,BCB_PTAX
2014-12-04,2.5797,BCB_PTAX
2014-12-05,2.5888,BCB_PTAX
2014-12-08,2.5923,BCB_PTAX
2014-12-09,2.6016,BCB_PTAX
2014-12-10,2.5931,BCB_PTAX
2014-12-11,2.6271,BCB_PTAX
2014-12-12,2.6558,BCB_PTAX
2014-12-15,2.6717,BCB_PTAX
2014-12-16,2.7403,BCB_PTAX
2014-12-17,2.7246,BCB_PTAX
2014-12-18,2.6676,BCB_PTAX
2014-12-19,2.6486,BCB_PTAX
2014-12-22,2.6527,BCB_PTAX
2014-12-23,2.6775,BCB_PTAX
2014-12-24,2.6832,BCB_PTAX
2014-12-26,2.6812,BCB_PTAX
2014-12-29,2.6783,BCB_PTAX
2014-12-30,2.6562,BCB_PTAX
2014-12-31,2.6562,BCB_PTAX
2015-01-02,2.6929,BCB_PTAX
2015-01-05,2.7107,BCB_PTAX
2015-01-06,2.7023,BCB_PTAX
2015-01-07,2.6807,BCB_PTAX
2015-01-08,2.6919,BCB_PTAX
2015-01-09,2.6583,BCB_PTAX
2015-01-12,2.6575,BCB_PTAX
2015-01-13,2.6485,BCB_PTAX
2015-01-14,2.6222,BCB_PTAX
2015-01-15,2.6122,BCB_PTAX
2015-01-16,2.6193,BCB_PTAX
2015-01-19,2.6243,BCB_PTAX
2015-01-20,2.6247,BCB_PTAX
2015-01-21,2.5968,BCB_PTAX
2015-01-22,2.5754,BCB_PTAX
2015-01-23,2.5856,BCB_PTAX
2015-01-26,2.5966,BCB_PTAX
2015-01-27,2.5809,BCB_PTAX
2015-01-28,2.5797,BCB_PTAX
2015-01-29,2.596,BCB_PTAX
2015-01-30,2.6623,BCB_PTAX
2015-02-02,2.6894,BCB_PTAX
2015-02-03,2.7059,BCB_PTAX
2015-02-04,2.7148,BCB_PTAX
2015-02-05,2.7386,BCB_PTAX
2015-02-06,2.7641,BCB_PTAX
2015-02-09,2.7873,BCB_PTAX
2015-02-10,2.8075,BCB_PTAX
2015-02-11,2.8576,BCB_PTAX
2015-02-12,2.8625,BCB_PTAX
2015-02-13,2.8392,BCB_PTAX
2015-02-18,2.843,BCB_PTAX
2015-02-19,2.8545,BCB_PTAX
2015-02-20,2.8701,BCB_PTAX
2015-02-23,2.8811,BCB_PTAX
2015-02-24,2.8649,BCB_PTAX
2015-02-25,2.8646,BCB_PTAX
2015-02-26,2.8728,BCB_PTAX
2015-02-27,2.8782,BCB_PTAX
2015-03-02,2.8655,BCB_PTAX
2015-03-03,2.9051,BCB_PTAX
2015-03-04,2.9804,BCB_PTAX
2015-03-05,2.9931,BCB_PTAX
2015-03-06,3.0366,BCB_PTAX
2015-03-09,3.1018,BCB_PTAX
2015-03-10,3.1299,BCB_PTAX
2015-03-11,3.1162,BCB_PTAX
2015-03-12,3.1171,BCB_PTAX
2015-03-13,3.2264,BCB_PTAX
2015-03-16,3.2257,BCB_PTAX
2015-03-17,3.2683,BCB_PTAX
2015-03-18,3.2518,BCB_PTAX
2015-03-19,3.2642,BCB_PTAX
2015-03-20,3.2423,BCB_PTAX
2015-03-23,3.18,BCB_PTAX
2015-03-24,3.131,BCB_PTAX
2015-03-25,3.1476,BCB_PTAX
2015-03-26,3.1915,BCB_PTAX
2015-03-27,3.2259,BCB_PTAX
2015-03-30,3.2601,BCB_PTAX
2015-03-31,3.208,BCB_PTAX
2015-04-01,3.1556,BCB_PTAX
2015-04-02,3.1492,BCB_PTAX
2015-04-06,3.0926,BCB_PTAX
2015-04-07,3.1231,BCB_PTAX
2015-04-08,3.0834,BCB_PTAX
2015-04-09,3.0466,BCB_PTAX
2015-04-10,3.0796,BCB_PTAX
2015-04-13,3.1011,BCB_PTAX
2015-04-14,3.088,BCB_PTAX
2015-04-15,3.0681,BCB_PTAX
2015-04-16,3.0249,BCB_PTAX
2015-04-17,3.0544,BCB_PTAX
2015-04-20,3.0473,BCB_PTAX
2015-04-22,3.0186,BCB_PTAX
2015-04-23,3.0084,BCB_PTAX
2015-04-24,2.9745,BCB_PTAX
2015-04-27,2.9236,BCB_PTAX
2015-04-28,2.8943,BCB_PTAX
2015-04-29,2.9375,BCB_PTAX
2015-04-30,2.9936,BCB_PTAX
2015-05-04,3.0754,BCB_PTAX
2015-05-05,3.0626,BCB_PTAX
2015-05-06,3.042,BCB_PTAX
2015-05-07,3.0421,BCB_PTAX
2015-05-08,2.9966,BCB_PTAX
2015-05-11,3.0175,BCB_PTAX
2015-05-12,3.0389,BCB_PTAX
2015-05-13,3.0103,BCB_PTAX
2015-05-14,3.0032,BCB_PTAX
2015-05-15,2.9894,BCB_PTAX
2015-05-18,3.0145,BCB_PTAX
2015-05-19,3.0284,BCB_PTAX
2015-05-20,3.0347,BCB_PTAX
2015-05-21,3.0295,BCB_PTAX
2015-05-22,3.0653,BCB_PTAX
2015-05-25,3.1212,BCB_PTAX
2015-05-26,3.1351,BCB_PTAX
2015-05-27,3.174,BCB_PTAX
2015-05-28,3.1748,BCB_PTAX
2015-05-29,3.1788,BCB_PTAX
2015-06-01,3.1789,BCB_PTAX
2015-06-02,3.1443,BCB_PTAX
2015-06-03,3.1184,BCB_PTAX
2015-06-05,3.1684,BCB_PTAX
2015-06-08,3.119,BCB_PTAX
2015-06-09,3.0991,BCB_PTAX
2015-06-10,3.0843,BCB_PTAX
2015-06-11,3.1514,BCB_PTAX
2015-06-12,3.1107,BCB_PTAX
2015-06-15,3.1036,BCB_PTAX
2015-06-16,3.1082,BCB_PTAX
2015-06-17,3.0989,BCB_PTAX
2015-06-18,3.0472,BCB_PTAX
2015-06-19,3.0788,BCB_PTAX
2015-06-22,3.0757,BCB_PTAX
2015-06-23,3.1042,BCB_PTAX
2015-06-24,3.0852,BCB_PTAX
2015-06-25,3.1015,BCB_PTAX
2015-06-26,3.1271,BCB_PTAX
2015-06-29,3.139,BCB_PTAX
2015-06-30,3.1026,BCB_PTAX
2015-07-01,3.1191,BCB_PTAX
2015-07-02,3.1173,BCB_PTAX
2015-07-03,3.1271,BCB_PTAX
2015-07-06,3.1431,BCB_PTAX
2015-07-07,3.1809,BCB_PTAX
2015-07-08,3.2282,BCB_PTAX
2015-07-09,3.2163,BCB_PTAX
2015-07-10,3.1897,BCB_PTAX
2015-07-13,3.1594,BCB_PTAX
2015-07-14,3.123,BCB_PTAX
2015-07-15,3.1532,BCB_PTAX
2015-07-16,3.1375,BCB_PTAX
2015-07-17,3.1832,BCB_PTAX
2015-07-20,3.2149,BCB_PTAX
2015-07-21,3.1813,BCB_PTAX
2015-07-22,3.2094,BCB_PTAX
2015-07-23,3.285,BCB_PTAX
2015-07-24,3.3254,BCB_PTAX
2015-07-27,3.3557,BCB_PTAX
2015-07-28,3.3815,BCB_PTAX
2015-07-29,3.3419,BCB_PTAX
2015-07-30,3.3652,BCB_PTAX
2015-07-31,3.394,BCB_PTAX
2015-08-03,3.4425,BCB_PTAX
2015-08-04,3.4675,BCB_PTAX
2015-08-05,3.4851,BCB_PTAX
2015-08-06,3.5347,BCB_PTAX
2015-08-07,3.5181,BCB_PTAX
2015-08-10,3.4909,BCB_PTAX
2015-08-11,3.4925,BCB_PTAX
2015-08-12,3.4826,BCB_PTAX
2015-08-13,3.5074,BCB_PTAX
2015-08-14,3.4761,BCB_PTAX
2015-08-17,3.4746,BCB_PTAX
2015-08-18,3.4811,BCB_PTAX
2015-08-19,3.4849,BCB_PTAX
2015-08-20,3.4751,BCB_PTAX
2015-08-21,3.4896,BCB_PTAX
2015-08-24,3.5494,BCB_PTAX
2015-08-25,3.5345,BCB_PTAX
2015-08-26,3.6326,BCB_PTAX
2015-08-27,3.5555,BCB_PTAX
2015-08-28,3.579,BCB_PTAX
2015-08-31,3.6467,BCB_PTAX
2015-09-01,3.6725,BCB_PTAX
2015-09-02,3.7314,BCB_PTAX
2015-09-03,3.776,BCB_PTAX
2015-09-04,3.7986,BCB_PTAX
2015-09-08,3.8028,BCB_PTAX
2015-09-09,3.787,BCB_PTAX
2015-09-10,3.8698,BCB_PTAX
2015-09-11,3.8698,BCB_PTAX
2015-09-14,3.8653,BCB_PTAX
2015-09-15,3.8599,BCB_PTAX
2015-09-16,3.8368,BCB_PTAX
2015-09-17,3.8921,BCB_PTAX
2015-09-18,3.9021,BCB_PTAX
2015-09-21,3.9821,BCB_PTAX
2015-09-22,4.0425,BCB_PTAX
2015-09-23,4.1041,BCB_PTAX
2015-09-24,4.1949,BCB_PTAX
2015-09-25,3.9479,BCB_PTAX
2015-09-28,4.0099,BCB_PTAX
2015-09-29,4.1172,BCB_PTAX
2015-09-30,3.9729,BCB_PTAX
2015-10-01,3.9794,BCB_PTAX
2015-10-02,4.001,BCB_PTAX
2015-10-05,3.9141,BCB_PTAX
2015-10-06,3.8567,BCB_PTAX
2015-10-07,3.806,BCB_PTAX
2015-10-08,3.8517,BCB_PTAX
2015-10-09,3.7386,BCB_PTAX
2015-10-13,3.825,BCB_PTAX
2015-10-14,3.8507,BCB_PTAX
2015-10-15,3.8344,BCB_PTAX
2015-10-16,3.8438,BCB_PTAX
2015-10-19,3.9015,BCB_PTAX
2015-10-20,3.8656,BCB_PTAX
2015-10-21,3.9386,BCB_PTAX
2015-10-22,3.936,BCB_PTAX
2015-10-23,3.8988,BCB_PTAX
2015-10-26,3.8582,BCB_PTAX
2015-10-27,3.9114,BCB_PTAX
2015-10-28,3.8797,BCB_PTAX
2015-10-29,3.9328,BCB_PTAX
2015-10-30,3.8589,BCB_PTAX
2015-11-03,3.8126,BCB_PTAX
2015-11-04,3.7687,BCB_PTAX
2015-11-05,3.7893,BCB_PTAX
2015-11-06,3.8059,BCB_PTAX
2015-11-09,3.7928,BCB_PTAX
2015-11-10,3.7981,BCB_PTAX
2015-11-11,3.7327,BCB_PTAX
2015-11-12,3.7996,BCB_PTAX
2015-11-13,3.8023,BCB_PTAX
2015-11-16,3.8336,BCB_PTAX
2015-11-17,3.8052,BCB_PTAX
2015-11-18,3.7921,BCB_PTAX
2015-11-19,3.7442,BCB_PTAX
2015-11-20,3.701,BCB_PTAX
2015-11-23,3.7231,BCB_PTAX
2015-11-24,3.7081,BCB_PTAX
2015-11-25,3.7688,BCB_PTAX
2015-11-26,3.7606,BCB_PTAX
2015-11-27,3.7399,BCB_PTAX
2015-11-30,3.8506,BCB_PTAX
2015-12-01,3.8745,BCB_PTAX
2015-12-02,3.8545,BCB_PTAX
2015-12-03,3.797,BCB_PTAX
2015-12-04,3.7575,BCB_PTAX
2015-12-07,3.7476,BCB_PTAX
2015-12-08,3.7921,BCB_PTAX
2015-12-09,3.758,BCB_PTAX
2015-12-10,3.7685,BCB_PTAX
2015-12-11,3.8548,BCB_PTAX
2015-12-14,3.9023,BCB_PTAX
2015-12-15,3.8703,BCB_PTAX
2015-12-16,3.9357,BCB_PTAX
2015-12-17,3.8929,BCB_PTAX
2015-12-18,3.9062,BCB_PTAX
2015-12-21,3.9831,BCB_PTAX
2015-12-22,3.977,BCB_PTAX
2015-12-23,3.9632,BCB_PTAX
2015-12-24,3.9524,BCB_PTAX
2015-12-28,3.9186,BCB_PTAX
2015-12-29,3.8492,BCB_PTAX
2015-12-30,3.9048,BCB_PTAX
2015-12-31,3.9048,BCB_PTAX
2016-01-04,4.0387,BCB_PTAX
2016-01-05,4.0114,BCB_PTAX
2016-01-06,4.0303,BCB_PTAX
2016-01-07,4.0475,BCB_PTAX
2016-01-08,4.025,BCB_PTAX
2016-01-11,4.0153,BCB_PTAX
2016-01-12,4.0299,BCB_PTAX
2016-01-13,3.9863,BCB_PTAX
2016-01-14,4.0223,BCB_PTAX
2016-01-15,4.0402,BCB_PTAX
2016-01-18,4.0364,BCB_PTAX
2016-01-19,4.0303,BCB_PTAX
2016-01-20,4.0861,BCB_PTAX
2016-01-21,4.1558,BCB_PTAX
2016-01-22,4.1232,BCB_PTAX
2016-01-25,4.1002,BCB_PTAX
2016-01-26,4.0967,BCB_PTAX
2016-01-27,4.0448,BCB_PTAX
2016-01-28,4.0838,BCB_PTAX
2016-01-29,4.0428,BCB_PTAX
2016-02-01,3.9986,BCB_PTAX
2016-02-02,3.9919,BCB_PTAX
2016-02-03,3.9558,BCB_PTAX
2016-02-04,3.8653,BCB_PTAX
2016-02-05,3.8975,BCB_PTAX
2016-02-10,3.9412,BCB_PTAX
2016-02-11,3.9642,BCB_PTAX
2016-02-12,3.9891,BCB_PTAX
2016-02-15,3.9885,BCB_PTAX
2016-02-16,4.0213,BCB_PTAX
2016-02-17,4.0318,BCB_PTAX
2016-02-18,4.0091,BCB_PTAX
2016-02-19,4.0492,BCB_PTAX
2016-02-22,3.9618,BCB_PTAX
2016-02-23,3.9684,BCB_PTAX
2016-02-24,3.99,BCB_PTAX
2016-02-25,3.94,BCB_PTAX
2016-02-26,3.9578,BCB_PTAX
2016-02-29,3.9796,BCB_PTAX
2016-03-01,3.9913,BCB_PTAX
2016-03-02,3.9116,BCB_PTAX
2016-03-03,3.8504,BCB_PTAX
2016-03-04,3.7188,BCB_PTAX
2016-03-07,3.7714,BCB_PTAX
2016-03-08,3.7813,BCB_PTAX
2016-03-09,3.7037,BCB_PTAX
2016-03-10,3.67,BCB_PTAX
2016-03-11,3.6271,BCB_PTAX
2016-03-14,3.6239,BCB_PTAX
2016-03-15,3.7116,BCB_PTAX
2016-03-16,3.8079,BCB_PTAX
2016-03-17,3.6445,BCB_PTAX
2016-03-18,3.6146,BCB_PTAX
2016-03-21,3.6229,BCB_PTAX
2016-03-22,3.6073,BCB_PTAX
2016-03-23,3.6531,BCB_PTAX
2016-03-24,3.6948,BCB_PTAX
2016-03-28,3.6408,BCB_PTAX
2016-03-29,3.6687,BCB_PTAX
2016-03-30,3.6116,BCB_PTAX
2016-03-31,3.5589,BCB_PTAX
2016-04-01,3.5799,BCB_PTAX
2016-04-04,3.5871,BCB_PTAX
2016-04-05,3.6581,BCB_PTAX
2016-04-06,3.6749,BCB_PTAX
2016-04-07,3.6921,BCB_PTAX
2016-04-08,3.6385,BCB_PTAX
2016-04-11,3.5284,BCB_PTAX
2016-04-12,3.5406,BCB_PTAX
2016-04-13,3.5429,BCB_PTAX
2016-04-14,3.5126,BCB_PTAX
2016-04-15,3.5276,BCB_PTAX
2016-04-18,3.5904,BCB_PTAX
2016-04-19,3.5538,BCB_PTAX
2016-04-20,3.5503,BCB_PTAX
2016-04-22,3.5829,BCB_PTAX
2016-04-25,3.5472,BCB_PTAX
2016-04-26,3.5301,BCB_PTAX
2016-04-27,3.5295,BCB_PTAX
2016-04-28,3.4992,BCB_PTAX
2016-04-29,3.4508,BCB_PTAX
2016-05-02,3.4991,BCB_PTAX
2016-05-03,3.555,BCB_PTAX
2016-05-04,3.5397,BCB_PTAX
2016-05-05,3.5296,BCB_PTAX
2016-05-06,3.5362,BCB_PTAX
2016-05-09,3.5387,BCB_PTAX
2016-05-10,3.4772,BCB_PTAX
2016-05-11,3.4645,BCB_PTAX
2016-05-12,3.4877,BCB_PTAX
2016-05-13,3.5041,BCB_PTAX
2016-05-16,3.5035,BCB_PTAX
2016-05-17,3.5037,BCB_PTAX
2016-05-18,3.5368,BCB_PTAX
2016-05-19,3.6003,BCB_PTAX
2016-05-20,3.5419,BCB_PTAX
2016-05-23,3.566,BCB_PTAX
2016-05-24,3.5491,BCB_PTAX
2016-05-25,3.5804,BCB_PTAX
2016-05-27,3.6168,BCB_PTAX
2016-05-30,3.5997,BCB_PTAX
2016-05-31,3.5951,BCB_PTAX
2016-06-01,3.6126,BCB_PTAX
2016-06-02,3.5961,BCB_PTAX
2016-06-03,3.5409,BCB_PTAX
2016-06-06,3.5098,BCB_PTAX
2016-06-07,3.4745,BCB_PTAX
2016-06-08,3.3898,BCB_PTAX
2016-06-09,3.3817,BCB_PTAX
2016-06-10,3.4261,BCB_PTAX
2016-06-13,3.4533,BCB_PTAX
2016-06-14,3.4839,BCB_PTAX
2016-06-15,3.4768,BCB_PTAX
2016-06-16,3.4904,BCB_PTAX
2016-06-17,3.4372,BCB_PTAX
2016-06-20,3.3835,BCB_PTAX
2016-06-21,3.3897,BCB_PTAX
2016-06-22,3.3883,BCB_PTAX
2016-06-23,3.3533,BCB_PTAX
2016-06-24,3.3772,BCB_PTAX
2016-06-27,3.3934,BCB_PTAX
2016-06-28,3.3267,BCB_PTAX
2016-06-29,3.2435,BCB_PTAX
2016-06-30,3.2098,BCB_PTAX
2016-07-01,3.2298,BCB_PTAX
2016-07-04,3.248,BCB_PTAX
2016-07-05,3.2904,BCB_PTAX
2016-07-06,3.3242,BCB_PTAX
2016-07-07,3.3388,BCB_PTAX
2016-07-08,3.2968,BCB_PTAX
2016-07-11,3.3031,BCB_PTAX
2016-07-12,3.275,BCB_PTAX
2016-07-13,3.2896,BCB_PTAX
2016-07-14,3.2311,BCB_PTAX
2016-07-15,3.2656,BCB_PTAX
2016-07-18,3.2634,BCB_PTAX
2016-07-19,3.2801,BCB_PTAX
2016-07-20,3.2512,BCB_PTAX
2016-07-21,3.2585,BCB_PTAX
2016-07-22,3.2854,BCB_PTAX
2016-07-25,3.2819,BCB_PTAX
2016-07-26,3.279,BCB_PTAX
2016-07-27,3.282,BCB_PTAX
2016-07-28,3.274,BCB_PTAX
2016-07-29,3.239,BCB_PTAX
2016-08-01,3.2662,BCB_PTAX
2016-08-02,3.249,BCB_PTAX
2016-08-03,3.2733,BCB_PTAX
2016-08-04,3.2183,BCB_PTAX
2016-08-05,3.1859,BCB_PTAX
2016-08-08,3.1771,BCB_PTAX
2016-08-09,3.1503,BCB_PTAX
2016-08-10,3.1302,BCB_PTAX
2016-08-11,3.1364,BCB_PTAX
2016-08-12,3.1602,BCB_PTAX
2016-08-15,3.1672,BCB_PTAX
2016-08-16,3.1749,BCB_PTAX
2016-08-17,3.2248,BCB_PTAX
2016-08-18,3.2215,BCB_PTAX
2016-08-19,3.2267,BCB_PTAX
2016-08-22,3.2163,BCB_PTAX
2016-08-23,3.2054,BCB_PTAX
2016-08-24,3.2372,BCB_PTAX
2016-08-25,3.2319,BCB_PTAX
2016-08-26,3.2153,BCB_PTAX
2016-08-29,3.2613,BCB_PTAX
2016-08-30,3.2525,BCB_PTAX
2016-08-31,3.2403,BCB_PTAX
2016-09-01,3.2472,BCB_PTAX
2016-09-02,3.2431,BCB_PTAX
2016-09-05,3.2721,BCB_PTAX
2016-09-06,3.2452,BCB_PTAX
2016-09-08,3.1934,BCB_PTAX
2016-09-09,3.2638,BCB_PTAX
2016-09-12,3.2854,BCB_PTAX
2016-09-13,3.2972,BCB_PTAX
2016-09-14,3.3262,BCB_PTAX
2016-09-15,3.3326,BCB_PTAX
2016-09-16,3.3004,BCB_PTAX
2016-09-19,3.2636,BCB_PTAX
2016-09-20,3.254,BCB_PTAX
2016-09-21,3.2408,BCB_PTAX
2016-09-22,3.2015,BCB_PTAX
2016-09-23,3.2242,BCB_PTAX
2016-09-26,3.24,BCB_PTAX
2016-09-27,3.2358,BCB_PTAX
2016-09-28,3.2476,BCB_PTAX
2016-09-29,3.2235,BCB_PTAX
2016-09-30,3.2462,BCB_PTAX
2016-10-03,3.2338,BCB_PTAX
2016-10-04,3.2203,BCB_PTAX
2016-10-05,3.2359,BCB_PTAX
2016-10-06,3.231,BCB_PTAX
2016-10-07,3.2134,BCB_PTAX
2016-10-10,3.2125,BCB_PTAX
2016-10-11,3.2136,BCB_PTAX
2016-10-13,3.2087,BCB_PTAX
2016-10-14,3.1864,BCB_PTAX
2016-10-17,3.1963,BCB_PTAX
2016-10-18,3.1874,BCB_PTAX
2016-10-19,3.18,BCB_PTAX
2016-10-20,3.1605,BCB_PTAX
2016-10-21,3.1593,BCB_PTAX
2016-10-24,3.1311,BCB_PTAX
2016-10-25,3.1193,BCB_PTAX
2016-10-26,3.1219,BCB_PTAX
2016-10-27,3.1429,BCB_PTAX
2016-10-28,3.1815,BCB_PTAX
2016-10-31,3.1811,BCB_PTAX
2016-11-01,3.2053,BCB_PTAX
2016-11-03,3.231,BCB_PTAX
2016-11-04,3.2449,BCB_PTAX
2016-11-07,3.2024,BCB_PTAX
2016-11-08,3.2024,BCB_PTAX
2016-11-09,3.2258,BCB_PTAX
2016-11-10,3.3104,BCB_PTAX
2016-11-11,3.4377,BCB_PTAX
2016-11-14,3.4446,BCB_PTAX
2016-11-16,3.4183,BCB_PTAX
2016-11-17,3.4052,BCB_PTAX
2016-11-18,3.3917,BCB_PTAX
2016-11-21,3.3517,BCB_PTAX
2016-11-22,3.3476,BCB_PTAX
2016-11-23,3.3927,BCB_PTAX
2016-11-24,3.3987,BCB_PTAX
2016-11-25,3.4279,BCB_PTAX
2016-11-28,3.3996,BCB_PTAX
2016-11-29,3.406,BCB_PTAX
2016-11-30,3.3967,BCB_PTAX
2016-12-01,3.4362,BCB_PTAX
2016-12-02,3.465,BCB_PTAX
2016-12-05,3.4598,BCB_PTAX
2016-12-06,3.4354,BCB_PTAX
2016-12-07,3.3895,BCB_PTAX
2016-12-08,3.4008,BCB_PTAX
2016-12-09,3.3858,BCB_PTAX
2016-12-12,3.3697,BCB_PTAX
2016-12-13,3.334,BCB_PTAX
2016-12-14,3.3103,BCB_PTAX
2016-12-15,3.383,BCB_PTAX
2016-12-16,3.3712,BCB_PTAX
2016-12-19,3.3778,BCB_PTAX
2016-12-20,3.3586,BCB_PTAX
2016-12-21,3.3297,BCB_PTAX
2016-12-22,3.3302,BCB_PTAX
2016-12-23,3.2696,BCB_PTAX
2016-12-26,3.2701,BCB_PTAX
2016-12-27,3.2776,BCB_PTAX
2016-12-28,3.2774,BCB_PTAX
2016-12-29,3.2591,BCB_PTAX
2016-12-30,3.2591,BCB_PTAX
2017-01-02,3.2729,BCB_PTAX
2017-01-03,3.2632,BCB_PTAX
2017-01-04,3.2333,BCB_PTAX
2017-01-05,3.2129,BCB_PTAX
2017-01-06,3.2057,BCB_PTAX
2017-01-09,3.2097,BCB_PTAX
2017-01-10,3.1918,BCB_PTAX
2017-01-11,3.2154,BCB_PTAX
2017-01-12,3.1661,BCB_PTAX
2017-01-13,3.2034,BCB_PTAX
2017-01-16,3.2234,BCB_PTAX
2017-01-17,3.21,BCB_PTAX
2017-01-18,3.2211,BCB_PTAX
2017-01-19,3.2113,BCB_PTAX
2017-01-20,3.1918,BCB_PTAX
2017-01-23,3.1609,BCB_PTAX
2017-01-24,3.1649,BCB_PTAX
2017-01-25,3.169,BCB_PTAX
2017-01-26,3.1804,BCB_PTAX
2017-01-27,3.1596,BCB_PTAX
2017-01-30,3.1316,BCB_PTAX
2017-01-31,3.127,BCB_PTAX
2017-02-01,3.1479,BCB_PTAX
2017-02-02,3.1196,BCB_PTAX
2017-02-03,3.1241,BCB_PTAX
2017-02-06,3.1179,BCB_PTAX
2017-02-07,3.1304,BCB_PTAX
2017-02-08,3.1255,BCB_PTAX
2017-02-09,3.1185,BCB_PTAX
2017-02-10,3.1155,BCB_PTAX
2017-02-13,3.1175,BCB_PTAX
2017-02-14,3.1004,BCB_PTAX
2017-02-15,3.0779,BCB_PTAX
2017-02-16,3.051,BCB_PTAX
2017-02-17,3.095,BCB_PTAX
2017-02-20,3.0918,BCB_PTAX
2017-02-21,3.097,BCB_PTAX
2017-02-22,3.0824,BCB_PTAX
2017-02-23,3.0638,BCB_PTAX
2017-02-24,3.0993,BCB_PTAX
2017-03-01,3.0976,BCB_PTAX
2017-03-02,3.1138,BCB_PTAX
2017-03-03,3.1364,BCB_PTAX
2017-03-06,3.1111,BCB_PTAX
2017-03-07,3.1185,BCB_PTAX
2017-03-08,3.1477,BCB_PTAX
2017-03-09,3.1735,BCB_PTAX
2017-03-10,3.1623,BCB_PTAX
2017-03-13,3.1541,BCB_PTAX
2017-03-14,3.1639,BCB_PTAX
2017-03-15,3.1629,BCB_PTAX
2017-03-16,3.108,BCB_PTAX
2017-03-17,3.1075,BCB_PTAX
2017-03-20,3.0898,BCB_PTAX
2017-03-21,3.0765,BCB_PTAX
2017-03-22,3.0939,BCB_PTAX
2017-03-23,3.1248,BCB_PTAX
2017-03-24,3.1282,BCB_PTAX
2017-03-27,3.1256,BCB_PTAX
2017-03-28,3.1303,BCB_PTAX
2017-03-29,3.1229,BCB_PTAX
2017-03-30,3.1247,BCB_PTAX
2017-03-31,3.1684,BCB_PTAX
2017-04-03,3.1167,BCB_PTAX
2017-04-04,3.1231,BCB_PTAX
2017-04-05,3.0923,BCB_PTAX
2017-04-06,3.116,BCB_PTAX
2017-04-07,3.1302,BCB_PTAX
2017-04-10,3.1409,BCB_PTAX
2017-04-11,3.1424,BCB_PTAX
2017-04-12,3.1463,BCB_PTAX
2017-04-13,3.1269,BCB_PTAX
2017-04-17,3.1036,BCB_PTAX
2017-04-18,3.0958,BCB_PTAX
2017-04-19,3.1294,BCB_PTAX
2017-04-20,3.1453,BCB_PTAX
2017-04-24,3.1251,BCB_PTAX
2017-04-25,3.1577,BCB_PTAX
2017-04-26,3.1847,BCB_PTAX
2017-04-27,3.1763,BCB_PTAX
2017-04-28,3.1984,BCB_PTAX
2017-05-02,3.1724,BCB_PTAX
2017-05-03,3.1489,BCB_PTAX
2017-05-04,3.178,BCB_PTAX
2017-05-05,3.1764,BCB_PTAX
2017-05-08,3.1938,BCB_PTAX
2017-05-09,3.1857,BCB_PTAX
2017-05-10,3.1606,BCB_PTAX
2017-05-11,3.1559,BCB_PTAX
2017-05-12,3.129,BCB_PTAX
2017-05-15,3.1011,BCB_PTAX
2017-05-16,3.0924,BCB_PTAX
2017-05-17,3.1076,BCB_PTAX
2017-05-18,3.3807,BCB_PTAX
2017-05-19,3.2878,BCB_PTAX
2017-05-22,3.2863,BCB_PTAX
2017-05-23,3.2654,BCB_PTAX
2017-05-24,3.2629,BCB_PTAX
2017-05-25,3.2824,BCB_PTAX
2017-05-26,3.2614,BCB_PTAX
2017-05-29,3.2709,BCB_PTAX
2017-05-30,3.2659,BCB_PTAX
2017-05-31,3.2437,BCB_PTAX
2017-06-01,3.2307,BCB_PTAX
2017-06-02,3.2401,BCB_PTAX
2017-06-05,3.282,BCB_PTAX
2017-06-06,3.2817,BCB_PTAX
2017-06-07,3.2747,BCB_PTAX
2017-06-08,3.2838,BCB_PTAX
2017-06-09,3.274,BCB_PTAX
2017-06-12,3.2986,BCB_PTAX
2017-06-13,3.3208,BCB_PTAX
2017-06-14,3.2836,BCB_PTAX
2017-06-16,3.2892,BCB_PTAX
2017-06-19,3.2975,BCB_PTAX
2017-06-20,3.3145,BCB_PTAX
2017-06-21,3.3247,BCB_PTAX
2017-06-22,3.3362,BCB_PTAX
2017-06-23,3.3342,BCB_PTAX
2017-06-26,3.3128,BCB_PTAX
2017-06-27,3.3172,BCB_PTAX
2017-06-28,3.303,BCB_PTAX
2017-06-29,3.2952,BCB_PTAX
2017-06-30,3.3082,BCB_PTAX
2017-07-03,3.3015,BCB_PTAX
2017-07-04,3.305,BCB_PTAX
2017-07-05,3.3193,BCB_PTAX
2017-07-06,3.3064,BCB_PTAX
2017-07-07,3.2895,BCB_PTAX
2017-07-10,3.265,BCB_PTAX
2017-07-11,3.2522,BCB_PTAX
2017-07-12,3.2264,BCB_PTAX
2017-07-13,3.2108,BCB_PTAX
2017-07-14,3.1899,BCB_PTAX
2017-07-17,3.1821,BCB_PTAX
2017-07-18,3.1668,BCB_PTAX
2017-07-19,3.1533,BCB_PTAX
2017-07-20,3.1402,BCB_PTAX
2017-07-21,3.1256,BCB_PTAX
2017-07-24,3.1459,BCB_PTAX
2017-07-25,3.1556,BCB_PTAX
2017-07-26,3.1657,BCB_PTAX
2017-07-27,3.1513,BCB_PTAX
2017-07-28,3.1457,BCB_PTAX
2017-07-31,3.1307,BCB_PTAX
2017-08-01,3.1161,BCB_PTAX
2017-08-02,3.1268,BCB_PTAX
2017-08-03,3.1194,BCB_PTAX
2017-08-04,3.1224,BCB_PTAX
2017-08-07,3.1267,BCB_PTAX
2017-08-08,3.132,BCB_PTAX
2017-08-09,3.1464,BCB_PTAX
2017-08-10,3.1543,BCB_PTAX
2017-08-11,3.1695,BCB_PTAX
2017-08-14,3.1888,BCB_PTAX
2017-08-15,3.1976,BCB_PTAX
2017-08-16,3.167,BCB_PTAX
2017-08-17,3.1603,BCB_PTAX
2017-08-18,3.1654,BCB_PTAX
2017-08-21,3.1443,BCB_PTAX
2017-08-22,3.1539,BCB_PTAX
2017-08-23,3.1569,BCB_PTAX
2017-08-24,3.1404,BCB_PTAX
2017-08-25,3.1462,BCB_PTAX
2017-08-28,3.1563,BCB_PTAX
2017-08-29,3.1695,BCB_PTAX
2017-08-30,3.1638,BCB_PTAX
2017-08-31,3.1471,BCB_PTAX
2017-09-01,3.1333,BCB_PTAX
2017-09-04,3.1389,BCB_PTAX
2017-09-05,3.1203,BCB_PTAX
2017-09-06,3.1133,BCB_PTAX
2017-09-08,3.0908,BCB_PTAX
2017-09-11,3.0852,BCB_PTAX
2017-09-12,3.1144,BCB_PTAX
2017-09-13,3.1343,BCB_PTAX
2017-09-14,3.1354,BCB_PTAX
2017-09-15,3.1255,BCB_PTAX
2017-09-18,3.1239,BCB_PTAX
2017-09-19,3.1323,BCB_PTAX
2017-09-20,3.1281,BCB_PTAX
2017-09-21,3.1347,BCB_PTAX
2017-09-22,3.1285,BCB_PTAX
2017-09-25,3.1412,BCB_PTAX
2017-09-26,3.1674,BCB_PTAX
2017-09-27,3.1932,BCB_PTAX
2017-09-28,3.1871,BCB_PTAX
2017-09-29,3.168,BCB_PTAX
2017-10-02,3.1642,BCB_PTAX
2017-10-03,3.1502,BCB_PTAX
2017-10-04,3.1315,BCB_PTAX
2017-10-05,3.1347,BCB_PTAX
2017-10-06,3.1648,BCB_PTAX
2017-10-09,3.177,BCB_PTAX
2017-10-10,3.1688,BCB_PTAX
2017-10-11,3.1639,BCB_PTAX
2017-10-13,3.1572,BCB_PTAX
2017-10-16,3.1607,BCB_PTAX
2017-10-17,3.1769,BCB_PTAX
2017-10-18,3.1673,BCB_PTAX
2017-10-19,3.1732,BCB_PTAX
2017-10-20,3.1833,BCB_PTAX
2017-10-23,3.2003,BCB_PTAX
2017-10-24,3.247,BCB_PTAX
2017-10-25,3.2387,BCB_PTAX
2017-10-26,3.2444,BCB_PTAX
2017-10-27,3.2801,BCB_PTAX
2017-10-30,3.2547,BCB_PTAX
2017-10-31,3.2769,BCB_PTAX
2017-11-01,3.2736,BCB_PTAX
2017-11-03,3.292,BCB_PTAX
2017-11-06,3.2851,BCB_PTAX
2017-11-07,3.2733,BCB_PTAX
2017-11-08,3.2509,BCB_PTAX
2017-11-09,3.2515,BCB_PTAX
2017-11-10,3.2661,BCB_PTAX
2017-11-13,3.2873,BCB_PTAX
2017-11-14,3.2834,BCB_PTAX
2017-11-16,3.2808,BCB_PTAX
2017-11-17,3.2788,BCB_PTAX
2017-11-20,3.2623,BCB_PTAX
2017-11-21,3.2591,BCB_PTAX
2017-11-22,3.2561,BCB_PTAX
2017-11-23,3.2371,BCB_PTAX
2017-11-24,3.23,BCB_PTAX
2017-11-27,3.2218,BCB_PTAX
2017-11-28,3.2232,BCB_PTAX
2017-11-29,3.2136,BCB_PTAX
2017-11-30,3.2616,BCB_PTAX
2017-12-01,3.2636,BCB_PTAX
2017-12-04,3.2506,BCB_PTAX
2017-12-05,3.2322,BCB_PTAX
2017-12-06,3.2354,BCB_PTAX
2017-12-07,3.2892,BCB_PTAX
2017-12-08,3.2811,BCB_PTAX
2017-12-11,3.2845,BCB_PTAX
2017-12-12,3.3149,BCB_PTAX
2017-12-13,3.3036,BCB_PTAX
2017-12-14,3.3332,BCB_PTAX
2017-12-15,3.3182,BCB_PTAX
2017-12-18,3.2881,BCB_PTAX
2017-12-19,3.2883,BCB_PTAX
2017-12-20,3.2909,BCB_PTAX
2017-12-21,3.3045,BCB_PTAX
2017-12-22,3.3209,BCB_PTAX
2017-12-26,3.32,BCB_PTAX
2017-12-27,3.3031,BCB_PTAX
2017-12-28,3.308,BCB_PTAX
2017-12-29,3.308,BCB_PTAX
2018-01-02,3.2697,BCB_PTAX
2018-01-03,3.2535,BCB_PTAX
2018-01-04,3.2318,BCB_PTAX
2018-01-05,3.2409,BCB_PTAX
2018-01-08,3.2357,BCB_PTAX
2018-01-09,3.2397,BCB_PTAX
2018-01-10,3.2467,BCB_PTAX
2018-01-11,3.2301,BCB_PTAX
2018-01-12,3.2197,BCB_PTAX
2018-01-15,3.1963,BCB_PTAX
2018-01-16,3.2219,BCB_PTAX
2018-01-17,3.2324,BCB_PTAX
2018-01-18,3.2129,BCB_PTAX
2018-01-19,3.2087,BCB_PTAX
2018-01-22,3.1934,BCB_PTAX
2018-01-23,3.2249,BCB_PTAX
2018-01-24,3.197,BCB_PTAX
2018-01-25,3.1391,BCB_PTAX
2018-01-26,3.145,BCB_PTAX
2018-01-29,3.1655,BCB_PTAX
2018-01-30,3.1661,BCB_PTAX
2018-01-31,3.1624,BCB_PTAX
2018-02-01,3.173,BCB_PTAX
2018-02-02,3.206,BCB_PTAX
2018-02-05,3.2355,BCB_PTAX
2018-02-06,3.2613,BCB_PTAX
2018-02-07,3.2467,BCB_PTAX
2018-02-08,3.2692,BCB_PTAX
2018-02-09,3.2821,BCB_PTAX
2018-02-14,3.2536,BCB_PTAX
2018-02-15,3.2208,BCB_PTAX
2018-02-16,3.2381,BCB_PTAX
2018-02-19,3.2347,BCB_PTAX
2018-02-20,3.2507,BCB_PTAX
2018-02-21,3.2555,BCB_PTAX
2018-02-22,3.2598,BCB_PTAX
2018-02-23,3.2417,BCB_PTAX
2018-02-26,3.2351,BCB_PTAX
2018-02-27,3.2383,BCB_PTAX
2018-02-28,3.2449,BCB_PTAX
2018-03-01,3.262,BCB_PTAX
2018-03-02,3.2614,BCB_PTAX
2018-03-05,3.2582,BCB_PTAX
2018-03-06,3.2246,BCB_PTAX
2018-03-07,3.2318,BCB_PTAX
2018-03-08,3.2518,BCB_PTAX
2018-03-09,3.2496,BCB_PTAX
2018-03-12,3.2606,BCB_PTAX
2018-03-13,3.2492,BCB_PTAX
2018-03-14,3.2584,BCB_PTAX
2018-03-15,3.2859,BCB_PTAX
2018-03-16,3.2905,BCB_PTAX
2018-03-19,3.2911,BCB_PTAX
2018-03-20,3.2981,BCB_PTAX
2018-03-21,3.2921,BCB_PTAX
2018-03-22,3.3033,BCB_PTAX
2018-03-23,3.3041,BCB_PTAX
2018-03-26,3.3034,BCB_PTAX
2018-03-27,3.3256,BCB_PTAX
2018-03-28,3.338,BCB_PTAX
2018-03-29,3.3238,BCB_PTAX
2018-04-02,3.3104,BCB_PTAX
2018-04-03,3.3139,BCB_PTAX
2018-04-04,3.3538,BCB_PTAX
2018-04-05,3.3196,BCB_PTAX
2018-04-06,3.3666,BCB_PTAX
2018-04-09,3.3903,BCB_PTAX
2018-04-10,3.4195,BCB_PTAX
2018-04-11,3.4052,BCB_PTAX
2018-04-12,3.3858,BCB_PTAX
2018-04-13,3.4105,BCB_PTAX
2018-04-16,3.4263,BCB_PTAX
2018-04-17,3.4041,BCB_PTAX
2018-04-18,3.3844,BCB_PTAX
2018-04-19,3.3977,BCB_PTAX
2018-04-20,3.4101,BCB_PTAX
2018-04-23,3.4421,BCB_PTAX
2018-04-24,3.4667,BCB_PTAX
2018-04-25,3.504,BCB_PTAX
2018-04-26,3.4977,BCB_PTAX
2018-04-27,3.4676,BCB_PTAX
2018-04-30,3.4811,BCB_PTAX
2018-05-02,3.5424,BCB_PTAX
2018-05-03,3.5484,BCB_PTAX
2018-05-04,3.5308,BCB_PTAX
2018-05-07,3.5458,BCB_PTAX
2018-05-08,3.5788,BCB_PTAX
2018-05-09,3.5943,BCB_PTAX
2018-05-10,3.5566,BCB_PTAX
2018-05-11,3.5716,BCB_PTAX
2018-05-14,3.6097,BCB_PTAX
2018-05-15,3.6753,BCB_PTAX
2018-05-16,3.6803,BCB_PTAX
2018-05-17,3.6874,BCB_PTAX
2018-05-18,3.7503,BCB_PTAX
2018-05-21,3.7072,BCB_PTAX
2018-05-22,3.6502,BCB_PTAX
2018-05-23,3.6507,BCB_PTAX
2018-05-24,3.6436,BCB_PTAX
2018-05-25,3.6587,BCB_PTAX
2018-05-28,3.7092,BCB_PTAX
2018-05-29,3.7289,BCB_PTAX
2018-05-30,3.737,BCB_PTAX
2018-06-01,3.7413,BCB_PTAX
2018-06-04,3.7424,BCB_PTAX
2018-06-05,3.7752,BCB_PTAX
2018-06-06,3.8193,BCB_PTAX
2018-06-07,3.9,BCB_PTAX
2018-06-08,3.7859,BCB_PTAX
2018-06-11,3.6913,BCB_PTAX
2018-06-12,3.7044,BCB_PTAX
2018-06-13,3.7054,BCB_PTAX
2018-06-14,3.7057,BCB_PTAX
2018-06-15,3.7738,BCB_PTAX
2018-06-18,3.7543,BCB_PTAX
2018-06-19,3.7566,BCB_PTAX
2018-06-20,3.7335,BCB_PTAX
2018-06-21,3.7894,BCB_PTAX
2018-06-22,3.7663,BCB_PTAX
2018-06-25,3.776,BCB_PTAX
2018-06-26,3.7721,BCB_PTAX
2018-06-27,3.8358,BCB_PTAX
2018-06-28,3.8521,BCB_PTAX
2018-06-29,3.8558,BCB_PTAX
2018-07-02,3.9055,BCB_PTAX
2018-07-03,3.892,BCB_PTAX
2018-07-04,3.9058,BCB_PTAX
2018-07-05,3.9192,BCB_PTAX
2018-07-06,3.9264,BCB_PTAX
2018-07-09,3.8692,BCB_PTAX
2018-07-10,3.8452,BCB_PTAX
2018-07-11,3.8417,BCB_PTAX
2018-07-12,3.8564,BCB_PTAX
2018-07-13,3.8745,BCB_PTAX
2018-07-16,3.8579,BCB_PTAX
2018-07-17,3.8671,BCB_PTAX
2018-07-18,3.8474,BCB_PTAX
2018-07-19,3.8847,BCB_PTAX
2018-07-20,3.7793,BCB_PTAX
2018-07-23,3.7915,BCB_PTAX
2018-07-24,3.7459,BCB_PTAX
2018-07-25,3.712,BCB_PTAX
2018-07-26,3.7243,BCB_PTAX
2018-07-27,3.7164,BCB_PTAX
2018-07-30,3.7155,BCB_PTAX
2018-07-31,3.7549,BCB_PTAX
2018-08-01,3.7491,BCB_PTAX
2018-08-02,3.7645,BCB_PTAX
2018-08-03,3.7201,BCB_PTAX
2018-08-06,3.7214,BCB_PTAX
2018-08-07,3.7118,BCB_PTAX
2018-08-08,3.7519,BCB_PTAX
2018-08-09,3.803,BCB_PTAX
2018-08-10,3.8472,BCB_PTAX
2018-08-13,3.8988,BCB_PTAX
2018-08-14,3.8812,BCB_PTAX
2018-08-15,3.9134,BCB_PTAX
2018-08-16,3.881,BCB_PTAX
2018-08-17,3.9389,BCB_PTAX
2018-08-20,3.943,BCB_PTAX
2018-08-21,3.9873,BCB_PTAX
2018-08-22,4.074,BCB_PTAX
2018-08-23,4.0727,BCB_PTAX
2018-08-24,4.0854,BCB_PTAX
2018-08-27,4.0687,BCB_PTAX
2018-08-28,4.1192,BCB_PTAX
2018-08-29,4.1353,BCB_PTAX
2018-08-30,4.1812,BCB_PTAX
2018-08-31,4.1353,BCB_PTAX
2018-09-03,4.1279,BCB_PTAX
2018-09-04,4.1652,BCB_PTAX
2018-09-05,4.1609,BCB_PTAX
2018-09-06,4.146,BCB_PTAX
2018-09-10,4.1007,BCB_PTAX
2018-09-11,4.1641,BCB_PTAX
2018-09-12,4.1259,BCB_PTAX
2018-09-13,4.1637,BCB_PTAX
2018-09-14,4.1879,BCB_PTAX
2018-09-17,4.1695,BCB_PTAX
2018-09-18,4.1369,BCB_PTAX
2018-09-19,4.1351,BCB_PTAX
2018-09-20,4.0997,BCB_PTAX
2018-09-21,4.0728,BCB_PTAX
2018-09-24,4.0594,BCB_PTAX
2018-09-25,4.1286,BCB_PTAX
2018-09-26,4.057,BCB_PTAX
2018-09-27,4.0092,BCB_PTAX
2018-09-28,4.0039,BCB_PTAX
2018-10-01,4.0273,BCB_PTAX
2018-10-02,3.9505,BCB_PTAX
2018-10-03,3.8542,BCB_PTAX
2018-10-04,3.9047,BCB_PTAX
2018-10-05,3.8699,BCB_PTAX
2018-10-08,3.7588,BCB_PTAX
2018-10-09,3.7391,BCB_PTAX
2018-10-10,3.751,BCB_PTAX
2018-10-11,3.746,BCB_PTAX
2018-10-15,3.7332,BCB_PTAX
2018-10-16,3.7079,BCB_PTAX
2018-10-17,3.7008,BCB_PTAX
2018-10-18,3.6963,BCB_PTAX
2018-10-19,3.7079,BCB_PTAX
2018-10-22,3.6903,BCB_PTAX
2018-10-23,3.708,BCB_PTAX
2018-10-24,3.706,BCB_PTAX
2018-10-25,3.7014,BCB_PTAX
2018-10-26,3.6753,BCB_PTAX
2018-10-29,3.6368,BCB_PTAX
2018-10-30,3.7019,BCB_PTAX
2018-10-31,3.7177,BCB_PTAX
2018-11-01,3.6973,BCB_PTAX
2018-11-05,3.7048,BCB_PTAX
2018-11-06,3.7492,BCB_PTAX
2018-11-07,3.7592,BCB_PTAX
2018-11-08,3.7391,BCB_PTAX
2018-11-09,3.7506,BCB_PTAX
2018-11-12,3.7478,BCB_PTAX
2018-11-13,3.7792,BCB_PTAX
2018-11-14,3.7924,BCB_PTAX
2018-11-16,3.7525,BCB_PTAX
2018-11-19,3.7553,BCB_PTAX
2018-11-20,3.7591,BCB_PTAX
2018-11-21,3.7872,BCB_PTAX
2018-11-22,3.8103,BCB_PTAX
2018-11-23,3.8081,BCB_PTAX
2018-11-26,3.8655,BCB_PTAX
2018-11-27,3.8925,BCB_PTAX
2018-11-28,3.8631,BCB_PTAX
2018-11-29,3.8568,BCB_PTAX
2018-11-30,3.8633,BCB_PTAX
2018-12-03,3.8285,BCB_PTAX
2018-12-04,3.8313,BCB_PTAX
2018-12-05,3.8561,BCB_PTAX
2018-12-06,3.9178,BCB_PTAX
2018-12-07,3.8964,BCB_PTAX
2018-12-10,3.911,BCB_PTAX
2018-12-11,3.9013,BCB_PTAX
2018-12-12,3.8629,BCB_PTAX
2018-12-13,3.879,BCB_PTAX
2018-12-14,3.909,BCB_PTAX
2018-12-17,3.9121,BCB_PTAX
2018-12-18,3.8997,BCB_PTAX
2018-12-19,3.8907,BCB_PTAX
2018-12-20,3.8443,BCB_PTAX
2018-12-21,3.8671,BCB_PTAX
2018-12-24,3.8855,BCB_PTAX
2018-12-26,3.9258,BCB_PTAX
2018-12-27,3.933,BCB_PTAX
2018-12-28,3.8748,BCB_PTAX
2018-12-31,3.8748,BCB_PTAX
2019-01-02,3.8595,BCB_PTAX
2019-01-03,3.7683,BCB_PTAX
2019-01-04,3.7627,BCB_PTAX
2019-01-07,3.7062,BCB_PTAX
2019-01-08,3.7208,BCB_PTAX
2019-01-09,3.6931,BCB_PTAX
2019-01-10,3.6869,BCB_PTAX
2019-01-11,3.7141,BCB_PTAX
2019-01-14,3.726,BCB_PTAX
2019-01-15,3.7049,BCB_PTAX
2019-01-16,3.7197,BCB_PTAX
2019-01-17,3.7591,BCB_PTAX
2019-01-18,3.7486,BCB_PTAX
2019-01-21,3.7705,BCB_PTAX
2019-01-22,3.7615,BCB_PTAX
2019-01-23,3.7994,BCB_PTAX
2019-01-24,3.7815,BCB_PTAX
2019-01-25,3.7626,BCB_PTAX
2019-01-28,3.7676,BCB_PTAX
2019-01-29,3.737,BCB_PTAX
2019-01-30,3.7151,BCB_PTAX
2019-01-31,3.6519,BCB_PTAX
2019-02-01,3.6694,BCB_PTAX
2019-02-04,3.6756,BCB_PTAX
2019-02-05,3.6741,BCB_PTAX
2019-02-06,3.7019,BCB_PTAX
2019-02-07,3.7193,BCB_PTAX
2019-02-08,3.7184,BCB_PTAX
2019-02-11,3.7391,BCB_PTAX
2019-02-12,3.7296,BCB_PTAX
2019-02-13,3.7277,BCB_PTAX
2019-02-14,3.7756,BCB_PTAX
2019-02-15,3.7155,BCB_PTAX
2019-02-18,3.7316,BCB_PTAX
2019-02-19,3.7206,BCB_PTAX
2019-02-20,3.71,BCB_PTAX
2019-02-21,3.7595,BCB_PTAX
2019-02-22,3.743,BCB_PTAX
2019-02-25,3.7285,BCB_PTAX
2019-02-26,3.7595,BCB_PTAX
2019-02-27,3.7351,BCB_PTAX
2019-02-28,3.7385,BCB_PTAX
2019-03-01,3.7832,BCB_PTAX
2019-03-06,3.8303,BCB_PTAX
2019-03-07,3.8487,BCB_PTAX
2019-03-08,3.8678,BCB_PTAX
2019-03-11,3.8461,BCB_PTAX
2019-03-12,3.8129,BCB_PTAX
2019-03-13,3.8265,BCB_PTAX
2019-03-14,3.8327,BCB_PTAX
2019-03-15,3.8344,BCB_PTAX
2019-03-18,3.8111,BCB_PTAX
2019-03-19,3.7762,BCB_PTAX
2019-03-20,3.7897,BCB_PTAX
2019-03-21,3.7967,BCB_PTAX
2019-03-22,3.8815,BCB_PTAX
2019-03-25,3.877,BCB_PTAX
2019-03-26,3.8646,BCB_PTAX
2019-03-27,3.9389,BCB_PTAX
2019-03-28,3.9682,BCB_PTAX
2019-03-29,3.8967,BCB_PTAX
2019-04-01,3.8682,BCB_PTAX
2019-04-02,3.8661,BCB_PTAX
2019-04-03,3.8436,BCB_PTAX
2019-04-04,3.8713,BCB_PTAX
2019-04-05,3.8622,BCB_PTAX
2019-04-08,3.8658,BCB_PTAX
2019-04-09,3.8563,BCB_PTAX
2019-04-10,3.8345,BCB_PTAX
2019-04-11,3.8399,BCB_PTAX
2019-04-12,3.8685,BCB_PTAX
2019-04-15,3.873,BCB_PTAX
2019-04-16,3.8913,BCB_PTAX
2019-04-17,3.9225,BCB_PTAX
2019-04-18,3.937,BCB_PTAX
2019-04-22,3.923,BCB_PTAX
2019-04-23,3.9436,BCB_PTAX
2019-04-24,3.963,BCB_PTAX
2019-04-25,3.9725,BCB_PTAX
2019-04-26,3.9353,BCB_PTAX
2019-04-29,3.9364,BCB_PTAX
2019-04-30,3.9453,BCB_PTAX
2019-05-02,3.965,BCB_PTAX
2019-05-03,3.9388,BCB_PTAX
2019-05-06,3.9624,BCB_PTAX
2019-05-07,3.988,BCB_PTAX
2019-05-08,3.9344,BCB_PTAX
2019-05-09,3.9673,BCB_PTAX
2019-05-10,3.9578,BCB_PTAX
2019-05-13,3.989,BCB_PTAX
2019-05-14,3.9788,BCB_PTAX
2019-05-15,4.0031,BCB_PTAX
2019-05-16,4.0138,BCB_PTAX
2019-05-17,4.0844,BCB_PTAX
2019-05-20,4.1056,BCB_PTAX
2019-05-21,4.081,BCB_PTAX
2019-05-22,4.0228,BCB_PTAX
2019-05-23,4.0513,BCB_PTAX
2019-05-24,4.0322,BCB_PTAX
2019-05-27,4.021,BCB_PTAX
2019-05-28,4.0275,BCB_PTAX
2019-05-29,3.9965,BCB_PTAX
2019-05-30,3.972,BCB_PTAX
2019-05-31,3.9407,BCB_PTAX
2019-06-03,3.9003,BCB_PTAX
2019-06-04,3.871,BCB_PTAX
2019-06-05,3.8611,BCB_PTAX
2019-06-06,3.8726,BCB_PTAX
2019-06-07,3.8571,BCB_PTAX
2019-06-10,3.879,BCB_PTAX
2019-06-11,3.8664,BCB_PTAX
2019-06-12,3.8437,BCB_PTAX
2019-06-13,3.8429,BCB_PTAX
2019-06-14,3.8813,BCB_PTAX
2019-06-17,3.8895,BCB_PTAX
2019-06-18,3.8608,BCB_PTAX
2019-06-19,3.8723,BCB_PTAX
2019-06-21,3.8255,BCB_PTAX
2019-06-24,3.8234,BCB_PTAX
2019-06-25,3.8303,BCB_PTAX
2019-06-26,3.8441,BCB_PTAX
2019-06-27,3.8642,BCB_PTAX
2019-06-28,3.8322,BCB_PTAX
2019-07-01,3.8193,BCB_PTAX
2019-07-02,3.8564,BCB_PTAX
2019-07-03,3.8475,BCB_PTAX
2019-07-04,3.794,BCB_PTAX
2019-07-05,3.8204,BCB_PTAX
2019-07-08,3.8065,BCB_PTAX
2019-07-09,3.7858,BCB_PTAX
2019-07-10,3.7697,BCB_PTAX
2019-07-11,3.7533,BCB_PTAX
2019-07-12,3.7452,BCB_PTAX
2019-07-15,3.7463,BCB_PTAX
2019-07-16,3.7624,BCB_PTAX
2019-07-17,3.7618,BCB_PTAX
2019-07-18,3.7489,BCB_PTAX
2019-07-19,3.7408,BCB_PTAX
2019-07-22,3.74,BCB_PTAX
2019-07-23,3.7621,BCB_PTAX
2019-07-24,3.7596,BCB_PTAX
2019-07-25,3.7849,BCB_PTAX
2019-07-26,3.7741,BCB_PTAX
2019-07-29,3.7909,BCB_PTAX
2019-07-30,3.79,BCB_PTAX
2019-07-31,3.7649,BCB_PTAX
2019-08-01,3.8296,BCB_PTAX
2019-08-02,3.8739,BCB_PTAX
2019-08-05,3.9404,BCB_PTAX
2019-08-06,3.9643,BCB_PTAX
2019-08-07,3.985,BCB_PTAX
2019-08-08,3.9409,BCB_PTAX
2019-08-09,3.9362,BCB_PTAX
2019-08-12,3.9966,BCB_PTAX
2019-08-13,3.9736,BCB_PTAX
2019-08-14,4.0074,BCB_PTAX
2019-08-15,4.0188,BCB_PTAX
2019-08-16,3.9933,BCB_PTAX
2019-08-19,4.0274,BCB_PTAX
2019-08-20,4.0425,BCB_PTAX
2019-08-21,4.0254,BCB_PTAX
2019-08-22,4.0444,BCB_PTAX
2019-08-23,4.0851,BCB_PTAX
2019-08-26,4.1367,BCB_PTAX
2019-08-27,4.1557,BCB_PTAX
2019-08-28,4.1559,BCB_PTAX
2019-08-29,4.168,BCB_PTAX
2019-08-30,4.1385,BCB_PTAX
2019-09-02,4.1581,BCB_PTAX
2019-09-03,4.1657,BCB_PTAX
2019-09-04,4.1249,BCB_PTAX
2019-09-05,4.0859,BCB_PTAX
2019-09-06,4.065,BCB_PTAX
2019-09-09,4.0766,BCB_PTAX
2019-09-10,4.1108,BCB_PTAX
2019-09-11,4.0631,BCB_PTAX
2019-09-12,4.0494,BCB_PTAX
2019-09-13,4.0616,BCB_PTAX
2019-09-16,4.0872,BCB_PTAX
2019-09-17,4.0998,BCB_PTAX
2019-09-18,4.0972,BCB_PTAX
2019-09-19,4.1393,BCB_PTAX
2019-09-20,4.1687,BCB_PTAX
2019-09-23,4.1734,BCB_PTAX
2019-09-24,4.1721,BCB_PTAX
2019-09-25,4.1827,BCB_PTAX
2019-09-26,4.1469,BCB_PTAX
2019-09-27,4.1587,BCB_PTAX
2019-09-30,4.1644,BCB_PTAX
2019-10-01,4.174,BCB_PTAX
2019-10-02,4.1546,BCB_PTAX
2019-10-03,4.1012,BCB_PTAX
2019-10-04,4.061,BCB_PTAX
2019-10-07,4.0688,BCB_PTAX
2019-10-08,4.0868,BCB_PTAX
2019-10-09,4.0954,BCB_PTAX
2019-10-10,4.1145,BCB_PTAX
2019-10-11,4.106,BCB_PTAX
2019-10-14,4.1263,BCB_PTAX
2019-10-15,4.1488,BCB_PTAX
2019-10-16,4.1714,BCB_PTAX
2019-10-17,4.1457,BCB_PTAX
2019-10-18,4.1376,BCB_PTAX
2019-10-21,4.1319,BCB_PTAX
2019-10-22,4.0858,BCB_PTAX
2019-10-23,4.0721,BCB_PTAX
2019-10-24,4.0089,BCB_PTAX
2019-10-25,4.0133,BCB_PTAX
2019-10-28,3.9793,BCB_PTAX
2019-10-29,3.9946,BCB_PTAX
2019-10-30,4.0186,BCB_PTAX
2019-10-31,4.0041,BCB_PTAX
2019-11-01,3.9786,BCB_PTAX
2019-11-04,3.9922,BCB_PTAX
2019-11-05,4.0043,BCB_PTAX
2019-11-06,4.0351,BCB_PTAX
2019-11-07,4.0927,BCB_PTAX
2019-11-08,4.1365,BCB_PTAX
2019-11-11,4.1559,BCB_PTAX
2019-11-12,4.1756,BCB_PTAX
2019-11-13,4.1767,BCB_PTAX
2019-11-14,4.1831,BCB_PTAX
2019-11-18,4.1827,BCB_PTAX
2019-11-19,4.2084,BCB_PTAX
2019-11-20,4.2037,BCB_PTAX
2019-11-21,4.2012,BCB_PTAX
2019-11-22,4.1832,BCB_PTAX
2019-11-25,4.2089,BCB_PTAX
2019-11-26,4.2559,BCB_PTAX
2019-11-27,4.2602,BCB_PTAX
2019-11-28,4.248,BCB_PTAX
2019-11-29,4.224,BCB_PTAX
2019-12-02,4.2261,BCB_PTAX
2019-12-03,4.2008,BCB_PTAX
2019-12-04,4.1926,BCB_PTAX
2019-12-05,4.2136,BCB_PTAX
2019-12-06,4.1783,BCB_PTAX
2019-12-09,4.1503,BCB_PTAX
2019-12-10,4.1427,BCB_PTAX
2019-12-11,4.1153,BCB_PTAX
2019-12-12,4.1092,BCB_PTAX
2019-12-13,4.0949,BCB_PTAX
2019-12-16,4.0801,BCB_PTAX
2019-12-17,4.0687,BCB_PTAX
2019-12-18,4.0548,BCB_PTAX
2019-12-19,4.0633,BCB_PTAX
2019-12-20,4.0777,BCB_PTAX
2019-12-23,4.0757,BCB_PTAX
2019-12-24,4.0813,BCB_PTAX
2019-12-26,4.0601,BCB_PTAX
2019-12-27,4.0545,BCB_PTAX
2019-12-30,4.0307,BCB_PTAX
2019-12-31,4.0307,BCB_PTAX
2020-01-02,4.0213,BCB_PTAX
2020-01-03,4.0522,BCB_PTAX
2020-01-06,4.0554,BCB_PTAX
2020-01-07,4.0841,BCB_PTAX
2020-01-08,4.0672,BCB_PTAX
2020-01-09,4.0744,BCB_PTAX
2020-01-10,4.0745,BCB_PTAX
2020-01-13,4.1309,BCB_PTAX
2020-01-14,4.1443,BCB_PTAX
2020-01-15,4.1622,BCB_PTAX
2020-01-16,4.1726,BCB_PTAX
2020-01-17,4.1837,BCB_PTAX
2020-01-20,4.1829,BCB_PTAX
2020-01-21,4.2014,BCB_PTAX
2020-01-22,4.1889,BCB_PTAX
2020-01-23,4.1662,BCB_PTAX
2020-01-24,4.1769,BCB_PTAX
2020-01-27,4.2196,BCB_PTAX
2020-01-28,4.2064,BCB_PTAX
2020-01-29,4.2013,BCB_PTAX
2020-01-30,4.2523,BCB_PTAX
2020-01-31,4.2695,BCB_PTAX
2020-02-03,4.2475,BCB_PTAX
2020-02-04,4.2381,BCB_PTAX
2020-02-05,4.2449,BCB_PTAX
2020-02-06,4.2477,BCB_PTAX
2020-02-07,4.3076,BCB_PTAX
2020-02-10,4.3195,BCB_PTAX
2020-02-11,4.3148,BCB_PTAX
2020-02-12,4.3366,BCB_PTAX
2020-02-13,4.3389,BCB_PTAX
2020-02-14,4.3163,BCB_PTAX
2020-02-17,4.3157,BCB_PTAX
2020-02-18,4.3471,BCB_PTAX
2020-02-19,4.3728,BCB_PTAX
2020-02-20,4.3873,BCB_PTAX
2020-02-21,4.3924,BCB_PTAX
2020-02-26,4.4359,BCB_PTAX
2020-02-27,4.4764,BCB_PTAX
2020-02-28,4.4987,BCB_PTAX
2020-03-02,4.4946,BCB_PTAX
2020-03-03,4.4883,BCB_PTAX
2020-03-04,4.5258,BCB_PTAX
2020-03-05,4.6207,BCB_PTAX
2020-03-06,4.6459,BCB_PTAX
2020-03-09,4.7379,BCB_PTAX
2020-03-10,4.6693,BCB_PTAX
2020-03-11,4.6738,BCB_PTAX
2020-03-12,4.8833,BCB_PTAX
2020-03-13,4.7362,BCB_PTAX
2020-03-16,4.9471,BCB_PTAX
2020-03-17,5.0496,BCB_PTAX
2020-03-18,5.1107,BCB_PTAX
2020-03-19,5.1444,BCB_PTAX
2020-03-20,5.0248,BCB_PTAX
2020-03-23,5.0805,BCB_PTAX
2020-03-24,5.0713,BCB_PTAX
2020-03-25,5.0706,BCB_PTAX
2020-03-26,5.001,BCB_PTAX
2020-03-27,5.1109,BCB_PTAX
2020-03-30,5.1594,BCB_PTAX
2020-03-31,5.1987,BCB_PTAX
2020-04-01,5.2404,BCB_PTAX
2020-04-02,5.2651,BCB_PTAX
2020-04-03,5.2997,BCB_PTAX
2020-04-06,5.2471,BCB_PTAX
2020-04-07,5.2217,BCB_PTAX
2020-04-08,5.2123,BCB_PTAX
2020-04-09,5.0779,BCB_PTAX
2020-04-13,5.1824,BCB_PTAX
2020-04-14,5.1858,BCB_PTAX
2020-04-15,5.2579,BCB_PTAX
2020-04-16,5.2377,BCB_PTAX
2020-04-17,5.2573,BCB_PTAX
2020-04-20,5.2837,BCB_PTAX
2020-04-22,5.3847,BCB_PTAX
2020-04-23,5.4467,BCB_PTAX
2020-04-24,5.651,BCB_PTAX
2020-04-27,5.6358,BCB_PTAX
2020-04-28,5.5683,BCB_PTAX
2020-04-29,5.4291,BCB_PTAX
2020-04-30,5.427,BCB_PTAX
2020-05-04,5.5816,BCB_PTAX
2020-05-05,5.5354,BCB_PTAX
2020-05-06,5.6676,BCB_PTAX
2020-05-07,5.8365,BCB_PTAX
2020-05-08,5.7653,BCB_PTAX
2020-05-11,5.7954,BCB_PTAX
2020-05-12,5.7723,BCB_PTAX
2020-05-13,5.9022,BCB_PTAX
2020-05-14,5.9372,BCB_PTAX
2020-05-15,5.8229,BCB_PTAX
2020-05-18,5.7375,BCB_PTAX
2020-05-19,5.7216,BCB_PTAX
2020-05-20,5.6968,BCB_PTAX
2020-05-21,5.6019,BCB_PTAX
2020-05-22,5.5808,BCB_PTAX
2020-05-25,5.4772,BCB_PTAX
2020-05-26,5.3707,BCB_PTAX
2020-05-27,5.2992,BCB_PTAX
2020-05-28,5.3405,BCB_PTAX
2020-05-29,5.4263,BCB_PTAX
2020-06-01,5.3639,BCB_PTAX
2020-06-02,5.2601,BCB_PTAX
2020-06-03,5.0516,BCB_PTAX
2020-06-04,5.1041,BCB_PTAX
2020-06-05,4.9775,BCB_PTAX
2020-06-08,4.9331,BCB_PTAX
2020-06-09,4.9057,BCB_PTAX
2020-06-10,4.8894,BCB_PTAX
2020-06-12,5.0373,BCB_PTAX
2020-06-15,5.1883,BCB_PTAX
2020-06-16,5.1285,BCB_PTAX
2020-06-17,5.2499,BCB_PTAX
2020-06-18,5.3468,BCB_PTAX
2020-06-19,5.3466,BCB_PTAX
2020-06-22,5.2226,BCB_PTAX
2020-06-23,5.1705,BCB_PTAX
2020-06-24,5.2435,BCB_PTAX
2020-06-25,5.3287,BCB_PTAX
2020-06-26,5.4629,BCB_PTAX
2020-06-29,5.4416,BCB_PTAX
2020-06-30,5.476,BCB_PTAX
2020-07-01,5.3651,BCB_PTAX
2020-07-02,5.3028,BCB_PTAX
2020-07-03,5.3374,BCB_PTAX
2020-07-06,5.3085,BCB_PTAX
2020-07-07,5.3318,BCB_PTAX
2020-07-08,5.3482,BCB_PTAX
2020-07-09,5.2978,BCB_PTAX
2020-07-10,5.344,BCB_PTAX
2020-07-13,5.3486,BCB_PTAX
2020-07-14,5.4288,BCB_PTAX
2020-07-15,5.3491,BCB_PTAX
2020-07-16,5.356,BCB_PTAX
2020-07-17,5.351,BCB_PTAX
2020-07-20,5.3635,BCB_PTAX
2020-07-21,5.2283,BCB_PTAX
2020-07-22,5.1111,BCB_PTAX
2020-07-23,5.1647,BCB_PTAX
2020-07-24,5.2146,BCB_PTAX
2020-07-27,5.1889,BCB_PTAX
2020-07-28,5.1777,BCB_PTAX
2020-07-29,5.1395,BCB_PTAX
2020-07-30,5.1837,BCB_PTAX
2020-07-31,5.2033,BCB_PTAX
2020-08-03,5.3075,BCB_PTAX
2020-08-04,5.3329,BCB_PTAX
2020-08-05,5.276,BCB_PTAX
2020-08-06,5.3431,BCB_PTAX
2020-08-07,5.4227,BCB_PTAX
2020-08-10,5.3933,BCB_PTAX
2020-08-11,5.4285,BCB_PTAX
2020-08-12,5.4551,BCB_PTAX
2020-08-13,5.3801,BCB_PTAX
2020-08-14,5.3852,BCB_PTAX
2020-08-17,5.4497,BCB_PTAX
2020-08-18,5.4659,BCB_PTAX
2020-08-19,5.4906,BCB_PTAX
2020-08-20,5.651,BCB_PTAX
2020-08-21,5.6064,BCB_PTAX
2020-08-24,5.5954,BCB_PTAX
2020-08-25,5.5997,BCB_PTAX
2020-08-26,5.568,BCB_PTAX
2020-08-27,5.5956,BCB_PTAX
2020-08-28,5.4679,BCB_PTAX
2020-08-31,5.4713,BCB_PTAX
2020-09-01,5.3732,BCB_PTAX
2020-09-02,5.3741,BCB_PTAX
2020-09-03,5.3079,BCB_PTAX
2020-09-04,5.2848,BCB_PTAX
2020-09-08,5.3698,BCB_PTAX
2020-09-09,5.3024,BCB_PTAX
2020-09-10,5.2936,BCB_PTAX
2020-09-11,5.2854,BCB_PTAX
2020-09-14,5.2984,BCB_PTAX
2020-09-15,5.2728,BCB_PTAX
2020-09-16,5.2532,BCB_PTAX
2020-09-17,5.2593,BCB_PTAX
2020-09-18,5.2889,BCB_PTAX
2020-09-21,5.444,BCB_PTAX
2020-09-22,5.4329,BCB_PTAX
2020-09-23,5.5311,BCB_PTAX
2020-09-24,5.5714,BCB_PTAX
2020-09-25,5.5667,BCB_PTAX
2020-09-28,5.5858,BCB_PTAX
2020-09-29,5.6528,BCB_PTAX
2020-09-30,5.6407,BCB_PTAX
2020-10-01,5.6441,BCB_PTAX
2020-10-02,5.6464,BCB_PTAX
2020-10-05,5.6299,BCB_PTAX
2020-10-06,5.5205,BCB_PTAX
2020-10-07,5.6018,BCB_PTAX
2020-10-08,5.62,BCB_PTAX
2020-10-09,5.5393,BCB_PTAX
2020-10-13,5.5859,BCB_PTAX
2020-10-14,5.5675,BCB_PTAX
2020-10-15,5.6172,BCB_PTAX
2020-10-16,5.6226,BCB_PTAX
2020-10-19,5.6023,BCB_PTAX
2020-10-20,5.583,BCB_PTAX
2020-10-21,5.6006,BCB_PTAX
2020-10-22,5.582,BCB_PTAX
2020-10-23,5.612,BCB_PTAX
2020-10-26,5.6328,BCB_PTAX
2020-10-27,5.6491,BCB_PTAX
2020-10-28,5.7325,BCB_PTAX
2020-10-29,5.7803,BCB_PTAX
2020-10-30,5.7718,BCB_PTAX
2020-11-03,5.6895,BCB_PTAX
2020-11-04,5.6932,BCB_PTAX
2020-11-05,5.5624,BCB_PTAX
2020-11-06,5.5313,BCB_PTAX
2020-11-09,5.2821,BCB_PTAX
2020-11-10,5.3696,BCB_PTAX
2020-11-11,5.402,BCB_PTAX
2020-11-12,5.4094,BCB_PTAX
2020-11-13,5.4854,BCB_PTAX
2020-11-16,5.4198,BCB_PTAX
2020-11-17,5.3968,BCB_PTAX
2020-11-18,5.2932,BCB_PTAX
2020-11-19,5.333,BCB_PTAX
2020-11-20,5.3505,BCB_PTAX
2020-11-23,5.3828,BCB_PTAX
2020-11-24,5.4037,BCB_PTAX
2020-11-25,5.3508,BCB_PTAX
2020-11-26,5.3201,BCB_PTAX
2020-11-27,5.3494,BCB_PTAX
2020-11-30,5.3317,BCB_PTAX
2020-12-01,5.2789,BCB_PTAX
2020-12-02,5.2267,BCB_PTAX
2020-12-03,5.1625,BCB_PTAX
2020-12-04,5.1706,BCB_PTAX
2020-12-07,5.1018,BCB_PTAX
2020-12-08,5.092,BCB_PTAX
2020-12-09,5.1109,BCB_PTAX
2020-12-10,5.0852,BCB_PTAX
2020-12-11,5.0691,BCB_PTAX
2020-12-14,5.0578,BCB_PTAX
2020-12-15,5.0968,BCB_PTAX
2020-12-16,5.1057,BCB_PTAX
2020-12-17,5.0612,BCB_PTAX
2020-12-18,5.0986,BCB_PTAX
2020-12-21,5.1572,BCB_PTAX
2020-12-22,5.1473,BCB_PTAX
2020-12-23,5.174,BCB_PTAX
2020-12-24,5.18,BCB_PTAX
2020-12-28,5.239,BCB_PTAX
2020-12-29,5.1942,BCB_PTAX
2020-12-30,5.1967,BCB_PTAX
2020-12-31,5.1967,BCB_PTAX
2021-01-04,5.1626,BCB_PTAX
2021-01-05,5.3269,BCB_PTAX
2021-01-06,5.3182,BCB_PTAX
2021-01-07,5.3433,BCB_PTAX
2021-01-08,5.3683,BCB_PTAX
2021-01-11,5.4966,BCB_PTAX
2021-01-12,5.4637,BCB_PTAX
2021-01-13,5.307,BCB_PTAX
2021-01-14,5.2617,BCB_PTAX
2021-01-15,5.2714,BCB_PTAX
2021-01-18,5.2788,BCB_PTAX
2021-01-19,5.2945,BCB_PTAX
2021-01-20,5.3033,BCB_PTAX
2021-01-21,5.3166,BCB_PTAX
2021-01-22,5.4301,BCB_PTAX
2021-01-25,5.5089,BCB_PTAX
2021-01-26,5.3865,BCB_PTAX
2021-01-27,5.3824,BCB_PTAX
2021-01-28,5.4282,BCB_PTAX
2021-01-29,5.4759,BCB_PTAX
2021-02-01,5.4608,BCB_PTAX
2021-02-02,5.3875,BCB_PTAX
2021-02-03,5.3423,BCB_PTAX
2021-02-04,5.391,BCB_PTAX
2021-02-05,5.3884,BCB_PTAX
2021-02-08,5.367,BCB_PTAX
2021-02-09,5.4216,BCB_PTAX
2021-02-10,5.4024,BCB_PTAX
2021-02-11,5.3626,BCB_PTAX
2021-02-12,5.3815,BCB_PTAX
2021-02-17,5.4138,BCB_PTAX
2021-02-18,5.4238,BCB_PTAX
2021-02-19,5.3924,BCB_PTAX
2021-02-22,5.5044,BCB_PTAX
2021-02-23,5.449,BCB_PTAX
2021-02-24,5.4182,BCB_PTAX
2021-02-25,5.46,BCB_PTAX
2021-02-26,5.5302,BCB_PTAX
2021-03-01,5.5832,BCB_PTAX
2021-03-02,5.6844,BCB_PTAX
2021-03-03,5.7342,BCB_PTAX
2021-03-04,5.6008,BCB_PTAX
2021-03-05,5.687,BCB_PTAX
2021-03-08,5.7343,BCB_PTAX
2021-03-09,5.8397,BCB_PTAX
2021-03-10,5.7449,BCB_PTAX
2021-03-11,5.589,BCB_PTAX
2021-03-12,5.564,BCB_PTAX
2021-03-15,5.6296,BCB_PTAX
2021-03-16,5.5851,BCB_PTAX
2021-03-17,5.6579,BCB_PTAX
2021-03-18,5.5474,BCB_PTAX
2021-03-19,5.5082,BCB_PTAX
2021-03-22,5.5269,BCB_PTAX
2021-03-23,5.4951,BCB_PTAX
2021-03-24,5.533,BCB_PTAX
2021-03-25,5.6585,BCB_PTAX
2021-03-26,5.7042,BCB_PTAX
2021-03-29,5.7925,BCB_PTAX
2021-03-30,5.7642,BCB_PTAX
2021-03-31,5.6973,BCB_PTAX
2021-04-01,5.6849,BCB_PTAX
2021-04-05,5.6579,BCB_PTAX
2021-04-06,5.6263,BCB_PTAX
2021-04-07,5.5864,BCB_PTAX
2021-04-08,5.5817,BCB_PTAX
2021-04-09,5.6445,BCB_PTAX
2021-04-12,5.6582,BCB_PTAX
2021-04-13,5.7064,BCB_PTAX
2021-04-14,5.6936,BCB_PTAX
2021-04-15,5.6234,BCB_PTAX
2021-04-16,5.6328,BCB_PTAX
2021-04-19,5.575,BCB_PTAX
2021-04-20,5.5266,BCB_PTAX
2021-04-22,5.497,BCB_PTAX
2021-04-23,5.4787,BCB_PTAX
2021-04-26,5.4566,BCB_PTAX
2021-04-27,5.4424,BCB_PTAX
2021-04-28,5.4005,BCB_PTAX
2021-04-29,5.3662,BCB_PTAX
2021-04-30,5.4036,BCB_PTAX
2021-05-03,5.4087,BCB_PTAX
2021-05-04,5.4505,BCB_PTAX
2021-05-05,5.3872,BCB_PTAX
2021-05-06,5.2897,BCB_PTAX
2021-05-07,5.2217,BCB_PTAX
2021-05-10,5.2227,BCB_PTAX
2021-05-11,5.2403,BCB_PTAX
2021-05-12,5.2353,BCB_PTAX
2021-05-13,5.2815,BCB_PTAX
2021-05-14,5.2701,BCB_PTAX
2021-05-17,5.2755,BCB_PTAX
2021-05-18,5.2588,BCB_PTAX
2021-05-19,5.2822,BCB_PTAX
2021-05-20,5.2905,BCB_PTAX
2021-05-21,5.3027,BCB_PTAX
2021-05-24,5.3198,BCB_PTAX
2021-05-25,5.3143,BCB_PTAX
2021-05-26,5.3164,BCB_PTAX
2021-05-27,5.284,BCB_PTAX
2021-05-28,5.2281,BCB_PTAX
2021-05-31,5.2322,BCB_PTAX
2021-06-01,5.1636,BCB_PTAX
2021-06-02,5.1147,BCB_PTAX
2021-06-04,5.0666,BCB_PTAX
2021-06-07,5.0498,BCB_PTAX
2021-06-08,5.0489,BCB_PTAX
2021-06-09,5.0533,BCB_PTAX
2021-06-10,5.0635,BCB_PTAX
2021-06-11,5.119,BCB_PTAX
2021-06-14,5.0707,BCB_PTAX
2021-06-15,5.0874,BCB_PTAX
2021-06-16,5.0207,BCB_PTAX
2021-06-17,5.0359,BCB_PTAX
2021-06-18,5.0314,BCB_PTAX
2021-06-21,5.0373,BCB_PTAX
2021-06-22,5.0178,BCB_PTAX
2021-06-23,4.9519,BCB_PTAX
2021-06-24,4.9277,BCB_PTAX
2021-06-25,4.9206,BCB_PTAX
2021-06-28,4.942,BCB_PTAX
2021-06-29,4.945,BCB_PTAX
2021-06-30,5.0022,BCB_PTAX
2021-07-01,5.0055,BCB_PTAX
2021-07-02,5.0293,BCB_PTAX
2021-07-05,5.0749,BCB_PTAX
2021-07-06,5.1645,BCB_PTAX
2021-07-07,5.2328,BCB_PTAX
2021-07-08,5.2587,BCB_PTAX
2021-07-09,5.2393,BCB_PTAX
2021-07-12,5.2239,BCB_PTAX
2021-07-13,5.177,BCB_PTAX
2021-07-14,5.088,BCB_PTAX
2021-07-15,5.1,BCB_PTAX
2021-07-16,5.0941,BCB_PTAX
2021-07-19,5.1978,BCB_PTAX
2021-07-20,5.2465,BCB_PTAX
2021-07-21,5.2516,BCB_PTAX
2021-07-22,5.1978,BCB_PTAX
2021-07-23,5.1701,BCB_PTAX
2021-07-26,5.1863,BCB_PTAX
2021-07-27,5.1669,BCB_PTAX
2021-07-28,5.1527,BCB_PTAX
2021-07-29,5.0682,BCB_PTAX
2021-07-30,5.1216,BCB_PTAX
2021-08-02,5.1379,BCB_PTAX
2021-08-03,5.2464,BCB_PTAX
2021-08-04,5.2091,BCB_PTAX
2021-08-05,5.1464,BCB_PTAX
2021-08-06,5.241,BCB_PTAX
2021-08-09,5.2774,BCB_PTAX
2021-08-10,5.2217,BCB_PTAX
2021-08-11,5.2013,BCB_PTAX
2021-08-12,5.2351,BCB_PTAX
2021-08-13,5.2474,BCB_PTAX
2021-08-16,5.2495,BCB_PTAX
2021-08-17,5.2585,BCB_PTAX
2021-08-18,5.3025,BCB_PTAX
2021-08-19,5.418,BCB_PTAX
2021-08-20,5.4274,BCB_PTAX
2021-08-23,5.3686,BCB_PTAX
2021-08-24,5.3017,BCB_PTAX
2021-08-25,5.2465,BCB_PTAX
2021-08-26,5.2429,BCB_PTAX
2021-08-27,5.22,BCB_PTAX
2021-08-30,5.1952,BCB_PTAX
2021-08-31,5.1433,BCB_PTAX
2021-09-01,5.1576,BCB_PTAX
2021-09-02,5.1735,BCB_PTAX
2021-09-03,5.1685,BCB_PTAX
2021-09-06,5.1773,BCB_PTAX
2021-09-08,5.2524,BCB_PTAX
2021-09-09,5.2825,BCB_PTAX
2021-09-10,5.2158,BCB_PTAX
2021-09-13,5.219,BCB_PTAX
2021-09-14,5.226,BCB_PTAX
2021-09-15,5.2576,BCB_PTAX
2021-09-16,5.2594,BCB_PTAX
2021-09-17,5.3103,BCB_PTAX
2021-09-20,5.3332,BCB_PTAX
2021-09-21,5.3044,BCB_PTAX
2021-09-22,5.2783,BCB_PTAX
2021-09-23,5.2891,BCB_PTAX
2021-09-24,5.3435,BCB_PTAX
2021-09-27,5.3478,BCB_PTAX
2021-09-28,5.4206,BCB_PTAX
2021-09-29,5.4173,BCB_PTAX
2021-09-30,5.4394,BCB_PTAX
2021-10-01,5.3911,BCB_PTAX
2021-10-04,5.4204,BCB_PTAX
2021-10-05,5.4611,BCB_PTAX
2021-10-06,5.5097,BCB_PTAX
2021-10-07,5.514,BCB_PTAX
2021-10-08,5.5084,BCB_PTAX
2021-10-11,5.5161,BCB_PTAX
2021-10-13,5.5471,BCB_PTAX
2021-10-14,5.4988,BCB_PTAX
2021-10-15,5.451,BCB_PTAX
2021-10-18,5.5193,BCB_PTAX
2021-10-19,5.5521,BCB_PTAX
2021-10-20,5.5571,BCB_PTAX
2021-10-21,5.6423,BCB_PTAX
2021-10-22,5.7117,BCB_PTAX
2021-10-25,5.5973,BCB_PTAX
2021-10-26,5.58,BCB_PTAX
2021-10-27,5.5667,BCB_PTAX
2021-10-28,5.6124,BCB_PTAX
2021-10-29,5.643,BCB_PTAX
2021-11-01,5.6694,BCB_PTAX
2021-11-03,5.6672,BCB_PTAX
2021-11-04,5.5942,BCB_PTAX
2021-11-05,5.5455,BCB_PTAX
2021-11-08,5.5627,BCB_PTAX
2021-11-09,5.4957,BCB_PTAX
2021-11-10,5.459,BCB_PTAX
2021-11-11,5.4171,BCB_PTAX
2021-11-12,5.4199,BCB_PTAX
2021-11-16,5.4772,BCB_PTAX
2021-11-17,5.4993,BCB_PTAX
2021-11-18,5.547,BCB_PTAX
2021-11-19,5.5584,BCB_PTAX
2021-11-22,5.5841,BCB_PTAX
2021-11-23,5.6456,BCB_PTAX
2021-11-24,5.6027,BCB_PTAX
2021-11-25,5.574,BCB_PTAX
2021-11-26,5.5865,BCB_PTAX
2021-11-29,5.6118,BCB_PTAX
2021-11-30,5.6199,BCB_PTAX
2021-12-01,5.6168,BCB_PTAX
2021-12-02,5.6345,BCB_PTAX
2021-12-03,5.6432,BCB_PTAX
2021-12-06,5.6877,BCB_PTAX
2021-12-07,5.6411,BCB_PTAX
2021-12-08,5.5779,BCB_PTAX
2021-12-09,5.5564,BCB_PTAX
2021-12-10,5.5931,BCB_PTAX
2021-12-13,5.6357,BCB_PTAX
2021-12-14,5.6461,BCB_PTAX
2021-12-15,5.7127,BCB_PTAX
2021-12-16,5.6963,BCB_PTAX
2021-12-17,5.6959,BCB_PTAX
2021-12-20,5.7055,BCB_PTAX
2021-12-21,5.7372,BCB_PTAX
2021-12-22,5.7201,BCB_PTAX
2021-12-23,5.691,BCB_PTAX
2021-12-24,5.6591,BCB_PTAX
2021-12-27,5.665,BCB_PTAX
2021-12-28,5.6438,BCB_PTAX
2021-12-29,5.6619,BCB_PTAX
2021-12-30,5.5805,BCB_PTAX
2021-12-31,5.5805,BCB_PTAX
2022-01-03,5.6309,BCB_PTAX
2022-01-04,5.6776,BCB_PTAX
2022-01-05,5.6628,BCB_PTAX
2022-01-06,5.7042,BCB_PTAX
2022-01-07,5.6753,BCB_PTAX
2022-01-10,5.6736,BCB_PTAX
2022-01-11,5.6351,BCB_PTAX
2022-01-12,5.5611,BCB_PTAX
2022-01-13,5.5246,BCB_PTAX
2022-01-14,5.5349,BCB_PTAX
2022-01-17,5.5058,BCB_PTAX
2022-01-18,5.5213,BCB_PTAX
2022-01-19,5.4978,BCB_PTAX
2022-01-20,5.4166,BCB_PTAX
2022-01-21,5.4401,BCB_PTAX
2022-01-24,5.491,BCB_PTAX
2022-01-25,5.4971,BCB_PTAX
2022-01-26,5.4324,BCB_PTAX
2022-01-27,5.3812,BCB_PTAX
2022-01-28,5.3954,BCB_PTAX
2022-01-31,5.3574,BCB_PTAX
2022-02-01,5.281,BCB_PTAX
2022-02-02,5.2956,BCB_PTAX
2022-02-03,5.3025,BCB_PTAX
2022-02-04,5.3284,BCB_PTAX
2022-02-07,5.2913,BCB_PTAX
2022-02-08,5.2699,BCB_PTAX
2022-02-09,5.2735,BCB_PTAX
2022-02-10,5.2101,BCB_PTAX
2022-02-11,5.1987,BCB_PTAX
2022-02-14,5.2106,BCB_PTAX
2022-02-15,5.1881,BCB_PTAX
2022-02-16,5.163,BCB_PTAX
2022-02-17,5.1565,BCB_PTAX
2022-02-18,5.1339,BCB_PTAX
2022-02-21,5.0997,BCB_PTAX
2022-02-22,5.0611,BCB_PTAX
2022-02-23,5.0143,BCB_PTAX
2022-02-24,5.1174,BCB_PTAX
2022-02-25,5.1394,BCB_PTAX
2022-03-02,5.1347,BCB_PTAX
2022-03-03,5.0479,BCB_PTAX
2022-03-04,5.0758,BCB_PTAX
2022-03-07,5.0579,BCB_PTAX
2022-03-08,5.0903,BCB_PTAX
2022-03-09,5.0094,BCB_PTAX
2022-03-10,5.0513,BCB_PTAX
2022-03-11,5.0255,BCB_PTAX
2022-03-14,5.0647,BCB_PTAX
2022-03-15,5.1314,BCB_PTAX
2022-03-16,5.1287,BCB_PTAX
2022-03-17,5.0764,BCB_PTAX
2022-03-18,5.0411,BCB_PTAX
2022-03-21,4.9666,BCB_PTAX
2022-03-22,4.9208,BCB_PTAX
2022-03-23,4.8704,BCB_PTAX
2022-03-24,4.8067,BCB_PTAX
2022-03-25,4.7782,BCB_PTAX
2022-03-28,4.7905,BCB_PTAX
2022-03-29,4.7486,BCB_PTAX
2022-03-30,4.7497,BCB_PTAX
2022-03-31,4.7378,BCB_PTAX
2022-04-01,4.6984,BCB_PTAX
2022-04-04,4.6175,BCB_PTAX
2022-04-05,4.64,BCB_PTAX
2022-04-06,4.6967,BCB_PTAX
2022-04-07,4.7422,BCB_PTAX
2022-04-08,4.7513,BCB_PTAX
2022-04-11,4.7025,BCB_PTAX
2022-04-12,4.6483,BCB_PTAX
2022-04-13,4.6811,BCB_PTAX
2022-04-14,4.7158,BCB_PTAX
2022-04-18,4.6746,BCB_PTAX
2022-04-19,4.6664,BCB_PTAX
2022-04-20,4.6397,BCB_PTAX
2022-04-22,4.7326,BCB_PTAX
2022-04-25,4.8818,BCB_PTAX
2022-04-26,4.9666,BCB_PTAX
2022-04-27,5.0167,BCB_PTAX
2022-04-28,5.011,BCB_PTAX
2022-04-29,4.9191,BCB_PTAX
2022-05-02,5.0266,BCB_PTAX
2022-05-03,5.0167,BCB_PTAX
2022-05-04,5.0093,BCB_PTAX
2022-05-05,5.0051,BCB_PTAX
2022-05-06,5.075,BCB_PTAX
2022-05-09,5.134,BCB_PTAX
2022-05-10,5.139,BCB_PTAX
2022-05-11,5.1244,BCB_PTAX
2022-05-12,5.1482,BCB_PTAX
2022-05-13,5.1075,BCB_PTAX
2022-05-16,5.0666,BCB_PTAX
2022-05-17,4.9676,BCB_PTAX
2022-05-18,4.9592,BCB_PTAX
2022-05-19,4.9198,BCB_PTAX
2022-05-20,4.8777,BCB_PTAX
2022-05-23,4.7973,BCB_PTAX
2022-05-24,4.8106,BCB_PTAX
2022-05-25,4.8359,BCB_PTAX
2022-05-26,4.7967,BCB_PTAX
2022-05-27,4.7434,BCB_PTAX
2022-05-30,4.7216,BCB_PTAX
2022-05-31,4.7289,BCB_PTAX
2022-06-01,4.7765,BCB_PTAX
2022-06-02,4.7879,BCB_PTAX
2022-06-03,4.7956,BCB_PTAX
2022-06-06,4.7839,BCB_PTAX
2022-06-07,4.8909,BCB_PTAX
2022-06-08,4.8711,BCB_PTAX
2022-06-09,4.8951,BCB_PTAX
2022-06-10,4.9836,BCB_PTAX
2022-06-13,5.1033,BCB_PTAX
2022-06-14,5.1203,BCB_PTAX
2022-06-15,5.1119,BCB_PTAX
2022-06-17,5.1313,BCB_PTAX
2022-06-20,5.1641,BCB_PTAX
2022-06-21,5.1462,BCB_PTAX
2022-06-22,5.1509,BCB_PTAX
2022-06-23,5.1833,BCB_PTAX
2022-06-24,5.2334,BCB_PTAX
2022-06-27,5.2214,BCB_PTAX
2022-06-28,5.2179,BCB_PTAX
2022-06-29,5.2268,BCB_PTAX
2022-06-30,5.238,BCB_PTAX
2022-07-01,5.3142,BCB_PTAX
2022-07-04,5.3038,BCB_PTAX
2022-07-05,5.3899,BCB_PTAX
2022-07-06,5.4321,BCB_PTAX
2022-07-07,5.364,BCB_PTAX
2022-07-08,5.3086,BCB_PTAX
2022-07-11,5.3477,BCB_PTAX
2022-07-12,5.412,BCB_PTAX
2022-07-13,5.3992,BCB_PTAX
2022-07-14,5.4568,BCB_PTAX
2022-07-15,5.4014,BCB_PTAX
2022-07-18,5.3675,BCB_PTAX
2022-07-19,5.3904,BCB_PTAX
2022-07-20,5.4288,BCB_PTAX
2022-07-21,5.475,BCB_PTAX
2022-07-22,5.4522,BCB_PTAX
2022-07-25,5.4144,BCB_PTAX
2022-07-26,5.3608,BCB_PTAX
2022-07-27,5.3074,BCB_PTAX
2022-07-28,5.2149,BCB_PTAX
2022-07-29,5.1884,BCB_PTAX
2022-08-01,5.1606,BCB_PTAX
2022-08-02,5.2329,BCB_PTAX
2022-08-03,5.2846,BCB_PTAX
2022-08-04,5.2409,BCB_PTAX
2022-08-05,5.2165,BCB_PTAX
2022-08-08,5.1247,BCB_PTAX
2022-08-09,5.1224,BCB_PTAX
2022-08-10,5.0497,BCB_PTAX
2022-08-11,5.1127,BCB_PTAX
2022-08-12,5.1023,BCB_PTAX
2022-08-15,5.0925,BCB_PTAX
2022-08-16,5.134,BCB_PTAX
2022-08-17,5.1784,BCB_PTAX
2022-08-18,5.1773,BCB_PTAX
2022-08-19,5.1961,BCB_PTAX
2022-08-22,5.1709,BCB_PTAX
2022-08-23,5.103,BCB_PTAX
2022-08-24,5.105,BCB_PTAX
2022-08-25,5.1173,BCB_PTAX
2022-08-26,5.0903,BCB_PTAX
2022-08-29,5.0428,BCB_PTAX
2022-08-30,5.0617,BCB_PTAX
2022-08-31,5.179,BCB_PTAX
2022-09-01,5.2007,BCB_PTAX
2022-09-02,5.1878,BCB_PTAX
2022-09-05,5.1686,BCB_PTAX
2022-09-06,5.2228,BCB_PTAX
2022-09-08,5.2155,BCB_PTAX
2022-09-09,5.1633,BCB_PTAX
2022-09-12,5.1183,BCB_PTAX
2022-09-13,5.1794,BCB_PTAX
2022-09-14,5.1774,BCB_PTAX
2022-09-15,5.2211,BCB_PTAX
2022-09-16,5.2882,BCB_PTAX
2022-09-19,5.2367,BCB_PTAX
2022-09-20,5.1705,BCB_PTAX
2022-09-21,5.1692,BCB_PTAX
2022-09-22,5.1677,BCB_PTAX
2022-09-23,5.2257,BCB_PTAX
2022-09-26,5.3548,BCB_PTAX
2022-09-27,5.3508,BCB_PTAX
2022-09-28,5.3594,BCB_PTAX
2022-09-29,5.3916,BCB_PTAX
2022-09-30,5.4066,BCB_PTAX
2022-10-03,5.2002,BCB_PTAX
2022-10-04,5.1411,BCB_PTAX
2022-10-05,5.2144,BCB_PTAX
2022-10-06,5.2009,BCB_PTAX
2022-10-07,5.2221,BCB_PTAX
2022-10-10,5.1941,BCB_PTAX
2022-10-11,5.2068,BCB_PTAX
2022-10-13,5.3017,BCB_PTAX
2022-10-14,5.2824,BCB_PTAX
2022-10-17,5.2713,BCB_PTAX
2022-10-18,5.2697,BCB_PTAX
2022-10-19,5.2808,BCB_PTAX
2022-10-20,5.2176,BCB_PTAX
2022-10-21,5.1919,BCB_PTAX
2022-10-24,5.2744,BCB_PTAX
2022-10-25,5.3091,BCB_PTAX
2022-10-26,5.3248,BCB_PTAX
2022-10-27,5.3003,BCB_PTAX
2022-10-28,5.3454,BCB_PTAX
2022-10-31,5.257,BCB_PTAX
2022-11-01,5.15,BCB_PTAX
2022-11-03,5.1349,BCB_PTAX
2022-11-04,5.036,BCB_PTAX
2022-11-07,5.0886,BCB_PTAX
2022-11-08,5.1744,BCB_PTAX
2022-11-09,5.1629,BCB_PTAX
2022-11-10,5.3064,BCB_PTAX
2022-11-11,5.3051,BCB_PTAX
2022-11-14,5.3013,BCB_PTAX
2022-11-16,5.3204,BCB_PTAX
2022-11-17,5.4655,BCB_PTAX
2022-11-18,5.3477,BCB_PTAX
2022-11-21,5.3259,BCB_PTAX
2022-11-22,5.3339,BCB_PTAX
2022-11-23,5.393,BCB_PTAX
2022-11-24,5.3149,BCB_PTAX
2022-11-25,5.3508,BCB_PTAX
2022-11-28,5.3796,BCB_PTAX
2022-11-29,5.3076,BCB_PTAX
2022-11-30,5.2941,BCB_PTAX
2022-12-01,5.1948,BCB_PTAX
2022-12-02,5.1974,BCB_PTAX
2022-12-05,5.2464,BCB_PTAX
2022-12-06,5.2396,BCB_PTAX
2022-12-07,5.2208,BCB_PTAX
2022-12-08,5.2091,BCB_PTAX
2022-12-09,5.2396,BCB_PTAX
2022-12-12,5.3066,BCB_PTAX
2022-12-13,5.2669,BCB_PTAX
2022-12-14,5.3406,BCB_PTAX
2022-12-15,5.3183,BCB_PTAX
2022-12-16,5.2806,BCB_PTAX
2022-12-19,5.316,BCB_PTAX
2022-12-20,5.2427,BCB_PTAX
2022-12-21,5.2031,BCB_PTAX
2022-12-22,5.1871,BCB_PTAX
2022-12-23,5.1445,BCB_PTAX
2022-12-26,5.1872,BCB_PTAX
2022-12-27,5.2832,BCB_PTAX
2022-12-28,5.2736,BCB_PTAX
2022-12-29,5.2177,BCB_PTAX
2022-12-30,5.2177,BCB_PTAX
2023-01-02,5.3436,BCB_PTAX
2023-01-03,5.3759,BCB_PTAX
2023-01-04,5.4459,BCB_PTAX
2023-01-05,5.4026,BCB_PTAX
2023-01-06,5.2855,BCB_PTAX
2023-01-09,5.2967,BCB_PTAX
2023-01-10,5.2395,BCB_PTAX
2023-01-11,5.202,BCB_PTAX
2023-01-12,5.14,BCB_PTAX
2023-01-13,5.1146,BCB_PTAX
2023-01-16,5.1115,BCB_PTAX
2023-01-17,5.1203,BCB_PTAX
2023-01-18,5.0909,BCB_PTAX
2023-01-19,5.2144,BCB_PTAX
2023-01-20,5.1986,BCB_PTAX
2023-01-23,5.1922,BCB_PTAX
2023-01-24,5.1696,BCB_PTAX
2023-01-25,5.1042,BCB_PTAX
2023-01-26,5.0951,BCB_PTAX
2023-01-27,5.0767,BCB_PTAX
2023-01-30,5.0959,BCB_PTAX
2023-01-31,5.0924,BCB_PTAX
2023-02-01,5.0721,BCB_PTAX
2023-02-02,4.9901,BCB_PTAX
2023-02-03,5.103,BCB_PTAX
2023-02-06,5.1763,BCB_PTAX
2023-02-07,5.1695,BCB_PTAX
2023-02-08,5.2036,BCB_PTAX
2023-02-09,5.2315,BCB_PTAX
2023-02-10,5.2526,BCB_PTAX
2023-02-13,5.1834,BCB_PTAX
2023-02-14,5.1507,BCB_PTAX
2023-02-15,5.2243,BCB_PTAX
2023-02-16,5.2432,BCB_PTAX
2023-02-17,5.2012,BCB_PTAX
2023-02-22,5.173,BCB_PTAX
2023-02-23,5.133,BCB_PTAX
2023-02-24,5.1791,BCB_PTAX
2023-02-27,5.196,BCB_PTAX
2023-02-28,5.2078,BCB_PTAX
2023-03-01,5.207,BCB_PTAX
2023-03-02,5.208,BCB_PTAX
2023-03-03,5.2037,BCB_PTAX
2023-03-06,5.197,BCB_PTAX
2023-03-07,5.1901,BCB_PTAX
2023-03-08,5.1387,BCB_PTAX
2023-03-09,5.1353,BCB_PTAX
2023-03-10,5.1822,BCB_PTAX
2023-03-13,5.24,BCB_PTAX
2023-03-14,5.2362,BCB_PTAX
2023-03-15,5.2981,BCB_PTAX
2023-03-16,5.2892,BCB_PTAX
2023-03-17,5.2679,BCB_PTAX
2023-03-20,5.2467,BCB_PTAX
2023-03-21,5.2444,BCB_PTAX
2023-03-22,5.2648,BCB_PTAX
2023-03-23,5.2632,BCB_PTAX
2023-03-24,5.2921,BCB_PTAX
2023-03-27,5.2306,BCB_PTAX
2023-03-28,5.1733,BCB_PTAX
2023-03-29,5.1493,BCB_PTAX
2023-03-30,5.1254,BCB_PTAX
2023-03-31,5.0804,BCB_PTAX
2023-04-03,5.0637,BCB_PTAX
2023-04-04,5.0762,BCB_PTAX
2023-04-05,5.0447,BCB_PTAX
2023-04-06,5.0683,BCB_PTAX
2023-04-10,5.0834,BCB_PTAX
2023-04-11,5.0128,BCB_PTAX
2023-04-12,4.9496,BCB_PTAX
2023-04-13,4.9097,BCB_PTAX
2023-04-14,4.9455,BCB_PTAX
2023-04-17,4.9421,BCB_PTAX
2023-04-18,4.9678,BCB_PTAX
2023-04-19,5.0467,BCB_PTAX
2023-04-20,5.0497,BCB_PTAX
2023-04-24,5.0595,BCB_PTAX
2023-04-25,5.0613,BCB_PTAX
2023-04-26,5.0585,BCB_PTAX
2023-04-27,5.015,BCB_PTAX
2023-04-28,5.0007,BCB_PTAX
2023-05-02,5.0334,BCB_PTAX
2023-05-03,5.0227,BCB_PTAX
2023-05-04,5.0106,BCB_PTAX
2023-05-05,4.9696,BCB_PTAX
2023-05-08,4.9696,BCB_PTAX
2023-05-09,5.0007,BCB_PTAX
2023-05-10,4.9547,BCB_PTAX
2023-05-11,4.9696,BCB_PTAX
2023-05-12,4.9234,BCB_PTAX
2023-05-15,4.9103,BCB_PTAX
2023-05-16,4.9122,BCB_PTAX
2023-05-17,4.9513,BCB_PTAX
2023-05-18,4.9647,BCB_PTAX
2023-05-19,4.9858,BCB_PTAX
2023-05-22,4.968,BCB_PTAX
2023-05-23,4.9674,BCB_PTAX
2023-05-24,4.9474,BCB_PTAX
2023-05-25,4.999,BCB_PTAX
2023-05-26,5.0114,BCB_PTAX
2023-05-29,4.9954,BCB_PTAX
2023-05-30,5.0593,BCB_PTAX
2023-05-31,5.0959,BCB_PTAX
2023-06-01,5.035,BCB_PTAX
2023-06-02,4.9558,BCB_PTAX
2023-06-05,4.9236,BCB_PTAX
2023-06-06,4.9292,BCB_PTAX
2023-06-07,4.9119,BCB_PTAX
2023-06-09,4.8922,BCB_PTAX
2023-06-12,4.8832,BCB_PTAX
2023-06-13,4.8533,BCB_PTAX
2023-06-14,4.8462,BCB_PTAX
2023-06-15,4.8222,BCB_PTAX
2023-06-16,4.8286,BCB_PTAX
2023-06-19,4.7803,BCB_PTAX
2023-06-20,4.793,BCB_PTAX
2023-06-21,4.7795,BCB_PTAX
2023-06-22,4.775,BCB_PTAX
2023-06-23,4.7799,BCB_PTAX
2023-06-26,4.7698,BCB_PTAX
2023-06-27,4.7903,BCB_PTAX
2023-06-28,4.8563,BCB_PTAX
2023-06-29,4.8584,BCB_PTAX
2023-06-30,4.8192,BCB_PTAX
2023-07-03,4.7876,BCB_PTAX
2023-07-04,4.8056,BCB_PTAX
2023-07-05,4.8577,BCB_PTAX
2023-07-06,4.8977,BCB_PTAX
2023-07-07,4.8799,BCB_PTAX
2023-07-10,4.8735,BCB_PTAX
2023-07-11,4.8949,BCB_PTAX
2023-07-12,4.8058,BCB_PTAX
2023-07-13,4.8038,BCB_PTAX
2023-07-14,4.7957,BCB_PTAX
2023-07-17,4.8302,BCB_PTAX
2023-07-18,4.804,BCB_PTAX
2023-07-19,4.8,BCB_PTAX
2023-07-20,4.7888,BCB_PTAX
2023-07-21,4.7732,BCB_PTAX
2023-07-24,4.7457,BCB_PTAX
2023-07-25,4.7496,BCB_PTAX
2023-07-26,4.7368,BCB_PTAX
2023-07-27,4.7202,BCB_PTAX
2023-07-28,4.7253,BCB_PTAX
2023-07-31,4.7415,BCB_PTAX
2023-08-01,4.7752,BCB_PTAX
2023-08-02,4.8083,BCB_PTAX
2023-08-03,4.8797,BCB_PTAX
2023-08-04,4.8609,BCB_PTAX
2023-08-07,4.901,BCB_PTAX
2023-08-08,4.9217,BCB_PTAX
2023-08-09,4.9015,BCB_PTAX
2023-08-10,4.8518,BCB_PTAX
2023-08-11,4.8918,BCB_PTAX
2023-08-14,4.9481,BCB_PTAX
2023-08-15,4.9812,BCB_PTAX
2023-08-16,4.9772,BCB_PTAX
2023-08-17,4.9816,BCB_PTAX
2023-08-18,4.9724,BCB_PTAX
2023-08-21,4.9847,BCB_PTAX
2023-08-22,4.9431,BCB_PTAX
2023-08-23,4.8977,BCB_PTAX
2023-08-24,4.8748,BCB_PTAX
2023-08-25,4.8772,BCB_PTAX
2023-08-28,4.8938,BCB_PTAX
2023-08-29,4.8706,BCB_PTAX
2023-08-30,4.8653,BCB_PTAX
2023-08-31,4.9219,BCB_PTAX
2023-09-01,4.9318,BCB_PTAX
2023-09-04,4.9176,BCB_PTAX
2023-09-05,4.9705,BCB_PTAX
2023-09-06,4.9762,BCB_PTAX
2023-09-08,4.9835,BCB_PTAX
2023-09-11,4.9366,BCB_PTAX
2023-09-12,4.9505,BCB_PTAX
2023-09-13,4.9171,BCB_PTAX
2023-09-14,4.8751,BCB_PTAX
2023-09-15,4.8689,BCB_PTAX
2023-09-18,4.8535,BCB_PTAX
2023-09-19,4.8575,BCB_PTAX
2023-09-20,4.8487,BCB_PTAX
2023-09-21,4.9229,BCB_PTAX
2023-09-22,4.9131,BCB_PTAX
2023-09-25,4.9606,BCB_PTAX
2023-09-26,4.9717,BCB_PTAX
2023-09-27,5.0289,BCB_PTAX
2023-09-28,5.0475,BCB_PTAX
2023-09-29,5.0076,BCB_PTAX
2023-10-02,5.0679,BCB_PTAX
2023-10-03,5.11,BCB_PTAX
2023-10-04,5.1526,BCB_PTAX
2023-10-05,5.1713,BCB_PTAX
2023-10-06,5.1918,BCB_PTAX
2023-10-09,5.1666,BCB_PTAX
2023-10-10,5.0862,BCB_PTAX
2023-10-11,5.0496,BCB_PTAX
2023-10-13,5.0625,BCB_PTAX
2023-10-16,5.0618,BCB_PTAX
2023-10-17,5.0384,BCB_PTAX
2023-10-18,5.0568,BCB_PTAX
2023-10-19,5.054,BCB_PTAX
2023-10-20,5.0528,BCB_PTAX
2023-10-23,5.0164,BCB_PTAX
2023-10-24,5.0065,BCB_PTAX
2023-10-25,4.9981,BCB_PTAX
2023-10-26,5.0055,BCB_PTAX
2023-10-27,4.948,BCB_PTAX
2023-10-30,5.0074,BCB_PTAX
2023-10-31,5.0575,BCB_PTAX
2023-11-01,5.0194,BCB_PTAX
2023-11-03,4.891,BCB_PTAX
2023-11-06,4.8999,BCB_PTAX
2023-11-07,4.867,BCB_PTAX
2023-11-08,4.8855,BCB_PTAX
2023-11-09,4.9007,BCB_PTAX
2023-11-10,4.9219,BCB_PTAX
2023-11-13,4.9247,BCB_PTAX
2023-11-14,4.8682,BCB_PTAX
2023-11-16,4.8575,BCB_PTAX
2023-11-17,4.8849,BCB_PTAX
2023-11-20,4.8723,BCB_PTAX
2023-11-21,4.8806,BCB_PTAX
2023-11-22,4.8968,BCB_PTAX
2023-11-23,4.8931,BCB_PTAX
2023-11-24,4.8927,BCB_PTAX
2023-11-27,4.8951,BCB_PTAX
2023-11-28,4.8867,BCB_PTAX
2023-11-29,4.8933,BCB_PTAX
2023-11-30,4.9355,BCB_PTAX
2023-12-01,4.9191,BCB_PTAX
2023-12-04,4.9091,BCB_PTAX
2023-12-05,4.9522,BCB_PTAX
2023-12-06,4.9031,BCB_PTAX
2023-12-07,4.8949,BCB_PTAX
2023-12-08,4.9158,BCB_PTAX
2023-12-11,4.944,BCB_PTAX
2023-12-12,4.9476,BCB_PTAX
2023-12-13,4.958,BCB_PTAX
2023-12-14,4.8912,BCB_PTAX
2023-12-15,4.9397,BCB_PTAX
2023-12-18,4.9399,BCB_PTAX
2023-12-19,4.8663,BCB_PTAX
2023-12-20,4.8766,BCB_PTAX
2023-12-21,4.8755,BCB_PTAX
2023-12-22,4.8619,BCB_PTAX
2023-12-26,4.8368,BCB_PTAX
2023-12-27,4.8306,BCB_PTAX
2023-12-28,4.8413,BCB_PTAX
2023-12-29,4.8413,BCB_PTAX
2024-01-02,4.8916,BCB_PTAX
2024-01-03,4.9212,BCB_PTAX
2024-01-04,4.9188,BCB_PTAX
2024-01-05,4.8899,BCB_PTAX
2024-01-08,4.885,BCB_PTAX
2024-01-09,4.8937,BCB_PTAX
2024-01-10,4.8901,BCB_PTAX
2024-01-11,4.8794,BCB_PTAX
2024-01-12,4.8543,BCB_PTAX
2024-01-15,4.8765,BCB_PTAX
2024-01-16,4.9038,BCB_PTAX
2024-01-17,4.9346,BCB_PTAX
2024-01-18,4.9403,BCB_PTAX
2024-01-19,4.9223,BCB_PTAX
2024-01-22,4.949,BCB_PTAX
2024-01-23,4.9715,BCB_PTAX
2024-01-24,4.9192,BCB_PTAX
2024-01-25,4.9232,BCB_PTAX
2024-01-26,4.9125,BCB_PTAX
2024-01-29,4.9225,BCB_PTAX
2024-01-30,4.9638,BCB_PTAX
2024-01-31,4.9535,BCB_PTAX
2024-02-01,4.935,BCB_PTAX
2024-02-02,4.9471,BCB_PTAX
2024-02-05,5.0053,BCB_PTAX
2024-02-06,4.9687,BCB_PTAX
2024-02-07,4.9608,BCB_PTAX
2024-02-08,4.9804,BCB_PTAX
2024-02-09,4.9717,BCB_PTAX
2024-02-14,4.9723,BCB_PTAX
2024-02-15,4.971,BCB_PTAX
2024-02-16,4.9761,BCB_PTAX
2024-02-19,4.9585,BCB_PTAX
2024-02-20,4.9408,BCB_PTAX
2024-02-21,4.9303,BCB_PTAX
2024-02-22,4.9419,BCB_PTAX
2024-02-23,4.9851,BCB_PTAX
2024-02-26,4.9819,BCB_PTAX
2024-02-27,4.9575,BCB_PTAX
2024-02-28,4.9557,BCB_PTAX
2024-02-29,4.9833,BCB_PTAX
2024-03-01,4.9596,BCB_PTAX
2024-03-04,4.9475,BCB_PTAX
2024-03-05,4.9488,BCB_PTAX
2024-03-06,4.9398,BCB_PTAX
2024-03-07,4.9364,BCB_PTAX
2024-03-08,4.9751,BCB_PTAX
2024-03-11,4.9777,BCB_PTAX
2024-03-12,4.9813,BCB_PTAX
2024-03-13,4.9803,BCB_PTAX
2024-03-14,4.9768,BCB_PTAX
2024-03-15,4.9937,BCB_PTAX
2024-03-18,5.0124,BCB_PTAX
2024-03-19,5.0352,BCB_PTAX
2024-03-20,5.012,BCB_PTAX
2024-03-21,4.9807,BCB_PTAX
2024-03-22,4.9897,BCB_PTAX
2024-03-25,4.9869,BCB_PTAX
2024-03-26,4.987,BCB_PTAX
2024-03-27,4.9856,BCB_PTAX
2024-03-28,4.9962,BCB_PTAX
2024-04-01,5.0532,BCB_PTAX
2024-04-02,5.0476,BCB_PTAX
2024-04-03,5.0724,BCB_PTAX
2024-04-04,5.0237,BCB_PTAX
2024-04-05,5.052,BCB_PTAX
2024-04-08,5.0421,BCB_PTAX
2024-04-09,5.008,BCB_PTAX
2024-04-10,5.0654,BCB_PTAX
2024-04-11,5.0765,BCB_PTAX
2024-04-12,5.1364,BCB_PTAX
2024-04-15,5.1746,BCB_PTAX
2024-04-16,5.2635,BCB_PTAX
2024-04-17,5.2469,BCB_PTAX
2024-04-18,5.2512,BCB_PTAX
2024-04-19,5.2269,BCB_PTAX
2024-04-22,5.2043,BCB_PTAX
2024-04-23,5.1626,BCB_PTAX
2024-04-24,5.1592,BCB_PTAX
2024-04-25,5.1679,BCB_PTAX
2024-04-26,5.1184,BCB_PTAX
2024-04-29,5.1155,BCB_PTAX
2024-04-30,5.1718,BCB_PTAX
2024-05-02,5.1184,BCB_PTAX
2024-05-03,5.0668,BCB_PTAX
2024-05-06,5.0727,BCB_PTAX
2024-05-07,5.061,BCB_PTAX
2024-05-08,5.0887,BCB_PTAX
2024-05-09,5.1577,BCB_PTAX
2024-05-10,5.1464,BCB_PTAX
2024-05-13,5.1412,BCB_PTAX
2024-05-14,5.1356,BCB_PTAX
2024-05-15,5.1423,BCB_PTAX
2024-05-16,5.127,BCB_PTAX
2024-05-17,5.1157,BCB_PTAX
2024-05-20,5.1085,BCB_PTAX
2024-05-21,5.1037,BCB_PTAX
2024-05-22,5.1502,BCB_PTAX
2024-05-23,5.1443,BCB_PTAX
2024-05-24,5.1508,BCB_PTAX
2024-05-27,5.1704,BCB_PTAX
2024-05-28,5.1538,BCB_PTAX
2024-05-29,5.1972,BCB_PTAX
2024-05-31,5.2416,BCB_PTAX
2024-06-03,5.2373,BCB_PTAX
2024-06-04,5.2687,BCB_PTAX
2024-06-05,5.2841,BCB_PTAX
2024-06-06,5.2681,BCB_PTAX
2024-06-07,5.2802,BCB_PTAX
2024-06-10,5.3666,BCB_PTAX
2024-06-11,5.3524,BCB_PTAX
2024-06-12,5.3891,BCB_PTAX
2024-06-13,5.3974,BCB_PTAX
2024-06-14,5.363,BCB_PTAX
2024-06-17,5.413,BCB_PTAX
2024-06-18,5.4074,BCB_PTAX
2024-06-19,5.4647,BCB_PTAX
2024-06-20,5.4254,BCB_PTAX
2024-06-21,5.4416,BCB_PTAX
2024-06-24,5.4,BCB_PTAX
2024-06-25,5.429,BCB_PTAX
2024-06-26,5.5097,BCB_PTAX
2024-06-27,5.5229,BCB_PTAX
2024-06-28,5.5589,BCB_PTAX
2024-07-01,5.5893,BCB_PTAX
2024-07-02,5.6677,BCB_PTAX
2024-07-03,5.5863,BCB_PTAX
2024-07-04,5.4839,BCB_PTAX
2024-07-05,5.497,BCB_PTAX
2024-07-08,5.472,BCB_PTAX
2024-07-09,5.4387,BCB_PTAX
2024-07-10,5.3967,BCB_PTAX
2024-07-11,5.41,BCB_PTAX
2024-07-12,5.4529,BCB_PTAX
2024-07-15,5.4563,BCB_PTAX
2024-07-16,5.4274,BCB_PTAX
2024-07-17,5.467,BCB_PTAX
2024-07-18,5.5426,BCB_PTAX
2024-07-19,5.5543,BCB_PTAX
2024-07-22,5.5598,BCB_PTAX
2024-07-23,5.5807,BCB_PTAX
2024-07-24,5.6346,BCB_PTAX
2024-07-25,5.6402,BCB_PTAX
2024-07-26,5.6465,BCB_PTAX
2024-07-29,5.6479,BCB_PTAX
2024-07-30,5.6532,BCB_PTAX
2024-07-31,5.6621,BCB_PTAX
2024-08-01,5.6681,BCB_PTAX
2024-08-02,5.7366,BCB_PTAX
2024-08-05,5.7646,BCB_PTAX
2024-08-06,5.6528,BCB_PTAX
2024-08-07,5.6093,BCB_PTAX
2024-08-08,5.6172,BCB_PTAX
2024-08-09,5.5115,BCB_PTAX
2024-08-12,5.4911,BCB_PTAX
2024-08-13,5.4875,BCB_PTAX
2024-08-14,5.4502,BCB_PTAX
2024-08-15,5.4651,BCB_PTAX
2024-08-16,5.4632,BCB_PTAX
2024-08-19,5.4237,BCB_PTAX
2024-08-20,5.4547,BCB_PTAX
2024-08-21,5.4707,BCB_PTAX
2024-08-22,5.5524,BCB_PTAX
2024-08-23,5.5263,BCB_PTAX
2024-08-26,5.4921,BCB_PTAX
2024-08-27,5.4969,BCB_PTAX
2024-08-28,5.5315,BCB_PTAX
2024-08-29,5.6358,BCB_PTAX
2024-08-30,5.6562,BCB_PTAX
2024-09-02,5.623,BCB_PTAX
2024-09-03,5.6224,BCB_PTAX
2024-09-04,5.6359,BCB_PTAX
2024-09-05,5.6049,BCB_PTAX
2024-09-06,5.5702,BCB_PTAX
2024-09-09,5.6097,BCB_PTAX
2024-09-10,5.6254,BCB_PTAX
2024-09-11,5.6387,BCB_PTAX
2024-09-12,5.6554,BCB_PTAX
2024-09-13,5.5717,BCB_PTAX
2024-09-16,5.5207,BCB_PTAX
2024-09-17,5.501,BCB_PTAX
2024-09-18,5.4767,BCB_PTAX
2024-09-19,5.4189,BCB_PTAX
2024-09-20,5.4775,BCB_PTAX
2024-09-23,5.5446,BCB_PTAX
2024-09-24,5.4702,BCB_PTAX
2024-09-25,5.4736,BCB_PTAX
2024-09-26,5.4412,BCB_PTAX
2024-09-27,5.4431,BCB_PTAX
2024-09-30,5.4481,BCB_PTAX
2024-10-01,5.4521,BCB_PTAX
2024-10-02,5.4305,BCB_PTAX
2024-10-03,5.485,BCB_PTAX
2024-10-04,5.4686,BCB_PTAX
2024-10-07,5.4626,BCB_PTAX
2024-10-08,5.5197,BCB_PTAX
2024-10-09,5.5737,BCB_PTAX
2024-10-10,5.5819,BCB_PTAX
2024-10-11,5.6263,BCB_PTAX
2024-10-14,5.6045,BCB_PTAX
2024-10-15,5.6378,BCB_PTAX
2024-10-16,5.6749,BCB_PTAX
2024-10-17,5.6758,BCB_PTAX
2024-10-18,5.6672,BCB_PTAX
2024-10-21,5.7068,BCB_PTAX
2024-10-22,5.6958,BCB_PTAX
2024-10-23,5.7149,BCB_PTAX
2024-10-24,5.7087,BCB_PTAX
2024-10-25,5.6969,BCB_PTAX
2024-10-28,5.6988,BCB_PTAX
2024-10-29,5.714,BCB_PTAX
2024-10-30,5.7801,BCB_PTAX
2024-10-31,5.7779,BCB_PTAX
2024-11-01,5.8073,BCB_PTAX
2024-11-04,5.7898,BCB_PTAX
2024-11-05,5.7846,BCB_PTAX
2024-11-06,5.7648,BCB_PTAX
2024-11-07,5.6624,BCB_PTAX
2024-11-08,5.7648,BCB_PTAX
2024-11-11,5.798,BCB_PTAX
2024-11-12,5.7694,BCB_PTAX
2024-11-13,5.7713,BCB_PTAX
2024-11-14,5.7885,BCB_PTAX
2024-11-18,5.7603,BCB_PTAX
2024-11-19,5.7743,BCB_PTAX
2024-11-21,5.8173,BCB_PTAX
2024-11-22,5.8124,BCB_PTAX
2024-11-25,5.8002,BCB_PTAX
2024-11-26,5.799,BCB_PTAX
2024-11-27,5.8291,BCB_PTAX
2024-11-28,5.9871,BCB_PTAX
2024-11-29,6.0535,BCB_PTAX
2024-12-02,6.0634,BCB_PTAX
2024-12-03,6.0707,BCB_PTAX
2024-12-04,6.0581,BCB_PTAX
2024-12-05,5.9849,BCB_PTAX
2024-12-06,6.0293,BCB_PTAX
2024-12-09,6.057,BCB_PTAX
2024-12-10,6.0529,BCB_PTAX
2024-12-11,6.032,BCB_PTAX
2024-12-12,5.9408,BCB_PTAX
2024-12-13,6.04,BCB_PTAX
2024-12-16,6.0509,BCB_PTAX
2024-12-17,6.1685,BCB_PTAX
2024-12-18,6.1624,BCB_PTAX
2024-12-19,6.1841,BCB_PTAX
2024-12-20,6.078,BCB_PTAX
2024-12-23,6.1612,BCB_PTAX
2024-12-24,6.1541,BCB_PTAX
2024-12-26,6.1656,BCB_PTAX
2024-12-27,6.1991,BCB_PTAX
2024-12-30,6.1923,BCB_PTAX
2024-12-31,6.1923,BCB_PTAX
2025-01-02,6.2086,BCB_PTAX
2025-01-03,6.1563,BCB_PTAX
2025-01-06,6.1119,BCB_PTAX
2025-01-07,6.0741,BCB_PTAX
2025-01-08,6.1321,BCB_PTAX
2025-01-09,6.0896,BCB_PTAX
2025-01-10,6.0965,BCB_PTAX
2025-01-13,6.1079,BCB_PTAX
2025-01-14,6.0671,BCB_PTAX
2025-01-15,6.0377,BCB_PTAX
2025-01-16,6.0322,BCB_PTAX
2025-01-17,6.0609,BCB_PTAX
2025-01-20,6.0498,BCB_PTAX
2025-01-21,6.044,BCB_PTAX
2025-01-22,5.9674,BCB_PTAX
2025-01-23,5.9399,BCB_PTAX
2025-01-24,5.8925,BCB_PTAX
2025-01-27,5.9272,BCB_PTAX
2025-01-28,5.893,BCB_PTAX
2025-01-29,5.8596,BCB_PTAX
2025-01-30,5.9006,BCB_PTAX
2025-01-31,5.8301,BCB_PTAX
2025-02-03,5.8687,BCB_PTAX
2025-02-04,5.7927,BCB_PTAX
2025-02-05,5.7997,BCB_PTAX
2025-02-06,5.7856,BCB_PTAX
2025-02-07,5.7557,BCB_PTAX
2025-02-10,5.7808,BCB_PTAX
2025-02-11,5.7788,BCB_PTAX
2025-02-12,5.7711,BCB_PTAX
2025-02-13,5.7788,BCB_PTAX
2025-02-14,5.7283,BCB_PTAX
2025-02-17,5.7105,BCB_PTAX
2025-02-18,5.6979,BCB_PTAX
2025-02-19,5.7087,BCB_PTAX
2025-02-20,5.7019,BCB_PTAX
2025-02-21,5.7027,BCB_PTAX
2025-02-24,5.7258,BCB_PTAX
2025-02-25,5.7779,BCB_PTAX
2025-02-26,5.7757,BCB_PTAX
2025-02-27,5.8228,BCB_PTAX
2025-02-28,5.8488,BCB_PTAX
2025-03-05,5.7914,BCB_PTAX
2025-03-06,5.7489,BCB_PTAX
2025-03-07,5.7688,BCB_PTAX
2025-03-10,5.793,BCB_PTAX
2025-03-11,5.8346,BCB_PTAX
2025-03-12,5.8268,BCB_PTAX
2025-03-13,5.8131,BCB_PTAX
2025-03-14,5.7419,BCB_PTAX
2025-03-17,5.7082,BCB_PTAX
2025-03-18,5.6852,BCB_PTAX
2025-03-19,5.6657,BCB_PTAX
2025-03-20,5.6628,BCB_PTAX
2025-03-21,5.7241,BCB_PTAX
2025-03-24,5.7403,BCB_PTAX
2025-03-25,5.6992,BCB_PTAX
2025-03-26,5.7298,BCB_PTAX
2025-03-27,5.7474,BCB_PTAX
2025-03-28,5.766,BCB_PTAX
2025-03-31,5.7422,BCB_PTAX
2025-04-01,5.7051,BCB_PTAX
2025-04-02,5.6923,BCB_PTAX
2025-04-03,5.6067,BCB_PTAX
2025-04-04,5.7777,BCB_PTAX
2025-04-07,5.8877,BCB_PTAX
2025-04-08,5.9368,BCB_PTAX
2025-04-09,6.0605,BCB_PTAX
2025-04-10,5.9115,BCB_PTAX
2025-04-11,5.8737,BCB_PTAX
2025-04-14,5.8425,BCB_PTAX
2025-04-15,5.8707,BCB_PTAX
2025-04-16,5.8808,BCB_PTAX
2025-04-17,5.8559,BCB_PTAX
2025-04-22,5.7496,BCB_PTAX
2025-04-23,5.688,BCB_PTAX
2025-04-24,5.6738,BCB_PTAX
2025-04-25,5.6846,BCB_PTAX
2025-04-28,5.6681,BCB_PTAX
2025-04-29,5.6467,BCB_PTAX
2025-04-30,5.6608,BCB_PTAX
2025-05-02,5.6394,BCB_PTAX
2025-05-05,5.652,BCB_PTAX
2025-05-06,5.721,BCB_PTAX
2025-05-07,5.7375,BCB_PTAX
2025-05-08,5.686,BCB_PTAX
2025-05-09,5.6511,BCB_PTAX
2025-05-12,5.6822,BCB_PTAX
2025-05-13,5.6262,BCB_PTAX
2025-05-14,5.61,BCB_PTAX
2025-05-15,5.6328,BCB_PTAX
2025-05-16,5.6925,BCB_PTAX
2025-05-19,5.6591,BCB_PTAX
2025-05-20,5.662,BCB_PTAX
2025-05-21,5.6571,BCB_PTAX
2025-05-22,5.639,BCB_PTAX
2025-05-23,5.6932,BCB_PTAX
2025-05-26,5.6619,BCB_PTAX
2025-05-27,5.6539,BCB_PTAX
2025-05-28,5.6936,BCB_PTAX
2025-05-29,5.6559,BCB_PTAX
2025-05-30,5.7087,BCB_PTAX
2025-06-02,5.6937,BCB_PTAX
2025-06-03,5.6694,BCB_PTAX
2025-06-04,5.6332,BCB_PTAX
2025-06-05,5.5969,BCB_PTAX
2025-06-06,5.5947,BCB_PTAX
2025-06-09,5.576,BCB_PTAX
2025-06-10,5.5557,BCB_PTAX
2025-06-11,5.539,BCB_PTAX
2025-06-12,5.5388,BCB_PTAX
2025-06-13,5.5652,BCB_PTAX
2025-06-16,5.5123,BCB_PTAX
2025-06-17,5.4773,BCB_PTAX
2025-06-18,5.4879,BCB_PTAX
2025-06-20,5.4957,BCB_PTAX
2025-06-23,5.5213,BCB_PTAX
2025-06-24,5.4938,BCB_PTAX
2025-06-25,5.5427,BCB_PTAX
2025-06-26,5.5145,BCB_PTAX
2025-06-27,5.4759,BCB_PTAX
2025-06-30,5.4571,BCB_PTAX
2025-07-01,5.4511,BCB_PTAX
2025-07-02,5.4512,BCB_PTAX
2025-07-03,5.4208,BCB_PTAX
2025-07-04,5.409,BCB_PTAX
2025-07-07,5.4552,BCB_PTAX
2025-07-08,5.4571,BCB_PTAX
2025-07-09,5.4626,BCB_PTAX
2025-07-10,5.5433,BCB_PTAX
2025-07-11,5.5722,BCB_PTAX
2025-07-14,5.5595,BCB_PTAX
2025-07-15,5.5576,BCB_PTAX
2025-07-16,5.5722,BCB_PTAX
2025-07-17,5.5737,BCB_PTAX
2025-07-18,5.5466,BCB_PTAX
2025-07-21,5.5625,BCB_PTAX
2025-07-22,5.5709,BCB_PTAX
2025-07-23,5.5537,BCB_PTAX
2025-07-24,5.5239,BCB_PTAX
2025-07-25,5.5426,BCB_PTAX
2025-07-28,5.5877,BCB_PTAX
2025-07-29,5.5764,BCB_PTAX
2025-07-30,5.6034,BCB_PTAX
2025-07-31,5.6021,BCB_PTAX
2025-08-01,5.5436,BCB_PTAX
2025-08-04,5.5113,BCB_PTAX
2025-08-05,5.5119,BCB_PTAX
2025-08-06,5.4802,BCB_PTAX
2025-08-07,5.4638,BCB_PTAX
2025-08-08,5.4254,BCB_PTAX
2025-08-11,5.4473,BCB_PTAX
2025-08-12,5.4052,BCB_PTAX
2025-08-13,5.3928,BCB_PTAX
2025-08-14,5.4095,BCB_PTAX
2025-08-15,5.3928,BCB_PTAX
2025-08-18,5.4155,BCB_PTAX
2025-08-19,5.4716,BCB_PTAX
2025-08-20,5.4726,BCB_PTAX
2025-08-21,5.4828,BCB_PTAX
2025-08-22,5.4392,BCB_PTAX
2025-08-25,5.4174,BCB_PTAX
2025-08-26,5.4218,BCB_PTAX
2025-08-27,5.4428,BCB_PTAX
2025-08-28,5.4115,BCB_PTAX
2025-08-29,5.4264,BCB_PTAX
2025-09-01,5.4378,BCB_PTAX
2025-09-02,5.468,BCB_PTAX
2025-09-03,5.4485,BCB_PTAX
2025-09-04,5.4587,BCB_PTAX
2025-09-05,5.3968,BCB_PTAX
2025-09-08,5.4278,BCB_PTAX
2025-09-09,5.4278,BCB_PTAX
2025-09-10,5.4123,BCB_PTAX
2025-09-11,5.3858,BCB_PTAX
2025-09-12,5.3677,BCB_PTAX
2025-09-15,5.3208,BCB_PTAX
2025-09-16,5.3096,BCB_PTAX
2025-09-17,5.3011,BCB_PTAX
2025-09-18,5.301,BCB_PTAX
2025-09-19,5.3276,BCB_PTAX
2025-09-22,5.3457,BCB_PTAX
2025-09-23,5.3063,BCB_PTAX
2025-09-24,5.3112,BCB_PTAX
2025-09-25,5.3425,BCB_PTAX
2025-09-26,5.3445,BCB_PTAX
2025-09-29,5.3229,BCB_PTAX
2025-09-30,5.3186,BCB_PTAX
2025-10-01,5.3208,BCB_PTAX
2025-10-02,5.3449,BCB_PTAX
2025-10-03,5.3498,BCB_PTAX
2025-10-06,5.3226,BCB_PTAX
2025-10-07,5.3363,BCB_PTAX
2025-10-08,5.3427,BCB_PTAX
2025-10-09,5.3538,BCB_PTAX
2025-10-10,5.4446,BCB_PTAX
2025-10-13,5.4629,BCB_PTAX
2025-10-14,5.4982,BCB_PTAX
2025-10-15,5.4464,BCB_PTAX
2025-10-16,5.4354,BCB_PTAX
2025-10-17,5.439,BCB_PTAX
2025-10-20,5.3771,BCB_PTAX
2025-10-21,5.3848,BCB_PTAX
2025-10-22,5.3898,BCB_PTAX
2025-10-23,5.384,BCB_PTAX
2025-10-24,5.3797,BCB_PTAX
2025-10-27,5.3744,BCB_PTAX
2025-10-28,5.369,BCB_PTAX
2025-10-29,5.3416,BCB_PTAX
2025-10-30,5.385,BCB_PTAX
2025-10-31,5.3843,BCB_PTAX
2025-11-03,5.3505,BCB_PTAX
2025-11-04,5.3846,BCB_PTAX
2025-11-05,5.3798,BCB_PTAX
2025-11-06,5.3451,BCB_PTAX
2025-11-07,5.3567,BCB_PTAX
2025-11-10,5.3181,BCB_PTAX
2025-11-11,5.2729,BCB_PTAX
2025-11-12,5.2885,BCB_PTAX
2025-11-13,5.282,BCB_PTAX
2025-11-14,5.2952,BCB_PTAX
2025-11-17,5.3108,BCB_PTAX
2025-11-18,5.3361,BCB_PTAX
2025-11-19,5.3346,BCB_PTAX
2025-11-21,5.3902,BCB_PTAX
2025-11-24,5.3948,BCB_PTAX
2025-11-25,5.3841,BCB_PTAX
2025-11-26,5.3694,BCB_PTAX
2025-11-27,5.349,BCB_PTAX
2025-11-28,5.3338,BCB_PTAX
2025-12-01,5.3469,BCB_PTAX
2025-12-02,5.3465,BCB_PTAX
2025-12-03,5.3114,BCB_PTAX
2025-12-04,5.2952,BCB_PTAX
2025-12-05,5.3405,BCB_PTAX
2025-12-08,5.4249,BCB_PTAX
2025-12-09,5.457,BCB_PTAX
2025-12-10,5.4656,BCB_PTAX
2025-12-11,5.4237,BCB_PTAX
2025-12-12,5.4011,BCB_PTAX
2025-12-15,5.3929,BCB_PTAX
2025-12-16,5.4505,BCB_PTAX
2025-12-17,5.5093,BCB_PTAX
2025-12-18,5.5283,BCB_PTAX
2025-12-19,5.516,BCB_PTAX
2025-12-22,5.5389,BCB_PTAX
2025-12-23,5.5643,BCB_PTAX
2025-12-24,5.535,BCB_PTAX
2025-12-26,5.5413,BCB_PTAX
2025-12-29,5.5739,BCB_PTAX
2025-12-30,5.5024,BCB_PTAX
2025-12-31,5.5024,BCB_PTAX
2026-01-02,5.4372,BCB_PTAX
2026-01-05,5.4351,BCB_PTAX
2026-01-06,5.3797,BCB_PTAX
2026-01-07,5.388,BCB_PTAX
2026-01-08,5.386,BCB_PTAX
2026-01-09,5.3707,BCB_PTAX
2026-01-12,5.376,BCB_PTAX
2026-01-13,5.3764,BCB_PTAX
2026-01-14,5.3795,BCB_PTAX
2026-01-15,5.3846,BCB_PTAX
2026-01-16,5.3798,BCB_PTAX
2026-01-19,5.3653,BCB_PTAX
2026-01-20,5.379,BCB_PTAX
2026-01-21,5.3368,BCB_PTAX
2026-01-22,5.3118,BCB_PTAX
2026-01-23,5.2879,BCB_PTAX
2026-01-26,5.276,BCB_PTAX
2026-01-27,5.2392,BCB_PTAX
2026-01-28,5.1838,BCB_PTAX
2026-01-29,5.1956,BCB_PTAX
2026-01-30,5.2301,BCB_PTAX
2026-02-02,5.2587,BCB_PTAX
2026-02-03,5.2236,BCB_PTAX
2026-02-04,5.2359,BCB_PTAX
2026-02-05,5.258,BCB_PTAX
2026-02-06,5.2341,BCB_PTAX
2026-02-09,5.1943,BCB_PTAX
2026-02-10,5.2021,BCB_PTAX
2026-02-11,5.1836,BCB_PTAX
2026-02-12,5.1674,BCB_PTAX
2026-02-13,5.2288,BCB_PTAX
2026-02-18,5.2349,BCB_PTAX
2026-02-19,5.2257,BCB_PTAX
2026-02-20,5.2006,BCB_PTAX
2026-02-23,5.1635,BCB_PTAX
2026-02-24,5.1682,BCB_PTAX
2026-02-25,5.144,BCB_PTAX
2026-02-26,5.1382,BCB_PTAX
2026-02-27,5.1495,BCB_PTAX
2026-03-02,5.2001,BCB_PTAX
2026-03-03,5.287,BCB_PTAX
2026-03-04,5.2091,BCB_PTAX
2026-03-05,5.2447,BCB_PTAX
2026-03-06,5.2878,BCB_PTAX
2026-03-09,5.2139,BCB_PTAX
2026-03-10,5.1622,BCB_PTAX
2026-03-11,5.1596,BCB_PTAX
2026-03-12,5.2051,BCB_PTAX
2026-03-13,5.2541,BCB_PTAX
2026-03-16,5.2647,BCB_PTAX
2026-03-17,5.2022,BCB_PTAX
2026-03-18,5.2112,BCB_PTAX
2026-03-19,5.2587,BCB_PTAX
2026-03-20,5.28,BCB_PTAX
2026-03-23,5.244,BCB_PTAX
2026-03-24,5.2599,BCB_PTAX
2026-03-25,5.2275,BCB_PTAX
2026-03-26,5.2308,BCB_PTAX
2026-03-27,5.2376,BCB_PTAX
2026-03-30,5.2353,BCB_PTAX
2026-03-31,5.2194,BCB_PTAX
2026-04-01,5.1606,BCB_PTAX
2026-04-02,5.1655,BCB_PTAX
2026-04-06,5.1532,BCB_PTAX
2026-04-07,5.1625,BCB_PTAX
