date,location_id,location_name,latitude,longitude,soil_moisture_m3m3,soil_moisture_source
2015-03-31,sorriso_mt,"Sorriso, MT",-12.5425,-55.7211,0.2657,AppEEARS:SPL3SMP_E.006:Soil_Moisture_Retrieval_Data_PM_soil_moisture_pm
2015-04-03,sorriso_mt,"Sorriso, MT",-12.5425,-55.7211,0.195514,AppEEARS:SPL3SMP_E.006:Soil_Moisture_Retrieval_Data_PM_soil_moisture_pm
2015-04-05,sorriso_mt,"Sorriso, MT",-12.5425,-55.7211,0.291493,AppEEARS:SPL3SMP_E.006:Soil_Moisture_Retrieval_Data_PM_soil_moisture_pm
2015-04-08,sorriso_mt,"Sorriso, MT",-12.5425,-55.7211,0.27456,AppEEARS:SPL3SMP_E.006:Soil_Moisture_Retrieval_Data_PM_soil_moisture_pm
2015-04-11,sorriso_mt,"Sorriso, MT",-12.5425,-55.7211,0.234197,AppEEARS:SPL3SMP_E.006:Soil_Moisture_Retrieval_Data_PM_soil_moisture_pm
2015-04-13,sorriso_mt,"Sorriso, MT",-12.5425,-55.7211,0.299445,AppEEARS:SPL3SMP_E.006:Soil_Moisture_Retrieval_Data_PM_soil_moisture_pm
2015-04-16,sorriso_mt,"Sorriso, MT",-12.5425,-55.7211,0.272724,AppEEARS:SPL3SMP_E.006:Soil_Moisture_Retrieval_Data_PM_soil_moisture_pm
2015-04-19,sorriso_mt,"Sorriso, MT",-12.5425,-55.7211,0.242999,AppEEARS:SPL3SMP_E.006:Soil_Moisture_Retrieval_Data_PM_soil_moisture_pm
2015-04-21,sorriso_mt,"Sorriso, MT",-12.5425,-55.7211,0.201756,AppEEARS:SPL3SMP_E.006:Soil_Moisture_Retrieval_Data_PM_soil_moisture_pm
2015-04-24,sorriso_mt,"Sorriso, MT",-12.5425,-55.7211,0.200371,AppEEARS:SPL3SMP_E.006:Soil_Moisture_Retrieval_Data_PM_soil_moisture_pm
2015-04-27,sorriso_mt,"Sorriso, MT",-12.5425,-55.7211,0.285199,AppEEARS:SPL3SMP_E.006:Soil_Moisture_Retrieval_Data_PM_soil_moisture_pm
2015-04-29,sorriso_mt,"Sorriso, MT",-12.5425,-55.7211,0.246706,AppEEARS:SPL3SMP_E.006:Soil_Moisture_Retrieval_Data_PM_soil_moisture_pm
2015-05-02,sorriso_mt,"Sorriso, MT",-12.5425,-55.7211,0.265418,AppEEARS:SPL3SMP_E.006:Soil_Moisture_Retrieval_Data_PM_soil_moisture_pm
2015-05-05,sorriso_mt,"Sorriso, MT",-12.5425,-55.7211,0.199078,AppEEARS:SPL3SMP_E.006:Soil_Moisture_Retrieval_Data_PM_soil_moisture_pm
2015-05-07,sorriso_mt,"Sorriso, MT",-12.5425,-55.7211,0.226536,AppEEARS:SPL3SMP_E.006:Soil_Moisture_Retrieval_Data_PM_soil_moisture_pm
2015-05-10,sorriso_mt,"Sorriso, MT",-12.5425,-55.7211,0.210858,AppEEARS:SPL3SMP_E.006:Soil_Moisture_Retrieval_Data_PM_soil_moisture_pm
2015-05-15,sorriso_mt,"Sorriso, MT",-12.5425,-55.7211,0.196257,AppEEARS:SPL3SMP_E.006:Soil_Moisture_Retrieval_Data_PM_soil_moisture_pm
2015-05-21,sorriso_mt,"Sorriso, MT",-12.5425,-55.7211,0.171096,AppEEARS:SPL3SMP_E.006:Soil_Moisture_Retrieval_Data_PM_soil_moisture_pm
2015-05-23,sorriso_mt,"Sorriso, MT",-12.5425,-55.7211,0.166404,AppEEARS:SPL3SMP_E.006:Soil_Moisture_Retrieval_Data_PM_soil_moisture_pm
2015-05-26,sorriso_mt,"Sorriso, MT",-12.5425,-55.7211,0.177801,AppEEARS:SPL3SMP_E.006:Soil_Moisture_Retrieval_Data_PM_soil_moisture_pm
2015-05-29,sorriso_mt,"Sorriso, MT",-12.5425,-55.7211,0.168479,AppEEARS:SPL3SMP_E.006:Soil_Moisture_Retrieval_Data_PM_soil_moisture_pm
2015-05-31,sorriso_mt,"Sorriso, MT",-12.5425,-55.7211,0.182667,AppEEARS:SPL3SMP_E.006:Soil_Moisture_Retrieval_Data_PM_soil_moisture_pm
2015-06-03,sorriso_mt,"Sorriso, MT",-12.5425,-55.7211,0.185478,AppEEARS:SPL3SMP_E.006:Soil_Moisture_Retrieval_Data_PM_soil_moisture_pm
2015-06-06,sorriso_mt,"Sorriso, MT",-12.5425,-55.7211,0.156284,AppEEARS:SPL3SMP_E.006:Soil_Moisture_Retrieval_Data_PM_soil_moisture_pm
2015-06-08,sorriso_mt,"Sorriso, MT",-12.5425,-55.7211,0.15859,AppEEARS:SPL3SMP_E.006:Soil_Moisture_Retrieval_Data_PM_soil_moisture_pm
2015-06-11,sorriso_mt,"Sorriso, MT",-12.5425,-55.7211,0.163727,AppEEARS:SPL3SMP_E.006:Soil_Moisture_Retrieval_Data_PM_soil_moisture_pm
2015-06-14,sorriso_mt,"Sorriso, MT",-12.5425,-55.7211,0.151581,AppEEARS:SPL3SMP_E.006:Soil_Moisture_Retrieval_Data_PM_soil_moisture_pm
2015-06-19,sorriso_mt,"Sorriso, MT",-12.5425,-55.7211,0.15058,AppEEARS:SPL3SMP_E.006:Soil_Moisture_Retrieval_Data_PM_soil_moisture_pm
2015-06-24,sorriso_mt,"Sorriso, MT",-12.5425,-55.7211,0.158309,AppEEARS:SPL3SMP_E.006:Soil_Moisture_Retrieval_Data_PM_soil_moisture_pm
2015-06-27,sorriso_mt,"Sorriso, MT",-12.5425,-55.7211,0.152235,AppEEARS:SPL3SMP_E.006:Soil_Moisture_Retrieval_Data_PM_soil_moisture_pm
2015-06-30,sorriso_mt,"Sorriso, MT",-12.5425,-55.7211,0.145105,AppEEARS:SPL3SMP_E.006:Soil_Moisture_Retrieval_Data_PM_soil_moisture_pm
2015-07-02,sorriso_mt,"Sorriso, MT",-12.5425,-55.7211,0.138692,AppEEARS:SPL3SMP_E.006:Soil_Moisture_Retrieval_Data_PM_soil_moisture_pm
2015-07-05,sorriso_mt,"Sorriso, MT",-12.5425,-55.7211,0.166143,AppEEARS:SPL3SMP_E.006:Soil_Moisture_Retrieval_Data_PM_soil_moisture_pm
2015-07-10,sorriso_mt,"Sorriso, MT",-12.5425,-55.7211,0.216995,AppEEARS:SPL3SMP_E.006:Soil_Moisture_Retrieval_Data_PM_soil_moisture_pm
2015-07-13,sorriso_mt,"Sorriso, MT",-12.5425,-55.7211,0.200325,AppEEARS:SPL3SMP_E.006:Soil_Moisture_Retrieval_Data_PM_soil_moisture_pm
2015-07-16,sorriso_mt,"Sorriso, MT",-12.5425,-55.7211,0.178931,AppEEARS:SPL3SMP_E.006:Soil_Moisture_Retrieval_Data_PM_soil_moisture_pm
2015-07-18,sorriso_mt,"Sorriso, MT",-12.5425,-55.7211,0.160188,AppEEARS:SPL3SMP_E.006:Soil_Moisture_Retrieval_Data_PM_soil_moisture_pm
2015-07-21,sorriso_mt,"Sorriso, MT",-12.5425,-55.7211,0.179414,AppEEARS:SPL3SMP_E.006:Soil_Moisture_Retrieval_Data_PM_soil_moisture_pm
2015-07-24,sorriso_mt,"Sorriso, MT",-12.5425,-55.7211,0.153283,AppEEARS:SPL3SMP_E.006:Soil_Moisture_Retrieval_Data_PM_soil_moisture_pm
2015-07-26,sorriso_mt,"Sorriso, MT",-12.5425,-55.7211,0.173595,AppEEARS:SPL3SMP_E.006:Soil_Moisture_Retrieval_Data_PM_soil_moisture_pm
2015-08-01,sorriso_mt,"Sorriso, MT",-12.5425,-55.7211,0.148152,AppEEARS:SPL3SMP_E.006:Soil_Moisture_Retrieval_Data_PM_soil_moisture_pm
2015-08-03,sorriso_mt,"Sorriso, MT",-12.5425,-55.7211,0.146289,AppEEARS:SPL3SMP_E.006:Soil_Moisture_Retrieval_Data_PM_soil_moisture_pm
2015-08-06,sorriso_mt,"Sorriso, MT",-12.5425,-55.7211,0.14204,AppEEARS:SPL3SMP_E.006:Soil_Moisture_Retrieval_Data_PM_soil_moisture_pm
2015-08-09,sorriso_mt,"Sorriso, MT",-12.5425,-55.7211,0.129498,AppEEARS:SPL3SMP_E.006:Soil_Moisture_Retrieval_Data_PM_soil_moisture_pm
2015-08-17,sorriso_mt,"Sorriso, MT",-12.5425,-55.7211,0.133876,AppEEARS:SPL3SMP_E.006:Soil_Moisture_Retrieval_Data_PM_soil_moisture_pm
2015-08-19,sorriso_mt,"Sorriso, MT",-12.5425,-55.7211,0.135481,AppEEARS:SPL3SMP_E.006:Soil_Moisture_Retrieval_Data_PM_soil_moisture_pm
2015-08-22,sorriso_mt,"Sorriso, MT",-12.5425,-55.7211,0.132844,AppEEARS:SPL3SMP_E.006:Soil_Moisture_Retrieval_Data_PM_soil_moisture_pm
2015-08-25,sorriso_mt,"Sorriso, MT",-12.5425,-55.7211,0.120129,AppEEARS:SPL3SMP_E.006:Soil_Moisture_Retrieval_Data_PM_soil_moisture_pm
2015-08-27,sorriso_mt,"Sorriso, MT",-12.5425,-55.7211,0.169663,AppEEARS:SPL3SMP_E.006:Soil_Moisture_Retrieval_Data_PM_soil_moisture_pm
2015-08-30,sorriso_mt,"Sorriso, MT",-12.5425,-55.7211,0.154664,AppEEARS:SPL3SMP_E.006:Soil_Moisture_Retrieval_Data_PM_soil_moisture_pm
2015-09-02,sorriso_mt,"Sorriso, MT",-12.5425,-55.7211,0.127897,AppEEARS:SPL3SMP_E.006:Soil_Moisture_Retrieval_Data_PM_soil_moisture_pm
2015-09-04,sorriso_mt,"Sorriso, MT",-12.5425,-55.7211,0.116705,AppEEARS:SPL3SMP_E.006:Soil_Moisture_Retrieval_Data_PM_soil_moisture_pm
2015-09-07,sorriso_mt,"Sorriso, MT",-12.5425,-55.7211,0.164818,AppEEARS:SPL3SMP_E.006:Soil_Moisture_Retrieval_Data_PM_soil_moisture_pm
2015-09-10,sorriso_mt,"Sorriso, MT",-12.5425,-55.7211,0.147093,AppEEARS:SPL3SMP_E.006:Soil_Moisture_Retrieval_Data_PM_soil_moisture_pm
2015-09-12,sorriso_mt,"Sorriso, MT",-12.5425,-55.7211,0.16001,AppEEARS:SPL3SMP_E.006:Soil_Moisture_Retrieval_Data_PM_soil_moisture_pm
2015-09-15,sorriso_mt,"Sorriso, MT",-12.5425,-55.7211,0.127129,AppEEARS:SPL3SMP_E.006:Soil_Moisture_Retrieval_Data_PM_soil_moisture_pm
2015-09-18,sorriso_mt,"Sorriso, MT",-12.5425,-55.7211,0.138469,AppEEARS:SPL3SMP_E.006:Soil_Moisture_Retrieval_Data_PM_soil_moisture_pm
2015-09-20,sorriso_mt,"Sorriso, MT",-12.5425,-55.7211,0.13832,AppEEARS:SPL3SMP_E.006:Soil_Moisture_Retrieval_Data_PM_soil_moisture_pm
2015-09-23,sorriso_mt,"Sorriso, MT",-12.5425,-55.7211,0.137559,AppEEARS:SPL3SMP_E.006:Soil_Moisture_Retrieval_Data_PM_soil_moisture_pm
2015-09-26,sorriso_mt,"Sorriso, MT",-12.5425,-55.7211,0.188391,AppEEARS:SPL3SMP_E.006:Soil_Moisture_Retrieval_Data_PM_soil_moisture_pm
2015-09-28,sorriso_mt,"Sorriso, MT",-12.5425,-55.7211,0.206197,AppEEARS:SPL3SMP_E.006:Soil_Moisture_Retrieval_Data_PM_soil_moisture_pm
2015-10-01,sorriso_mt,"Sorriso, MT",-12.5425,-55.7211,0.209309,AppEEARS:SPL3SMP_E.006:Soil_Moisture_Retrieval_Data_PM_soil_moisture_pm
2015-10-06,sorriso_mt,"Sorriso, MT",-12.5425,-55.7211,0.315092,AppEEARS:SPL3SMP_E.006:Soil_Moisture_Retrieval_Data_PM_soil_moisture_pm
2015-10-09,sorriso_mt,"Sorriso, MT",-12.5425,-55.7211,0.245166,AppEEARS:SPL3SMP_E.006:Soil_Moisture_Retrieval_Data_PM_soil_moisture_pm
2015-10-14,sorriso_mt,"Sorriso, MT",-12.5425,-55.7211,0.205816,AppEEARS:SPL3SMP_E.006:Soil_Moisture_Retrieval_Data_PM_soil_moisture_pm
2015-10-20,sorriso_mt,"Sorriso, MT",-12.5425,-55.7211,0.180524,AppEEARS:SPL3SMP_E.006:Soil_Moisture_Retrieval_Data_PM_soil_moisture_pm
2015-10-22,sorriso_mt,"Sorriso, MT",-12.5425,-55.7211,0.175446,AppEEARS:SPL3SMP_E.006:Soil_Moisture_Retrieval_Data_PM_soil_moisture_pm
2015-10-25,sorriso_mt,"Sorriso, MT",-12.5425,-55.7211,0.168809,AppEEARS:SPL3SMP_E.006:Soil_Moisture_Retrieval_Data_PM_soil_moisture_pm
2015-10-28,sorriso_mt,"Sorriso, MT",-12.5425,-55.7211,0.238792,AppEEARS:SPL3SMP_E.006:Soil_Moisture_Retrieval_Data_PM_soil_moisture_pm
2015-10-30,sorriso_mt,"Sorriso, MT",-12.5425,-55.7211,0.182963,AppEEARS:SPL3SMP_E.006:Soil_Moisture_Retrieval_Data_PM_soil_moisture_pm
2015-11-05,sorriso_mt,"Sorriso, MT",-12.5425,-55.7211,0.214045,AppEEARS:SPL3SMP_E.006:Soil_Moisture_Retrieval_Data_PM_soil_moisture_pm
2015-11-07,sorriso_mt,"Sorriso, MT",-12.5425,-55.7211,0.224021,AppEEARS:SPL3SMP_E.006:Soil_Moisture_Retrieval_Data_PM_soil_moisture_pm
2015-11-10,sorriso_mt,"Sorriso, MT",-12.5425,-55.7211,0.223778,AppEEARS:SPL3SMP_E.006:Soil_Moisture_Retrieval_Data_PM_soil_moisture_pm
2015-11-13,sorriso_mt,"Sorriso, MT",-12.5425,-55.7211,0.226688,AppEEARS:SPL3SMP_E.006:Soil_Moisture_Retrieval_Data_PM_soil_moisture_pm
2015-11-15,sorriso_mt,"Sorriso, MT",-12.5425,-55.7211,0.243055,AppEEARS:SPL3SMP_E.006:Soil_Moisture_Retrieval_Data_PM_soil_moisture_pm
2015-11-18,sorriso_mt,"Sorriso, MT",-12.5425,-55.7211,0.324488,AppEEARS:SPL3SMP_E.006:Soil_Moisture_Retrieval_Data_PM_soil_moisture_pm
2015-11-21,sorriso_mt,"Sorriso, MT",-12.5425,-55.7211,0.236113,AppEEARS:SPL3SMP_E.006:Soil_Moisture_Retrieval_Data_PM_soil_moisture_pm
2015-11-23,sorriso_mt,"Sorriso, MT",-12.5425,-55.7211,0.254617,AppEEARS:SPL3SMP_E.006:Soil_Moisture_Retrieval_Data_PM_soil_moisture_pm
2015-11-26,sorriso_mt,"Sorriso, MT",-12.5425,-55.7211,0.256346,AppEEARS:SPL3SMP_E.006:Soil_Moisture_Retrieval_Data_PM_soil_moisture_pm
2015-11-29,sorriso_mt,"Sorriso, MT",-12.5425,-55.7211,0.223303,AppEEARS:SPL3SMP_E.006:Soil_Moisture_Retrieval_Data_PM_soil_moisture_pm
2015-12-01,sorriso_mt,"Sorriso, MT",-12.5425,-55.7211,0.204993,AppEEARS:SPL3SMP_E.006:Soil_Moisture_Retrieval_Data_PM_soil_moisture_pm
2015-12-04,sorriso_mt,"Sorriso, MT",-12.5425,-55.7211,0.245938,AppEEARS:SPL3SMP_E.006:Soil_Moisture_Retrieval_Data_PM_soil_moisture_pm
2015-12-07,sorriso_mt,"Sorriso, MT",-12.5425,-55.7211,0.241746,AppEEARS:SPL3SMP_E.006:Soil_Moisture_Retrieval_Data_PM_soil_moisture_pm
2015-12-09,sorriso_mt,"Sorriso, MT",-12.5425,-55.7211,0.178329,AppEEARS:SPL3SMP_E.006:Soil_Moisture_Retrieval_Data_PM_soil_moisture_pm
2015-12-12,sorriso_mt,"Sorriso, MT",-12.5425,-55.7211,0.192455,AppEEARS:SPL3SMP_E.006:Soil_Moisture_Retrieval_Data_PM_soil_moisture_pm
2015-12-17,sorriso_mt,"Sorriso, MT",-12.5425,-55.7211,0.191479,AppEEARS:SPL3SMP_E.006:Soil_Moisture_Retrieval_Data_PM_soil_moisture_pm
2015-12-20,sorriso_mt,"Sorriso, MT",-12.5425,-55.7211,0.272252,AppEEARS:SPL3SMP_E.006:Soil_Moisture_Retrieval_Data_PM_soil_moisture_pm
2015-12-23,sorriso_mt,"Sorriso, MT",-12.5425,-55.7211,0.26015,AppEEARS:SPL3SMP_E.006:Soil_Moisture_Retrieval_Data_PM_soil_moisture_pm
2015-12-25,sorriso_mt,"Sorriso, MT",-12.5425,-55.7211,0.264093,AppEEARS:SPL3SMP_E.006:Soil_Moisture_Retrieval_Data_PM_soil_moisture_pm
2015-12-28,sorriso_mt,"Sorriso, MT",-12.5425,-55.7211,0.240143,AppEEARS:SPL3SMP_E.006:Soil_Moisture_Retrieval_Data_PM_soil_moisture_pm
2015-12-31,sorriso_mt,"Sorriso, MT",-12.5425,-55.7211,0.272718,AppEEARS:SPL3SMP_E.006:Soil_Moisture_Retrieval_Data_PM_soil_moisture_pm
2016-01-02,sorriso_mt,"Sorriso, MT",-12.5425,-55.7211,0.264564,AppEEARS:SPL3SMP_E.006:Soil_Moisture_Retrieval_Data_PM_soil_moisture_pm
2016-01-05,sorriso_mt,"Sorriso, MT",-12.5425,-55.7211,0.264475,AppEEARS:SPL3SMP_E.006:Soil_Moisture_Retrieval_Data_PM_soil_moisture_pm
2016-01-08,sorriso_mt,"Sorriso, MT",-12.5425,-55.7211,0.256705,AppEEARS:SPL3SMP_E.006:Soil_Moisture_Retrieval_Data_PM_soil_moisture_pm
2016-01-10,sorriso_mt,"Sorriso, MT",-12.5425,-55.7211,0.260068,AppEEARS:SPL3SMP_E.006:Soil_Moisture_Retrieval_Data_PM_soil_moisture_pm
2016-01-13,sorriso_mt,"Sorriso, MT",-12.5425,-55.7211,0.253586,AppEEARS:SPL3SMP_E.006:Soil_Moisture_Retrieval_Data_PM_soil_moisture_pm
2016-01-16,sorriso_mt,"Sorriso, MT",-12.5425,-55.7211,0.28785,AppEEARS:SPL3SMP_E.006:Soil_Moisture_Retrieval_Data_PM_soil_moisture_pm
2016-01-18,sorriso_mt,"Sorriso, MT",-12.5425,-55.7211,0.287654,AppEEARS:SPL3SMP_E.006:Soil_Moisture_Retrieval_Data_PM_soil_moisture_pm
2016-01-21,sorriso_mt,"Sorriso, MT",-12.5425,-55.7211,0.266438,AppEEARS:SPL3SMP_E.006:Soil_Moisture_Retrieval_Data_PM_soil_moisture_pm
2016-01-24,sorriso_mt,"Sorriso, MT",-12.5425,-55.7211,0.246057,AppEEARS:SPL3SMP_E.006:Soil_Moisture_Retrieval_Data_PM_soil_moisture_pm
2016-01-26,sorriso_mt,"Sorriso, MT",-12.5425,-55.7211,0.298208,AppEEARS:SPL3SMP_E.006:Soil_Moisture_Retrieval_Data_PM_soil_moisture_pm
2016-01-29,sorriso_mt,"Sorriso, MT",-12.5425,-55.7211,0.30376,AppEEARS:SPL3SMP_E.006:Soil_Moisture_Retrieval_Data_PM_soil_moisture_pm
2016-02-01,sorriso_mt,"Sorriso, MT",-12.5425,-55.7211,0.242892,AppEEARS:SPL3SMP_E.006:Soil_Moisture_Retrieval_Data_PM_soil_moisture_pm
2016-02-03,sorriso_mt,"Sorriso, MT",-12.5425,-55.7211,0.250104,AppEEARS:SPL3SMP_E.006:Soil_Moisture_Retrieval_Data_PM_soil_moisture_pm
2016-02-06,sorriso_mt,"Sorriso, MT",-12.5425,-55.7211,0.243044,AppEEARS:SPL3SMP_E.006:Soil_Moisture_Retrieval_Data_PM_soil_moisture_pm
2016-02-09,sorriso_mt,"Sorriso, MT",-12.5425,-55.7211,0.296337,AppEEARS:SPL3SMP_E.006:Soil_Moisture_Retrieval_Data_PM_soil_moisture_pm
2016-02-11,sorriso_mt,"Sorriso, MT",-12.5425,-55.7211,0.245554,AppEEARS:SPL3SMP_E.006:Soil_Moisture_Retrieval_Data_PM_soil_moisture_pm
2016-02-14,sorriso_mt,"Sorriso, MT",-12.5425,-55.7211,0.355374,AppEEARS:SPL3SMP_E.006:Soil_Moisture_Retrieval_Data_PM_soil_moisture_pm
2016-02-17,sorriso_mt,"Sorriso, MT",-12.5425,-55.7211,0.227514,AppEEARS:SPL3SMP_E.006:Soil_Moisture_Retrieval_Data_PM_soil_moisture_pm
2016-02-19,sorriso_mt,"Sorriso, MT",-12.5425,-55.7211,0.224164,AppEEARS:SPL3SMP_E.006:Soil_Moisture_Retrieval_Data_PM_soil_moisture_pm
2016-02-22,sorriso_mt,"Sorriso, MT",-12.5425,-55.7211,0.289616,AppEEARS:SPL3SMP_E.006:Soil_Moisture_Retrieval_Data_PM_soil_moisture_pm
2016-02-25,sorriso_mt,"Sorriso, MT",-12.5425,-55.7211,0.293414,AppEEARS:SPL3SMP_E.006:Soil_Moisture_Retrieval_Data_PM_soil_moisture_pm
2016-02-27,sorriso_mt,"Sorriso, MT",-12.5425,-55.7211,0.311116,AppEEARS:SPL3SMP_E.006:Soil_Moisture_Retrieval_Data_PM_soil_moisture_pm
2016-03-01,sorriso_mt,"Sorriso, MT",-12.5425,-55.7211,0.263609,AppEEARS:SPL3SMP_E.006:Soil_Moisture_Retrieval_Data_PM_soil_moisture_pm
2016-03-04,sorriso_mt,"Sorriso, MT",-12.5425,-55.7211,0.241489,AppEEARS:SPL3SMP_E.006:Soil_Moisture_Retrieval_Data_PM_soil_moisture_pm
2016-03-06,sorriso_mt,"Sorriso, MT",-12.5425,-55.7211,0.270589,AppEEARS:SPL3SMP_E.006:Soil_Moisture_Retrieval_Data_PM_soil_moisture_pm
2016-03-09,sorriso_mt,"Sorriso, MT",-12.5425,-55.7211,0.281759,AppEEARS:SPL3SMP_E.006:Soil_Moisture_Retrieval_Data_PM_soil_moisture_pm
2016-03-12,sorriso_mt,"Sorriso, MT",-12.5425,-55.7211,0.325047,AppEEARS:SPL3SMP_E.006:Soil_Moisture_Retrieval_Data_PM_soil_moisture_pm
2016-03-14,sorriso_mt,"Sorriso, MT",-12.5425,-55.7211,0.25598,AppEEARS:SPL3SMP_E.006:Soil_Moisture_Retrieval_Data_PM_soil_moisture_pm
2016-03-17,sorriso_mt,"Sorriso, MT",-12.5425,-55.7211,0.232826,AppEEARS:SPL3SMP_E.006:Soil_Moisture_Retrieval_Data_PM_soil_moisture_pm
2016-03-20,sorriso_mt,"Sorriso, MT",-12.5425,-55.7211,0.211396,AppEEARS:SPL3SMP_E.006:Soil_Moisture_Retrieval_Data_PM_soil_moisture_pm
2016-03-22,sorriso_mt,"Sorriso, MT",-12.5425,-55.7211,0.246576,AppEEARS:SPL3SMP_E.006:Soil_Moisture_Retrieval_Data_PM_soil_moisture_pm
2016-03-25,sorriso_mt,"Sorriso, MT",-12.5425,-55.7211,0.299793,AppEEARS:SPL3SMP_E.006:Soil_Moisture_Retrieval_Data_PM_soil_moisture_pm
2016-03-28,sorriso_mt,"Sorriso, MT",-12.5425,-55.7211,0.236468,AppEEARS:SPL3SMP_E.006:Soil_Moisture_Retrieval_Data_PM_soil_moisture_pm
2016-03-30,sorriso_mt,"Sorriso, MT",-12.5425,-55.7211,0.225155,AppEEARS:SPL3SMP_E.006:Soil_Moisture_Retrieval_Data_PM_soil_moisture_pm
2016-04-02,sorriso_mt,"Sorriso, MT",-12.5425,-55.7211,0.243136,AppEEARS:SPL3SMP_E.006:Soil_Moisture_Retrieval_Data_PM_soil_moisture_pm
2016-04-05,sorriso_mt,"Sorriso, MT",-12.5425,-55.7211,0.176439,AppEEARS:SPL3SMP_E.006:Soil_Moisture_Retrieval_Data_PM_soil_moisture_pm
2016-04-07,sorriso_mt,"Sorriso, MT",-12.5425,-55.7211,0.170874,AppEEARS:SPL3SMP_E.006:Soil_Moisture_Retrieval_Data_PM_soil_moisture_pm
2016-04-10,sorriso_mt,"Sorriso, MT",-12.5425,-55.7211,0.185741,AppEEARS:SPL3SMP_E.006:Soil_Moisture_Retrieval_Data_PM_soil_moisture_pm
2016-04-13,sorriso_mt,"Sorriso, MT",-12.5425,-55.7211,0.202683,AppEEARS:SPL3SMP_E.006:Soil_Moisture_Retrieval_Data_PM_soil_moisture_pm
2016-04-15,sorriso_mt,"Sorriso, MT",-12.5425,-55.7211,0.248888,AppEEARS:SPL3SMP_E.006:Soil_Moisture_Retrieval_Data_PM_soil_moisture_pm
2016-04-18,sorriso_mt,"Sorriso, MT",-12.5425,-55.7211,0.182593,AppEEARS:SPL3SMP_E.006:Soil_Moisture_Retrieval_Data_PM_soil_moisture_pm
2016-04-21,sorriso_mt,"Sorriso, MT",-12.5425,-55.7211,0.171433,AppEEARS:SPL3SMP_E.006:Soil_Moisture_Retrieval_Data_PM_soil_moisture_pm
2016-04-23,sorriso_mt,"Sorriso, MT",-12.5425,-55.7211,0.167187,AppEEARS:SPL3SMP_E.006:Soil_Moisture_Retrieval_Data_PM_soil_moisture_pm
2016-04-29,sorriso_mt,"Sorriso, MT",-12.5425,-55.7211,0.178345,AppEEARS:SPL3SMP_E.006:Soil_Moisture_Retrieval_Data_PM_soil_moisture_pm
2016-05-04,sorriso_mt,"Sorriso, MT",-12.5425,-55.7211,0.164141,AppEEARS:SPL3SMP_E.006:Soil_Moisture_Retrieval_Data_PM_soil_moisture_pm
2016-05-07,sorriso_mt,"Sorriso, MT",-12.5425,-55.7211,0.150494,AppEEARS:SPL3SMP_E.006:Soil_Moisture_Retrieval_Data_PM_soil_moisture_pm
2016-05-09,sorriso_mt,"Sorriso, MT",-12.5425,-55.7211,0.165159,AppEEARS:SPL3SMP_E.006:Soil_Moisture_Retrieval_Data_PM_soil_moisture_pm
2016-05-12,sorriso_mt,"Sorriso, MT",-12.5425,-55.7211,0.175741,AppEEARS:SPL3SMP_E.006:Soil_Moisture_Retrieval_Data_PM_soil_moisture_pm
2016-05-15,sorriso_mt,"Sorriso, MT",-12.5425,-55.7211,0.149991,AppEEARS:SPL3SMP_E.006:Soil_Moisture_Retrieval_Data_PM_soil_moisture_pm
2016-05-17,sorriso_mt,"Sorriso, MT",-12.5425,-55.7211,0.165022,AppEEARS:SPL3SMP_E.006:Soil_Moisture_Retrieval_Data_PM_soil_moisture_pm
2016-05-20,sorriso_mt,"Sorriso, MT",-12.5425,-55.7211,0.179369,AppEEARS:SPL3SMP_E.006:Soil_Moisture_Retrieval_Data_PM_soil_moisture_pm
2016-05-23,sorriso_mt,"Sorriso, MT",-12.5425,-55.7211,0.162522,AppEEARS:SPL3SMP_E.006:Soil_Moisture_Retrieval_Data_PM_soil_moisture_pm
2016-05-25,sorriso_mt,"Sorriso, MT",-12.5425,-55.7211,0.157671,AppEEARS:SPL3SMP_E.006:Soil_Moisture_Retrieval_Data_PM_soil_moisture_pm
2016-05-28,sorriso_mt,"Sorriso, MT",-12.5425,-55.7211,0.174387,AppEEARS:SPL3SMP_E.006:Soil_Moisture_Retrieval_Data_PM_soil_moisture_pm
2016-05-31,sorriso_mt,"Sorriso, MT",-12.5425,-55.7211,0.16893,AppEEARS:SPL3SMP_E.006:Soil_Moisture_Retrieval_Data_PM_soil_moisture_pm
2016-06-02,sorriso_mt,"Sorriso, MT",-12.5425,-55.7211,0.148094,AppEEARS:SPL3SMP_E.006:Soil_Moisture_Retrieval_Data_PM_soil_moisture_pm
2016-06-05,sorriso_mt,"Sorriso, MT",-12.5425,-55.7211,0.161051,AppEEARS:SPL3SMP_E.006:Soil_Moisture_Retrieval_Data_PM_soil_moisture_pm
2016-06-08,sorriso_mt,"Sorriso, MT",-12.5425,-55.7211,0.159539,AppEEARS:SPL3SMP_E.006:Soil_Moisture_Retrieval_Data_PM_soil_moisture_pm
2016-06-10,sorriso_mt,"Sorriso, MT",-12.5425,-55.7211,0.166651,AppEEARS:SPL3SMP_E.006:Soil_Moisture_Retrieval_Data_PM_soil_moisture_pm
2016-06-13,sorriso_mt,"Sorriso, MT",-12.5425,-55.7211,0.167738,AppEEARS:SPL3SMP_E.006:Soil_Moisture_Retrieval_Data_PM_soil_moisture_pm
2016-06-16,sorriso_mt,"Sorriso, MT",-12.5425,-55.7211,0.15004,AppEEARS:SPL3SMP_E.006:Soil_Moisture_Retrieval_Data_PM_soil_moisture_pm
2016-06-18,sorriso_mt,"Sorriso, MT",-12.5425,-55.7211,0.14929,AppEEARS:SPL3SMP_E.006:Soil_Moisture_Retrieval_Data_PM_soil_moisture_pm
2016-06-21,sorriso_mt,"Sorriso, MT",-12.5425,-55.7211,0.151671,AppEEARS:SPL3SMP_E.006:Soil_Moisture_Retrieval_Data_PM_soil_moisture_pm
2016-06-24,sorriso_mt,"Sorriso, MT",-12.5425,-55.7211,0.142641,AppEEARS:SPL3SMP_E.006:Soil_Moisture_Retrieval_Data_PM_soil_moisture_pm
2016-06-26,sorriso_mt,"Sorriso, MT",-12.5425,-55.7211,0.136927,AppEEARS:SPL3SMP_E.006:Soil_Moisture_Retrieval_Data_PM_soil_moisture_pm
2016-06-29,sorriso_mt,"Sorriso, MT",-12.5425,-55.7211,0.137988,AppEEARS:SPL3SMP_E.006:Soil_Moisture_Retrieval_Data_PM_soil_moisture_pm
2016-07-02,sorriso_mt,"Sorriso, MT",-12.5425,-55.7211,0.131275,AppEEARS:SPL3SMP_E.006:Soil_Moisture_Retrieval_Data_PM_soil_moisture_pm
2016-07-04,sorriso_mt,"Sorriso, MT",-12.5425,-55.7211,0.137162,AppEEARS:SPL3SMP_E.006:Soil_Moisture_Retrieval_Data_PM_soil_moisture_pm
2016-07-07,sorriso_mt,"Sorriso, MT",-12.5425,-55.7211,0.142254,AppEEARS:SPL3SMP_E.006:Soil_Moisture_Retrieval_Data_PM_soil_moisture_pm
2016-07-10,sorriso_mt,"Sorriso, MT",-12.5425,-55.7211,0.121629,AppEEARS:SPL3SMP_E.006:Soil_Moisture_Retrieval_Data_PM_soil_moisture_pm
2016-07-12,sorriso_mt,"Sorriso, MT",-12.5425,-55.7211,0.134329,AppEEARS:SPL3SMP_E.006:Soil_Moisture_Retrieval_Data_PM_soil_moisture_pm
2016-07-15,sorriso_mt,"Sorriso, MT",-12.5425,-55.7211,0.128398,AppEEARS:SPL3SMP_E.006:Soil_Moisture_Retrieval_Data_PM_soil_moisture_pm
2016-07-18,sorriso_mt,"Sorriso, MT",-12.5425,-55.7211,0.126775,AppEEARS:SPL3SMP_E.006:Soil_Moisture_Retrieval_Data_PM_soil_moisture_pm
2016-07-20,sorriso_mt,"Sorriso, MT",-12.5425,-55.7211,0.12021,AppEEARS:SPL3SMP_E.006:Soil_Moisture_Retrieval_Data_PM_soil_moisture_pm
2016-07-23,sorriso_mt,"Sorriso, MT",-12.5425,-55.7211,0.122218,AppEEARS:SPL3SMP_E.006:Soil_Moisture_Retrieval_Data_PM_soil_moisture_pm
2016-07-26,sorriso_mt,"Sorriso, MT",-12.5425,-55.7211,0.121577,AppEEARS:SPL3SMP_E.006:Soil_Moisture_Retrieval_Data_PM_soil_moisture_pm
2016-07-28,sorriso_mt,"Sorriso, MT",-12.5425,-55.7211,0.122242,AppEEARS:SPL3SMP_E.006:Soil_Moisture_Retrieval_Data_PM_soil_moisture_pm
2016-07-31,sorriso_mt,"Sorriso, MT",-12.5425,-55.7211,0.131444,AppEEARS:SPL3SMP_E.006:Soil_Moisture_Retrieval_Data_PM_soil_moisture_pm
2016-08-03,sorriso_mt,"Sorriso, MT",-12.5425,-55.7211,0.127086,AppEEARS:SPL3SMP_E.006:Soil_Moisture_Retrieval_Data_PM_soil_moisture_pm
2016-08-05,sorriso_mt,"Sorriso, MT",-12.5425,-55.7211,0.138555,AppEEARS:SPL3SMP_E.006:Soil_Moisture_Retrieval_Data_PM_soil_moisture_pm
2016-08-08,sorriso_mt,"Sorriso, MT",-12.5425,-55.7211,0.12401,AppEEARS:SPL3SMP_E.006:Soil_Moisture_Retrieval_Data_PM_soil_moisture_pm
2016-08-11,sorriso_mt,"Sorriso, MT",-12.5425,-55.7211,0.124178,AppEEARS:SPL3SMP_E.006:Soil_Moisture_Retrieval_Data_PM_soil_moisture_pm
2016-08-13,sorriso_mt,"Sorriso, MT",-12.5425,-55.7211,0.112892,AppEEARS:SPL3SMP_E.006:Soil_Moisture_Retrieval_Data_PM_soil_moisture_pm
2016-08-16,sorriso_mt,"Sorriso, MT",-12.5425,-55.7211,0.153095,AppEEARS:SPL3SMP_E.006:Soil_Moisture_Retrieval_Data_PM_soil_moisture_pm
2016-08-19,sorriso_mt,"Sorriso, MT",-12.5425,-55.7211,0.199049,AppEEARS:SPL3SMP_E.006:Soil_Moisture_Retrieval_Data_PM_soil_moisture_pm
2016-08-21,sorriso_mt,"Sorriso, MT",-12.5425,-55.7211,0.20274,AppEEARS:SPL3SMP_E.006:Soil_Moisture_Retrieval_Data_PM_soil_moisture_pm
2016-08-24,sorriso_mt,"Sorriso, MT",-12.5425,-55.7211,0.192032,AppEEARS:SPL3SMP_E.006:Soil_Moisture_Retrieval_Data_PM_soil_moisture_pm
2016-08-27,sorriso_mt,"Sorriso, MT",-12.5425,-55.7211,0.169122,AppEEARS:SPL3SMP_E.006:Soil_Moisture_Retrieval_Data_PM_soil_moisture_pm
2016-08-29,sorriso_mt,"Sorriso, MT",-12.5425,-55.7211,0.250536,AppEEARS:SPL3SMP_E.006:Soil_Moisture_Retrieval_Data_PM_soil_moisture_pm
2016-09-01,sorriso_mt,"Sorriso, MT",-12.5425,-55.7211,0.201042,AppEEARS:SPL3SMP_E.006:Soil_Moisture_Retrieval_Data_PM_soil_moisture_pm
2016-09-04,sorriso_mt,"Sorriso, MT",-12.5425,-55.7211,0.233922,AppEEARS:SPL3SMP_E.006:Soil_Moisture_Retrieval_Data_PM_soil_moisture_pm
2016-09-06,sorriso_mt,"Sorriso, MT",-12.5425,-55.7211,0.212212,AppEEARS:SPL3SMP_E.006:Soil_Moisture_Retrieval_Data_PM_soil_moisture_pm
2016-09-09,sorriso_mt,"Sorriso, MT",-12.5425,-55.7211,0.207229,AppEEARS:SPL3SMP_E.006:Soil_Moisture_Retrieval_Data_PM_soil_moisture_pm
2016-09-12,sorriso_mt,"Sorriso, MT",-12.5425,-55.7211,0.220591,AppEEARS:SPL3SMP_E.006:Soil_Moisture_Retrieval_Data_PM_soil_moisture_pm
2016-09-14,sorriso_mt,"Sorriso, MT",-12.5425,-55.7211,0.208929,AppEEARS:SPL3SMP_E.006:Soil_Moisture_Retrieval_Data_PM_soil_moisture_pm
2016-09-17,sorriso_mt,"Sorriso, MT",-12.5425,-55.7211,0.218241,AppEEARS:SPL3SMP_E.006:Soil_Moisture_Retrieval_Data_PM_soil_moisture_pm
2016-09-20,sorriso_mt,"Sorriso, MT",-12.5425,-55.7211,0.223979,AppEEARS:SPL3SMP_E.006:Soil_Moisture_Retrieval_Data_PM_soil_moisture_pm
2016-09-22,sorriso_mt,"Sorriso, MT",-12.5425,-55.7211,0.222741,AppEEARS:SPL3SMP_E.006:Soil_Moisture_Retrieval_Data_PM_soil_moisture_pm
2016-09-25,sorriso_mt,"Sorriso, MT",-12.5425,-55.7211,0.242912,AppEEARS:SPL3SMP_E.006:Soil_Moisture_Retrieval_Data_PM_soil_moisture_pm
2016-09-28,sorriso_mt,"Sorriso, MT",-12.5425,-55.7211,0.225411,AppEEARS:SPL3SMP_E.006:Soil_Moisture_Retrieval_Data_PM_soil_moisture_pm
2016-09-30,sorriso_mt,"Sorriso, MT",-12.5425,-55.7211,0.321112,AppEEARS:SPL3SMP_E.006:Soil_Moisture_Retrieval_Data_PM_soil_moisture_pm
2016-10-03,sorriso_mt,"Sorriso, MT",-12.5425,-55.7211,0.251901,AppEEARS:SPL3SMP_E.006:Soil_Moisture_Retrieval_Data_PM_soil_moisture_pm
2016-10-06,sorriso_mt,"Sorriso, MT",-12.5425,-55.7211,0.25136,AppEEARS:SPL3SMP_E.006:Soil_Moisture_Retrieval_Data_PM_soil_moisture_pm
2016-10-08,sorriso_mt,"Sorriso, MT",-12.5425,-55.7211,0.219496,AppEEARS:SPL3SMP_E.006:Soil_Moisture_Retrieval_Data_PM_soil_moisture_pm
2016-10-11,sorriso_mt,"Sorriso, MT",-12.5425,-55.7211,0.228192,AppEEARS:SPL3SMP_E.006:Soil_Moisture_Retrieval_Data_PM_soil_moisture_pm
2016-10-14,sorriso_mt,"Sorriso, MT",-12.5425,-55.7211,0.23603,AppEEARS:SPL3SMP_E.006:Soil_Moisture_Retrieval_Data_PM_soil_moisture_pm
2016-10-16,sorriso_mt,"Sorriso, MT",-12.5425,-55.7211,0.219434,AppEEARS:SPL3SMP_E.006:Soil_Moisture_Retrieval_Data_PM_soil_moisture_pm
2016-10-19,sorriso_mt,"Sorriso, MT",-12.5425,-55.7211,0.247956,AppEEARS:SPL3SMP_E.006:Soil_Moisture_Retrieval_Data_PM_soil_moisture_pm
2016-10-22,sorriso_mt,"Sorriso, MT",-12.5425,-55.7211,0.238747,AppEEARS:SPL3SMP_E.006:Soil_Moisture_Retrieval_Data_PM_soil_moisture_pm
2016-10-24,sorriso_mt,"Sorriso, MT",-12.5425,-55.7211,0.246392,AppEEARS:SPL3SMP_E.006:Soil_Moisture_Retrieval_Data_PM_soil_moisture_pm
2016-10-27,sorriso_mt,"Sorriso, MT",-12.5425,-55.7211,0.268456,AppEEARS:SPL3SMP_E.006:Soil_Moisture_Retrieval_Data_PM_soil_moisture_pm
2016-10-30,sorriso_mt,"Sorriso, MT",-12.5425,-55.7211,0.281051,AppEEARS:SPL3SMP_E.006:Soil_Moisture_Retrieval_Data_PM_soil_moisture_pm
2016-11-01,sorriso_mt,"Sorriso, MT",-12.5425,-55.7211,0.218008,AppEEARS:SPL3SMP_E.006:Soil_Moisture_Retrieval_Data_PM_soil_moisture_pm
2016-11-04,sorriso_mt,"Sorriso, MT",-12.5425,-55.7211,0.266078,AppEEARS:SPL3SMP_E.006:Soil_Moisture_Retrieval_Data_PM_soil_moisture_pm
2016-11-07,sorriso_mt,"Sorriso, MT",-12.5425,-55.7211,0.268036,AppEEARS:SPL3SMP_E.006:Soil_Moisture_Retrieval_Data_PM_soil_moisture_pm
2016-11-12,sorriso_mt,"Sorriso, MT",-12.5425,-55.7211,0.338794,AppEEARS:SPL3SMP_E.006:Soil_Moisture_Retrieval_Data_PM_soil_moisture_pm
2016-11-15,sorriso_mt,"Sorriso, MT",-12.5425,-55.7211,0.215777,AppEEARS:SPL3SMP_E.006:Soil_Moisture_Retrieval_Data_PM_soil_moisture_pm
2016-11-17,sorriso_mt,"Sorriso, MT",-12.5425,-55.7211,0.2209,AppEEARS:SPL3SMP_E.006:Soil_Moisture_Retrieval_Data_PM_soil_moisture_pm
2016-11-20,sorriso_mt,"Sorriso, MT",-12.5425,-55.7211,0.257206,AppEEARS:SPL3SMP_E.006:Soil_Moisture_Retrieval_Data_PM_soil_moisture_pm
2016-11-23,sorriso_mt,"Sorriso, MT",-12.5425,-55.7211,0.245274,AppEEARS:SPL3SMP_E.006:Soil_Moisture_Retrieval_Data_PM_soil_moisture_pm
2016-11-25,sorriso_mt,"Sorriso, MT",-12.5425,-55.7211,0.205557,AppEEARS:SPL3SMP_E.006:Soil_Moisture_Retrieval_Data_PM_soil_moisture_pm
2016-11-28,sorriso_mt,"Sorriso, MT",-12.5425,-55.7211,0.214789,AppEEARS:SPL3SMP_E.006:Soil_Moisture_Retrieval_Data_PM_soil_moisture_pm
2016-12-01,sorriso_mt,"Sorriso, MT",-12.5425,-55.7211,0.234236,AppEEARS:SPL3SMP_E.006:Soil_Moisture_Retrieval_Data_PM_soil_moisture_pm
2016-12-03,sorriso_mt,"Sorriso, MT",-12.5425,-55.7211,0.228652,AppEEARS:SPL3SMP_E.006:Soil_Moisture_Retrieval_Data_PM_soil_moisture_pm
2016-12-06,sorriso_mt,"Sorriso, MT",-12.5425,-55.7211,0.232241,AppEEARS:SPL3SMP_E.006:Soil_Moisture_Retrieval_Data_PM_soil_moisture_pm
2016-12-09,sorriso_mt,"Sorriso, MT",-12.5425,-55.7211,0.224087,AppEEARS:SPL3SMP_E.006:Soil_Moisture_Retrieval_Data_PM_soil_moisture_pm
2016-12-11,sorriso_mt,"Sorriso, MT",-12.5425,-55.7211,0.241416,AppEEARS:SPL3SMP_E.006:Soil_Moisture_Retrieval_Data_PM_soil_moisture_pm
2016-12-14,sorriso_mt,"Sorriso, MT",-12.5425,-55.7211,0.248763,AppEEARS:SPL3SMP_E.006:Soil_Moisture_Retrieval_Data_PM_soil_moisture_pm
2016-12-17,sorriso_mt,"Sorriso, MT",-12.5425,-55.7211,0.313188,AppEEARS:SPL3SMP_E.006:Soil_Moisture_Retrieval_Data_PM_soil_moisture_pm
2016-12-19,sorriso_mt,"Sorriso, MT",-12.5425,-55.7211,0.290313,AppEEARS:SPL3SMP_E.006:Soil_Moisture_Retrieval_Data_PM_soil_moisture_pm
2016-12-22,sorriso_mt,"Sorriso, MT",-12.5425,-55.7211,0.281656,AppEEARS:SPL3SMP_E.006:Soil_Moisture_Retrieval_Data_PM_soil_moisture_pm
2016-12-25,sorriso_mt,"Sorriso, MT",-12.5425,-55.7211,0.304278,AppEEARS:SPL3SMP_E.006:Soil_Moisture_Retrieval_Data_PM_soil_moisture_pm
2016-12-27,sorriso_mt,"Sorriso, MT",-12.5425,-55.7211,0.26837,AppEEARS:SPL3SMP_E.006:Soil_Moisture_Retrieval_Data_PM_soil_moisture_pm
2016-12-30,sorriso_mt,"Sorriso, MT",-12.5425,-55.7211,0.277406,AppEEARS:SPL3SMP_E.006:Soil_Moisture_Retrieval_Data_PM_soil_moisture_pm
2017-01-02,sorriso_mt,"Sorriso, MT",-12.5425,-55.7211,0.269433,AppEEARS:SPL3SMP_E.006:Soil_Moisture_Retrieval_Data_PM_soil_moisture_pm
2017-01-04,sorriso_mt,"Sorriso, MT",-12.5425,-55.7211,0.222583,AppEEARS:SPL3SMP_E.006:Soil_Moisture_Retrieval_Data_PM_soil_moisture_pm
2017-01-07,sorriso_mt,"Sorriso, MT",-12.5425,-55.7211,0.246575,AppEEARS:SPL3SMP_E.006:Soil_Moisture_Retrieval_Data_PM_soil_moisture_pm
2017-01-10,sorriso_mt,"Sorriso, MT",-12.5425,-55.7211,0.269416,AppEEARS:SPL3SMP_E.006:Soil_Moisture_Retrieval_Data_PM_soil_moisture_pm
2017-01-12,sorriso_mt,"Sorriso, MT",-12.5425,-55.7211,0.259725,AppEEARS:SPL3SMP_E.006:Soil_Moisture_Retrieval_Data_PM_soil_moisture_pm
2017-01-15,sorriso_mt,"Sorriso, MT",-12.5425,-55.7211,0.2982,AppEEARS:SPL3SMP_E.006:Soil_Moisture_Retrieval_Data_PM_soil_moisture_pm
2017-01-18,sorriso_mt,"Sorriso, MT",-12.5425,-55.7211,0.349834,AppEEARS:SPL3SMP_E.006:Soil_Moisture_Retrieval_Data_PM_soil_moisture_pm
2017-01-20,sorriso_mt,"Sorriso, MT",-12.5425,-55.7211,0.283996,AppEEARS:SPL3SMP_E.006:Soil_Moisture_Retrieval_Data_PM_soil_moisture_pm
2017-01-23,sorriso_mt,"Sorriso, MT",-12.5425,-55.7211,0.2719,AppEEARS:SPL3SMP_E.006:Soil_Moisture_Retrieval_Data_PM_soil_moisture_pm
2017-01-26,sorriso_mt,"Sorriso, MT",-12.5425,-55.7211,0.31003,AppEEARS:SPL3SMP_E.006:Soil_Moisture_Retrieval_Data_PM_soil_moisture_pm
2017-01-28,sorriso_mt,"Sorriso, MT",-12.5425,-55.7211,0.282115,AppEEARS:SPL3SMP_E.006:Soil_Moisture_Retrieval_Data_PM_soil_moisture_pm
2017-01-31,sorriso_mt,"Sorriso, MT",-12.5425,-55.7211,0.274184,AppEEARS:SPL3SMP_E.006:Soil_Moisture_Retrieval_Data_PM_soil_moisture_pm
2017-02-03,sorriso_mt,"Sorriso, MT",-12.5425,-55.7211,0.257662,AppEEARS:SPL3SMP_E.006:Soil_Moisture_Retrieval_Data_PM_soil_moisture_pm
2017-02-05,sorriso_mt,"Sorriso, MT",-12.5425,-55.7211,0.30542,AppEEARS:SPL3SMP_E.006:Soil_Moisture_Retrieval_Data_PM_soil_moisture_pm
2017-02-08,sorriso_mt,"Sorriso, MT",-12.5425,-55.7211,0.348238,AppEEARS:SPL3SMP_E.006:Soil_Moisture_Retrieval_Data_PM_soil_moisture_pm
2017-02-11,sorriso_mt,"Sorriso, MT",-12.5425,-55.7211,0.28725,AppEEARS:SPL3SMP_E.006:Soil_Moisture_Retrieval_Data_PM_soil_moisture_pm
2017-02-13,sorriso_mt,"Sorriso, MT",-12.5425,-55.7211,0.36953,AppEEARS:SPL3SMP_E.006:Soil_Moisture_Retrieval_Data_PM_soil_moisture_pm
2017-02-16,sorriso_mt,"Sorriso, MT",-12.5425,-55.7211,0.275962,AppEEARS:SPL3SMP_E.006:Soil_Moisture_Retrieval_Data_PM_soil_moisture_pm
2017-02-19,sorriso_mt,"Sorriso, MT",-12.5425,-55.7211,0.273707,AppEEARS:SPL3SMP_E.006:Soil_Moisture_Retrieval_Data_PM_soil_moisture_pm
2017-02-21,sorriso_mt,"Sorriso, MT",-12.5425,-55.7211,0.277498,AppEEARS:SPL3SMP_E.006:Soil_Moisture_Retrieval_Data_PM_soil_moisture_pm
2017-02-24,sorriso_mt,"Sorriso, MT",-12.5425,-55.7211,0.25816,AppEEARS:SPL3SMP_E.006:Soil_Moisture_Retrieval_Data_PM_soil_moisture_pm
2017-02-27,sorriso_mt,"Sorriso, MT",-12.5425,-55.7211,0.375774,AppEEARS:SPL3SMP_E.006:Soil_Moisture_Retrieval_Data_PM_soil_moisture_pm
2017-03-01,sorriso_mt,"Sorriso, MT",-12.5425,-55.7211,0.247529,AppEEARS:SPL3SMP_E.006:Soil_Moisture_Retrieval_Data_PM_soil_moisture_pm
2017-03-04,sorriso_mt,"Sorriso, MT",-12.5425,-55.7211,0.261396,AppEEARS:SPL3SMP_E.006:Soil_Moisture_Retrieval_Data_PM_soil_moisture_pm
2017-03-07,sorriso_mt,"Sorriso, MT",-12.5425,-55.7211,0.26236,AppEEARS:SPL3SMP_E.006:Soil_Moisture_Retrieval_Data_PM_soil_moisture_pm
2017-03-09,sorriso_mt,"Sorriso, MT",-12.5425,-55.7211,0.215696,AppEEARS:SPL3SMP_E.006:Soil_Moisture_Retrieval_Data_PM_soil_moisture_pm
2017-03-12,sorriso_mt,"Sorriso, MT",-12.5425,-55.7211,0.262374,AppEEARS:SPL3SMP_E.006:Soil_Moisture_Retrieval_Data_PM_soil_moisture_pm
2017-03-15,sorriso_mt,"Sorriso, MT",-12.5425,-55.7211,0.23744,AppEEARS:SPL3SMP_E.006:Soil_Moisture_Retrieval_Data_PM_soil_moisture_pm
2017-03-17,sorriso_mt,"Sorriso, MT",-12.5425,-55.7211,0.271808,AppEEARS:SPL3SMP_E.006:Soil_Moisture_Retrieval_Data_PM_soil_moisture_pm
2017-03-20,sorriso_mt,"Sorriso, MT",-12.5425,-55.7211,0.243435,AppEEARS:SPL3SMP_E.006:Soil_Moisture_Retrieval_Data_PM_soil_moisture_pm
2017-03-23,sorriso_mt,"Sorriso, MT",-12.5425,-55.7211,0.209354,AppEEARS:SPL3SMP_E.006:Soil_Moisture_Retrieval_Data_PM_soil_moisture_pm
2017-03-25,sorriso_mt,"Sorriso, MT",-12.5425,-55.7211,0.242213,AppEEARS:SPL3SMP_E.006:Soil_Moisture_Retrieval_Data_PM_soil_moisture_pm
2017-03-28,sorriso_mt,"Sorriso, MT",-12.5425,-55.7211,0.185015,AppEEARS:SPL3SMP_E.006:Soil_Moisture_Retrieval_Data_PM_soil_moisture_pm
2017-03-31,sorriso_mt,"Sorriso, MT",-12.5425,-55.7211,0.284223,AppEEARS:SPL3SMP_E.006:Soil_Moisture_Retrieval_Data_PM_soil_moisture_pm
2017-04-02,sorriso_mt,"Sorriso, MT",-12.5425,-55.7211,0.252826,AppEEARS:SPL3SMP_E.006:Soil_Moisture_Retrieval_Data_PM_soil_moisture_pm
2017-04-05,sorriso_mt,"Sorriso, MT",-12.5425,-55.7211,0.209386,AppEEARS:SPL3SMP_E.006:Soil_Moisture_Retrieval_Data_PM_soil_moisture_pm
2017-04-08,sorriso_mt,"Sorriso, MT",-12.5425,-55.7211,0.264595,AppEEARS:SPL3SMP_E.006:Soil_Moisture_Retrieval_Data_PM_soil_moisture_pm
2017-04-10,sorriso_mt,"Sorriso, MT",-12.5425,-55.7211,0.2139,AppEEARS:SPL3SMP_E.006:Soil_Moisture_Retrieval_Data_PM_soil_moisture_pm
2017-04-13,sorriso_mt,"Sorriso, MT",-12.5425,-55.7211,0.192295,AppEEARS:SPL3SMP_E.006:Soil_Moisture_Retrieval_Data_PM_soil_moisture_pm
2017-04-16,sorriso_mt,"Sorriso, MT",-12.5425,-55.7211,0.204417,AppEEARS:SPL3SMP_E.006:Soil_Moisture_Retrieval_Data_PM_soil_moisture_pm
2017-04-18,sorriso_mt,"Sorriso, MT",-12.5425,-55.7211,0.228547,AppEEARS:SPL3SMP_E.006:Soil_Moisture_Retrieval_Data_PM_soil_moisture_pm
2017-04-21,sorriso_mt,"Sorriso, MT",-12.5425,-55.7211,0.27748,AppEEARS:SPL3SMP_E.006:Soil_Moisture_Retrieval_Data_PM_soil_moisture_pm
2017-04-24,sorriso_mt,"Sorriso, MT",-12.5425,-55.7211,0.212219,AppEEARS:SPL3SMP_E.006:Soil_Moisture_Retrieval_Data_PM_soil_moisture_pm
2017-04-26,sorriso_mt,"Sorriso, MT",-12.5425,-55.7211,0.22869,AppEEARS:SPL3SMP_E.006:Soil_Moisture_Retrieval_Data_PM_soil_moisture_pm
2017-04-29,sorriso_mt,"Sorriso, MT",-12.5425,-55.7211,0.221121,AppEEARS:SPL3SMP_E.006:Soil_Moisture_Retrieval_Data_PM_soil_moisture_pm
2017-05-02,sorriso_mt,"Sorriso, MT",-12.5425,-55.7211,0.178765,AppEEARS:SPL3SMP_E.006:Soil_Moisture_Retrieval_Data_PM_soil_moisture_pm
2017-05-04,sorriso_mt,"Sorriso, MT",-12.5425,-55.7211,0.198183,AppEEARS:SPL3SMP_E.006:Soil_Moisture_Retrieval_Data_PM_soil_moisture_pm
2017-05-07,sorriso_mt,"Sorriso, MT",-12.5425,-55.7211,0.190245,AppEEARS:SPL3SMP_E.006:Soil_Moisture_Retrieval_Data_PM_soil_moisture_pm
2017-05-10,sorriso_mt,"Sorriso, MT",-12.5425,-55.7211,0.194939,AppEEARS:SPL3SMP_E.006:Soil_Moisture_Retrieval_Data_PM_soil_moisture_pm
2017-05-12,sorriso_mt,"Sorriso, MT",-12.5425,-55.7211,0.186655,AppEEARS:SPL3SMP_E.006:Soil_Moisture_Retrieval_Data_PM_soil_moisture_pm
2017-05-15,sorriso_mt,"Sorriso, MT",-12.5425,-55.7211,0.233579,AppEEARS:SPL3SMP_E.006:Soil_Moisture_Retrieval_Data_PM_soil_moisture_pm
2017-05-18,sorriso_mt,"Sorriso, MT",-12.5425,-55.7211,0.252098,AppEEARS:SPL3SMP_E.006:Soil_Moisture_Retrieval_Data_PM_soil_moisture_pm
2017-05-20,sorriso_mt,"Sorriso, MT",-12.5425,-55.7211,0.235958,AppEEARS:SPL3SMP_E.006:Soil_Moisture_Retrieval_Data_PM_soil_moisture_pm
2017-05-23,sorriso_mt,"Sorriso, MT",-12.5425,-55.7211,0.203959,AppEEARS:SPL3SMP_E.006:Soil_Moisture_Retrieval_Data_PM_soil_moisture_pm
2017-05-26,sorriso_mt,"Sorriso, MT",-12.5425,-55.7211,0.239927,AppEEARS:SPL3SMP_E.006:Soil_Moisture_Retrieval_Data_PM_soil_moisture_pm
2017-05-28,sorriso_mt,"Sorriso, MT",-12.5425,-55.7211,0.198888,AppEEARS:SPL3SMP_E.006:Soil_Moisture_Retrieval_Data_PM_soil_moisture_pm
2017-05-31,sorriso_mt,"Sorriso, MT",-12.5425,-55.7211,0.24275,AppEEARS:SPL3SMP_E.006:Soil_Moisture_Retrieval_Data_PM_soil_moisture_pm
2017-06-03,sorriso_mt,"Sorriso, MT",-12.5425,-55.7211,0.220154,AppEEARS:SPL3SMP_E.006:Soil_Moisture_Retrieval_Data_PM_soil_moisture_pm
2017-06-05,sorriso_mt,"Sorriso, MT",-12.5425,-55.7211,0.210643,AppEEARS:SPL3SMP_E.006:Soil_Moisture_Retrieval_Data_PM_soil_moisture_pm
2017-06-08,sorriso_mt,"Sorriso, MT",-12.5425,-55.7211,0.219188,AppEEARS:SPL3SMP_E.006:Soil_Moisture_Retrieval_Data_PM_soil_moisture_pm
2017-06-11,sorriso_mt,"Sorriso, MT",-12.5425,-55.7211,0.200156,AppEEARS:SPL3SMP_E.006:Soil_Moisture_Retrieval_Data_PM_soil_moisture_pm
2017-06-13,sorriso_mt,"Sorriso, MT",-12.5425,-55.7211,0.195272,AppEEARS:SPL3SMP_E.006:Soil_Moisture_Retrieval_Data_PM_soil_moisture_pm
2017-06-16,sorriso_mt,"Sorriso, MT",-12.5425,-55.7211,0.204649,AppEEARS:SPL3SMP_E.006:Soil_Moisture_Retrieval_Data_PM_soil_moisture_pm
2017-06-19,sorriso_mt,"Sorriso, MT",-12.5425,-55.7211,0.197443,AppEEARS:SPL3SMP_E.006:Soil_Moisture_Retrieval_Data_PM_soil_moisture_pm
2017-06-21,sorriso_mt,"Sorriso, MT",-12.5425,-55.7211,0.195463,AppEEARS:SPL3SMP_E.006:Soil_Moisture_Retrieval_Data_PM_soil_moisture_pm
2017-06-24,sorriso_mt,"Sorriso, MT",-12.5425,-55.7211,0.187918,AppEEARS:SPL3SMP_E.006:Soil_Moisture_Retrieval_Data_PM_soil_moisture_pm
2017-06-27,sorriso_mt,"Sorriso, MT",-12.5425,-55.7211,0.180214,AppEEARS:SPL3SMP_E.006:Soil_Moisture_Retrieval_Data_PM_soil_moisture_pm
2017-06-29,sorriso_mt,"Sorriso, MT",-12.5425,-55.7211,0.189787,AppEEARS:SPL3SMP_E.006:Soil_Moisture_Retrieval_Data_PM_soil_moisture_pm
2017-07-02,sorriso_mt,"Sorriso, MT",-12.5425,-55.7211,0.194141,AppEEARS:SPL3SMP_E.006:Soil_Moisture_Retrieval_Data_PM_soil_moisture_pm
2017-07-05,sorriso_mt,"Sorriso, MT",-12.5425,-55.7211,0.184862,AppEEARS:SPL3SMP_E.006:Soil_Moisture_Retrieval_Data_PM_soil_moisture_pm
2017-07-07,sorriso_mt,"Sorriso, MT",-12.5425,-55.7211,0.190843,AppEEARS:SPL3SMP_E.006:Soil_Moisture_Retrieval_Data_PM_soil_moisture_pm
2017-07-10,sorriso_mt,"Sorriso, MT",-12.5425,-55.7211,0.17646,AppEEARS:SPL3SMP_E.006:Soil_Moisture_Retrieval_Data_PM_soil_moisture_pm
2017-07-13,sorriso_mt,"Sorriso, MT",-12.5425,-55.7211,0.174881,AppEEARS:SPL3SMP_E.006:Soil_Moisture_Retrieval_Data_PM_soil_moisture_pm
2017-07-18,sorriso_mt,"Sorriso, MT",-12.5425,-55.7211,0.15773,AppEEARS:SPL3SMP_E.006:Soil_Moisture_Retrieval_Data_PM_soil_moisture_pm
2017-07-26,sorriso_mt,"Sorriso, MT",-12.5425,-55.7211,0.175803,AppEEARS:SPL3SMP_E.006:Soil_Moisture_Retrieval_Data_PM_soil_moisture_pm
2017-07-29,sorriso_mt,"Sorriso, MT",-12.5425,-55.7211,0.156508,AppEEARS:SPL3SMP_E.006:Soil_Moisture_Retrieval_Data_PM_soil_moisture_pm
2017-08-03,sorriso_mt,"Sorriso, MT",-12.5425,-55.7211,0.16263,AppEEARS:SPL3SMP_E.006:Soil_Moisture_Retrieval_Data_PM_soil_moisture_pm
2017-08-06,sorriso_mt,"Sorriso, MT",-12.5425,-55.7211,0.15721,AppEEARS:SPL3SMP_E.006:Soil_Moisture_Retrieval_Data_PM_soil_moisture_pm
2017-08-08,sorriso_mt,"Sorriso, MT",-12.5425,-55.7211,0.156688,AppEEARS:SPL3SMP_E.006:Soil_Moisture_Retrieval_Data_PM_soil_moisture_pm
2017-08-11,sorriso_mt,"Sorriso, MT",-12.5425,-55.7211,0.17002,AppEEARS:SPL3SMP_E.006:Soil_Moisture_Retrieval_Data_PM_soil_moisture_pm
2017-08-14,sorriso_mt,"Sorriso, MT",-12.5425,-55.7211,0.237194,AppEEARS:SPL3SMP_E.006:Soil_Moisture_Retrieval_Data_PM_soil_moisture_pm
2017-08-16,sorriso_mt,"Sorriso, MT",-12.5425,-55.7211,0.203788,AppEEARS:SPL3SMP_E.006:Soil_Moisture_Retrieval_Data_PM_soil_moisture_pm
2017-08-19,sorriso_mt,"Sorriso, MT",-12.5425,-55.7211,0.200008,AppEEARS:SPL3SMP_E.006:Soil_Moisture_Retrieval_Data_PM_soil_moisture_pm
2017-08-22,sorriso_mt,"Sorriso, MT",-12.5425,-55.7211,0.211071,AppEEARS:SPL3SMP_E.006:Soil_Moisture_Retrieval_Data_PM_soil_moisture_pm
2017-08-24,sorriso_mt,"Sorriso, MT",-12.5425,-55.7211,0.225936,AppEEARS:SPL3SMP_E.006:Soil_Moisture_Retrieval_Data_PM_soil_moisture_pm
2017-08-27,sorriso_mt,"Sorriso, MT",-12.5425,-55.7211,0.18294,AppEEARS:SPL3SMP_E.006:Soil_Moisture_Retrieval_Data_PM_soil_moisture_pm
2017-08-30,sorriso_mt,"Sorriso, MT",-12.5425,-55.7211,0.190867,AppEEARS:SPL3SMP_E.006:Soil_Moisture_Retrieval_Data_PM_soil_moisture_pm
2017-09-01,sorriso_mt,"Sorriso, MT",-12.5425,-55.7211,0.203876,AppEEARS:SPL3SMP_E.006:Soil_Moisture_Retrieval_Data_PM_soil_moisture_pm
2017-09-04,sorriso_mt,"Sorriso, MT",-12.5425,-55.7211,0.194704,AppEEARS:SPL3SMP_E.006:Soil_Moisture_Retrieval_Data_PM_soil_moisture_pm
2017-09-07,sorriso_mt,"Sorriso, MT",-12.5425,-55.7211,0.176133,AppEEARS:SPL3SMP_E.006:Soil_Moisture_Retrieval_Data_PM_soil_moisture_pm
2017-09-09,sorriso_mt,"Sorriso, MT",-12.5425,-55.7211,0.178326,AppEEARS:SPL3SMP_E.006:Soil_Moisture_Retrieval_Data_PM_soil_moisture_pm
2017-09-12,sorriso_mt,"Sorriso, MT",-12.5425,-55.7211,0.18692,AppEEARS:SPL3SMP_E.006:Soil_Moisture_Retrieval_Data_PM_soil_moisture_pm
2017-09-15,sorriso_mt,"Sorriso, MT",-12.5425,-55.7211,0.166795,AppEEARS:SPL3SMP_E.006:Soil_Moisture_Retrieval_Data_PM_soil_moisture_pm
2017-09-17,sorriso_mt,"Sorriso, MT",-12.5425,-55.7211,0.162885,AppEEARS:SPL3SMP_E.006:Soil_Moisture_Retrieval_Data_PM_soil_moisture_pm
2017-09-20,sorriso_mt,"Sorriso, MT",-12.5425,-55.7211,0.152421,AppEEARS:SPL3SMP_E.006:Soil_Moisture_Retrieval_Data_PM_soil_moisture_pm
2017-09-23,sorriso_mt,"Sorriso, MT",-12.5425,-55.7211,0.161618,AppEEARS:SPL3SMP_E.006:Soil_Moisture_Retrieval_Data_PM_soil_moisture_pm
2017-09-25,sorriso_mt,"Sorriso, MT",-12.5425,-55.7211,0.167713,AppEEARS:SPL3SMP_E.006:Soil_Moisture_Retrieval_Data_PM_soil_moisture_pm
2017-09-28,sorriso_mt,"Sorriso, MT",-12.5425,-55.7211,0.328675,AppEEARS:SPL3SMP_E.006:Soil_Moisture_Retrieval_Data_PM_soil_moisture_pm
2017-10-01,sorriso_mt,"Sorriso, MT",-12.5425,-55.7211,0.247243,AppEEARS:SPL3SMP_E.006:Soil_Moisture_Retrieval_Data_PM_soil_moisture_pm
2017-10-03,sorriso_mt,"Sorriso, MT",-12.5425,-55.7211,0.307153,AppEEARS:SPL3SMP_E.006:Soil_Moisture_Retrieval_Data_PM_soil_moisture_pm
2017-10-06,sorriso_mt,"Sorriso, MT",-12.5425,-55.7211,0.251759,AppEEARS:SPL3SMP_E.006:Soil_Moisture_Retrieval_Data_PM_soil_moisture_pm
2017-10-09,sorriso_mt,"Sorriso, MT",-12.5425,-55.7211,0.233706,AppEEARS:SPL3SMP_E.006:Soil_Moisture_Retrieval_Data_PM_soil_moisture_pm
2017-10-11,sorriso_mt,"Sorriso, MT",-12.5425,-55.7211,0.2346,AppEEARS:SPL3SMP_E.006:Soil_Moisture_Retrieval_Data_PM_soil_moisture_pm
2017-10-14,sorriso_mt,"Sorriso, MT",-12.5425,-55.7211,0.204763,AppEEARS:SPL3SMP_E.006:Soil_Moisture_Retrieval_Data_PM_soil_moisture_pm
2017-10-17,sorriso_mt,"Sorriso, MT",-12.5425,-55.7211,0.273272,AppEEARS:SPL3SMP_E.006:Soil_Moisture_Retrieval_Data_PM_soil_moisture_pm
2017-10-19,sorriso_mt,"Sorriso, MT",-12.5425,-55.7211,0.268677,AppEEARS:SPL3SMP_E.006:Soil_Moisture_Retrieval_Data_PM_soil_moisture_pm
2017-10-22,sorriso_mt,"Sorriso, MT",-12.5425,-55.7211,0.250246,AppEEARS:SPL3SMP_E.006:Soil_Moisture_Retrieval_Data_PM_soil_moisture_pm
2017-10-25,sorriso_mt,"Sorriso, MT",-12.5425,-55.7211,0.235645,AppEEARS:SPL3SMP_E.006:Soil_Moisture_Retrieval_Data_PM_soil_moisture_pm
2017-10-27,sorriso_mt,"Sorriso, MT",-12.5425,-55.7211,0.349278,AppEEARS:SPL3SMP_E.006:Soil_Moisture_Retrieval_Data_PM_soil_moisture_pm
2017-10-30,sorriso_mt,"Sorriso, MT",-12.5425,-55.7211,0.241379,AppEEARS:SPL3SMP_E.006:Soil_Moisture_Retrieval_Data_PM_soil_moisture_pm
2017-11-02,sorriso_mt,"Sorriso, MT",-12.5425,-55.7211,0.277161,AppEEARS:SPL3SMP_E.006:Soil_Moisture_Retrieval_Data_PM_soil_moisture_pm
2017-11-04,sorriso_mt,"Sorriso, MT",-12.5425,-55.7211,0.251049,AppEEARS:SPL3SMP_E.006:Soil_Moisture_Retrieval_Data_PM_soil_moisture_pm
2017-11-07,sorriso_mt,"Sorriso, MT",-12.5425,-55.7211,0.212149,AppEEARS:SPL3SMP_E.006:Soil_Moisture_Retrieval_Data_PM_soil_moisture_pm
2017-11-10,sorriso_mt,"Sorriso, MT",-12.5425,-55.7211,0.263019,AppEEARS:SPL3SMP_E.006:Soil_Moisture_Retrieval_Data_PM_soil_moisture_pm
2017-11-12,sorriso_mt,"Sorriso, MT",-12.5425,-55.7211,0.264064,AppEEARS:SPL3SMP_E.006:Soil_Moisture_Retrieval_Data_PM_soil_moisture_pm
2017-11-15,sorriso_mt,"Sorriso, MT",-12.5425,-55.7211,0.244053,AppEEARS:SPL3SMP_E.006:Soil_Moisture_Retrieval_Data_PM_soil_moisture_pm
2017-11-18,sorriso_mt,"Sorriso, MT",-12.5425,-55.7211,0.320978,AppEEARS:SPL3SMP_E.006:Soil_Moisture_Retrieval_Data_PM_soil_moisture_pm
2017-11-20,sorriso_mt,"Sorriso, MT",-12.5425,-55.7211,0.30434,AppEEARS:SPL3SMP_E.006:Soil_Moisture_Retrieval_Data_PM_soil_moisture_pm
2017-11-23,sorriso_mt,"Sorriso, MT",-12.5425,-55.7211,0.251388,AppEEARS:SPL3SMP_E.006:Soil_Moisture_Retrieval_Data_PM_soil_moisture_pm
2017-11-26,sorriso_mt,"Sorriso, MT",-12.5425,-55.7211,0.229615,AppEEARS:SPL3SMP_E.006:Soil_Moisture_Retrieval_Data_PM_soil_moisture_pm
2017-11-28,sorriso_mt,"Sorriso, MT",-12.5425,-55.7211,0.25785,AppEEARS:SPL3SMP_E.006:Soil_Moisture_Retrieval_Data_PM_soil_moisture_pm
2017-12-01,sorriso_mt,"Sorriso, MT",-12.5425,-55.7211,0.299265,AppEEARS:SPL3SMP_E.006:Soil_Moisture_Retrieval_Data_PM_soil_moisture_pm
2017-12-04,sorriso_mt,"Sorriso, MT",-12.5425,-55.7211,0.232181,AppEEARS:SPL3SMP_E.006:Soil_Moisture_Retrieval_Data_PM_soil_moisture_pm
2017-12-06,sorriso_mt,"Sorriso, MT",-12.5425,-55.7211,0.22981,AppEEARS:SPL3SMP_E.006:Soil_Moisture_Retrieval_Data_PM_soil_moisture_pm
2017-12-09,sorriso_mt,"Sorriso, MT",-12.5425,-55.7211,0.255295,AppEEARS:SPL3SMP_E.006:Soil_Moisture_Retrieval_Data_PM_soil_moisture_pm
2017-12-12,sorriso_mt,"Sorriso, MT",-12.5425,-55.7211,0.301878,AppEEARS:SPL3SMP_E.006:Soil_Moisture_Retrieval_Data_PM_soil_moisture_pm
2017-12-14,sorriso_mt,"Sorriso, MT",-12.5425,-55.7211,0.284326,AppEEARS:SPL3SMP_E.006:Soil_Moisture_Retrieval_Data_PM_soil_moisture_pm
2017-12-17,sorriso_mt,"Sorriso, MT",-12.5425,-55.7211,0.279491,AppEEARS:SPL3SMP_E.006:Soil_Moisture_Retrieval_Data_PM_soil_moisture_pm
2017-12-20,sorriso_mt,"Sorriso, MT",-12.5425,-55.7211,0.205643,AppEEARS:SPL3SMP_E.006:Soil_Moisture_Retrieval_Data_PM_soil_moisture_pm
2017-12-22,sorriso_mt,"Sorriso, MT",-12.5425,-55.7211,0.269288,AppEEARS:SPL3SMP_E.006:Soil_Moisture_Retrieval_Data_PM_soil_moisture_pm
2017-12-25,sorriso_mt,"Sorriso, MT",-12.5425,-55.7211,0.25887,AppEEARS:SPL3SMP_E.006:Soil_Moisture_Retrieval_Data_PM_soil_moisture_pm
2017-12-28,sorriso_mt,"Sorriso, MT",-12.5425,-55.7211,0.213425,AppEEARS:SPL3SMP_E.006:Soil_Moisture_Retrieval_Data_PM_soil_moisture_pm
2017-12-30,sorriso_mt,"Sorriso, MT",-12.5425,-55.7211,0.329508,AppEEARS:SPL3SMP_E.006:Soil_Moisture_Retrieval_Data_PM_soil_moisture_pm
2018-01-02,sorriso_mt,"Sorriso, MT",-12.5425,-55.7211,0.258621,AppEEARS:SPL3SMP_E.006:Soil_Moisture_Retrieval_Data_PM_soil_moisture_pm
2018-01-05,sorriso_mt,"Sorriso, MT",-12.5425,-55.7211,0.281608,AppEEARS:SPL3SMP_E.006:Soil_Moisture_Retrieval_Data_PM_soil_moisture_pm
2018-01-07,sorriso_mt,"Sorriso, MT",-12.5425,-55.7211,0.287002,AppEEARS:SPL3SMP_E.006:Soil_Moisture_Retrieval_Data_PM_soil_moisture_pm
2018-01-10,sorriso_mt,"Sorriso, MT",-12.5425,-55.7211,0.245928,AppEEARS:SPL3SMP_E.006:Soil_Moisture_Retrieval_Data_PM_soil_moisture_pm
2018-01-13,sorriso_mt,"Sorriso, MT",-12.5425,-55.7211,0.313869,AppEEARS:SPL3SMP_E.006:Soil_Moisture_Retrieval_Data_PM_soil_moisture_pm
2018-01-15,sorriso_mt,"Sorriso, MT",-12.5425,-55.7211,0.318656,AppEEARS:SPL3SMP_E.006:Soil_Moisture_Retrieval_Data_PM_soil_moisture_pm
2018-01-18,sorriso_mt,"Sorriso, MT",-12.5425,-55.7211,0.247636,AppEEARS:SPL3SMP_E.006:Soil_Moisture_Retrieval_Data_PM_soil_moisture_pm
2018-01-23,sorriso_mt,"Sorriso, MT",-12.5425,-55.7211,0.255495,AppEEARS:SPL3SMP_E.006:Soil_Moisture_Retrieval_Data_PM_soil_moisture_pm
2018-01-26,sorriso_mt,"Sorriso, MT",-12.5425,-55.7211,0.291219,AppEEARS:SPL3SMP_E.006:Soil_Moisture_Retrieval_Data_PM_soil_moisture_pm
2018-01-29,sorriso_mt,"Sorriso, MT",-12.5425,-55.7211,0.308697,AppEEARS:SPL3SMP_E.006:Soil_Moisture_Retrieval_Data_PM_soil_moisture_pm
2018-01-31,sorriso_mt,"Sorriso, MT",-12.5425,-55.7211,0.260941,AppEEARS:SPL3SMP_E.006:Soil_Moisture_Retrieval_Data_PM_soil_moisture_pm
2018-02-03,sorriso_mt,"Sorriso, MT",-12.5425,-55.7211,0.349799,AppEEARS:SPL3SMP_E.006:Soil_Moisture_Retrieval_Data_PM_soil_moisture_pm
2018-02-06,sorriso_mt,"Sorriso, MT",-12.5425,-55.7211,0.288378,AppEEARS:SPL3SMP_E.006:Soil_Moisture_Retrieval_Data_PM_soil_moisture_pm
2018-02-08,sorriso_mt,"Sorriso, MT",-12.5425,-55.7211,0.319724,AppEEARS:SPL3SMP_E.006:Soil_Moisture_Retrieval_Data_PM_soil_moisture_pm
2018-02-14,sorriso_mt,"Sorriso, MT",-12.5425,-55.7211,0.245049,AppEEARS:SPL3SMP_E.006:Soil_Moisture_Retrieval_Data_PM_soil_moisture_pm
2018-02-16,sorriso_mt,"Sorriso, MT",-12.5425,-55.7211,0.243111,AppEEARS:SPL3SMP_E.006:Soil_Moisture_Retrieval_Data_PM_soil_moisture_pm
2018-02-19,sorriso_mt,"Sorriso, MT",-12.5425,-55.7211,0.37803,AppEEARS:SPL3SMP_E.006:Soil_Moisture_Retrieval_Data_PM_soil_moisture_pm
2018-02-22,sorriso_mt,"Sorriso, MT",-12.5425,-55.7211,0.336802,AppEEARS:SPL3SMP_E.006:Soil_Moisture_Retrieval_Data_PM_soil_moisture_pm
2018-02-24,sorriso_mt,"Sorriso, MT",-12.5425,-55.7211,0.297378,AppEEARS:SPL3SMP_E.006:Soil_Moisture_Retrieval_Data_PM_soil_moisture_pm
2018-02-27,sorriso_mt,"Sorriso, MT",-12.5425,-55.7211,0.292116,AppEEARS:SPL3SMP_E.006:Soil_Moisture_Retrieval_Data_PM_soil_moisture_pm
2018-03-02,sorriso_mt,"Sorriso, MT",-12.5425,-55.7211,0.216265,AppEEARS:SPL3SMP_E.006:Soil_Moisture_Retrieval_Data_PM_soil_moisture_pm
2018-03-07,sorriso_mt,"Sorriso, MT",-12.5425,-55.7211,0.218088,AppEEARS:SPL3SMP_E.006:Soil_Moisture_Retrieval_Data_PM_soil_moisture_pm
2018-03-10,sorriso_mt,"Sorriso, MT",-12.5425,-55.7211,0.272108,AppEEARS:SPL3SMP_E.006:Soil_Moisture_Retrieval_Data_PM_soil_moisture_pm
2018-03-12,sorriso_mt,"Sorriso, MT",-12.5425,-55.7211,0.277934,AppEEARS:SPL3SMP_E.006:Soil_Moisture_Retrieval_Data_PM_soil_moisture_pm
2018-03-15,sorriso_mt,"Sorriso, MT",-12.5425,-55.7211,0.240829,AppEEARS:SPL3SMP_E.006:Soil_Moisture_Retrieval_Data_PM_soil_moisture_pm
2018-03-18,sorriso_mt,"Sorriso, MT",-12.5425,-55.7211,0.326847,AppEEARS:SPL3SMP_E.006:Soil_Moisture_Retrieval_Data_PM_soil_moisture_pm
2018-03-20,sorriso_mt,"Sorriso, MT",-12.5425,-55.7211,0.257249,AppEEARS:SPL3SMP_E.006:Soil_Moisture_Retrieval_Data_PM_soil_moisture_pm
2018-03-23,sorriso_mt,"Sorriso, MT",-12.5425,-55.7211,0.230565,AppEEARS:SPL3SMP_E.006:Soil_Moisture_Retrieval_Data_PM_soil_moisture_pm
2018-03-26,sorriso_mt,"Sorriso, MT",-12.5425,-55.7211,0.255837,AppEEARS:SPL3SMP_E.006:Soil_Moisture_Retrieval_Data_PM_soil_moisture_pm
2018-03-28,sorriso_mt,"Sorriso, MT",-12.5425,-55.7211,0.237091,AppEEARS:SPL3SMP_E.006:Soil_Moisture_Retrieval_Data_PM_soil_moisture_pm
2018-03-31,sorriso_mt,"Sorriso, MT",-12.5425,-55.7211,0.265028,AppEEARS:SPL3SMP_E.006:Soil_Moisture_Retrieval_Data_PM_soil_moisture_pm
2018-04-03,sorriso_mt,"Sorriso, MT",-12.5425,-55.7211,0.239046,AppEEARS:SPL3SMP_E.006:Soil_Moisture_Retrieval_Data_PM_soil_moisture_pm
2018-04-05,sorriso_mt,"Sorriso, MT",-12.5425,-55.7211,0.243639,AppEEARS:SPL3SMP_E.006:Soil_Moisture_Retrieval_Data_PM_soil_moisture_pm
2018-04-08,sorriso_mt,"Sorriso, MT",-12.5425,-55.7211,0.298322,AppEEARS:SPL3SMP_E.006:Soil_Moisture_Retrieval_Data_PM_soil_moisture_pm
2018-04-11,sorriso_mt,"Sorriso, MT",-12.5425,-55.7211,0.280802,AppEEARS:SPL3SMP_E.006:Soil_Moisture_Retrieval_Data_PM_soil_moisture_pm
2018-04-13,sorriso_mt,"Sorriso, MT",-12.5425,-55.7211,0.252668,AppEEARS:SPL3SMP_E.006:Soil_Moisture_Retrieval_Data_PM_soil_moisture_pm
2018-04-16,sorriso_mt,"Sorriso, MT",-12.5425,-55.7211,0.259663,AppEEARS:SPL3SMP_E.006:Soil_Moisture_Retrieval_Data_PM_soil_moisture_pm
2018-04-19,sorriso_mt,"Sorriso, MT",-12.5425,-55.7211,0.202369,AppEEARS:SPL3SMP_E.006:Soil_Moisture_Retrieval_Data_PM_soil_moisture_pm
2018-04-21,sorriso_mt,"Sorriso, MT",-12.5425,-55.7211,0.195619,AppEEARS:SPL3SMP_E.006:Soil_Moisture_Retrieval_Data_PM_soil_moisture_pm
2018-04-24,sorriso_mt,"Sorriso, MT",-12.5425,-55.7211,0.194018,AppEEARS:SPL3SMP_E.006:Soil_Moisture_Retrieval_Data_PM_soil_moisture_pm
2018-04-27,sorriso_mt,"Sorriso, MT",-12.5425,-55.7211,0.20698,AppEEARS:SPL3SMP_E.006:Soil_Moisture_Retrieval_Data_PM_soil_moisture_pm
2018-04-29,sorriso_mt,"Sorriso, MT",-12.5425,-55.7211,0.187964,AppEEARS:SPL3SMP_E.006:Soil_Moisture_Retrieval_Data_PM_soil_moisture_pm
2018-05-02,sorriso_mt,"Sorriso, MT",-12.5425,-55.7211,0.184201,AppEEARS:SPL3SMP_E.006:Soil_Moisture_Retrieval_Data_PM_soil_moisture_pm
2018-05-07,sorriso_mt,"Sorriso, MT",-12.5425,-55.7211,0.187648,AppEEARS:SPL3SMP_E.006:Soil_Moisture_Retrieval_Data_PM_soil_moisture_pm
2018-05-10,sorriso_mt,"Sorriso, MT",-12.5425,-55.7211,0.179823,AppEEARS:SPL3SMP_E.006:Soil_Moisture_Retrieval_Data_PM_soil_moisture_pm
2018-05-13,sorriso_mt,"Sorriso, MT",-12.5425,-55.7211,0.172314,AppEEARS:SPL3SMP_E.006:Soil_Moisture_Retrieval_Data_PM_soil_moisture_pm
2018-05-15,sorriso_mt,"Sorriso, MT",-12.5425,-55.7211,0.18186,AppEEARS:SPL3SMP_E.006:Soil_Moisture_Retrieval_Data_PM_soil_moisture_pm
2018-05-18,sorriso_mt,"Sorriso, MT",-12.5425,-55.7211,0.209548,AppEEARS:SPL3SMP_E.006:Soil_Moisture_Retrieval_Data_PM_soil_moisture_pm
2018-05-21,sorriso_mt,"Sorriso, MT",-12.5425,-55.7211,0.231195,AppEEARS:SPL3SMP_E.006:Soil_Moisture_Retrieval_Data_PM_soil_moisture_pm
2018-05-26,sorriso_mt,"Sorriso, MT",-12.5425,-55.7211,0.202038,AppEEARS:SPL3SMP_E.006:Soil_Moisture_Retrieval_Data_PM_soil_moisture_pm
2018-05-29,sorriso_mt,"Sorriso, MT",-12.5425,-55.7211,0.190121,AppEEARS:SPL3SMP_E.006:Soil_Moisture_Retrieval_Data_PM_soil_moisture_pm
2018-05-31,sorriso_mt,"Sorriso, MT",-12.5425,-55.7211,0.187596,AppEEARS:SPL3SMP_E.006:Soil_Moisture_Retrieval_Data_PM_soil_moisture_pm
2018-06-03,sorriso_mt,"Sorriso, MT",-12.5425,-55.7211,0.199205,AppEEARS:SPL3SMP_E.006:Soil_Moisture_Retrieval_Data_PM_soil_moisture_pm
2018-06-06,sorriso_mt,"Sorriso, MT",-12.5425,-55.7211,0.189114,AppEEARS:SPL3SMP_E.006:Soil_Moisture_Retrieval_Data_PM_soil_moisture_pm
2018-06-11,sorriso_mt,"Sorriso, MT",-12.5425,-55.7211,0.185057,AppEEARS:SPL3SMP_E.006:Soil_Moisture_Retrieval_Data_PM_soil_moisture_pm
2018-06-16,sorriso_mt,"Sorriso, MT",-12.5425,-55.7211,0.177207,AppEEARS:SPL3SMP_E.006:Soil_Moisture_Retrieval_Data_PM_soil_moisture_pm
2018-06-19,sorriso_mt,"Sorriso, MT",-12.5425,-55.7211,0.171002,AppEEARS:SPL3SMP_E.006:Soil_Moisture_Retrieval_Data_PM_soil_moisture_pm
2018-06-24,sorriso_mt,"Sorriso, MT",-12.5425,-55.7211,0.173319,AppEEARS:SPL3SMP_E.006:Soil_Moisture_Retrieval_Data_PM_soil_moisture_pm
2018-06-30,sorriso_mt,"Sorriso, MT",-12.5425,-55.7211,0.179564,AppEEARS:SPL3SMP_E.006:Soil_Moisture_Retrieval_Data_PM_soil_moisture_pm
2018-07-02,sorriso_mt,"Sorriso, MT",-12.5425,-55.7211,0.168656,AppEEARS:SPL3SMP_E.006:Soil_Moisture_Retrieval_Data_PM_soil_moisture_pm
2018-07-05,sorriso_mt,"Sorriso, MT",-12.5425,-55.7211,0.167892,AppEEARS:SPL3SMP_E.006:Soil_Moisture_Retrieval_Data_PM_soil_moisture_pm
2018-07-08,sorriso_mt,"Sorriso, MT",-12.5425,-55.7211,0.162414,AppEEARS:SPL3SMP_E.006:Soil_Moisture_Retrieval_Data_PM_soil_moisture_pm
2018-07-10,sorriso_mt,"Sorriso, MT",-12.5425,-55.7211,0.156006,AppEEARS:SPL3SMP_E.006:Soil_Moisture_Retrieval_Data_PM_soil_moisture_pm
2018-07-13,sorriso_mt,"Sorriso, MT",-12.5425,-55.7211,0.169164,AppEEARS:SPL3SMP_E.006:Soil_Moisture_Retrieval_Data_PM_soil_moisture_pm
2018-07-16,sorriso_mt,"Sorriso, MT",-12.5425,-55.7211,0.161254,AppEEARS:SPL3SMP_E.006:Soil_Moisture_Retrieval_Data_PM_soil_moisture_pm
2018-07-18,sorriso_mt,"Sorriso, MT",-12.5425,-55.7211,0.169993,AppEEARS:SPL3SMP_E.006:Soil_Moisture_Retrieval_Data_PM_soil_moisture_pm
2018-07-21,sorriso_mt,"Sorriso, MT",-12.5425,-55.7211,0.152323,AppEEARS:SPL3SMP_E.006:Soil_Moisture_Retrieval_Data_PM_soil_moisture_pm
2018-07-24,sorriso_mt,"Sorriso, MT",-12.5425,-55.7211,0.162397,AppEEARS:SPL3SMP_E.006:Soil_Moisture_Retrieval_Data_PM_soil_moisture_pm
2018-07-26,sorriso_mt,"Sorriso, MT",-12.5425,-55.7211,0.149173,AppEEARS:SPL3SMP_E.006:Soil_Moisture_Retrieval_Data_PM_soil_moisture_pm
2018-07-29,sorriso_mt,"Sorriso, MT",-12.5425,-55.7211,0.162836,AppEEARS:SPL3SMP_E.006:Soil_Moisture_Retrieval_Data_PM_soil_moisture_pm
2018-08-01,sorriso_mt,"Sorriso, MT",-12.5425,-55.7211,0.15742,AppEEARS:SPL3SMP_E.006:Soil_Moisture_Retrieval_Data_PM_soil_moisture_pm
2018-08-03,sorriso_mt,"Sorriso, MT",-12.5425,-55.7211,0.151638,AppEEARS:SPL3SMP_E.006:Soil_Moisture_Retrieval_Data_PM_soil_moisture_pm
2018-08-06,sorriso_mt,"Sorriso, MT",-12.5425,-55.7211,0.139062,AppEEARS:SPL3SMP_E.006:Soil_Moisture_Retrieval_Data_PM_soil_moisture_pm
2018-08-09,sorriso_mt,"Sorriso, MT",-12.5425,-55.7211,0.154018,AppEEARS:SPL3SMP_E.006:Soil_Moisture_Retrieval_Data_PM_soil_moisture_pm
2018-08-11,sorriso_mt,"Sorriso, MT",-12.5425,-55.7211,0.156946,AppEEARS:SPL3SMP_E.006:Soil_Moisture_Retrieval_Data_PM_soil_moisture_pm
2018-08-14,sorriso_mt,"Sorriso, MT",-12.5425,-55.7211,0.158151,AppEEARS:SPL3SMP_E.006:Soil_Moisture_Retrieval_Data_PM_soil_moisture_pm
2018-08-17,sorriso_mt,"Sorriso, MT",-12.5425,-55.7211,0.195583,AppEEARS:SPL3SMP_E.006:Soil_Moisture_Retrieval_Data_PM_soil_moisture_pm
2018-08-19,sorriso_mt,"Sorriso, MT",-12.5425,-55.7211,0.204944,AppEEARS:SPL3SMP_E.006:Soil_Moisture_Retrieval_Data_PM_soil_moisture_pm
2018-08-22,sorriso_mt,"Sorriso, MT",-12.5425,-55.7211,0.197431,AppEEARS:SPL3SMP_E.006:Soil_Moisture_Retrieval_Data_PM_soil_moisture_pm
2018-08-25,sorriso_mt,"Sorriso, MT",-12.5425,-55.7211,0.182833,AppEEARS:SPL3SMP_E.006:Soil_Moisture_Retrieval_Data_PM_soil_moisture_pm
2018-08-27,sorriso_mt,"Sorriso, MT",-12.5425,-55.7211,0.182604,AppEEARS:SPL3SMP_E.006:Soil_Moisture_Retrieval_Data_PM_soil_moisture_pm
2018-08-30,sorriso_mt,"Sorriso, MT",-12.5425,-55.7211,0.176434,AppEEARS:SPL3SMP_E.006:Soil_Moisture_Retrieval_Data_PM_soil_moisture_pm
2018-09-02,sorriso_mt,"Sorriso, MT",-12.5425,-55.7211,0.165605,AppEEARS:SPL3SMP_E.006:Soil_Moisture_Retrieval_Data_PM_soil_moisture_pm
2018-09-04,sorriso_mt,"Sorriso, MT",-12.5425,-55.7211,0.172667,AppEEARS:SPL3SMP_E.006:Soil_Moisture_Retrieval_Data_PM_soil_moisture_pm
2018-09-07,sorriso_mt,"Sorriso, MT",-12.5425,-55.7211,0.164798,AppEEARS:SPL3SMP_E.006:Soil_Moisture_Retrieval_Data_PM_soil_moisture_pm
2018-09-10,sorriso_mt,"Sorriso, MT",-12.5425,-55.7211,0.155744,AppEEARS:SPL3SMP_E.006:Soil_Moisture_Retrieval_Data_PM_soil_moisture_pm
2018-09-12,sorriso_mt,"Sorriso, MT",-12.5425,-55.7211,0.160394,AppEEARS:SPL3SMP_E.006:Soil_Moisture_Retrieval_Data_PM_soil_moisture_pm
2018-09-15,sorriso_mt,"Sorriso, MT",-12.5425,-55.7211,0.176412,AppEEARS:SPL3SMP_E.006:Soil_Moisture_Retrieval_Data_PM_soil_moisture_pm
2018-09-18,sorriso_mt,"Sorriso, MT",-12.5425,-55.7211,0.180395,AppEEARS:SPL3SMP_E.006:Soil_Moisture_Retrieval_Data_PM_soil_moisture_pm
2018-09-20,sorriso_mt,"Sorriso, MT",-12.5425,-55.7211,0.251577,AppEEARS:SPL3SMP_E.006:Soil_Moisture_Retrieval_Data_PM_soil_moisture_pm
2018-09-23,sorriso_mt,"Sorriso, MT",-12.5425,-55.7211,0.251165,AppEEARS:SPL3SMP_E.006:Soil_Moisture_Retrieval_Data_PM_soil_moisture_pm
2018-09-26,sorriso_mt,"Sorriso, MT",-12.5425,-55.7211,0.246899,AppEEARS:SPL3SMP_E.006:Soil_Moisture_Retrieval_Data_PM_soil_moisture_pm
2018-09-28,sorriso_mt,"Sorriso, MT",-12.5425,-55.7211,0.24763,AppEEARS:SPL3SMP_E.006:Soil_Moisture_Retrieval_Data_PM_soil_moisture_pm
2018-10-01,sorriso_mt,"Sorriso, MT",-12.5425,-55.7211,0.222738,AppEEARS:SPL3SMP_E.006:Soil_Moisture_Retrieval_Data_PM_soil_moisture_pm
2018-10-06,sorriso_mt,"Sorriso, MT",-12.5425,-55.7211,0.256748,AppEEARS:SPL3SMP_E.006:Soil_Moisture_Retrieval_Data_PM_soil_moisture_pm
2018-10-09,sorriso_mt,"Sorriso, MT",-12.5425,-55.7211,0.303863,AppEEARS:SPL3SMP_E.006:Soil_Moisture_Retrieval_Data_PM_soil_moisture_pm
2018-10-12,sorriso_mt,"Sorriso, MT",-12.5425,-55.7211,0.245543,AppEEARS:SPL3SMP_E.006:Soil_Moisture_Retrieval_Data_PM_soil_moisture_pm
2018-10-14,sorriso_mt,"Sorriso, MT",-12.5425,-55.7211,0.21856,AppEEARS:SPL3SMP_E.006:Soil_Moisture_Retrieval_Data_PM_soil_moisture_pm
2018-10-17,sorriso_mt,"Sorriso, MT",-12.5425,-55.7211,0.259855,AppEEARS:SPL3SMP_E.006:Soil_Moisture_Retrieval_Data_PM_soil_moisture_pm
2018-10-20,sorriso_mt,"Sorriso, MT",-12.5425,-55.7211,0.230499,AppEEARS:SPL3SMP_E.006:Soil_Moisture_Retrieval_Data_PM_soil_moisture_pm
2018-10-22,sorriso_mt,"Sorriso, MT",-12.5425,-55.7211,0.277623,AppEEARS:SPL3SMP_E.006:Soil_Moisture_Retrieval_Data_PM_soil_moisture_pm
2018-10-25,sorriso_mt,"Sorriso, MT",-12.5425,-55.7211,0.246046,AppEEARS:SPL3SMP_E.006:Soil_Moisture_Retrieval_Data_PM_soil_moisture_pm
2018-10-28,sorriso_mt,"Sorriso, MT",-12.5425,-55.7211,0.268265,AppEEARS:SPL3SMP_E.006:Soil_Moisture_Retrieval_Data_PM_soil_moisture_pm
2018-10-30,sorriso_mt,"Sorriso, MT",-12.5425,-55.7211,0.254363,AppEEARS:SPL3SMP_E.006:Soil_Moisture_Retrieval_Data_PM_soil_moisture_pm
2018-11-02,sorriso_mt,"Sorriso, MT",-12.5425,-55.7211,0.298216,AppEEARS:SPL3SMP_E.006:Soil_Moisture_Retrieval_Data_PM_soil_moisture_pm
2018-11-05,sorriso_mt,"Sorriso, MT",-12.5425,-55.7211,0.252857,AppEEARS:SPL3SMP_E.006:Soil_Moisture_Retrieval_Data_PM_soil_moisture_pm
2018-11-07,sorriso_mt,"Sorriso, MT",-12.5425,-55.7211,0.255892,AppEEARS:SPL3SMP_E.006:Soil_Moisture_Retrieval_Data_PM_soil_moisture_pm
2018-11-10,sorriso_mt,"Sorriso, MT",-12.5425,-55.7211,0.253514,AppEEARS:SPL3SMP_E.006:Soil_Moisture_Retrieval_Data_PM_soil_moisture_pm
2018-11-13,sorriso_mt,"Sorriso, MT",-12.5425,-55.7211,0.216946,AppEEARS:SPL3SMP_E.006:Soil_Moisture_Retrieval_Data_PM_soil_moisture_pm
2018-11-15,sorriso_mt,"Sorriso, MT",-12.5425,-55.7211,0.244045,AppEEARS:SPL3SMP_E.006:Soil_Moisture_Retrieval_Data_PM_soil_moisture_pm
2018-11-18,sorriso_mt,"Sorriso, MT",-12.5425,-55.7211,0.232459,AppEEARS:SPL3SMP_E.006:Soil_Moisture_Retrieval_Data_PM_soil_moisture_pm
2018-11-21,sorriso_mt,"Sorriso, MT",-12.5425,-55.7211,0.246435,AppEEARS:SPL3SMP_E.006:Soil_Moisture_Retrieval_Data_PM_soil_moisture_pm
2018-11-23,sorriso_mt,"Sorriso, MT",-12.5425,-55.7211,0.302699,AppEEARS:SPL3SMP_E.006:Soil_Moisture_Retrieval_Data_PM_soil_moisture_pm
2018-11-26,sorriso_mt,"Sorriso, MT",-12.5425,-55.7211,0.245331,AppEEARS:SPL3SMP_E.006:Soil_Moisture_Retrieval_Data_PM_soil_moisture_pm
2018-11-29,sorriso_mt,"Sorriso, MT",-12.5425,-55.7211,0.264223,AppEEARS:SPL3SMP_E.006:Soil_Moisture_Retrieval_Data_PM_soil_moisture_pm
2018-12-01,sorriso_mt,"Sorriso, MT",-12.5425,-55.7211,0.294847,AppEEARS:SPL3SMP_E.006:Soil_Moisture_Retrieval_Data_PM_soil_moisture_pm
2018-12-04,sorriso_mt,"Sorriso, MT",-12.5425,-55.7211,0.238355,AppEEARS:SPL3SMP_E.006:Soil_Moisture_Retrieval_Data_PM_soil_moisture_pm
2018-12-07,sorriso_mt,"Sorriso, MT",-12.5425,-55.7211,0.288594,AppEEARS:SPL3SMP_E.006:Soil_Moisture_Retrieval_Data_PM_soil_moisture_pm
2018-12-09,sorriso_mt,"Sorriso, MT",-12.5425,-55.7211,0.306053,AppEEARS:SPL3SMP_E.006:Soil_Moisture_Retrieval_Data_PM_soil_moisture_pm
2018-12-12,sorriso_mt,"Sorriso, MT",-12.5425,-55.7211,0.217938,AppEEARS:SPL3SMP_E.006:Soil_Moisture_Retrieval_Data_PM_soil_moisture_pm
2018-12-15,sorriso_mt,"Sorriso, MT",-12.5425,-55.7211,0.230803,AppEEARS:SPL3SMP_E.006:Soil_Moisture_Retrieval_Data_PM_soil_moisture_pm
2018-12-17,sorriso_mt,"Sorriso, MT",-12.5425,-55.7211,0.304569,AppEEARS:SPL3SMP_E.006:Soil_Moisture_Retrieval_Data_PM_soil_moisture_pm
2018-12-20,sorriso_mt,"Sorriso, MT",-12.5425,-55.7211,0.212615,AppEEARS:SPL3SMP_E.006:Soil_Moisture_Retrieval_Data_PM_soil_moisture_pm
2018-12-23,sorriso_mt,"Sorriso, MT",-12.5425,-55.7211,0.242485,AppEEARS:SPL3SMP_E.006:Soil_Moisture_Retrieval_Data_PM_soil_moisture_pm
2018-12-25,sorriso_mt,"Sorriso, MT",-12.5425,-55.7211,0.254604,AppEEARS:SPL3SMP_E.006:Soil_Moisture_Retrieval_Data_PM_soil_moisture_pm
2018-12-28,sorriso_mt,"Sorriso, MT",-12.5425,-55.7211,0.260814,AppEEARS:SPL3SMP_E.006:Soil_Moisture_Retrieval_Data_PM_soil_moisture_pm
2018-12-31,sorriso_mt,"Sorriso, MT",-12.5425,-55.7211,0.303602,AppEEARS:SPL3SMP_E.006:Soil_Moisture_Retrieval_Data_PM_soil_moisture_pm
2019-01-02,sorriso_mt,"Sorriso, MT",-12.5425,-55.7211,0.313985,AppEEARS:SPL3SMP_E.006:Soil_Moisture_Retrieval_Data_PM_soil_moisture_pm
2019-01-05,sorriso_mt,"Sorriso, MT",-12.5425,-55.7211,0.323214,AppEEARS:SPL3SMP_E.006:Soil_Moisture_Retrieval_Data_PM_soil_moisture_pm
2019-01-08,sorriso_mt,"Sorriso, MT",-12.5425,-55.7211,0.282133,AppEEARS:SPL3SMP_E.006:Soil_Moisture_Retrieval_Data_PM_soil_moisture_pm
2019-01-10,sorriso_mt,"Sorriso, MT",-12.5425,-55.7211,0.29438,AppEEARS:SPL3SMP_E.006:Soil_Moisture_Retrieval_Data_PM_soil_moisture_pm
2019-01-13,sorriso_mt,"Sorriso, MT",-12.5425,-55.7211,0.262543,AppEEARS:SPL3SMP_E.006:Soil_Moisture_Retrieval_Data_PM_soil_moisture_pm
2019-01-16,sorriso_mt,"Sorriso, MT",-12.5425,-55.7211,0.264228,AppEEARS:SPL3SMP_E.006:Soil_Moisture_Retrieval_Data_PM_soil_moisture_pm
2019-01-18,sorriso_mt,"Sorriso, MT",-12.5425,-55.7211,0.266422,AppEEARS:SPL3SMP_E.006:Soil_Moisture_Retrieval_Data_PM_soil_moisture_pm
2019-01-21,sorriso_mt,"Sorriso, MT",-12.5425,-55.7211,0.231015,AppEEARS:SPL3SMP_E.006:Soil_Moisture_Retrieval_Data_PM_soil_moisture_pm
2019-01-24,sorriso_mt,"Sorriso, MT",-12.5425,-55.7211,0.265681,AppEEARS:SPL3SMP_E.006:Soil_Moisture_Retrieval_Data_PM_soil_moisture_pm
2019-01-26,sorriso_mt,"Sorriso, MT",-12.5425,-55.7211,0.32024,AppEEARS:SPL3SMP_E.006:Soil_Moisture_Retrieval_Data_PM_soil_moisture_pm
2019-01-29,sorriso_mt,"Sorriso, MT",-12.5425,-55.7211,0.33395,AppEEARS:SPL3SMP_E.006:Soil_Moisture_Retrieval_Data_PM_soil_moisture_pm
2019-02-01,sorriso_mt,"Sorriso, MT",-12.5425,-55.7211,0.28081,AppEEARS:SPL3SMP_E.006:Soil_Moisture_Retrieval_Data_PM_soil_moisture_pm
2019-02-03,sorriso_mt,"Sorriso, MT",-12.5425,-55.7211,0.252641,AppEEARS:SPL3SMP_E.006:Soil_Moisture_Retrieval_Data_PM_soil_moisture_pm
2019-02-06,sorriso_mt,"Sorriso, MT",-12.5425,-55.7211,0.281897,AppEEARS:SPL3SMP_E.006:Soil_Moisture_Retrieval_Data_PM_soil_moisture_pm
2019-02-09,sorriso_mt,"Sorriso, MT",-12.5425,-55.7211,0.309564,AppEEARS:SPL3SMP_E.006:Soil_Moisture_Retrieval_Data_PM_soil_moisture_pm
2019-02-11,sorriso_mt,"Sorriso, MT",-12.5425,-55.7211,0.284901,AppEEARS:SPL3SMP_E.006:Soil_Moisture_Retrieval_Data_PM_soil_moisture_pm
2019-02-14,sorriso_mt,"Sorriso, MT",-12.5425,-55.7211,0.287332,AppEEARS:SPL3SMP_E.006:Soil_Moisture_Retrieval_Data_PM_soil_moisture_pm
2019-02-17,sorriso_mt,"Sorriso, MT",-12.5425,-55.7211,0.316983,AppEEARS:SPL3SMP_E.006:Soil_Moisture_Retrieval_Data_PM_soil_moisture_pm
2019-02-19,sorriso_mt,"Sorriso, MT",-12.5425,-55.7211,0.356939,AppEEARS:SPL3SMP_E.006:Soil_Moisture_Retrieval_Data_PM_soil_moisture_pm
2019-02-22,sorriso_mt,"Sorriso, MT",-12.5425,-55.7211,0.250552,AppEEARS:SPL3SMP_E.006:Soil_Moisture_Retrieval_Data_PM_soil_moisture_pm
2019-02-25,sorriso_mt,"Sorriso, MT",-12.5425,-55.7211,0.275624,AppEEARS:SPL3SMP_E.006:Soil_Moisture_Retrieval_Data_PM_soil_moisture_pm
2019-02-27,sorriso_mt,"Sorriso, MT",-12.5425,-55.7211,0.274097,AppEEARS:SPL3SMP_E.006:Soil_Moisture_Retrieval_Data_PM_soil_moisture_pm
2019-03-02,sorriso_mt,"Sorriso, MT",-12.5425,-55.7211,0.282736,AppEEARS:SPL3SMP_E.006:Soil_Moisture_Retrieval_Data_PM_soil_moisture_pm
2019-03-05,sorriso_mt,"Sorriso, MT",-12.5425,-55.7211,0.315055,AppEEARS:SPL3SMP_E.006:Soil_Moisture_Retrieval_Data_PM_soil_moisture_pm
2019-03-07,sorriso_mt,"Sorriso, MT",-12.5425,-55.7211,0.279874,AppEEARS:SPL3SMP_E.006:Soil_Moisture_Retrieval_Data_PM_soil_moisture_pm
2019-03-10,sorriso_mt,"Sorriso, MT",-12.5425,-55.7211,0.266102,AppEEARS:SPL3SMP_E.006:Soil_Moisture_Retrieval_Data_PM_soil_moisture_pm
2019-03-13,sorriso_mt,"Sorriso, MT",-12.5425,-55.7211,0.237298,AppEEARS:SPL3SMP_E.006:Soil_Moisture_Retrieval_Data_PM_soil_moisture_pm
2019-03-15,sorriso_mt,"Sorriso, MT",-12.5425,-55.7211,0.23693,AppEEARS:SPL3SMP_E.006:Soil_Moisture_Retrieval_Data_PM_soil_moisture_pm
2019-03-18,sorriso_mt,"Sorriso, MT",-12.5425,-55.7211,0.219679,AppEEARS:SPL3SMP_E.006:Soil_Moisture_Retrieval_Data_PM_soil_moisture_pm
2019-03-21,sorriso_mt,"Sorriso, MT",-12.5425,-55.7211,0.242413,AppEEARS:SPL3SMP_E.006:Soil_Moisture_Retrieval_Data_PM_soil_moisture_pm
2019-03-23,sorriso_mt,"Sorriso, MT",-12.5425,-55.7211,0.209494,AppEEARS:SPL3SMP_E.006:Soil_Moisture_Retrieval_Data_PM_soil_moisture_pm
2019-03-26,sorriso_mt,"Sorriso, MT",-12.5425,-55.7211,0.280906,AppEEARS:SPL3SMP_E.006:Soil_Moisture_Retrieval_Data_PM_soil_moisture_pm
2019-03-29,sorriso_mt,"Sorriso, MT",-12.5425,-55.7211,0.266773,AppEEARS:SPL3SMP_E.006:Soil_Moisture_Retrieval_Data_PM_soil_moisture_pm
2019-03-31,sorriso_mt,"Sorriso, MT",-12.5425,-55.7211,0.226544,AppEEARS:SPL3SMP_E.006:Soil_Moisture_Retrieval_Data_PM_soil_moisture_pm
2019-04-03,sorriso_mt,"Sorriso, MT",-12.5425,-55.7211,0.239507,AppEEARS:SPL3SMP_E.006:Soil_Moisture_Retrieval_Data_PM_soil_moisture_pm
2019-04-06,sorriso_mt,"Sorriso, MT",-12.5425,-55.7211,0.245506,AppEEARS:SPL3SMP_E.006:Soil_Moisture_Retrieval_Data_PM_soil_moisture_pm
2019-04-08,sorriso_mt,"Sorriso, MT",-12.5425,-55.7211,0.234098,AppEEARS:SPL3SMP_E.006:Soil_Moisture_Retrieval_Data_PM_soil_moisture_pm
2019-04-11,sorriso_mt,"Sorriso, MT",-12.5425,-55.7211,0.278689,AppEEARS:SPL3SMP_E.006:Soil_Moisture_Retrieval_Data_PM_soil_moisture_pm
2019-04-14,sorriso_mt,"Sorriso, MT",-12.5425,-55.7211,0.26169,AppEEARS:SPL3SMP_E.006:Soil_Moisture_Retrieval_Data_PM_soil_moisture_pm
2019-04-16,sorriso_mt,"Sorriso, MT",-12.5425,-55.7211,0.236008,AppEEARS:SPL3SMP_E.006:Soil_Moisture_Retrieval_Data_PM_soil_moisture_pm
2019-04-19,sorriso_mt,"Sorriso, MT",-12.5425,-55.7211,0.224763,AppEEARS:SPL3SMP_E.006:Soil_Moisture_Retrieval_Data_PM_soil_moisture_pm
2019-04-22,sorriso_mt,"Sorriso, MT",-12.5425,-55.7211,0.232304,AppEEARS:SPL3SMP_E.006:Soil_Moisture_Retrieval_Data_PM_soil_moisture_pm
2019-04-24,sorriso_mt,"Sorriso, MT",-12.5425,-55.7211,0.215842,AppEEARS:SPL3SMP_E.006:Soil_Moisture_Retrieval_Data_PM_soil_moisture_pm
2019-04-27,sorriso_mt,"Sorriso, MT",-12.5425,-55.7211,0.18734,AppEEARS:SPL3SMP_E.006:Soil_Moisture_Retrieval_Data_PM_soil_moisture_pm
2019-04-30,sorriso_mt,"Sorriso, MT",-12.5425,-55.7211,0.205187,AppEEARS:SPL3SMP_E.006:Soil_Moisture_Retrieval_Data_PM_soil_moisture_pm
2019-05-02,sorriso_mt,"Sorriso, MT",-12.5425,-55.7211,0.214488,AppEEARS:SPL3SMP_E.006:Soil_Moisture_Retrieval_Data_PM_soil_moisture_pm
2019-05-05,sorriso_mt,"Sorriso, MT",-12.5425,-55.7211,0.217528,AppEEARS:SPL3SMP_E.006:Soil_Moisture_Retrieval_Data_PM_soil_moisture_pm
2019-05-08,sorriso_mt,"Sorriso, MT",-12.5425,-55.7211,0.219897,AppEEARS:SPL3SMP_E.006:Soil_Moisture_Retrieval_Data_PM_soil_moisture_pm
2019-05-10,sorriso_mt,"Sorriso, MT",-12.5425,-55.7211,0.211979,AppEEARS:SPL3SMP_E.006:Soil_Moisture_Retrieval_Data_PM_soil_moisture_pm
2019-05-13,sorriso_mt,"Sorriso, MT",-12.5425,-55.7211,0.20353,AppEEARS:SPL3SMP_E.006:Soil_Moisture_Retrieval_Data_PM_soil_moisture_pm
2019-05-16,sorriso_mt,"Sorriso, MT",-12.5425,-55.7211,0.180349,AppEEARS:SPL3SMP_E.006:Soil_Moisture_Retrieval_Data_PM_soil_moisture_pm
2019-05-18,sorriso_mt,"Sorriso, MT",-12.5425,-55.7211,0.188899,AppEEARS:SPL3SMP_E.006:Soil_Moisture_Retrieval_Data_PM_soil_moisture_pm
2019-05-21,sorriso_mt,"Sorriso, MT",-12.5425,-55.7211,0.185728,AppEEARS:SPL3SMP_E.006:Soil_Moisture_Retrieval_Data_PM_soil_moisture_pm
2019-05-24,sorriso_mt,"Sorriso, MT",-12.5425,-55.7211,0.195935,AppEEARS:SPL3SMP_E.006:Soil_Moisture_Retrieval_Data_PM_soil_moisture_pm
2019-05-26,sorriso_mt,"Sorriso, MT",-12.5425,-55.7211,0.189779,AppEEARS:SPL3SMP_E.006:Soil_Moisture_Retrieval_Data_PM_soil_moisture_pm
2019-05-29,sorriso_mt,"Sorriso, MT",-12.5425,-55.7211,0.195134,AppEEARS:SPL3SMP_E.006:Soil_Moisture_Retrieval_Data_PM_soil_moisture_pm
2019-06-01,sorriso_mt,"Sorriso, MT",-12.5425,-55.7211,0.176159,AppEEARS:SPL3SMP_E.006:Soil_Moisture_Retrieval_Data_PM_soil_moisture_pm
2019-06-03,sorriso_mt,"Sorriso, MT",-12.5425,-55.7211,0.168133,AppEEARS:SPL3SMP_E.006:Soil_Moisture_Retrieval_Data_PM_soil_moisture_pm
2019-06-06,sorriso_mt,"Sorriso, MT",-12.5425,-55.7211,0.184546,AppEEARS:SPL3SMP_E.006:Soil_Moisture_Retrieval_Data_PM_soil_moisture_pm
2019-06-09,sorriso_mt,"Sorriso, MT",-12.5425,-55.7211,0.182156,AppEEARS:SPL3SMP_E.006:Soil_Moisture_Retrieval_Data_PM_soil_moisture_pm
2019-06-14,sorriso_mt,"Sorriso, MT",-12.5425,-55.7211,0.201021,AppEEARS:SPL3SMP_E.006:Soil_Moisture_Retrieval_Data_PM_soil_moisture_pm
2019-06-17,sorriso_mt,"Sorriso, MT",-12.5425,-55.7211,0.18962,AppEEARS:SPL3SMP_E.006:Soil_Moisture_Retrieval_Data_PM_soil_moisture_pm
2019-07-24,sorriso_mt,"Sorriso, MT",-12.5425,-55.7211,0.160316,AppEEARS:SPL3SMP_E.006:Soil_Moisture_Retrieval_Data_PM_soil_moisture_pm
2019-07-27,sorriso_mt,"Sorriso, MT",-12.5425,-55.7211,0.137532,AppEEARS:SPL3SMP_E.006:Soil_Moisture_Retrieval_Data_PM_soil_moisture_pm
2019-07-29,sorriso_mt,"Sorriso, MT",-12.5425,-55.7211,0.147048,AppEEARS:SPL3SMP_E.006:Soil_Moisture_Retrieval_Data_PM_soil_moisture_pm
2019-08-01,sorriso_mt,"Sorriso, MT",-12.5425,-55.7211,0.145965,AppEEARS:SPL3SMP_E.006:Soil_Moisture_Retrieval_Data_PM_soil_moisture_pm
2019-08-04,sorriso_mt,"Sorriso, MT",-12.5425,-55.7211,0.13485,AppEEARS:SPL3SMP_E.006:Soil_Moisture_Retrieval_Data_PM_soil_moisture_pm
2019-08-06,sorriso_mt,"Sorriso, MT",-12.5425,-55.7211,0.134678,AppEEARS:SPL3SMP_E.006:Soil_Moisture_Retrieval_Data_PM_soil_moisture_pm
2019-08-09,sorriso_mt,"Sorriso, MT",-12.5425,-55.7211,0.148523,AppEEARS:SPL3SMP_E.006:Soil_Moisture_Retrieval_Data_PM_soil_moisture_pm
2019-08-12,sorriso_mt,"Sorriso, MT",-12.5425,-55.7211,0.150049,AppEEARS:SPL3SMP_E.006:Soil_Moisture_Retrieval_Data_PM_soil_moisture_pm
2019-08-14,sorriso_mt,"Sorriso, MT",-12.5425,-55.7211,0.139455,AppEEARS:SPL3SMP_E.006:Soil_Moisture_Retrieval_Data_PM_soil_moisture_pm
2019-08-17,sorriso_mt,"Sorriso, MT",-12.5425,-55.7211,0.147843,AppEEARS:SPL3SMP_E.006:Soil_Moisture_Retrieval_Data_PM_soil_moisture_pm
2019-08-20,sorriso_mt,"Sorriso, MT",-12.5425,-55.7211,0.136222,AppEEARS:SPL3SMP_E.006:Soil_Moisture_Retrieval_Data_PM_soil_moisture_pm
2019-08-22,sorriso_mt,"Sorriso, MT",-12.5425,-55.7211,0.141513,AppEEARS:SPL3SMP_E.006:Soil_Moisture_Retrieval_Data_PM_soil_moisture_pm
2019-08-25,sorriso_mt,"Sorriso, MT",-12.5425,-55.7211,0.154373,AppEEARS:SPL3SMP_E.006:Soil_Moisture_Retrieval_Data_PM_soil_moisture_pm
2019-08-28,sorriso_mt,"Sorriso, MT",-12.5425,-55.7211,0.152466,AppEEARS:SPL3SMP_E.006:Soil_Moisture_Retrieval_Data_PM_soil_moisture_pm
2019-08-30,sorriso_mt,"Sorriso, MT",-12.5425,-55.7211,0.15502,AppEEARS:SPL3SMP_E.006:Soil_Moisture_Retrieval_Data_PM_soil_moisture_pm
2019-09-02,sorriso_mt,"Sorriso, MT",-12.5425,-55.7211,0.159263,AppEEARS:SPL3SMP_E.006:Soil_Moisture_Retrieval_Data_PM_soil_moisture_pm
2019-09-05,sorriso_mt,"Sorriso, MT",-12.5425,-55.7211,0.147858,AppEEARS:SPL3SMP_E.006:Soil_Moisture_Retrieval_Data_PM_soil_moisture_pm
2019-09-07,sorriso_mt,"Sorriso, MT",-12.5425,-55.7211,0.150309,AppEEARS:SPL3SMP_E.006:Soil_Moisture_Retrieval_Data_PM_soil_moisture_pm
2019-09-10,sorriso_mt,"Sorriso, MT",-12.5425,-55.7211,0.148793,AppEEARS:SPL3SMP_E.006:Soil_Moisture_Retrieval_Data_PM_soil_moisture_pm
2019-09-13,sorriso_mt,"Sorriso, MT",-12.5425,-55.7211,0.154749,AppEEARS:SPL3SMP_E.006:Soil_Moisture_Retrieval_Data_PM_soil_moisture_pm
2019-09-15,sorriso_mt,"Sorriso, MT",-12.5425,-55.7211,0.145362,AppEEARS:SPL3SMP_E.006:Soil_Moisture_Retrieval_Data_PM_soil_moisture_pm
2019-09-18,sorriso_mt,"Sorriso, MT",-12.5425,-55.7211,0.157039,AppEEARS:SPL3SMP_E.006:Soil_Moisture_Retrieval_Data_PM_soil_moisture_pm
2019-09-21,sorriso_mt,"Sorriso, MT",-12.5425,-55.7211,0.182832,AppEEARS:SPL3SMP_E.006:Soil_Moisture_Retrieval_Data_PM_soil_moisture_pm
2019-09-23,sorriso_mt,"Sorriso, MT",-12.5425,-55.7211,0.21367,AppEEARS:SPL3SMP_E.006:Soil_Moisture_Retrieval_Data_PM_soil_moisture_pm
2019-09-26,sorriso_mt,"Sorriso, MT",-12.5425,-55.7211,0.242356,AppEEARS:SPL3SMP_E.006:Soil_Moisture_Retrieval_Data_PM_soil_moisture_pm
2019-09-29,sorriso_mt,"Sorriso, MT",-12.5425,-55.7211,0.208988,AppEEARS:SPL3SMP_E.006:Soil_Moisture_Retrieval_Data_PM_soil_moisture_pm
2019-10-01,sorriso_mt,"Sorriso, MT",-12.5425,-55.7211,0.193953,AppEEARS:SPL3SMP_E.006:Soil_Moisture_Retrieval_Data_PM_soil_moisture_pm
2019-10-04,sorriso_mt,"Sorriso, MT",-12.5425,-55.7211,0.283706,AppEEARS:SPL3SMP_E.006:Soil_Moisture_Retrieval_Data_PM_soil_moisture_pm
2019-10-07,sorriso_mt,"Sorriso, MT",-12.5425,-55.7211,0.25923,AppEEARS:SPL3SMP_E.006:Soil_Moisture_Retrieval_Data_PM_soil_moisture_pm
2019-10-09,sorriso_mt,"Sorriso, MT",-12.5425,-55.7211,0.255012,AppEEARS:SPL3SMP_E.006:Soil_Moisture_Retrieval_Data_PM_soil_moisture_pm
2019-10-12,sorriso_mt,"Sorriso, MT",-12.5425,-55.7211,0.284096,AppEEARS:SPL3SMP_E.006:Soil_Moisture_Retrieval_Data_PM_soil_moisture_pm
2019-10-15,sorriso_mt,"Sorriso, MT",-12.5425,-55.7211,0.284238,AppEEARS:SPL3SMP_E.006:Soil_Moisture_Retrieval_Data_PM_soil_moisture_pm
2019-10-17,sorriso_mt,"Sorriso, MT",-12.5425,-55.7211,0.2374,AppEEARS:SPL3SMP_E.006:Soil_Moisture_Retrieval_Data_PM_soil_moisture_pm
2019-10-20,sorriso_mt,"Sorriso, MT",-12.5425,-55.7211,0.238746,AppEEARS:SPL3SMP_E.006:Soil_Moisture_Retrieval_Data_PM_soil_moisture_pm
2019-10-23,sorriso_mt,"Sorriso, MT",-12.5425,-55.7211,0.218126,AppEEARS:SPL3SMP_E.006:Soil_Moisture_Retrieval_Data_PM_soil_moisture_pm
2019-10-25,sorriso_mt,"Sorriso, MT",-12.5425,-55.7211,0.384114,AppEEARS:SPL3SMP_E.006:Soil_Moisture_Retrieval_Data_PM_soil_moisture_pm
2019-10-28,sorriso_mt,"Sorriso, MT",-12.5425,-55.7211,0.229577,AppEEARS:SPL3SMP_E.006:Soil_Moisture_Retrieval_Data_PM_soil_moisture_pm
2019-10-31,sorriso_mt,"Sorriso, MT",-12.5425,-55.7211,0.239058,AppEEARS:SPL3SMP_E.006:Soil_Moisture_Retrieval_Data_PM_soil_moisture_pm
2019-11-02,sorriso_mt,"Sorriso, MT",-12.5425,-55.7211,0.291523,AppEEARS:SPL3SMP_E.006:Soil_Moisture_Retrieval_Data_PM_soil_moisture_pm
2019-11-05,sorriso_mt,"Sorriso, MT",-12.5425,-55.7211,0.237582,AppEEARS:SPL3SMP_E.006:Soil_Moisture_Retrieval_Data_PM_soil_moisture_pm
2019-11-08,sorriso_mt,"Sorriso, MT",-12.5425,-55.7211,0.215335,AppEEARS:SPL3SMP_E.006:Soil_Moisture_Retrieval_Data_PM_soil_moisture_pm
2019-11-10,sorriso_mt,"Sorriso, MT",-12.5425,-55.7211,0.252697,AppEEARS:SPL3SMP_E.006:Soil_Moisture_Retrieval_Data_PM_soil_moisture_pm
2019-11-16,sorriso_mt,"Sorriso, MT",-12.5425,-55.7211,0.213985,AppEEARS:SPL3SMP_E.006:Soil_Moisture_Retrieval_Data_PM_soil_moisture_pm
2019-11-18,sorriso_mt,"Sorriso, MT",-12.5425,-55.7211,0.304754,AppEEARS:SPL3SMP_E.006:Soil_Moisture_Retrieval_Data_PM_soil_moisture_pm
2019-11-21,sorriso_mt,"Sorriso, MT",-12.5425,-55.7211,0.210986,AppEEARS:SPL3SMP_E.006:Soil_Moisture_Retrieval_Data_PM_soil_moisture_pm
2019-11-24,sorriso_mt,"Sorriso, MT",-12.5425,-55.7211,0.214054,AppEEARS:SPL3SMP_E.006:Soil_Moisture_Retrieval_Data_PM_soil_moisture_pm
2019-11-26,sorriso_mt,"Sorriso, MT",-12.5425,-55.7211,0.206806,AppEEARS:SPL3SMP_E.006:Soil_Moisture_Retrieval_Data_PM_soil_moisture_pm
2019-11-29,sorriso_mt,"Sorriso, MT",-12.5425,-55.7211,0.234175,AppEEARS:SPL3SMP_E.006:Soil_Moisture_Retrieval_Data_PM_soil_moisture_pm
2019-12-02,sorriso_mt,"Sorriso, MT",-12.5425,-55.7211,0.243264,AppEEARS:SPL3SMP_E.006:Soil_Moisture_Retrieval_Data_PM_soil_moisture_pm
2019-12-04,sorriso_mt,"Sorriso, MT",-12.5425,-55.7211,0.21862,AppEEARS:SPL3SMP_E.006:Soil_Moisture_Retrieval_Data_PM_soil_moisture_pm
2019-12-07,sorriso_mt,"Sorriso, MT",-12.5425,-55.7211,0.232058,AppEEARS:SPL3SMP_E.006:Soil_Moisture_Retrieval_Data_PM_soil_moisture_pm
2019-12-10,sorriso_mt,"Sorriso, MT",-12.5425,-55.7211,0.24345,AppEEARS:SPL3SMP_E.006:Soil_Moisture_Retrieval_Data_PM_soil_moisture_pm
2019-12-12,sorriso_mt,"Sorriso, MT",-12.5425,-55.7211,0.218544,AppEEARS:SPL3SMP_E.006:Soil_Moisture_Retrieval_Data_PM_soil_moisture_pm
2019-12-15,sorriso_mt,"Sorriso, MT",-12.5425,-55.7211,0.273268,AppEEARS:SPL3SMP_E.006:Soil_Moisture_Retrieval_Data_PM_soil_moisture_pm
2019-12-18,sorriso_mt,"Sorriso, MT",-12.5425,-55.7211,0.26402,AppEEARS:SPL3SMP_E.006:Soil_Moisture_Retrieval_Data_PM_soil_moisture_pm
2019-12-20,sorriso_mt,"Sorriso, MT",-12.5425,-55.7211,0.226913,AppEEARS:SPL3SMP_E.006:Soil_Moisture_Retrieval_Data_PM_soil_moisture_pm
2019-12-23,sorriso_mt,"Sorriso, MT",-12.5425,-55.7211,0.234464,AppEEARS:SPL3SMP_E.006:Soil_Moisture_Retrieval_Data_PM_soil_moisture_pm
2019-12-26,sorriso_mt,"Sorriso, MT",-12.5425,-55.7211,0.259347,AppEEARS:SPL3SMP_E.006:Soil_Moisture_Retrieval_Data_PM_soil_moisture_pm
2019-12-28,sorriso_mt,"Sorriso, MT",-12.5425,-55.7211,0.306219,AppEEARS:SPL3SMP_E.006:Soil_Moisture_Retrieval_Data_PM_soil_moisture_pm
2019-12-31,sorriso_mt,"Sorriso, MT",-12.5425,-55.7211,0.256487,AppEEARS:SPL3SMP_E.006:Soil_Moisture_Retrieval_Data_PM_soil_moisture_pm
2020-01-03,sorriso_mt,"Sorriso, MT",-12.5425,-55.7211,0.238075,AppEEARS:SPL3SMP_E.006:Soil_Moisture_Retrieval_Data_PM_soil_moisture_pm
2020-01-05,sorriso_mt,"Sorriso, MT",-12.5425,-55.7211,0.261879,AppEEARS:SPL3SMP_E.006:Soil_Moisture_Retrieval_Data_PM_soil_moisture_pm
2020-01-08,sorriso_mt,"Sorriso, MT",-12.5425,-55.7211,0.341775,AppEEARS:SPL3SMP_E.006:Soil_Moisture_Retrieval_Data_PM_soil_moisture_pm
2020-01-11,sorriso_mt,"Sorriso, MT",-12.5425,-55.7211,0.306873,AppEEARS:SPL3SMP_E.006:Soil_Moisture_Retrieval_Data_PM_soil_moisture_pm
2020-01-13,sorriso_mt,"Sorriso, MT",-12.5425,-55.7211,0.234865,AppEEARS:SPL3SMP_E.006:Soil_Moisture_Retrieval_Data_PM_soil_moisture_pm
2020-01-16,sorriso_mt,"Sorriso, MT",-12.5425,-55.7211,0.322666,AppEEARS:SPL3SMP_E.006:Soil_Moisture_Retrieval_Data_PM_soil_moisture_pm
2020-01-19,sorriso_mt,"Sorriso, MT",-12.5425,-55.7211,0.301947,AppEEARS:SPL3SMP_E.006:Soil_Moisture_Retrieval_Data_PM_soil_moisture_pm
2020-01-21,sorriso_mt,"Sorriso, MT",-12.5425,-55.7211,0.282783,AppEEARS:SPL3SMP_E.006:Soil_Moisture_Retrieval_Data_PM_soil_moisture_pm
2020-01-24,sorriso_mt,"Sorriso, MT",-12.5425,-55.7211,0.303478,AppEEARS:SPL3SMP_E.006:Soil_Moisture_Retrieval_Data_PM_soil_moisture_pm
2020-01-27,sorriso_mt,"Sorriso, MT",-12.5425,-55.7211,0.288767,AppEEARS:SPL3SMP_E.006:Soil_Moisture_Retrieval_Data_PM_soil_moisture_pm
2020-01-29,sorriso_mt,"Sorriso, MT",-12.5425,-55.7211,0.298644,AppEEARS:SPL3SMP_E.006:Soil_Moisture_Retrieval_Data_PM_soil_moisture_pm
2020-02-01,sorriso_mt,"Sorriso, MT",-12.5425,-55.7211,0.270655,AppEEARS:SPL3SMP_E.006:Soil_Moisture_Retrieval_Data_PM_soil_moisture_pm
2020-02-04,sorriso_mt,"Sorriso, MT",-12.5425,-55.7211,0.294,AppEEARS:SPL3SMP_E.006:Soil_Moisture_Retrieval_Data_PM_soil_moisture_pm
2020-02-06,sorriso_mt,"Sorriso, MT",-12.5425,-55.7211,0.270366,AppEEARS:SPL3SMP_E.006:Soil_Moisture_Retrieval_Data_PM_soil_moisture_pm
2020-02-09,sorriso_mt,"Sorriso, MT",-12.5425,-55.7211,0.318923,AppEEARS:SPL3SMP_E.006:Soil_Moisture_Retrieval_Data_PM_soil_moisture_pm
2020-02-12,sorriso_mt,"Sorriso, MT",-12.5425,-55.7211,0.305582,AppEEARS:SPL3SMP_E.006:Soil_Moisture_Retrieval_Data_PM_soil_moisture_pm
2020-02-14,sorriso_mt,"Sorriso, MT",-12.5425,-55.7211,0.257601,AppEEARS:SPL3SMP_E.006:Soil_Moisture_Retrieval_Data_PM_soil_moisture_pm
2020-02-17,sorriso_mt,"Sorriso, MT",-12.5425,-55.7211,0.250416,AppEEARS:SPL3SMP_E.006:Soil_Moisture_Retrieval_Data_PM_soil_moisture_pm
2020-02-20,sorriso_mt,"Sorriso, MT",-12.5425,-55.7211,0.246773,AppEEARS:SPL3SMP_E.006:Soil_Moisture_Retrieval_Data_PM_soil_moisture_pm
2020-02-22,sorriso_mt,"Sorriso, MT",-12.5425,-55.7211,0.292768,AppEEARS:SPL3SMP_E.006:Soil_Moisture_Retrieval_Data_PM_soil_moisture_pm
2020-02-25,sorriso_mt,"Sorriso, MT",-12.5425,-55.7211,0.289754,AppEEARS:SPL3SMP_E.006:Soil_Moisture_Retrieval_Data_PM_soil_moisture_pm
2020-02-28,sorriso_mt,"Sorriso, MT",-12.5425,-55.7211,0.265594,AppEEARS:SPL3SMP_E.006:Soil_Moisture_Retrieval_Data_PM_soil_moisture_pm
2020-03-01,sorriso_mt,"Sorriso, MT",-12.5425,-55.7211,0.279297,AppEEARS:SPL3SMP_E.006:Soil_Moisture_Retrieval_Data_PM_soil_moisture_pm
2020-03-04,sorriso_mt,"Sorriso, MT",-12.5425,-55.7211,0.245152,AppEEARS:SPL3SMP_E.006:Soil_Moisture_Retrieval_Data_PM_soil_moisture_pm
2020-03-07,sorriso_mt,"Sorriso, MT",-12.5425,-55.7211,0.234744,AppEEARS:SPL3SMP_E.006:Soil_Moisture_Retrieval_Data_PM_soil_moisture_pm
2020-03-09,sorriso_mt,"Sorriso, MT",-12.5425,-55.7211,0.229904,AppEEARS:SPL3SMP_E.006:Soil_Moisture_Retrieval_Data_PM_soil_moisture_pm
2020-03-12,sorriso_mt,"Sorriso, MT",-12.5425,-55.7211,0.266532,AppEEARS:SPL3SMP_E.006:Soil_Moisture_Retrieval_Data_PM_soil_moisture_pm
2020-03-15,sorriso_mt,"Sorriso, MT",-12.5425,-55.7211,0.241492,AppEEARS:SPL3SMP_E.006:Soil_Moisture_Retrieval_Data_PM_soil_moisture_pm
2020-03-17,sorriso_mt,"Sorriso, MT",-12.5425,-55.7211,0.220217,AppEEARS:SPL3SMP_E.006:Soil_Moisture_Retrieval_Data_PM_soil_moisture_pm
2020-03-20,sorriso_mt,"Sorriso, MT",-12.5425,-55.7211,0.304643,AppEEARS:SPL3SMP_E.006:Soil_Moisture_Retrieval_Data_PM_soil_moisture_pm
2020-03-23,sorriso_mt,"Sorriso, MT",-12.5425,-55.7211,0.218133,AppEEARS:SPL3SMP_E.006:Soil_Moisture_Retrieval_Data_PM_soil_moisture_pm
2020-03-25,sorriso_mt,"Sorriso, MT",-12.5425,-55.7211,0.203936,AppEEARS:SPL3SMP_E.006:Soil_Moisture_Retrieval_Data_PM_soil_moisture_pm
2020-03-28,sorriso_mt,"Sorriso, MT",-12.5425,-55.7211,0.205984,AppEEARS:SPL3SMP_E.006:Soil_Moisture_Retrieval_Data_PM_soil_moisture_pm
2020-03-31,sorriso_mt,"Sorriso, MT",-12.5425,-55.7211,0.177826,AppEEARS:SPL3SMP_E.006:Soil_Moisture_Retrieval_Data_PM_soil_moisture_pm
2020-04-02,sorriso_mt,"Sorriso, MT",-12.5425,-55.7211,0.145285,AppEEARS:SPL3SMP_E.006:Soil_Moisture_Retrieval_Data_PM_soil_moisture_pm
2020-04-05,sorriso_mt,"Sorriso, MT",-12.5425,-55.7211,0.193901,AppEEARS:SPL3SMP_E.006:Soil_Moisture_Retrieval_Data_PM_soil_moisture_pm
2020-04-08,sorriso_mt,"Sorriso, MT",-12.5425,-55.7211,0.212586,AppEEARS:SPL3SMP_E.006:Soil_Moisture_Retrieval_Data_PM_soil_moisture_pm
2020-04-10,sorriso_mt,"Sorriso, MT",-12.5425,-55.7211,0.22752,AppEEARS:SPL3SMP_E.006:Soil_Moisture_Retrieval_Data_PM_soil_moisture_pm
2020-04-13,sorriso_mt,"Sorriso, MT",-12.5425,-55.7211,0.194773,AppEEARS:SPL3SMP_E.006:Soil_Moisture_Retrieval_Data_PM_soil_moisture_pm
2020-04-16,sorriso_mt,"Sorriso, MT",-12.5425,-55.7211,0.256107,AppEEARS:SPL3SMP_E.006:Soil_Moisture_Retrieval_Data_PM_soil_moisture_pm
2020-04-18,sorriso_mt,"Sorriso, MT",-12.5425,-55.7211,0.200695,AppEEARS:SPL3SMP_E.006:Soil_Moisture_Retrieval_Data_PM_soil_moisture_pm
2020-04-21,sorriso_mt,"Sorriso, MT",-12.5425,-55.7211,0.211039,AppEEARS:SPL3SMP_E.006:Soil_Moisture_Retrieval_Data_PM_soil_moisture_pm
2020-04-24,sorriso_mt,"Sorriso, MT",-12.5425,-55.7211,0.216364,AppEEARS:SPL3SMP_E.006:Soil_Moisture_Retrieval_Data_PM_soil_moisture_pm
2020-04-26,sorriso_mt,"Sorriso, MT",-12.5425,-55.7211,0.196866,AppEEARS:SPL3SMP_E.006:Soil_Moisture_Retrieval_Data_PM_soil_moisture_pm
2020-04-29,sorriso_mt,"Sorriso, MT",-12.5425,-55.7211,0.167062,AppEEARS:SPL3SMP_E.006:Soil_Moisture_Retrieval_Data_PM_soil_moisture_pm
2020-05-02,sorriso_mt,"Sorriso, MT",-12.5425,-55.7211,0.18522,AppEEARS:SPL3SMP_E.006:Soil_Moisture_Retrieval_Data_PM_soil_moisture_pm
2020-05-04,sorriso_mt,"Sorriso, MT",-12.5425,-55.7211,0.176967,AppEEARS:SPL3SMP_E.006:Soil_Moisture_Retrieval_Data_PM_soil_moisture_pm
2020-05-07,sorriso_mt,"Sorriso, MT",-12.5425,-55.7211,0.241237,AppEEARS:SPL3SMP_E.006:Soil_Moisture_Retrieval_Data_PM_soil_moisture_pm
2020-05-10,sorriso_mt,"Sorriso, MT",-12.5425,-55.7211,0.189499,AppEEARS:SPL3SMP_E.006:Soil_Moisture_Retrieval_Data_PM_soil_moisture_pm
2020-05-12,sorriso_mt,"Sorriso, MT",-12.5425,-55.7211,0.180842,AppEEARS:SPL3SMP_E.006:Soil_Moisture_Retrieval_Data_PM_soil_moisture_pm
2020-05-15,sorriso_mt,"Sorriso, MT",-12.5425,-55.7211,0.200028,AppEEARS:SPL3SMP_E.006:Soil_Moisture_Retrieval_Data_PM_soil_moisture_pm
2020-05-20,sorriso_mt,"Sorriso, MT",-12.5425,-55.7211,0.161638,AppEEARS:SPL3SMP_E.006:Soil_Moisture_Retrieval_Data_PM_soil_moisture_pm
2020-05-23,sorriso_mt,"Sorriso, MT",-12.5425,-55.7211,0.172732,AppEEARS:SPL3SMP_E.006:Soil_Moisture_Retrieval_Data_PM_soil_moisture_pm
2020-05-26,sorriso_mt,"Sorriso, MT",-12.5425,-55.7211,0.185482,AppEEARS:SPL3SMP_E.006:Soil_Moisture_Retrieval_Data_PM_soil_moisture_pm
2020-05-28,sorriso_mt,"Sorriso, MT",-12.5425,-55.7211,0.168563,AppEEARS:SPL3SMP_E.006:Soil_Moisture_Retrieval_Data_PM_soil_moisture_pm
2020-05-31,sorriso_mt,"Sorriso, MT",-12.5425,-55.7211,0.185064,AppEEARS:SPL3SMP_E.006:Soil_Moisture_Retrieval_Data_PM_soil_moisture_pm
2020-06-03,sorriso_mt,"Sorriso, MT",-12.5425,-55.7211,0.163571,AppEEARS:SPL3SMP_E.006:Soil_Moisture_Retrieval_Data_PM_soil_moisture_pm
2020-06-05,sorriso_mt,"Sorriso, MT",-12.5425,-55.7211,0.171362,AppEEARS:SPL3SMP_E.006:Soil_Moisture_Retrieval_Data_PM_soil_moisture_pm
2020-06-08,sorriso_mt,"Sorriso, MT",-12.5425,-55.7211,0.16896,AppEEARS:SPL3SMP_E.006:Soil_Moisture_Retrieval_Data_PM_soil_moisture_pm
2020-06-11,sorriso_mt,"Sorriso, MT",-12.5425,-55.7211,0.172174,AppEEARS:SPL3SMP_E.006:Soil_Moisture_Retrieval_Data_PM_soil_moisture_pm
2020-06-13,sorriso_mt,"Sorriso, MT",-12.5425,-55.7211,0.158071,AppEEARS:SPL3SMP_E.006:Soil_Moisture_Retrieval_Data_PM_soil_moisture_pm
2020-06-16,sorriso_mt,"Sorriso, MT",-12.5425,-55.7211,0.164956,AppEEARS:SPL3SMP_E.006:Soil_Moisture_Retrieval_Data_PM_soil_moisture_pm
2020-06-19,sorriso_mt,"Sorriso, MT",-12.5425,-55.7211,0.14394,AppEEARS:SPL3SMP_E.006:Soil_Moisture_Retrieval_Data_PM_soil_moisture_pm
2020-06-21,sorriso_mt,"Sorriso, MT",-12.5425,-55.7211,0.156085,AppEEARS:SPL3SMP_E.006:Soil_Moisture_Retrieval_Data_PM_soil_moisture_pm
2020-06-24,sorriso_mt,"Sorriso, MT",-12.5425,-55.7211,0.148075,AppEEARS:SPL3SMP_E.006:Soil_Moisture_Retrieval_Data_PM_soil_moisture_pm
2020-06-27,sorriso_mt,"Sorriso, MT",-12.5425,-55.7211,0.154476,AppEEARS:SPL3SMP_E.006:Soil_Moisture_Retrieval_Data_PM_soil_moisture_pm
2020-06-29,sorriso_mt,"Sorriso, MT",-12.5425,-55.7211,0.152523,AppEEARS:SPL3SMP_E.006:Soil_Moisture_Retrieval_Data_PM_soil_moisture_pm
2020-07-02,sorriso_mt,"Sorriso, MT",-12.5425,-55.7211,0.166851,AppEEARS:SPL3SMP_E.006:Soil_Moisture_Retrieval_Data_PM_soil_moisture_pm
2020-07-05,sorriso_mt,"Sorriso, MT",-12.5425,-55.7211,0.157654,AppEEARS:SPL3SMP_E.006:Soil_Moisture_Retrieval_Data_PM_soil_moisture_pm
2020-07-07,sorriso_mt,"Sorriso, MT",-12.5425,-55.7211,0.141997,AppEEARS:SPL3SMP_E.006:Soil_Moisture_Retrieval_Data_PM_soil_moisture_pm
2020-07-10,sorriso_mt,"Sorriso, MT",-12.5425,-55.7211,0.146373,AppEEARS:SPL3SMP_E.006:Soil_Moisture_Retrieval_Data_PM_soil_moisture_pm
2020-07-13,sorriso_mt,"Sorriso, MT",-12.5425,-55.7211,0.143023,AppEEARS:SPL3SMP_E.006:Soil_Moisture_Retrieval_Data_PM_soil_moisture_pm
2020-07-15,sorriso_mt,"Sorriso, MT",-12.5425,-55.7211,0.143118,AppEEARS:SPL3SMP_E.006:Soil_Moisture_Retrieval_Data_PM_soil_moisture_pm
2020-07-18,sorriso_mt,"Sorriso, MT",-12.5425,-55.7211,0.139609,AppEEARS:SPL3SMP_E.006:Soil_Moisture_Retrieval_Data_PM_soil_moisture_pm
2020-07-21,sorriso_mt,"Sorriso, MT",-12.5425,-55.7211,0.140525,AppEEARS:SPL3SMP_E.006:Soil_Moisture_Retrieval_Data_PM_soil_moisture_pm
2020-07-23,sorriso_mt,"Sorriso, MT",-12.5425,-55.7211,0.135621,AppEEARS:SPL3SMP_E.006:Soil_Moisture_Retrieval_Data_PM_soil_moisture_pm
2020-07-26,sorriso_mt,"Sorriso, MT",-12.5425,-55.7211,0.13174,AppEEARS:SPL3SMP_E.006:Soil_Moisture_Retrieval_Data_PM_soil_moisture_pm
2020-07-29,sorriso_mt,"Sorriso, MT",-12.5425,-55.7211,0.136126,AppEEARS:SPL3SMP_E.006:Soil_Moisture_Retrieval_Data_PM_soil_moisture_pm
2020-07-31,sorriso_mt,"Sorriso, MT",-12.5425,-55.7211,0.133544,AppEEARS:SPL3SMP_E.006:Soil_Moisture_Retrieval_Data_PM_soil_moisture_pm
2020-08-03,sorriso_mt,"Sorriso, MT",-12.5425,-55.7211,0.124365,AppEEARS:SPL3SMP_E.006:Soil_Moisture_Retrieval_Data_PM_soil_moisture_pm
2020-08-06,sorriso_mt,"Sorriso, MT",-12.5425,-55.7211,0.127717,AppEEARS:SPL3SMP_E.006:Soil_Moisture_Retrieval_Data_PM_soil_moisture_pm
2020-08-08,sorriso_mt,"Sorriso, MT",-12.5425,-55.7211,0.11328,AppEEARS:SPL3SMP_E.006:Soil_Moisture_Retrieval_Data_PM_soil_moisture_pm
2020-08-11,sorriso_mt,"Sorriso, MT",-12.5425,-55.7211,0.134399,AppEEARS:SPL3SMP_E.006:Soil_Moisture_Retrieval_Data_PM_soil_moisture_pm
2020-08-14,sorriso_mt,"Sorriso, MT",-12.5425,-55.7211,0.122712,AppEEARS:SPL3SMP_E.006:Soil_Moisture_Retrieval_Data_PM_soil_moisture_pm
2020-08-16,sorriso_mt,"Sorriso, MT",-12.5425,-55.7211,0.128344,AppEEARS:SPL3SMP_E.006:Soil_Moisture_Retrieval_Data_PM_soil_moisture_pm
2020-08-19,sorriso_mt,"Sorriso, MT",-12.5425,-55.7211,0.125093,AppEEARS:SPL3SMP_E.006:Soil_Moisture_Retrieval_Data_PM_soil_moisture_pm
2020-08-22,sorriso_mt,"Sorriso, MT",-12.5425,-55.7211,0.087123,AppEEARS:SPL3SMP_E.006:Soil_Moisture_Retrieval_Data_PM_soil_moisture_pm
2020-08-24,sorriso_mt,"Sorriso, MT",-12.5425,-55.7211,0.130446,AppEEARS:SPL3SMP_E.006:Soil_Moisture_Retrieval_Data_PM_soil_moisture_pm
2020-08-27,sorriso_mt,"Sorriso, MT",-12.5425,-55.7211,0.131442,AppEEARS:SPL3SMP_E.006:Soil_Moisture_Retrieval_Data_PM_soil_moisture_pm
2020-08-30,sorriso_mt,"Sorriso, MT",-12.5425,-55.7211,0.11702,AppEEARS:SPL3SMP_E.006:Soil_Moisture_Retrieval_Data_PM_soil_moisture_pm
2020-09-01,sorriso_mt,"Sorriso, MT",-12.5425,-55.7211,0.118908,AppEEARS:SPL3SMP_E.006:Soil_Moisture_Retrieval_Data_PM_soil_moisture_pm
2020-09-04,sorriso_mt,"Sorriso, MT",-12.5425,-55.7211,0.125655,AppEEARS:SPL3SMP_E.006:Soil_Moisture_Retrieval_Data_PM_soil_moisture_pm
2020-09-07,sorriso_mt,"Sorriso, MT",-12.5425,-55.7211,0.118895,AppEEARS:SPL3SMP_E.006:Soil_Moisture_Retrieval_Data_PM_soil_moisture_pm
2020-09-09,sorriso_mt,"Sorriso, MT",-12.5425,-55.7211,0.133829,AppEEARS:SPL3SMP_E.006:Soil_Moisture_Retrieval_Data_PM_soil_moisture_pm
2020-09-12,sorriso_mt,"Sorriso, MT",-12.5425,-55.7211,0.123762,AppEEARS:SPL3SMP_E.006:Soil_Moisture_Retrieval_Data_PM_soil_moisture_pm
2020-09-15,sorriso_mt,"Sorriso, MT",-12.5425,-55.7211,0.13444,AppEEARS:SPL3SMP_E.006:Soil_Moisture_Retrieval_Data_PM_soil_moisture_pm
2020-09-17,sorriso_mt,"Sorriso, MT",-12.5425,-55.7211,0.122537,AppEEARS:SPL3SMP_E.006:Soil_Moisture_Retrieval_Data_PM_soil_moisture_pm
2020-09-20,sorriso_mt,"Sorriso, MT",-12.5425,-55.7211,0.10402,AppEEARS:SPL3SMP_E.006:Soil_Moisture_Retrieval_Data_PM_soil_moisture_pm
2020-09-23,sorriso_mt,"Sorriso, MT",-12.5425,-55.7211,0.173277,AppEEARS:SPL3SMP_E.006:Soil_Moisture_Retrieval_Data_PM_soil_moisture_pm
2020-09-25,sorriso_mt,"Sorriso, MT",-12.5425,-55.7211,0.175417,AppEEARS:SPL3SMP_E.006:Soil_Moisture_Retrieval_Data_PM_soil_moisture_pm
2020-09-28,sorriso_mt,"Sorriso, MT",-12.5425,-55.7211,0.157871,AppEEARS:SPL3SMP_E.006:Soil_Moisture_Retrieval_Data_PM_soil_moisture_pm
2020-10-03,sorriso_mt,"Sorriso, MT",-12.5425,-55.7211,0.159922,AppEEARS:SPL3SMP_E.006:Soil_Moisture_Retrieval_Data_PM_soil_moisture_pm
2020-10-06,sorriso_mt,"Sorriso, MT",-12.5425,-55.7211,0.158124,AppEEARS:SPL3SMP_E.006:Soil_Moisture_Retrieval_Data_PM_soil_moisture_pm
2020-10-09,sorriso_mt,"Sorriso, MT",-12.5425,-55.7211,0.160335,AppEEARS:SPL3SMP_E.006:Soil_Moisture_Retrieval_Data_PM_soil_moisture_pm
2020-10-11,sorriso_mt,"Sorriso, MT",-12.5425,-55.7211,0.185657,AppEEARS:SPL3SMP_E.006:Soil_Moisture_Retrieval_Data_PM_soil_moisture_pm
2020-10-14,sorriso_mt,"Sorriso, MT",-12.5425,-55.7211,0.253471,AppEEARS:SPL3SMP_E.006:Soil_Moisture_Retrieval_Data_PM_soil_moisture_pm
2020-10-17,sorriso_mt,"Sorriso, MT",-12.5425,-55.7211,0.21336,AppEEARS:SPL3SMP_E.006:Soil_Moisture_Retrieval_Data_PM_soil_moisture_pm
2020-10-19,sorriso_mt,"Sorriso, MT",-12.5425,-55.7211,0.230838,AppEEARS:SPL3SMP_E.006:Soil_Moisture_Retrieval_Data_PM_soil_moisture_pm
2020-10-22,sorriso_mt,"Sorriso, MT",-12.5425,-55.7211,0.39969,AppEEARS:SPL3SMP_E.006:Soil_Moisture_Retrieval_Data_PM_soil_moisture_pm
2020-10-25,sorriso_mt,"Sorriso, MT",-12.5425,-55.7211,0.252694,AppEEARS:SPL3SMP_E.006:Soil_Moisture_Retrieval_Data_PM_soil_moisture_pm
2020-10-27,sorriso_mt,"Sorriso, MT",-12.5425,-55.7211,0.213253,AppEEARS:SPL3SMP_E.006:Soil_Moisture_Retrieval_Data_PM_soil_moisture_pm
2020-10-30,sorriso_mt,"Sorriso, MT",-12.5425,-55.7211,0.293724,AppEEARS:SPL3SMP_E.006:Soil_Moisture_Retrieval_Data_PM_soil_moisture_pm
2020-11-02,sorriso_mt,"Sorriso, MT",-12.5425,-55.7211,0.273757,AppEEARS:SPL3SMP_E.006:Soil_Moisture_Retrieval_Data_PM_soil_moisture_pm
2020-11-04,sorriso_mt,"Sorriso, MT",-12.5425,-55.7211,0.220019,AppEEARS:SPL3SMP_E.006:Soil_Moisture_Retrieval_Data_PM_soil_moisture_pm
2020-11-07,sorriso_mt,"Sorriso, MT",-12.5425,-55.7211,0.208638,AppEEARS:SPL3SMP_E.006:Soil_Moisture_Retrieval_Data_PM_soil_moisture_pm
2020-11-10,sorriso_mt,"Sorriso, MT",-12.5425,-55.7211,0.281236,AppEEARS:SPL3SMP_E.006:Soil_Moisture_Retrieval_Data_PM_soil_moisture_pm
2020-11-12,sorriso_mt,"Sorriso, MT",-12.5425,-55.7211,0.23815,AppEEARS:SPL3SMP_E.006:Soil_Moisture_Retrieval_Data_PM_soil_moisture_pm
2020-11-15,sorriso_mt,"Sorriso, MT",-12.5425,-55.7211,0.240964,AppEEARS:SPL3SMP_E.006:Soil_Moisture_Retrieval_Data_PM_soil_moisture_pm
2020-11-18,sorriso_mt,"Sorriso, MT",-12.5425,-55.7211,0.350835,AppEEARS:SPL3SMP_E.006:Soil_Moisture_Retrieval_Data_PM_soil_moisture_pm
2020-11-20,sorriso_mt,"Sorriso, MT",-12.5425,-55.7211,0.234759,AppEEARS:SPL3SMP_E.006:Soil_Moisture_Retrieval_Data_PM_soil_moisture_pm
2020-11-23,sorriso_mt,"Sorriso, MT",-12.5425,-55.7211,0.249572,AppEEARS:SPL3SMP_E.006:Soil_Moisture_Retrieval_Data_PM_soil_moisture_pm
2020-11-26,sorriso_mt,"Sorriso, MT",-12.5425,-55.7211,0.272367,AppEEARS:SPL3SMP_E.006:Soil_Moisture_Retrieval_Data_PM_soil_moisture_pm
2020-11-28,sorriso_mt,"Sorriso, MT",-12.5425,-55.7211,0.203578,AppEEARS:SPL3SMP_E.006:Soil_Moisture_Retrieval_Data_PM_soil_moisture_pm
2020-12-01,sorriso_mt,"Sorriso, MT",-12.5425,-55.7211,0.190614,AppEEARS:SPL3SMP_E.006:Soil_Moisture_Retrieval_Data_PM_soil_moisture_pm
2020-12-04,sorriso_mt,"Sorriso, MT",-12.5425,-55.7211,0.235426,AppEEARS:SPL3SMP_E.006:Soil_Moisture_Retrieval_Data_PM_soil_moisture_pm
2020-12-06,sorriso_mt,"Sorriso, MT",-12.5425,-55.7211,0.318626,AppEEARS:SPL3SMP_E.006:Soil_Moisture_Retrieval_Data_PM_soil_moisture_pm
2020-12-09,sorriso_mt,"Sorriso, MT",-12.5425,-55.7211,0.261917,AppEEARS:SPL3SMP_E.006:Soil_Moisture_Retrieval_Data_PM_soil_moisture_pm
2020-12-12,sorriso_mt,"Sorriso, MT",-12.5425,-55.7211,0.255513,AppEEARS:SPL3SMP_E.006:Soil_Moisture_Retrieval_Data_PM_soil_moisture_pm
2020-12-14,sorriso_mt,"Sorriso, MT",-12.5425,-55.7211,0.273818,AppEEARS:SPL3SMP_E.006:Soil_Moisture_Retrieval_Data_PM_soil_moisture_pm
2020-12-17,sorriso_mt,"Sorriso, MT",-12.5425,-55.7211,0.189196,AppEEARS:SPL3SMP_E.006:Soil_Moisture_Retrieval_Data_PM_soil_moisture_pm
2020-12-22,sorriso_mt,"Sorriso, MT",-12.5425,-55.7211,0.248398,AppEEARS:SPL3SMP_E.006:Soil_Moisture_Retrieval_Data_PM_soil_moisture_pm
2020-12-25,sorriso_mt,"Sorriso, MT",-12.5425,-55.7211,0.272815,AppEEARS:SPL3SMP_E.006:Soil_Moisture_Retrieval_Data_PM_soil_moisture_pm
2020-12-28,sorriso_mt,"Sorriso, MT",-12.5425,-55.7211,0.270877,AppEEARS:SPL3SMP_E.006:Soil_Moisture_Retrieval_Data_PM_soil_moisture_pm
2020-12-30,sorriso_mt,"Sorriso, MT",-12.5425,-55.7211,0.319371,AppEEARS:SPL3SMP_E.006:Soil_Moisture_Retrieval_Data_PM_soil_moisture_pm
2021-01-02,sorriso_mt,"Sorriso, MT",-12.5425,-55.7211,0.234852,AppEEARS:SPL3SMP_E.006:Soil_Moisture_Retrieval_Data_PM_soil_moisture_pm
2021-01-05,sorriso_mt,"Sorriso, MT",-12.5425,-55.7211,0.213385,AppEEARS:SPL3SMP_E.006:Soil_Moisture_Retrieval_Data_PM_soil_moisture_pm
2021-01-07,sorriso_mt,"Sorriso, MT",-12.5425,-55.7211,0.244024,AppEEARS:SPL3SMP_E.006:Soil_Moisture_Retrieval_Data_PM_soil_moisture_pm
2021-01-10,sorriso_mt,"Sorriso, MT",-12.5425,-55.7211,0.233831,AppEEARS:SPL3SMP_E.006:Soil_Moisture_Retrieval_Data_PM_soil_moisture_pm
2021-01-13,sorriso_mt,"Sorriso, MT",-12.5425,-55.7211,0.212897,AppEEARS:SPL3SMP_E.006:Soil_Moisture_Retrieval_Data_PM_soil_moisture_pm
2021-01-15,sorriso_mt,"Sorriso, MT",-12.5425,-55.7211,0.304749,AppEEARS:SPL3SMP_E.006:Soil_Moisture_Retrieval_Data_PM_soil_moisture_pm
2021-01-18,sorriso_mt,"Sorriso, MT",-12.5425,-55.7211,0.255874,AppEEARS:SPL3SMP_E.006:Soil_Moisture_Retrieval_Data_PM_soil_moisture_pm
2021-01-23,sorriso_mt,"Sorriso, MT",-12.5425,-55.7211,0.307317,AppEEARS:SPL3SMP_E.006:Soil_Moisture_Retrieval_Data_PM_soil_moisture_pm
2021-01-26,sorriso_mt,"Sorriso, MT",-12.5425,-55.7211,0.225357,AppEEARS:SPL3SMP_E.006:Soil_Moisture_Retrieval_Data_PM_soil_moisture_pm
2021-01-29,sorriso_mt,"Sorriso, MT",-12.5425,-55.7211,0.255806,AppEEARS:SPL3SMP_E.006:Soil_Moisture_Retrieval_Data_PM_soil_moisture_pm
2021-01-31,sorriso_mt,"Sorriso, MT",-12.5425,-55.7211,0.239132,AppEEARS:SPL3SMP_E.006:Soil_Moisture_Retrieval_Data_PM_soil_moisture_pm
2021-02-03,sorriso_mt,"Sorriso, MT",-12.5425,-55.7211,0.278709,AppEEARS:SPL3SMP_E.006:Soil_Moisture_Retrieval_Data_PM_soil_moisture_pm
2021-02-06,sorriso_mt,"Sorriso, MT",-12.5425,-55.7211,0.267904,AppEEARS:SPL3SMP_E.006:Soil_Moisture_Retrieval_Data_PM_soil_moisture_pm
2021-02-08,sorriso_mt,"Sorriso, MT",-12.5425,-55.7211,0.276165,AppEEARS:SPL3SMP_E.006:Soil_Moisture_Retrieval_Data_PM_soil_moisture_pm
2021-02-11,sorriso_mt,"Sorriso, MT",-12.5425,-55.7211,0.244847,AppEEARS:SPL3SMP_E.006:Soil_Moisture_Retrieval_Data_PM_soil_moisture_pm
2021-02-14,sorriso_mt,"Sorriso, MT",-12.5425,-55.7211,0.368632,AppEEARS:SPL3SMP_E.006:Soil_Moisture_Retrieval_Data_PM_soil_moisture_pm
2021-02-16,sorriso_mt,"Sorriso, MT",-12.5425,-55.7211,0.307861,AppEEARS:SPL3SMP_E.006:Soil_Moisture_Retrieval_Data_PM_soil_moisture_pm
2021-02-19,sorriso_mt,"Sorriso, MT",-12.5425,-55.7211,0.322782,AppEEARS:SPL3SMP_E.006:Soil_Moisture_Retrieval_Data_PM_soil_moisture_pm
2021-02-22,sorriso_mt,"Sorriso, MT",-12.5425,-55.7211,0.240304,AppEEARS:SPL3SMP_E.006:Soil_Moisture_Retrieval_Data_PM_soil_moisture_pm
2021-02-24,sorriso_mt,"Sorriso, MT",-12.5425,-55.7211,0.308945,AppEEARS:SPL3SMP_E.006:Soil_Moisture_Retrieval_Data_PM_soil_moisture_pm
2021-02-27,sorriso_mt,"Sorriso, MT",-12.5425,-55.7211,0.335981,AppEEARS:SPL3SMP_E.006:Soil_Moisture_Retrieval_Data_PM_soil_moisture_pm
2021-03-02,sorriso_mt,"Sorriso, MT",-12.5425,-55.7211,0.320296,AppEEARS:SPL3SMP_E.006:Soil_Moisture_Retrieval_Data_PM_soil_moisture_pm
2021-03-04,sorriso_mt,"Sorriso, MT",-12.5425,-55.7211,0.24613,AppEEARS:SPL3SMP_E.006:Soil_Moisture_Retrieval_Data_PM_soil_moisture_pm
2021-03-07,sorriso_mt,"Sorriso, MT",-12.5425,-55.7211,0.303565,AppEEARS:SPL3SMP_E.006:Soil_Moisture_Retrieval_Data_PM_soil_moisture_pm
2021-03-10,sorriso_mt,"Sorriso, MT",-12.5425,-55.7211,0.2622,AppEEARS:SPL3SMP_E.006:Soil_Moisture_Retrieval_Data_PM_soil_moisture_pm
2021-03-12,sorriso_mt,"Sorriso, MT",-12.5425,-55.7211,0.27622,AppEEARS:SPL3SMP_E.006:Soil_Moisture_Retrieval_Data_PM_soil_moisture_pm
2021-03-15,sorriso_mt,"Sorriso, MT",-12.5425,-55.7211,0.252278,AppEEARS:SPL3SMP_E.006:Soil_Moisture_Retrieval_Data_PM_soil_moisture_pm
2021-03-18,sorriso_mt,"Sorriso, MT",-12.5425,-55.7211,0.331128,AppEEARS:SPL3SMP_E.006:Soil_Moisture_Retrieval_Data_PM_soil_moisture_pm
2021-03-20,sorriso_mt,"Sorriso, MT",-12.5425,-55.7211,0.317043,AppEEARS:SPL3SMP_E.006:Soil_Moisture_Retrieval_Data_PM_soil_moisture_pm
2021-03-23,sorriso_mt,"Sorriso, MT",-12.5425,-55.7211,0.296206,AppEEARS:SPL3SMP_E.006:Soil_Moisture_Retrieval_Data_PM_soil_moisture_pm
2021-03-26,sorriso_mt,"Sorriso, MT",-12.5425,-55.7211,0.250137,AppEEARS:SPL3SMP_E.006:Soil_Moisture_Retrieval_Data_PM_soil_moisture_pm
2021-03-28,sorriso_mt,"Sorriso, MT",-12.5425,-55.7211,0.227783,AppEEARS:SPL3SMP_E.006:Soil_Moisture_Retrieval_Data_PM_soil_moisture_pm
2021-03-31,sorriso_mt,"Sorriso, MT",-12.5425,-55.7211,0.215469,AppEEARS:SPL3SMP_E.006:Soil_Moisture_Retrieval_Data_PM_soil_moisture_pm
2021-04-03,sorriso_mt,"Sorriso, MT",-12.5425,-55.7211,0.223404,AppEEARS:SPL3SMP_E.006:Soil_Moisture_Retrieval_Data_PM_soil_moisture_pm
2021-04-05,sorriso_mt,"Sorriso, MT",-12.5425,-55.7211,0.184012,AppEEARS:SPL3SMP_E.006:Soil_Moisture_Retrieval_Data_PM_soil_moisture_pm
2021-04-08,sorriso_mt,"Sorriso, MT",-12.5425,-55.7211,0.243654,AppEEARS:SPL3SMP_E.006:Soil_Moisture_Retrieval_Data_PM_soil_moisture_pm
2021-04-11,sorriso_mt,"Sorriso, MT",-12.5425,-55.7211,0.216998,AppEEARS:SPL3SMP_E.006:Soil_Moisture_Retrieval_Data_PM_soil_moisture_pm
2021-04-13,sorriso_mt,"Sorriso, MT",-12.5425,-55.7211,0.176231,AppEEARS:SPL3SMP_E.006:Soil_Moisture_Retrieval_Data_PM_soil_moisture_pm
2021-04-16,sorriso_mt,"Sorriso, MT",-12.5425,-55.7211,0.196919,AppEEARS:SPL3SMP_E.006:Soil_Moisture_Retrieval_Data_PM_soil_moisture_pm
2021-04-19,sorriso_mt,"Sorriso, MT",-12.5425,-55.7211,0.194171,AppEEARS:SPL3SMP_E.006:Soil_Moisture_Retrieval_Data_PM_soil_moisture_pm
2021-04-21,sorriso_mt,"Sorriso, MT",-12.5425,-55.7211,0.204415,AppEEARS:SPL3SMP_E.006:Soil_Moisture_Retrieval_Data_PM_soil_moisture_pm
2021-04-24,sorriso_mt,"Sorriso, MT",-12.5425,-55.7211,0.16908,AppEEARS:SPL3SMP_E.006:Soil_Moisture_Retrieval_Data_PM_soil_moisture_pm
2021-04-27,sorriso_mt,"Sorriso, MT",-12.5425,-55.7211,0.183151,AppEEARS:SPL3SMP_E.006:Soil_Moisture_Retrieval_Data_PM_soil_moisture_pm
2021-04-29,sorriso_mt,"Sorriso, MT",-12.5425,-55.7211,0.185379,AppEEARS:SPL3SMP_E.006:Soil_Moisture_Retrieval_Data_PM_soil_moisture_pm
2021-05-02,sorriso_mt,"Sorriso, MT",-12.5425,-55.7211,0.192064,AppEEARS:SPL3SMP_E.006:Soil_Moisture_Retrieval_Data_PM_soil_moisture_pm
2021-05-05,sorriso_mt,"Sorriso, MT",-12.5425,-55.7211,0.187247,AppEEARS:SPL3SMP_E.006:Soil_Moisture_Retrieval_Data_PM_soil_moisture_pm
2021-05-07,sorriso_mt,"Sorriso, MT",-12.5425,-55.7211,0.173343,AppEEARS:SPL3SMP_E.006:Soil_Moisture_Retrieval_Data_PM_soil_moisture_pm
2021-05-10,sorriso_mt,"Sorriso, MT",-12.5425,-55.7211,0.156796,AppEEARS:SPL3SMP_E.006:Soil_Moisture_Retrieval_Data_PM_soil_moisture_pm
2021-05-13,sorriso_mt,"Sorriso, MT",-12.5425,-55.7211,0.163271,AppEEARS:SPL3SMP_E.006:Soil_Moisture_Retrieval_Data_PM_soil_moisture_pm
2021-05-15,sorriso_mt,"Sorriso, MT",-12.5425,-55.7211,0.150519,AppEEARS:SPL3SMP_E.006:Soil_Moisture_Retrieval_Data_PM_soil_moisture_pm
2021-05-18,sorriso_mt,"Sorriso, MT",-12.5425,-55.7211,0.154674,AppEEARS:SPL3SMP_E.006:Soil_Moisture_Retrieval_Data_PM_soil_moisture_pm
2021-05-21,sorriso_mt,"Sorriso, MT",-12.5425,-55.7211,0.141342,AppEEARS:SPL3SMP_E.006:Soil_Moisture_Retrieval_Data_PM_soil_moisture_pm
2021-05-23,sorriso_mt,"Sorriso, MT",-12.5425,-55.7211,0.181362,AppEEARS:SPL3SMP_E.006:Soil_Moisture_Retrieval_Data_PM_soil_moisture_pm
2021-05-26,sorriso_mt,"Sorriso, MT",-12.5425,-55.7211,0.172218,AppEEARS:SPL3SMP_E.006:Soil_Moisture_Retrieval_Data_PM_soil_moisture_pm
2021-05-29,sorriso_mt,"Sorriso, MT",-12.5425,-55.7211,0.16345,AppEEARS:SPL3SMP_E.006:Soil_Moisture_Retrieval_Data_PM_soil_moisture_pm
2021-05-31,sorriso_mt,"Sorriso, MT",-12.5425,-55.7211,0.155728,AppEEARS:SPL3SMP_E.006:Soil_Moisture_Retrieval_Data_PM_soil_moisture_pm
2021-06-03,sorriso_mt,"Sorriso, MT",-12.5425,-55.7211,0.154614,AppEEARS:SPL3SMP_E.006:Soil_Moisture_Retrieval_Data_PM_soil_moisture_pm
2021-06-06,sorriso_mt,"Sorriso, MT",-12.5425,-55.7211,0.144435,AppEEARS:SPL3SMP_E.006:Soil_Moisture_Retrieval_Data_PM_soil_moisture_pm
2021-06-08,sorriso_mt,"Sorriso, MT",-12.5425,-55.7211,0.148586,AppEEARS:SPL3SMP_E.006:Soil_Moisture_Retrieval_Data_PM_soil_moisture_pm
2021-06-11,sorriso_mt,"Sorriso, MT",-12.5425,-55.7211,0.161287,AppEEARS:SPL3SMP_E.006:Soil_Moisture_Retrieval_Data_PM_soil_moisture_pm
2021-06-14,sorriso_mt,"Sorriso, MT",-12.5425,-55.7211,0.156792,AppEEARS:SPL3SMP_E.006:Soil_Moisture_Retrieval_Data_PM_soil_moisture_pm
2021-06-16,sorriso_mt,"Sorriso, MT",-12.5425,-55.7211,0.165073,AppEEARS:SPL3SMP_E.006:Soil_Moisture_Retrieval_Data_PM_soil_moisture_pm
2021-06-19,sorriso_mt,"Sorriso, MT",-12.5425,-55.7211,0.161857,AppEEARS:SPL3SMP_E.006:Soil_Moisture_Retrieval_Data_PM_soil_moisture_pm
2021-06-22,sorriso_mt,"Sorriso, MT",-12.5425,-55.7211,0.152378,AppEEARS:SPL3SMP_E.006:Soil_Moisture_Retrieval_Data_PM_soil_moisture_pm
2021-06-24,sorriso_mt,"Sorriso, MT",-12.5425,-55.7211,0.141353,AppEEARS:SPL3SMP_E.006:Soil_Moisture_Retrieval_Data_PM_soil_moisture_pm
2021-06-27,sorriso_mt,"Sorriso, MT",-12.5425,-55.7211,0.157692,AppEEARS:SPL3SMP_E.006:Soil_Moisture_Retrieval_Data_PM_soil_moisture_pm
2021-06-30,sorriso_mt,"Sorriso, MT",-12.5425,-55.7211,0.124551,AppEEARS:SPL3SMP_E.006:Soil_Moisture_Retrieval_Data_PM_soil_moisture_pm
2021-07-02,sorriso_mt,"Sorriso, MT",-12.5425,-55.7211,0.126576,AppEEARS:SPL3SMP_E.006:Soil_Moisture_Retrieval_Data_PM_soil_moisture_pm
2021-07-05,sorriso_mt,"Sorriso, MT",-12.5425,-55.7211,0.131377,AppEEARS:SPL3SMP_E.006:Soil_Moisture_Retrieval_Data_PM_soil_moisture_pm
2021-07-08,sorriso_mt,"Sorriso, MT",-12.5425,-55.7211,0.130604,AppEEARS:SPL3SMP_E.006:Soil_Moisture_Retrieval_Data_PM_soil_moisture_pm
2021-07-10,sorriso_mt,"Sorriso, MT",-12.5425,-55.7211,0.134385,AppEEARS:SPL3SMP_E.006:Soil_Moisture_Retrieval_Data_PM_soil_moisture_pm
2021-07-13,sorriso_mt,"Sorriso, MT",-12.5425,-55.7211,0.121866,AppEEARS:SPL3SMP_E.006:Soil_Moisture_Retrieval_Data_PM_soil_moisture_pm
2021-07-16,sorriso_mt,"Sorriso, MT",-12.5425,-55.7211,0.120687,AppEEARS:SPL3SMP_E.006:Soil_Moisture_Retrieval_Data_PM_soil_moisture_pm
2021-07-18,sorriso_mt,"Sorriso, MT",-12.5425,-55.7211,0.125288,AppEEARS:SPL3SMP_E.006:Soil_Moisture_Retrieval_Data_PM_soil_moisture_pm
2021-07-21,sorriso_mt,"Sorriso, MT",-12.5425,-55.7211,0.096994,AppEEARS:SPL3SMP_E.006:Soil_Moisture_Retrieval_Data_PM_soil_moisture_pm
2021-07-24,sorriso_mt,"Sorriso, MT",-12.5425,-55.7211,0.106131,AppEEARS:SPL3SMP_E.006:Soil_Moisture_Retrieval_Data_PM_soil_moisture_pm
2021-07-26,sorriso_mt,"Sorriso, MT",-12.5425,-55.7211,0.116562,AppEEARS:SPL3SMP_E.006:Soil_Moisture_Retrieval_Data_PM_soil_moisture_pm
2021-07-29,sorriso_mt,"Sorriso, MT",-12.5425,-55.7211,0.088178,AppEEARS:SPL3SMP_E.006:Soil_Moisture_Retrieval_Data_PM_soil_moisture_pm
2021-08-01,sorriso_mt,"Sorriso, MT",-12.5425,-55.7211,0.104587,AppEEARS:SPL3SMP_E.006:Soil_Moisture_Retrieval_Data_PM_soil_moisture_pm
2021-08-03,sorriso_mt,"Sorriso, MT",-12.5425,-55.7211,0.121029,AppEEARS:SPL3SMP_E.006:Soil_Moisture_Retrieval_Data_PM_soil_moisture_pm
2021-08-06,sorriso_mt,"Sorriso, MT",-12.5425,-55.7211,0.114188,AppEEARS:SPL3SMP_E.006:Soil_Moisture_Retrieval_Data_PM_soil_moisture_pm
2021-08-09,sorriso_mt,"Sorriso, MT",-12.5425,-55.7211,0.119819,AppEEARS:SPL3SMP_E.006:Soil_Moisture_Retrieval_Data_PM_soil_moisture_pm
2021-08-11,sorriso_mt,"Sorriso, MT",-12.5425,-55.7211,0.119895,AppEEARS:SPL3SMP_E.006:Soil_Moisture_Retrieval_Data_PM_soil_moisture_pm
2021-08-14,sorriso_mt,"Sorriso, MT",-12.5425,-55.7211,0.116684,AppEEARS:SPL3SMP_E.006:Soil_Moisture_Retrieval_Data_PM_soil_moisture_pm
2021-08-17,sorriso_mt,"Sorriso, MT",-12.5425,-55.7211,0.117785,AppEEARS:SPL3SMP_E.006:Soil_Moisture_Retrieval_Data_PM_soil_moisture_pm
2021-08-19,sorriso_mt,"Sorriso, MT",-12.5425,-55.7211,0.117457,AppEEARS:SPL3SMP_E.006:Soil_Moisture_Retrieval_Data_PM_soil_moisture_pm
2021-08-22,sorriso_mt,"Sorriso, MT",-12.5425,-55.7211,0.10995,AppEEARS:SPL3SMP_E.006:Soil_Moisture_Retrieval_Data_PM_soil_moisture_pm
2021-08-25,sorriso_mt,"Sorriso, MT",-12.5425,-55.7211,0.103419,AppEEARS:SPL3SMP_E.006:Soil_Moisture_Retrieval_Data_PM_soil_moisture_pm
2021-08-27,sorriso_mt,"Sorriso, MT",-12.5425,-55.7211,0.119798,AppEEARS:SPL3SMP_E.006:Soil_Moisture_Retrieval_Data_PM_soil_moisture_pm
2021-08-30,sorriso_mt,"Sorriso, MT",-12.5425,-55.7211,0.128342,AppEEARS:SPL3SMP_E.006:Soil_Moisture_Retrieval_Data_PM_soil_moisture_pm
2021-09-02,sorriso_mt,"Sorriso, MT",-12.5425,-55.7211,0.12184,AppEEARS:SPL3SMP_E.006:Soil_Moisture_Retrieval_Data_PM_soil_moisture_pm
2021-09-04,sorriso_mt,"Sorriso, MT",-12.5425,-55.7211,0.120485,AppEEARS:SPL3SMP_E.006:Soil_Moisture_Retrieval_Data_PM_soil_moisture_pm
2021-09-07,sorriso_mt,"Sorriso, MT",-12.5425,-55.7211,0.116869,AppEEARS:SPL3SMP_E.006:Soil_Moisture_Retrieval_Data_PM_soil_moisture_pm
2021-09-10,sorriso_mt,"Sorriso, MT",-12.5425,-55.7211,0.184071,AppEEARS:SPL3SMP_E.006:Soil_Moisture_Retrieval_Data_PM_soil_moisture_pm
2021-09-12,sorriso_mt,"Sorriso, MT",-12.5425,-55.7211,0.167335,AppEEARS:SPL3SMP_E.006:Soil_Moisture_Retrieval_Data_PM_soil_moisture_pm
2021-09-15,sorriso_mt,"Sorriso, MT",-12.5425,-55.7211,0.219424,AppEEARS:SPL3SMP_E.006:Soil_Moisture_Retrieval_Data_PM_soil_moisture_pm
2021-09-18,sorriso_mt,"Sorriso, MT",-12.5425,-55.7211,0.18588,AppEEARS:SPL3SMP_E.006:Soil_Moisture_Retrieval_Data_PM_soil_moisture_pm
2021-09-20,sorriso_mt,"Sorriso, MT",-12.5425,-55.7211,0.184312,AppEEARS:SPL3SMP_E.006:Soil_Moisture_Retrieval_Data_PM_soil_moisture_pm
2021-09-23,sorriso_mt,"Sorriso, MT",-12.5425,-55.7211,0.162498,AppEEARS:SPL3SMP_E.006:Soil_Moisture_Retrieval_Data_PM_soil_moisture_pm
2021-09-26,sorriso_mt,"Sorriso, MT",-12.5425,-55.7211,0.315293,AppEEARS:SPL3SMP_E.006:Soil_Moisture_Retrieval_Data_PM_soil_moisture_pm
2021-09-28,sorriso_mt,"Sorriso, MT",-12.5425,-55.7211,0.22482,AppEEARS:SPL3SMP_E.006:Soil_Moisture_Retrieval_Data_PM_soil_moisture_pm
2021-10-01,sorriso_mt,"Sorriso, MT",-12.5425,-55.7211,0.252146,AppEEARS:SPL3SMP_E.006:Soil_Moisture_Retrieval_Data_PM_soil_moisture_pm
2021-10-04,sorriso_mt,"Sorriso, MT",-12.5425,-55.7211,0.222858,AppEEARS:SPL3SMP_E.006:Soil_Moisture_Retrieval_Data_PM_soil_moisture_pm
2021-10-06,sorriso_mt,"Sorriso, MT",-12.5425,-55.7211,0.226472,AppEEARS:SPL3SMP_E.006:Soil_Moisture_Retrieval_Data_PM_soil_moisture_pm
2021-10-09,sorriso_mt,"Sorriso, MT",-12.5425,-55.7211,0.232436,AppEEARS:SPL3SMP_E.006:Soil_Moisture_Retrieval_Data_PM_soil_moisture_pm
2021-10-12,sorriso_mt,"Sorriso, MT",-12.5425,-55.7211,0.231873,AppEEARS:SPL3SMP_E.006:Soil_Moisture_Retrieval_Data_PM_soil_moisture_pm
2021-10-14,sorriso_mt,"Sorriso, MT",-12.5425,-55.7211,0.253406,AppEEARS:SPL3SMP_E.006:Soil_Moisture_Retrieval_Data_PM_soil_moisture_pm
2021-10-17,sorriso_mt,"Sorriso, MT",-12.5425,-55.7211,0.239896,AppEEARS:SPL3SMP_E.006:Soil_Moisture_Retrieval_Data_PM_soil_moisture_pm
2021-10-20,sorriso_mt,"Sorriso, MT",-12.5425,-55.7211,0.231037,AppEEARS:SPL3SMP_E.006:Soil_Moisture_Retrieval_Data_PM_soil_moisture_pm
2021-10-22,sorriso_mt,"Sorriso, MT",-12.5425,-55.7211,0.270232,AppEEARS:SPL3SMP_E.006:Soil_Moisture_Retrieval_Data_PM_soil_moisture_pm
2021-10-28,sorriso_mt,"Sorriso, MT",-12.5425,-55.7211,0.237913,AppEEARS:SPL3SMP_E.006:Soil_Moisture_Retrieval_Data_PM_soil_moisture_pm
2021-10-30,sorriso_mt,"Sorriso, MT",-12.5425,-55.7211,0.241854,AppEEARS:SPL3SMP_E.006:Soil_Moisture_Retrieval_Data_PM_soil_moisture_pm
2021-11-02,sorriso_mt,"Sorriso, MT",-12.5425,-55.7211,0.265523,AppEEARS:SPL3SMP_E.006:Soil_Moisture_Retrieval_Data_PM_soil_moisture_pm
2021-11-05,sorriso_mt,"Sorriso, MT",-12.5425,-55.7211,0.300586,AppEEARS:SPL3SMP_E.006:Soil_Moisture_Retrieval_Data_PM_soil_moisture_pm
2021-11-07,sorriso_mt,"Sorriso, MT",-12.5425,-55.7211,0.234041,AppEEARS:SPL3SMP_E.006:Soil_Moisture_Retrieval_Data_PM_soil_moisture_pm
2021-11-10,sorriso_mt,"Sorriso, MT",-12.5425,-55.7211,0.278496,AppEEARS:SPL3SMP_E.006:Soil_Moisture_Retrieval_Data_PM_soil_moisture_pm
2021-11-13,sorriso_mt,"Sorriso, MT",-12.5425,-55.7211,0.270637,AppEEARS:SPL3SMP_E.006:Soil_Moisture_Retrieval_Data_PM_soil_moisture_pm
2021-11-15,sorriso_mt,"Sorriso, MT",-12.5425,-55.7211,0.276191,AppEEARS:SPL3SMP_E.006:Soil_Moisture_Retrieval_Data_PM_soil_moisture_pm
2021-11-18,sorriso_mt,"Sorriso, MT",-12.5425,-55.7211,0.223633,AppEEARS:SPL3SMP_E.006:Soil_Moisture_Retrieval_Data_PM_soil_moisture_pm
2021-11-21,sorriso_mt,"Sorriso, MT",-12.5425,-55.7211,0.203702,AppEEARS:SPL3SMP_E.006:Soil_Moisture_Retrieval_Data_PM_soil_moisture_pm
2021-11-23,sorriso_mt,"Sorriso, MT",-12.5425,-55.7211,0.210564,AppEEARS:SPL3SMP_E.006:Soil_Moisture_Retrieval_Data_PM_soil_moisture_pm
2021-11-26,sorriso_mt,"Sorriso, MT",-12.5425,-55.7211,0.205502,AppEEARS:SPL3SMP_E.006:Soil_Moisture_Retrieval_Data_PM_soil_moisture_pm
2021-11-29,sorriso_mt,"Sorriso, MT",-12.5425,-55.7211,0.18462,AppEEARS:SPL3SMP_E.006:Soil_Moisture_Retrieval_Data_PM_soil_moisture_pm
2021-12-01,sorriso_mt,"Sorriso, MT",-12.5425,-55.7211,0.208205,AppEEARS:SPL3SMP_E.006:Soil_Moisture_Retrieval_Data_PM_soil_moisture_pm
2021-12-04,sorriso_mt,"Sorriso, MT",-12.5425,-55.7211,0.220775,AppEEARS:SPL3SMP_E.006:Soil_Moisture_Retrieval_Data_PM_soil_moisture_pm
2021-12-07,sorriso_mt,"Sorriso, MT",-12.5425,-55.7211,0.229118,AppEEARS:SPL3SMP_E.006:Soil_Moisture_Retrieval_Data_PM_soil_moisture_pm
2021-12-09,sorriso_mt,"Sorriso, MT",-12.5425,-55.7211,0.236994,AppEEARS:SPL3SMP_E.006:Soil_Moisture_Retrieval_Data_PM_soil_moisture_pm
2021-12-12,sorriso_mt,"Sorriso, MT",-12.5425,-55.7211,0.22203,AppEEARS:SPL3SMP_E.006:Soil_Moisture_Retrieval_Data_PM_soil_moisture_pm
2021-12-15,sorriso_mt,"Sorriso, MT",-12.5425,-55.7211,0.266041,AppEEARS:SPL3SMP_E.006:Soil_Moisture_Retrieval_Data_PM_soil_moisture_pm
2021-12-17,sorriso_mt,"Sorriso, MT",-12.5425,-55.7211,0.252151,AppEEARS:SPL3SMP_E.006:Soil_Moisture_Retrieval_Data_PM_soil_moisture_pm
2021-12-20,sorriso_mt,"Sorriso, MT",-12.5425,-55.7211,0.218907,AppEEARS:SPL3SMP_E.006:Soil_Moisture_Retrieval_Data_PM_soil_moisture_pm
2021-12-23,sorriso_mt,"Sorriso, MT",-12.5425,-55.7211,0.267017,AppEEARS:SPL3SMP_E.006:Soil_Moisture_Retrieval_Data_PM_soil_moisture_pm
2021-12-25,sorriso_mt,"Sorriso, MT",-12.5425,-55.7211,0.246979,AppEEARS:SPL3SMP_E.006:Soil_Moisture_Retrieval_Data_PM_soil_moisture_pm
2021-12-28,sorriso_mt,"Sorriso, MT",-12.5425,-55.7211,0.258297,AppEEARS:SPL3SMP_E.006:Soil_Moisture_Retrieval_Data_PM_soil_moisture_pm
2021-12-31,sorriso_mt,"Sorriso, MT",-12.5425,-55.7211,0.273954,AppEEARS:SPL3SMP_E.006:Soil_Moisture_Retrieval_Data_PM_soil_moisture_pm
2022-01-02,sorriso_mt,"Sorriso, MT",-12.5425,-55.7211,0.216794,AppEEARS:SPL3SMP_E.006:Soil_Moisture_Retrieval_Data_PM_soil_moisture_pm
2022-01-05,sorriso_mt,"Sorriso, MT",-12.5425,-55.7211,0.25703,AppEEARS:SPL3SMP_E.006:Soil_Moisture_Retrieval_Data_PM_soil_moisture_pm
2022-01-08,sorriso_mt,"Sorriso, MT",-12.5425,-55.7211,0.259772,AppEEARS:SPL3SMP_E.006:Soil_Moisture_Retrieval_Data_PM_soil_moisture_pm
2022-01-10,sorriso_mt,"Sorriso, MT",-12.5425,-55.7211,0.254888,AppEEARS:SPL3SMP_E.006:Soil_Moisture_Retrieval_Data_PM_soil_moisture_pm
2022-01-13,sorriso_mt,"Sorriso, MT",-12.5425,-55.7211,0.290531,AppEEARS:SPL3SMP_E.006:Soil_Moisture_Retrieval_Data_PM_soil_moisture_pm
2022-01-16,sorriso_mt,"Sorriso, MT",-12.5425,-55.7211,0.256569,AppEEARS:SPL3SMP_E.006:Soil_Moisture_Retrieval_Data_PM_soil_moisture_pm
2022-01-18,sorriso_mt,"Sorriso, MT",-12.5425,-55.7211,0.234623,AppEEARS:SPL3SMP_E.006:Soil_Moisture_Retrieval_Data_PM_soil_moisture_pm
2022-01-24,sorriso_mt,"Sorriso, MT",-12.5425,-55.7211,0.262968,AppEEARS:SPL3SMP_E.006:Soil_Moisture_Retrieval_Data_PM_soil_moisture_pm
2022-01-26,sorriso_mt,"Sorriso, MT",-12.5425,-55.7211,0.304383,AppEEARS:SPL3SMP_E.006:Soil_Moisture_Retrieval_Data_PM_soil_moisture_pm
2022-02-01,sorriso_mt,"Sorriso, MT",-12.5425,-55.7211,0.340612,AppEEARS:SPL3SMP_E.006:Soil_Moisture_Retrieval_Data_PM_soil_moisture_pm
2022-02-03,sorriso_mt,"Sorriso, MT",-12.5425,-55.7211,0.272028,AppEEARS:SPL3SMP_E.006:Soil_Moisture_Retrieval_Data_PM_soil_moisture_pm
2022-02-09,sorriso_mt,"Sorriso, MT",-12.5425,-55.7211,0.356965,AppEEARS:SPL3SMP_E.006:Soil_Moisture_Retrieval_Data_PM_soil_moisture_pm
2022-02-11,sorriso_mt,"Sorriso, MT",-12.5425,-55.7211,0.314152,AppEEARS:SPL3SMP_E.006:Soil_Moisture_Retrieval_Data_PM_soil_moisture_pm
2022-02-17,sorriso_mt,"Sorriso, MT",-12.5425,-55.7211,0.282829,AppEEARS:SPL3SMP_E.006:Soil_Moisture_Retrieval_Data_PM_soil_moisture_pm
2022-02-19,sorriso_mt,"Sorriso, MT",-12.5425,-55.7211,0.243674,AppEEARS:SPL3SMP_E.006:Soil_Moisture_Retrieval_Data_PM_soil_moisture_pm
2022-02-25,sorriso_mt,"Sorriso, MT",-12.5425,-55.7211,0.232592,AppEEARS:SPL3SMP_E.006:Soil_Moisture_Retrieval_Data_PM_soil_moisture_pm
2022-02-27,sorriso_mt,"Sorriso, MT",-12.5425,-55.7211,0.198956,AppEEARS:SPL3SMP_E.006:Soil_Moisture_Retrieval_Data_PM_soil_moisture_pm
2022-03-07,sorriso_mt,"Sorriso, MT",-12.5425,-55.7211,0.240106,AppEEARS:SPL3SMP_E.006:Soil_Moisture_Retrieval_Data_PM_soil_moisture_pm
2022-03-10,sorriso_mt,"Sorriso, MT",-12.5425,-55.7211,0.237562,AppEEARS:SPL3SMP_E.006:Soil_Moisture_Retrieval_Data_PM_soil_moisture_pm
2022-03-13,sorriso_mt,"Sorriso, MT",-12.5425,-55.7211,0.251082,AppEEARS:SPL3SMP_E.006:Soil_Moisture_Retrieval_Data_PM_soil_moisture_pm
2022-03-15,sorriso_mt,"Sorriso, MT",-12.5425,-55.7211,0.193162,AppEEARS:SPL3SMP_E.006:Soil_Moisture_Retrieval_Data_PM_soil_moisture_pm
2022-03-21,sorriso_mt,"Sorriso, MT",-12.5425,-55.7211,0.242277,AppEEARS:SPL3SMP_E.006:Soil_Moisture_Retrieval_Data_PM_soil_moisture_pm
2022-03-23,sorriso_mt,"Sorriso, MT",-12.5425,-55.7211,0.193258,AppEEARS:SPL3SMP_E.006:Soil_Moisture_Retrieval_Data_PM_soil_moisture_pm
2022-03-26,sorriso_mt,"Sorriso, MT",-12.5425,-55.7211,0.216073,AppEEARS:SPL3SMP_E.006:Soil_Moisture_Retrieval_Data_PM_soil_moisture_pm
2022-03-29,sorriso_mt,"Sorriso, MT",-12.5425,-55.7211,0.22931,AppEEARS:SPL3SMP_E.006:Soil_Moisture_Retrieval_Data_PM_soil_moisture_pm
2022-03-31,sorriso_mt,"Sorriso, MT",-12.5425,-55.7211,0.217726,AppEEARS:SPL3SMP_E.006:Soil_Moisture_Retrieval_Data_PM_soil_moisture_pm
2022-04-03,sorriso_mt,"Sorriso, MT",-12.5425,-55.7211,0.174274,AppEEARS:SPL3SMP_E.006:Soil_Moisture_Retrieval_Data_PM_soil_moisture_pm
2022-04-06,sorriso_mt,"Sorriso, MT",-12.5425,-55.7211,0.177994,AppEEARS:SPL3SMP_E.006:Soil_Moisture_Retrieval_Data_PM_soil_moisture_pm
2022-04-08,sorriso_mt,"Sorriso, MT",-12.5425,-55.7211,0.193935,AppEEARS:SPL3SMP_E.006:Soil_Moisture_Retrieval_Data_PM_soil_moisture_pm
2022-04-11,sorriso_mt,"Sorriso, MT",-12.5425,-55.7211,0.15735,AppEEARS:SPL3SMP_E.006:Soil_Moisture_Retrieval_Data_PM_soil_moisture_pm
2022-04-14,sorriso_mt,"Sorriso, MT",-12.5425,-55.7211,0.167877,AppEEARS:SPL3SMP_E.006:Soil_Moisture_Retrieval_Data_PM_soil_moisture_pm
2022-04-16,sorriso_mt,"Sorriso, MT",-12.5425,-55.7211,0.176818,AppEEARS:SPL3SMP_E.006:Soil_Moisture_Retrieval_Data_PM_soil_moisture_pm
2022-04-19,sorriso_mt,"Sorriso, MT",-12.5425,-55.7211,0.164914,AppEEARS:SPL3SMP_E.006:Soil_Moisture_Retrieval_Data_PM_soil_moisture_pm
2022-04-22,sorriso_mt,"Sorriso, MT",-12.5425,-55.7211,0.18114,AppEEARS:SPL3SMP_E.006:Soil_Moisture_Retrieval_Data_PM_soil_moisture_pm
2022-04-24,sorriso_mt,"Sorriso, MT",-12.5425,-55.7211,0.16004,AppEEARS:SPL3SMP_E.006:Soil_Moisture_Retrieval_Data_PM_soil_moisture_pm
2022-04-27,sorriso_mt,"Sorriso, MT",-12.5425,-55.7211,0.147337,AppEEARS:SPL3SMP_E.006:Soil_Moisture_Retrieval_Data_PM_soil_moisture_pm
2022-04-30,sorriso_mt,"Sorriso, MT",-12.5425,-55.7211,0.150981,AppEEARS:SPL3SMP_E.006:Soil_Moisture_Retrieval_Data_PM_soil_moisture_pm
2022-05-02,sorriso_mt,"Sorriso, MT",-12.5425,-55.7211,0.150969,AppEEARS:SPL3SMP_E.006:Soil_Moisture_Retrieval_Data_PM_soil_moisture_pm
2022-05-05,sorriso_mt,"Sorriso, MT",-12.5425,-55.7211,0.141204,AppEEARS:SPL3SMP_E.006:Soil_Moisture_Retrieval_Data_PM_soil_moisture_pm
2022-05-08,sorriso_mt,"Sorriso, MT",-12.5425,-55.7211,0.135625,AppEEARS:SPL3SMP_E.006:Soil_Moisture_Retrieval_Data_PM_soil_moisture_pm
2022-05-10,sorriso_mt,"Sorriso, MT",-12.5425,-55.7211,0.152181,AppEEARS:SPL3SMP_E.006:Soil_Moisture_Retrieval_Data_PM_soil_moisture_pm
2022-05-13,sorriso_mt,"Sorriso, MT",-12.5425,-55.7211,0.146377,AppEEARS:SPL3SMP_E.006:Soil_Moisture_Retrieval_Data_PM_soil_moisture_pm
2022-05-16,sorriso_mt,"Sorriso, MT",-12.5425,-55.7211,0.149319,AppEEARS:SPL3SMP_E.006:Soil_Moisture_Retrieval_Data_PM_soil_moisture_pm
2022-05-18,sorriso_mt,"Sorriso, MT",-12.5425,-55.7211,0.127855,AppEEARS:SPL3SMP_E.006:Soil_Moisture_Retrieval_Data_PM_soil_moisture_pm
2022-05-21,sorriso_mt,"Sorriso, MT",-12.5425,-55.7211,0.152291,AppEEARS:SPL3SMP_E.006:Soil_Moisture_Retrieval_Data_PM_soil_moisture_pm
2022-05-24,sorriso_mt,"Sorriso, MT",-12.5425,-55.7211,0.139942,AppEEARS:SPL3SMP_E.006:Soil_Moisture_Retrieval_Data_PM_soil_moisture_pm
2022-05-26,sorriso_mt,"Sorriso, MT",-12.5425,-55.7211,0.143997,AppEEARS:SPL3SMP_E.006:Soil_Moisture_Retrieval_Data_PM_soil_moisture_pm
2022-05-29,sorriso_mt,"Sorriso, MT",-12.5425,-55.7211,0.14305,AppEEARS:SPL3SMP_E.006:Soil_Moisture_Retrieval_Data_PM_soil_moisture_pm
2022-06-01,sorriso_mt,"Sorriso, MT",-12.5425,-55.7211,0.140406,AppEEARS:SPL3SMP_E.006:Soil_Moisture_Retrieval_Data_PM_soil_moisture_pm
2022-06-03,sorriso_mt,"Sorriso, MT",-12.5425,-55.7211,0.144882,AppEEARS:SPL3SMP_E.006:Soil_Moisture_Retrieval_Data_PM_soil_moisture_pm
2022-06-06,sorriso_mt,"Sorriso, MT",-12.5425,-55.7211,0.150789,AppEEARS:SPL3SMP_E.006:Soil_Moisture_Retrieval_Data_PM_soil_moisture_pm
2022-06-09,sorriso_mt,"Sorriso, MT",-12.5425,-55.7211,0.135387,AppEEARS:SPL3SMP_E.006:Soil_Moisture_Retrieval_Data_PM_soil_moisture_pm
2022-06-11,sorriso_mt,"Sorriso, MT",-12.5425,-55.7211,0.152449,AppEEARS:SPL3SMP_E.006:Soil_Moisture_Retrieval_Data_PM_soil_moisture_pm
2022-06-14,sorriso_mt,"Sorriso, MT",-12.5425,-55.7211,0.138011,AppEEARS:SPL3SMP_E.006:Soil_Moisture_Retrieval_Data_PM_soil_moisture_pm
2022-06-17,sorriso_mt,"Sorriso, MT",-12.5425,-55.7211,0.154289,AppEEARS:SPL3SMP_E.006:Soil_Moisture_Retrieval_Data_PM_soil_moisture_pm
2022-06-19,sorriso_mt,"Sorriso, MT",-12.5425,-55.7211,0.145118,AppEEARS:SPL3SMP_E.006:Soil_Moisture_Retrieval_Data_PM_soil_moisture_pm
2022-06-22,sorriso_mt,"Sorriso, MT",-12.5425,-55.7211,0.133187,AppEEARS:SPL3SMP_E.006:Soil_Moisture_Retrieval_Data_PM_soil_moisture_pm
2022-06-25,sorriso_mt,"Sorriso, MT",-12.5425,-55.7211,0.141623,AppEEARS:SPL3SMP_E.006:Soil_Moisture_Retrieval_Data_PM_soil_moisture_pm
2022-06-27,sorriso_mt,"Sorriso, MT",-12.5425,-55.7211,0.126878,AppEEARS:SPL3SMP_E.006:Soil_Moisture_Retrieval_Data_PM_soil_moisture_pm
2022-06-30,sorriso_mt,"Sorriso, MT",-12.5425,-55.7211,0.124008,AppEEARS:SPL3SMP_E.006:Soil_Moisture_Retrieval_Data_PM_soil_moisture_pm
2022-07-03,sorriso_mt,"Sorriso, MT",-12.5425,-55.7211,0.129297,AppEEARS:SPL3SMP_E.006:Soil_Moisture_Retrieval_Data_PM_soil_moisture_pm
2022-07-05,sorriso_mt,"Sorriso, MT",-12.5425,-55.7211,0.116324,AppEEARS:SPL3SMP_E.006:Soil_Moisture_Retrieval_Data_PM_soil_moisture_pm
2022-07-08,sorriso_mt,"Sorriso, MT",-12.5425,-55.7211,0.118558,AppEEARS:SPL3SMP_E.006:Soil_Moisture_Retrieval_Data_PM_soil_moisture_pm
2022-07-11,sorriso_mt,"Sorriso, MT",-12.5425,-55.7211,0.117224,AppEEARS:SPL3SMP_E.006:Soil_Moisture_Retrieval_Data_PM_soil_moisture_pm
2022-07-13,sorriso_mt,"Sorriso, MT",-12.5425,-55.7211,0.128826,AppEEARS:SPL3SMP_E.006:Soil_Moisture_Retrieval_Data_PM_soil_moisture_pm
2022-07-16,sorriso_mt,"Sorriso, MT",-12.5425,-55.7211,0.121477,AppEEARS:SPL3SMP_E.006:Soil_Moisture_Retrieval_Data_PM_soil_moisture_pm
2022-07-19,sorriso_mt,"Sorriso, MT",-12.5425,-55.7211,0.117445,AppEEARS:SPL3SMP_E.006:Soil_Moisture_Retrieval_Data_PM_soil_moisture_pm
2022-07-21,sorriso_mt,"Sorriso, MT",-12.5425,-55.7211,0.112859,AppEEARS:SPL3SMP_E.006:Soil_Moisture_Retrieval_Data_PM_soil_moisture_pm
2022-07-24,sorriso_mt,"Sorriso, MT",-12.5425,-55.7211,0.114168,AppEEARS:SPL3SMP_E.006:Soil_Moisture_Retrieval_Data_PM_soil_moisture_pm
2022-07-27,sorriso_mt,"Sorriso, MT",-12.5425,-55.7211,0.105505,AppEEARS:SPL3SMP_E.006:Soil_Moisture_Retrieval_Data_PM_soil_moisture_pm
2022-07-29,sorriso_mt,"Sorriso, MT",-12.5425,-55.7211,0.120087,AppEEARS:SPL3SMP_E.006:Soil_Moisture_Retrieval_Data_PM_soil_moisture_pm
2022-08-01,sorriso_mt,"Sorriso, MT",-12.5425,-55.7211,0.104738,AppEEARS:SPL3SMP_E.006:Soil_Moisture_Retrieval_Data_PM_soil_moisture_pm
2022-08-04,sorriso_mt,"Sorriso, MT",-12.5425,-55.7211,0.107479,AppEEARS:SPL3SMP_E.006:Soil_Moisture_Retrieval_Data_PM_soil_moisture_pm
2022-09-24,sorriso_mt,"Sorriso, MT",-12.5425,-55.7211,0.241528,AppEEARS:SPL3SMP_E.006:Soil_Moisture_Retrieval_Data_PM_soil_moisture_pm
2022-09-26,sorriso_mt,"Sorriso, MT",-12.5425,-55.7211,0.201508,AppEEARS:SPL3SMP_E.006:Soil_Moisture_Retrieval_Data_PM_soil_moisture_pm
2022-09-29,sorriso_mt,"Sorriso, MT",-12.5425,-55.7211,0.22651,AppEEARS:SPL3SMP_E.006:Soil_Moisture_Retrieval_Data_PM_soil_moisture_pm
2022-10-02,sorriso_mt,"Sorriso, MT",-12.5425,-55.7211,0.298181,AppEEARS:SPL3SMP_E.006:Soil_Moisture_Retrieval_Data_PM_soil_moisture_pm
2022-10-04,sorriso_mt,"Sorriso, MT",-12.5425,-55.7211,0.219736,AppEEARS:SPL3SMP_E.006:Soil_Moisture_Retrieval_Data_PM_soil_moisture_pm
2022-10-07,sorriso_mt,"Sorriso, MT",-12.5425,-55.7211,0.232881,AppEEARS:SPL3SMP_E.006:Soil_Moisture_Retrieval_Data_PM_soil_moisture_pm
2022-10-10,sorriso_mt,"Sorriso, MT",-12.5425,-55.7211,0.237047,AppEEARS:SPL3SMP_E.006:Soil_Moisture_Retrieval_Data_PM_soil_moisture_pm
2022-10-12,sorriso_mt,"Sorriso, MT",-12.5425,-55.7211,0.254097,AppEEARS:SPL3SMP_E.006:Soil_Moisture_Retrieval_Data_PM_soil_moisture_pm
2022-10-15,sorriso_mt,"Sorriso, MT",-12.5425,-55.7211,0.238261,AppEEARS:SPL3SMP_E.006:Soil_Moisture_Retrieval_Data_PM_soil_moisture_pm
2022-10-18,sorriso_mt,"Sorriso, MT",-12.5425,-55.7211,0.260578,AppEEARS:SPL3SMP_E.006:Soil_Moisture_Retrieval_Data_PM_soil_moisture_pm
2022-10-20,sorriso_mt,"Sorriso, MT",-12.5425,-55.7211,0.228467,AppEEARS:SPL3SMP_E.006:Soil_Moisture_Retrieval_Data_PM_soil_moisture_pm
2022-10-23,sorriso_mt,"Sorriso, MT",-12.5425,-55.7211,0.261814,AppEEARS:SPL3SMP_E.006:Soil_Moisture_Retrieval_Data_PM_soil_moisture_pm
2022-10-26,sorriso_mt,"Sorriso, MT",-12.5425,-55.7211,0.23562,AppEEARS:SPL3SMP_E.006:Soil_Moisture_Retrieval_Data_PM_soil_moisture_pm
2022-10-28,sorriso_mt,"Sorriso, MT",-12.5425,-55.7211,0.277589,AppEEARS:SPL3SMP_E.006:Soil_Moisture_Retrieval_Data_PM_soil_moisture_pm
2022-10-31,sorriso_mt,"Sorriso, MT",-12.5425,-55.7211,0.299175,AppEEARS:SPL3SMP_E.006:Soil_Moisture_Retrieval_Data_PM_soil_moisture_pm
2022-11-03,sorriso_mt,"Sorriso, MT",-12.5425,-55.7211,0.217201,AppEEARS:SPL3SMP_E.006:Soil_Moisture_Retrieval_Data_PM_soil_moisture_pm
2022-11-05,sorriso_mt,"Sorriso, MT",-12.5425,-55.7211,0.192433,AppEEARS:SPL3SMP_E.006:Soil_Moisture_Retrieval_Data_PM_soil_moisture_pm
2022-11-11,sorriso_mt,"Sorriso, MT",-12.5425,-55.7211,0.253722,AppEEARS:SPL3SMP_E.006:Soil_Moisture_Retrieval_Data_PM_soil_moisture_pm
2022-11-13,sorriso_mt,"Sorriso, MT",-12.5425,-55.7211,0.2557,AppEEARS:SPL3SMP_E.006:Soil_Moisture_Retrieval_Data_PM_soil_moisture_pm
2022-11-19,sorriso_mt,"Sorriso, MT",-12.5425,-55.7211,0.239089,AppEEARS:SPL3SMP_E.006:Soil_Moisture_Retrieval_Data_PM_soil_moisture_pm
2022-11-21,sorriso_mt,"Sorriso, MT",-12.5425,-55.7211,0.184697,AppEEARS:SPL3SMP_E.006:Soil_Moisture_Retrieval_Data_PM_soil_moisture_pm
2022-11-24,sorriso_mt,"Sorriso, MT",-12.5425,-55.7211,0.231721,AppEEARS:SPL3SMP_E.006:Soil_Moisture_Retrieval_Data_PM_soil_moisture_pm
2022-11-27,sorriso_mt,"Sorriso, MT",-12.5425,-55.7211,0.204623,AppEEARS:SPL3SMP_E.006:Soil_Moisture_Retrieval_Data_PM_soil_moisture_pm
2022-11-29,sorriso_mt,"Sorriso, MT",-12.5425,-55.7211,0.19761,AppEEARS:SPL3SMP_E.006:Soil_Moisture_Retrieval_Data_PM_soil_moisture_pm
2022-12-02,sorriso_mt,"Sorriso, MT",-12.5425,-55.7211,0.230063,AppEEARS:SPL3SMP_E.006:Soil_Moisture_Retrieval_Data_PM_soil_moisture_pm
2022-12-05,sorriso_mt,"Sorriso, MT",-12.5425,-55.7211,0.281106,AppEEARS:SPL3SMP_E.006:Soil_Moisture_Retrieval_Data_PM_soil_moisture_pm
2022-12-07,sorriso_mt,"Sorriso, MT",-12.5425,-55.7211,0.209382,AppEEARS:SPL3SMP_E.006:Soil_Moisture_Retrieval_Data_PM_soil_moisture_pm
2022-12-10,sorriso_mt,"Sorriso, MT",-12.5425,-55.7211,0.229774,AppEEARS:SPL3SMP_E.006:Soil_Moisture_Retrieval_Data_PM_soil_moisture_pm
2022-12-13,sorriso_mt,"Sorriso, MT",-12.5425,-55.7211,0.223544,AppEEARS:SPL3SMP_E.006:Soil_Moisture_Retrieval_Data_PM_soil_moisture_pm
2022-12-15,sorriso_mt,"Sorriso, MT",-12.5425,-55.7211,0.237256,AppEEARS:SPL3SMP_E.006:Soil_Moisture_Retrieval_Data_PM_soil_moisture_pm
2022-12-18,sorriso_mt,"Sorriso, MT",-12.5425,-55.7211,0.272856,AppEEARS:SPL3SMP_E.006:Soil_Moisture_Retrieval_Data_PM_soil_moisture_pm
2022-12-21,sorriso_mt,"Sorriso, MT",-12.5425,-55.7211,0.245177,AppEEARS:SPL3SMP_E.006:Soil_Moisture_Retrieval_Data_PM_soil_moisture_pm
2022-12-23,sorriso_mt,"Sorriso, MT",-12.5425,-55.7211,0.247819,AppEEARS:SPL3SMP_E.006:Soil_Moisture_Retrieval_Data_PM_soil_moisture_pm
2022-12-26,sorriso_mt,"Sorriso, MT",-12.5425,-55.7211,0.23509,AppEEARS:SPL3SMP_E.006:Soil_Moisture_Retrieval_Data_PM_soil_moisture_pm
2022-12-29,sorriso_mt,"Sorriso, MT",-12.5425,-55.7211,0.261325,AppEEARS:SPL3SMP_E.006:Soil_Moisture_Retrieval_Data_PM_soil_moisture_pm
2023-01-03,sorriso_mt,"Sorriso, MT",-12.5425,-55.7211,0.252466,AppEEARS:SPL3SMP_E.006:Soil_Moisture_Retrieval_Data_PM_soil_moisture_pm
2023-01-06,sorriso_mt,"Sorriso, MT",-12.5425,-55.7211,0.254325,AppEEARS:SPL3SMP_E.006:Soil_Moisture_Retrieval_Data_PM_soil_moisture_pm
2023-01-08,sorriso_mt,"Sorriso, MT",-12.5425,-55.7211,0.298067,AppEEARS:SPL3SMP_E.006:Soil_Moisture_Retrieval_Data_PM_soil_moisture_pm
2023-01-11,sorriso_mt,"Sorriso, MT",-12.5425,-55.7211,0.281917,AppEEARS:SPL3SMP_E.006:Soil_Moisture_Retrieval_Data_PM_soil_moisture_pm
2023-01-14,sorriso_mt,"Sorriso, MT",-12.5425,-55.7211,0.283654,AppEEARS:SPL3SMP_E.006:Soil_Moisture_Retrieval_Data_PM_soil_moisture_pm
2023-01-16,sorriso_mt,"Sorriso, MT",-12.5425,-55.7211,0.284811,AppEEARS:SPL3SMP_E.006:Soil_Moisture_Retrieval_Data_PM_soil_moisture_pm
2023-01-19,sorriso_mt,"Sorriso, MT",-12.5425,-55.7211,0.2842,AppEEARS:SPL3SMP_E.006:Soil_Moisture_Retrieval_Data_PM_soil_moisture_pm
2023-01-22,sorriso_mt,"Sorriso, MT",-12.5425,-55.7211,0.291996,AppEEARS:SPL3SMP_E.006:Soil_Moisture_Retrieval_Data_PM_soil_moisture_pm
2023-01-24,sorriso_mt,"Sorriso, MT",-12.5425,-55.7211,0.320976,AppEEARS:SPL3SMP_E.006:Soil_Moisture_Retrieval_Data_PM_soil_moisture_pm
2023-01-27,sorriso_mt,"Sorriso, MT",-12.5425,-55.7211,0.299052,AppEEARS:SPL3SMP_E.006:Soil_Moisture_Retrieval_Data_PM_soil_moisture_pm
2023-01-30,sorriso_mt,"Sorriso, MT",-12.5425,-55.7211,0.255927,AppEEARS:SPL3SMP_E.006:Soil_Moisture_Retrieval_Data_PM_soil_moisture_pm
2023-02-01,sorriso_mt,"Sorriso, MT",-12.5425,-55.7211,0.290563,AppEEARS:SPL3SMP_E.006:Soil_Moisture_Retrieval_Data_PM_soil_moisture_pm
2023-02-04,sorriso_mt,"Sorriso, MT",-12.5425,-55.7211,0.297044,AppEEARS:SPL3SMP_E.006:Soil_Moisture_Retrieval_Data_PM_soil_moisture_pm
2023-02-07,sorriso_mt,"Sorriso, MT",-12.5425,-55.7211,0.341019,AppEEARS:SPL3SMP_E.006:Soil_Moisture_Retrieval_Data_PM_soil_moisture_pm
2023-02-09,sorriso_mt,"Sorriso, MT",-12.5425,-55.7211,0.285086,AppEEARS:SPL3SMP_E.006:Soil_Moisture_Retrieval_Data_PM_soil_moisture_pm
2023-02-12,sorriso_mt,"Sorriso, MT",-12.5425,-55.7211,0.292057,AppEEARS:SPL3SMP_E.006:Soil_Moisture_Retrieval_Data_PM_soil_moisture_pm
2023-02-15,sorriso_mt,"Sorriso, MT",-12.5425,-55.7211,0.288716,AppEEARS:SPL3SMP_E.006:Soil_Moisture_Retrieval_Data_PM_soil_moisture_pm
2023-02-17,sorriso_mt,"Sorriso, MT",-12.5425,-55.7211,0.381445,AppEEARS:SPL3SMP_E.006:Soil_Moisture_Retrieval_Data_PM_soil_moisture_pm
2023-02-20,sorriso_mt,"Sorriso, MT",-12.5425,-55.7211,0.30644,AppEEARS:SPL3SMP_E.006:Soil_Moisture_Retrieval_Data_PM_soil_moisture_pm
2023-02-23,sorriso_mt,"Sorriso, MT",-12.5425,-55.7211,0.263021,AppEEARS:SPL3SMP_E.006:Soil_Moisture_Retrieval_Data_PM_soil_moisture_pm
2023-02-25,sorriso_mt,"Sorriso, MT",-12.5425,-55.7211,0.300184,AppEEARS:SPL3SMP_E.006:Soil_Moisture_Retrieval_Data_PM_soil_moisture_pm
2023-02-28,sorriso_mt,"Sorriso, MT",-12.5425,-55.7211,0.245018,AppEEARS:SPL3SMP_E.006:Soil_Moisture_Retrieval_Data_PM_soil_moisture_pm
2023-03-03,sorriso_mt,"Sorriso, MT",-12.5425,-55.7211,0.330717,AppEEARS:SPL3SMP_E.006:Soil_Moisture_Retrieval_Data_PM_soil_moisture_pm
2023-03-05,sorriso_mt,"Sorriso, MT",-12.5425,-55.7211,0.260996,AppEEARS:SPL3SMP_E.006:Soil_Moisture_Retrieval_Data_PM_soil_moisture_pm
2023-03-08,sorriso_mt,"Sorriso, MT",-12.5425,-55.7211,0.276378,AppEEARS:SPL3SMP_E.006:Soil_Moisture_Retrieval_Data_PM_soil_moisture_pm
2023-03-11,sorriso_mt,"Sorriso, MT",-12.5425,-55.7211,0.268834,AppEEARS:SPL3SMP_E.006:Soil_Moisture_Retrieval_Data_PM_soil_moisture_pm
2023-03-13,sorriso_mt,"Sorriso, MT",-12.5425,-55.7211,0.25707,AppEEARS:SPL3SMP_E.006:Soil_Moisture_Retrieval_Data_PM_soil_moisture_pm
2023-03-16,sorriso_mt,"Sorriso, MT",-12.5425,-55.7211,0.270589,AppEEARS:SPL3SMP_E.006:Soil_Moisture_Retrieval_Data_PM_soil_moisture_pm
2023-03-19,sorriso_mt,"Sorriso, MT",-12.5425,-55.7211,0.261756,AppEEARS:SPL3SMP_E.006:Soil_Moisture_Retrieval_Data_PM_soil_moisture_pm
2023-03-21,sorriso_mt,"Sorriso, MT",-12.5425,-55.7211,0.273261,AppEEARS:SPL3SMP_E.006:Soil_Moisture_Retrieval_Data_PM_soil_moisture_pm
2023-03-24,sorriso_mt,"Sorriso, MT",-12.5425,-55.7211,0.22828,AppEEARS:SPL3SMP_E.006:Soil_Moisture_Retrieval_Data_PM_soil_moisture_pm
2023-03-27,sorriso_mt,"Sorriso, MT",-12.5425,-55.7211,0.319219,AppEEARS:SPL3SMP_E.006:Soil_Moisture_Retrieval_Data_PM_soil_moisture_pm
2023-03-29,sorriso_mt,"Sorriso, MT",-12.5425,-55.7211,0.256421,AppEEARS:SPL3SMP_E.006:Soil_Moisture_Retrieval_Data_PM_soil_moisture_pm
2023-04-01,sorriso_mt,"Sorriso, MT",-12.5425,-55.7211,0.206267,AppEEARS:SPL3SMP_E.006:Soil_Moisture_Retrieval_Data_PM_soil_moisture_pm
2023-04-04,sorriso_mt,"Sorriso, MT",-12.5425,-55.7211,0.183597,AppEEARS:SPL3SMP_E.006:Soil_Moisture_Retrieval_Data_PM_soil_moisture_pm
2023-04-06,sorriso_mt,"Sorriso, MT",-12.5425,-55.7211,0.205864,AppEEARS:SPL3SMP_E.006:Soil_Moisture_Retrieval_Data_PM_soil_moisture_pm
2023-04-09,sorriso_mt,"Sorriso, MT",-12.5425,-55.7211,0.202533,AppEEARS:SPL3SMP_E.006:Soil_Moisture_Retrieval_Data_PM_soil_moisture_pm
2023-04-12,sorriso_mt,"Sorriso, MT",-12.5425,-55.7211,0.206393,AppEEARS:SPL3SMP_E.006:Soil_Moisture_Retrieval_Data_PM_soil_moisture_pm
2023-04-14,sorriso_mt,"Sorriso, MT",-12.5425,-55.7211,0.200048,AppEEARS:SPL3SMP_E.006:Soil_Moisture_Retrieval_Data_PM_soil_moisture_pm
2023-04-17,sorriso_mt,"Sorriso, MT",-12.5425,-55.7211,0.175278,AppEEARS:SPL3SMP_E.006:Soil_Moisture_Retrieval_Data_PM_soil_moisture_pm
2023-04-20,sorriso_mt,"Sorriso, MT",-12.5425,-55.7211,0.165669,AppEEARS:SPL3SMP_E.006:Soil_Moisture_Retrieval_Data_PM_soil_moisture_pm
2023-04-22,sorriso_mt,"Sorriso, MT",-12.5425,-55.7211,0.280681,AppEEARS:SPL3SMP_E.006:Soil_Moisture_Retrieval_Data_PM_soil_moisture_pm
2023-04-25,sorriso_mt,"Sorriso, MT",-12.5425,-55.7211,0.208007,AppEEARS:SPL3SMP_E.006:Soil_Moisture_Retrieval_Data_PM_soil_moisture_pm
2023-04-28,sorriso_mt,"Sorriso, MT",-12.5425,-55.7211,0.179093,AppEEARS:SPL3SMP_E.006:Soil_Moisture_Retrieval_Data_PM_soil_moisture_pm
2023-04-30,sorriso_mt,"Sorriso, MT",-12.5425,-55.7211,0.182306,AppEEARS:SPL3SMP_E.006:Soil_Moisture_Retrieval_Data_PM_soil_moisture_pm
2023-05-03,sorriso_mt,"Sorriso, MT",-12.5425,-55.7211,0.184697,AppEEARS:SPL3SMP_E.006:Soil_Moisture_Retrieval_Data_PM_soil_moisture_pm
2023-05-06,sorriso_mt,"Sorriso, MT",-12.5425,-55.7211,0.176225,AppEEARS:SPL3SMP_E.006:Soil_Moisture_Retrieval_Data_PM_soil_moisture_pm
2023-05-08,sorriso_mt,"Sorriso, MT",-12.5425,-55.7211,0.168136,AppEEARS:SPL3SMP_E.006:Soil_Moisture_Retrieval_Data_PM_soil_moisture_pm
2023-05-11,sorriso_mt,"Sorriso, MT",-12.5425,-55.7211,0.159761,AppEEARS:SPL3SMP_E.006:Soil_Moisture_Retrieval_Data_PM_soil_moisture_pm
2023-05-14,sorriso_mt,"Sorriso, MT",-12.5425,-55.7211,0.173043,AppEEARS:SPL3SMP_E.006:Soil_Moisture_Retrieval_Data_PM_soil_moisture_pm
2023-05-16,sorriso_mt,"Sorriso, MT",-12.5425,-55.7211,0.157778,AppEEARS:SPL3SMP_E.006:Soil_Moisture_Retrieval_Data_PM_soil_moisture_pm
2023-05-19,sorriso_mt,"Sorriso, MT",-12.5425,-55.7211,0.155444,AppEEARS:SPL3SMP_E.006:Soil_Moisture_Retrieval_Data_PM_soil_moisture_pm
2023-05-22,sorriso_mt,"Sorriso, MT",-12.5425,-55.7211,0.145275,AppEEARS:SPL3SMP_E.006:Soil_Moisture_Retrieval_Data_PM_soil_moisture_pm
2023-05-24,sorriso_mt,"Sorriso, MT",-12.5425,-55.7211,0.143641,AppEEARS:SPL3SMP_E.006:Soil_Moisture_Retrieval_Data_PM_soil_moisture_pm
2023-05-27,sorriso_mt,"Sorriso, MT",-12.5425,-55.7211,0.149079,AppEEARS:SPL3SMP_E.006:Soil_Moisture_Retrieval_Data_PM_soil_moisture_pm
2023-06-01,sorriso_mt,"Sorriso, MT",-12.5425,-55.7211,0.197636,AppEEARS:SPL3SMP_E.006:Soil_Moisture_Retrieval_Data_PM_soil_moisture_pm
2023-06-04,sorriso_mt,"Sorriso, MT",-12.5425,-55.7211,0.179558,AppEEARS:SPL3SMP_E.006:Soil_Moisture_Retrieval_Data_PM_soil_moisture_pm
2023-06-07,sorriso_mt,"Sorriso, MT",-12.5425,-55.7211,0.172818,AppEEARS:SPL3SMP_E.006:Soil_Moisture_Retrieval_Data_PM_soil_moisture_pm
2023-06-09,sorriso_mt,"Sorriso, MT",-12.5425,-55.7211,0.167716,AppEEARS:SPL3SMP_E.006:Soil_Moisture_Retrieval_Data_PM_soil_moisture_pm
2023-06-12,sorriso_mt,"Sorriso, MT",-12.5425,-55.7211,0.177268,AppEEARS:SPL3SMP_E.006:Soil_Moisture_Retrieval_Data_PM_soil_moisture_pm
2023-06-15,sorriso_mt,"Sorriso, MT",-12.5425,-55.7211,0.163685,AppEEARS:SPL3SMP_E.006:Soil_Moisture_Retrieval_Data_PM_soil_moisture_pm
2023-06-17,sorriso_mt,"Sorriso, MT",-12.5425,-55.7211,0.161614,AppEEARS:SPL3SMP_E.006:Soil_Moisture_Retrieval_Data_PM_soil_moisture_pm
2023-06-20,sorriso_mt,"Sorriso, MT",-12.5425,-55.7211,0.167657,AppEEARS:SPL3SMP_E.006:Soil_Moisture_Retrieval_Data_PM_soil_moisture_pm
2023-06-23,sorriso_mt,"Sorriso, MT",-12.5425,-55.7211,0.167003,AppEEARS:SPL3SMP_E.006:Soil_Moisture_Retrieval_Data_PM_soil_moisture_pm
2023-06-25,sorriso_mt,"Sorriso, MT",-12.5425,-55.7211,0.170266,AppEEARS:SPL3SMP_E.006:Soil_Moisture_Retrieval_Data_PM_soil_moisture_pm
2023-06-28,sorriso_mt,"Sorriso, MT",-12.5425,-55.7211,0.166282,AppEEARS:SPL3SMP_E.006:Soil_Moisture_Retrieval_Data_PM_soil_moisture_pm
2023-07-01,sorriso_mt,"Sorriso, MT",-12.5425,-55.7211,0.164163,AppEEARS:SPL3SMP_E.006:Soil_Moisture_Retrieval_Data_PM_soil_moisture_pm
2023-07-03,sorriso_mt,"Sorriso, MT",-12.5425,-55.7211,0.159509,AppEEARS:SPL3SMP_E.006:Soil_Moisture_Retrieval_Data_PM_soil_moisture_pm
2023-07-06,sorriso_mt,"Sorriso, MT",-12.5425,-55.7211,0.162318,AppEEARS:SPL3SMP_E.006:Soil_Moisture_Retrieval_Data_PM_soil_moisture_pm
2023-07-09,sorriso_mt,"Sorriso, MT",-12.5425,-55.7211,0.156199,AppEEARS:SPL3SMP_E.006:Soil_Moisture_Retrieval_Data_PM_soil_moisture_pm
2023-07-11,sorriso_mt,"Sorriso, MT",-12.5425,-55.7211,0.164695,AppEEARS:SPL3SMP_E.006:Soil_Moisture_Retrieval_Data_PM_soil_moisture_pm
2023-07-14,sorriso_mt,"Sorriso, MT",-12.5425,-55.7211,0.148206,AppEEARS:SPL3SMP_E.006:Soil_Moisture_Retrieval_Data_PM_soil_moisture_pm
2023-07-17,sorriso_mt,"Sorriso, MT",-12.5425,-55.7211,0.150169,AppEEARS:SPL3SMP_E.006:Soil_Moisture_Retrieval_Data_PM_soil_moisture_pm
2023-07-19,sorriso_mt,"Sorriso, MT",-12.5425,-55.7211,0.148104,AppEEARS:SPL3SMP_E.006:Soil_Moisture_Retrieval_Data_PM_soil_moisture_pm
2023-07-22,sorriso_mt,"Sorriso, MT",-12.5425,-55.7211,0.137551,AppEEARS:SPL3SMP_E.006:Soil_Moisture_Retrieval_Data_PM_soil_moisture_pm
2023-07-25,sorriso_mt,"Sorriso, MT",-12.5425,-55.7211,0.145024,AppEEARS:SPL3SMP_E.006:Soil_Moisture_Retrieval_Data_PM_soil_moisture_pm
2023-07-27,sorriso_mt,"Sorriso, MT",-12.5425,-55.7211,0.14649,AppEEARS:SPL3SMP_E.006:Soil_Moisture_Retrieval_Data_PM_soil_moisture_pm
2023-07-30,sorriso_mt,"Sorriso, MT",-12.5425,-55.7211,0.137082,AppEEARS:SPL3SMP_E.006:Soil_Moisture_Retrieval_Data_PM_soil_moisture_pm
2023-08-02,sorriso_mt,"Sorriso, MT",-12.5425,-55.7211,0.14928,AppEEARS:SPL3SMP_E.006:Soil_Moisture_Retrieval_Data_PM_soil_moisture_pm
2023-08-04,sorriso_mt,"Sorriso, MT",-12.5425,-55.7211,0.132262,AppEEARS:SPL3SMP_E.006:Soil_Moisture_Retrieval_Data_PM_soil_moisture_pm
2023-08-07,sorriso_mt,"Sorriso, MT",-12.5425,-55.7211,0.142282,AppEEARS:SPL3SMP_E.006:Soil_Moisture_Retrieval_Data_PM_soil_moisture_pm
2023-08-10,sorriso_mt,"Sorriso, MT",-12.5425,-55.7211,0.138371,AppEEARS:SPL3SMP_E.006:Soil_Moisture_Retrieval_Data_PM_soil_moisture_pm
2023-08-12,sorriso_mt,"Sorriso, MT",-12.5425,-55.7211,0.134121,AppEEARS:SPL3SMP_E.006:Soil_Moisture_Retrieval_Data_PM_soil_moisture_pm
2023-08-15,sorriso_mt,"Sorriso, MT",-12.5425,-55.7211,0.136719,AppEEARS:SPL3SMP_E.006:Soil_Moisture_Retrieval_Data_PM_soil_moisture_pm
2023-08-18,sorriso_mt,"Sorriso, MT",-12.5425,-55.7211,0.136303,AppEEARS:SPL3SMP_E.006:Soil_Moisture_Retrieval_Data_PM_soil_moisture_pm
2023-08-20,sorriso_mt,"Sorriso, MT",-12.5425,-55.7211,0.146741,AppEEARS:SPL3SMP_E.006:Soil_Moisture_Retrieval_Data_PM_soil_moisture_pm
2023-08-26,sorriso_mt,"Sorriso, MT",-12.5425,-55.7211,0.12774,AppEEARS:SPL3SMP_E.006:Soil_Moisture_Retrieval_Data_PM_soil_moisture_pm
2023-08-28,sorriso_mt,"Sorriso, MT",-12.5425,-55.7211,0.210984,AppEEARS:SPL3SMP_E.006:Soil_Moisture_Retrieval_Data_PM_soil_moisture_pm
2023-08-31,sorriso_mt,"Sorriso, MT",-12.5425,-55.7211,0.236864,AppEEARS:SPL3SMP_E.006:Soil_Moisture_Retrieval_Data_PM_soil_moisture_pm
2023-09-03,sorriso_mt,"Sorriso, MT",-12.5425,-55.7211,0.225649,AppEEARS:SPL3SMP_E.006:Soil_Moisture_Retrieval_Data_PM_soil_moisture_pm
2023-09-05,sorriso_mt,"Sorriso, MT",-12.5425,-55.7211,0.22714,AppEEARS:SPL3SMP_E.006:Soil_Moisture_Retrieval_Data_PM_soil_moisture_pm
2023-09-08,sorriso_mt,"Sorriso, MT",-12.5425,-55.7211,0.217972,AppEEARS:SPL3SMP_E.006:Soil_Moisture_Retrieval_Data_PM_soil_moisture_pm
2023-09-11,sorriso_mt,"Sorriso, MT",-12.5425,-55.7211,0.211859,AppEEARS:SPL3SMP_E.006:Soil_Moisture_Retrieval_Data_PM_soil_moisture_pm
2023-09-13,sorriso_mt,"Sorriso, MT",-12.5425,-55.7211,0.210928,AppEEARS:SPL3SMP_E.006:Soil_Moisture_Retrieval_Data_PM_soil_moisture_pm
2023-09-16,sorriso_mt,"Sorriso, MT",-12.5425,-55.7211,0.197425,AppEEARS:SPL3SMP_E.006:Soil_Moisture_Retrieval_Data_PM_soil_moisture_pm
2023-09-19,sorriso_mt,"Sorriso, MT",-12.5425,-55.7211,0.219428,AppEEARS:SPL3SMP_E.006:Soil_Moisture_Retrieval_Data_PM_soil_moisture_pm
2023-09-21,sorriso_mt,"Sorriso, MT",-12.5425,-55.7211,0.204371,AppEEARS:SPL3SMP_E.006:Soil_Moisture_Retrieval_Data_PM_soil_moisture_pm
2023-09-24,sorriso_mt,"Sorriso, MT",-12.5425,-55.7211,0.213974,AppEEARS:SPL3SMP_E.006:Soil_Moisture_Retrieval_Data_PM_soil_moisture_pm
2023-09-27,sorriso_mt,"Sorriso, MT",-12.5425,-55.7211,0.221559,AppEEARS:SPL3SMP_E.006:Soil_Moisture_Retrieval_Data_PM_soil_moisture_pm
2023-09-29,sorriso_mt,"Sorriso, MT",-12.5425,-55.7211,0.240838,AppEEARS:SPL3SMP_E.006:Soil_Moisture_Retrieval_Data_PM_soil_moisture_pm
2023-10-02,sorriso_mt,"Sorriso, MT",-12.5425,-55.7211,0.296889,AppEEARS:SPL3SMP_E.006:Soil_Moisture_Retrieval_Data_PM_soil_moisture_pm
2023-10-05,sorriso_mt,"Sorriso, MT",-12.5425,-55.7211,0.258654,AppEEARS:SPL3SMP_E.006:Soil_Moisture_Retrieval_Data_PM_soil_moisture_pm
2023-10-07,sorriso_mt,"Sorriso, MT",-12.5425,-55.7211,0.247721,AppEEARS:SPL3SMP_E.006:Soil_Moisture_Retrieval_Data_PM_soil_moisture_pm
2023-10-10,sorriso_mt,"Sorriso, MT",-12.5425,-55.7211,0.298984,AppEEARS:SPL3SMP_E.006:Soil_Moisture_Retrieval_Data_PM_soil_moisture_pm
2023-10-13,sorriso_mt,"Sorriso, MT",-12.5425,-55.7211,0.297189,AppEEARS:SPL3SMP_E.006:Soil_Moisture_Retrieval_Data_PM_soil_moisture_pm
2023-10-15,sorriso_mt,"Sorriso, MT",-12.5425,-55.7211,0.243071,AppEEARS:SPL3SMP_E.006:Soil_Moisture_Retrieval_Data_PM_soil_moisture_pm
2023-10-18,sorriso_mt,"Sorriso, MT",-12.5425,-55.7211,0.24092,AppEEARS:SPL3SMP_E.006:Soil_Moisture_Retrieval_Data_PM_soil_moisture_pm
2023-10-21,sorriso_mt,"Sorriso, MT",-12.5425,-55.7211,0.229994,AppEEARS:SPL3SMP_E.006:Soil_Moisture_Retrieval_Data_PM_soil_moisture_pm
2023-10-23,sorriso_mt,"Sorriso, MT",-12.5425,-55.7211,0.213885,AppEEARS:SPL3SMP_E.006:Soil_Moisture_Retrieval_Data_PM_soil_moisture_pm
2023-10-26,sorriso_mt,"Sorriso, MT",-12.5425,-55.7211,0.263772,AppEEARS:SPL3SMP_E.006:Soil_Moisture_Retrieval_Data_PM_soil_moisture_pm
2023-10-29,sorriso_mt,"Sorriso, MT",-12.5425,-55.7211,0.242028,AppEEARS:SPL3SMP_E.006:Soil_Moisture_Retrieval_Data_PM_soil_moisture_pm
2023-10-31,sorriso_mt,"Sorriso, MT",-12.5425,-55.7211,0.24491,AppEEARS:SPL3SMP_E.006:Soil_Moisture_Retrieval_Data_PM_soil_moisture_pm
2023-11-03,sorriso_mt,"Sorriso, MT",-12.5425,-55.7211,0.295595,AppEEARS:SPL3SMP_E.006:Soil_Moisture_Retrieval_Data_PM_soil_moisture_pm
2023-11-06,sorriso_mt,"Sorriso, MT",-12.5425,-55.7211,0.209391,AppEEARS:SPL3SMP_E.006:Soil_Moisture_Retrieval_Data_PM_soil_moisture_pm
2023-11-08,sorriso_mt,"Sorriso, MT",-12.5425,-55.7211,0.187967,AppEEARS:SPL3SMP_E.006:Soil_Moisture_Retrieval_Data_PM_soil_moisture_pm
2023-11-11,sorriso_mt,"Sorriso, MT",-12.5425,-55.7211,0.218092,AppEEARS:SPL3SMP_E.006:Soil_Moisture_Retrieval_Data_PM_soil_moisture_pm
2023-11-14,sorriso_mt,"Sorriso, MT",-12.5425,-55.7211,0.191128,AppEEARS:SPL3SMP_E.006:Soil_Moisture_Retrieval_Data_PM_soil_moisture_pm
2023-11-16,sorriso_mt,"Sorriso, MT",-12.5425,-55.7211,0.245272,AppEEARS:SPL3SMP_E.006:Soil_Moisture_Retrieval_Data_PM_soil_moisture_pm
2023-11-19,sorriso_mt,"Sorriso, MT",-12.5425,-55.7211,0.215763,AppEEARS:SPL3SMP_E.006:Soil_Moisture_Retrieval_Data_PM_soil_moisture_pm
2023-11-22,sorriso_mt,"Sorriso, MT",-12.5425,-55.7211,0.221706,AppEEARS:SPL3SMP_E.006:Soil_Moisture_Retrieval_Data_PM_soil_moisture_pm
2023-11-24,sorriso_mt,"Sorriso, MT",-12.5425,-55.7211,0.182279,AppEEARS:SPL3SMP_E.006:Soil_Moisture_Retrieval_Data_PM_soil_moisture_pm
2023-11-30,sorriso_mt,"Sorriso, MT",-12.5425,-55.7211,0.19281,AppEEARS:SPL3SMP_E.006:Soil_Moisture_Retrieval_Data_PM_soil_moisture_pm
2023-12-02,sorriso_mt,"Sorriso, MT",-12.5425,-55.7211,0.168113,AppEEARS:SPL3SMP_E.006:Soil_Moisture_Retrieval_Data_PM_soil_moisture_pm
2023-12-05,sorriso_mt,"Sorriso, MT",-12.5425,-55.7211,0.212422,AppEEARS:SPL3SMP_E.006:Soil_Moisture_Retrieval_Data_PM_soil_moisture_pm
2023-12-08,sorriso_mt,"Sorriso, MT",-12.5425,-55.7211,0.198433,AppEEARS:SPL3SMP_E.006:Soil_Moisture_Retrieval_Data_PM_soil_moisture_pm
2023-12-10,sorriso_mt,"Sorriso, MT",-12.5425,-55.7211,0.190165,AppEEARS:SPL3SMP_E.006:Soil_Moisture_Retrieval_Data_PM_soil_moisture_pm
2023-12-13,sorriso_mt,"Sorriso, MT",-12.5425,-55.7211,0.184521,AppEEARS:SPL3SMP_E.006:Soil_Moisture_Retrieval_Data_PM_soil_moisture_pm
2023-12-16,sorriso_mt,"Sorriso, MT",-12.5425,-55.7211,0.201296,AppEEARS:SPL3SMP_E.006:Soil_Moisture_Retrieval_Data_PM_soil_moisture_pm
2023-12-18,sorriso_mt,"Sorriso, MT",-12.5425,-55.7211,0.169605,AppEEARS:SPL3SMP_E.006:Soil_Moisture_Retrieval_Data_PM_soil_moisture_pm
2023-12-21,sorriso_mt,"Sorriso, MT",-12.5425,-55.7211,0.222568,AppEEARS:SPL3SMP_E.006:Soil_Moisture_Retrieval_Data_PM_soil_moisture_pm
2023-12-24,sorriso_mt,"Sorriso, MT",-12.5425,-55.7211,0.24395,AppEEARS:SPL3SMP_E.006:Soil_Moisture_Retrieval_Data_PM_soil_moisture_pm
2023-12-26,sorriso_mt,"Sorriso, MT",-12.5425,-55.7211,0.213692,AppEEARS:SPL3SMP_E.006:Soil_Moisture_Retrieval_Data_PM_soil_moisture_pm
2024-01-01,sorriso_mt,"Sorriso, MT",-12.5425,-55.7211,0.321532,AppEEARS:SPL3SMP_E.006:Soil_Moisture_Retrieval_Data_PM_soil_moisture_pm
2024-01-03,sorriso_mt,"Sorriso, MT",-12.5425,-55.7211,0.278343,AppEEARS:SPL3SMP_E.006:Soil_Moisture_Retrieval_Data_PM_soil_moisture_pm
2024-01-06,sorriso_mt,"Sorriso, MT",-12.5425,-55.7211,0.294253,AppEEARS:SPL3SMP_E.006:Soil_Moisture_Retrieval_Data_PM_soil_moisture_pm
2024-01-09,sorriso_mt,"Sorriso, MT",-12.5425,-55.7211,0.306638,AppEEARS:SPL3SMP_E.006:Soil_Moisture_Retrieval_Data_PM_soil_moisture_pm
2024-01-11,sorriso_mt,"Sorriso, MT",-12.5425,-55.7211,0.343434,AppEEARS:SPL3SMP_E.006:Soil_Moisture_Retrieval_Data_PM_soil_moisture_pm
2024-01-14,sorriso_mt,"Sorriso, MT",-12.5425,-55.7211,0.258176,AppEEARS:SPL3SMP_E.006:Soil_Moisture_Retrieval_Data_PM_soil_moisture_pm
2024-01-17,sorriso_mt,"Sorriso, MT",-12.5425,-55.7211,0.231433,AppEEARS:SPL3SMP_E.006:Soil_Moisture_Retrieval_Data_PM_soil_moisture_pm
2024-01-19,sorriso_mt,"Sorriso, MT",-12.5425,-55.7211,0.285953,AppEEARS:SPL3SMP_E.006:Soil_Moisture_Retrieval_Data_PM_soil_moisture_pm
2024-01-22,sorriso_mt,"Sorriso, MT",-12.5425,-55.7211,0.238621,AppEEARS:SPL3SMP_E.006:Soil_Moisture_Retrieval_Data_PM_soil_moisture_pm
2024-01-25,sorriso_mt,"Sorriso, MT",-12.5425,-55.7211,0.325078,AppEEARS:SPL3SMP_E.006:Soil_Moisture_Retrieval_Data_PM_soil_moisture_pm
2024-01-27,sorriso_mt,"Sorriso, MT",-12.5425,-55.7211,0.276694,AppEEARS:SPL3SMP_E.006:Soil_Moisture_Retrieval_Data_PM_soil_moisture_pm
2024-01-30,sorriso_mt,"Sorriso, MT",-12.5425,-55.7211,0.274305,AppEEARS:SPL3SMP_E.006:Soil_Moisture_Retrieval_Data_PM_soil_moisture_pm
2024-02-02,sorriso_mt,"Sorriso, MT",-12.5425,-55.7211,0.273115,AppEEARS:SPL3SMP_E.006:Soil_Moisture_Retrieval_Data_PM_soil_moisture_pm
2024-02-04,sorriso_mt,"Sorriso, MT",-12.5425,-55.7211,0.317711,AppEEARS:SPL3SMP_E.006:Soil_Moisture_Retrieval_Data_PM_soil_moisture_pm
2024-02-07,sorriso_mt,"Sorriso, MT",-12.5425,-55.7211,0.264785,AppEEARS:SPL3SMP_E.006:Soil_Moisture_Retrieval_Data_PM_soil_moisture_pm
2024-02-10,sorriso_mt,"Sorriso, MT",-12.5425,-55.7211,0.34585,AppEEARS:SPL3SMP_E.006:Soil_Moisture_Retrieval_Data_PM_soil_moisture_pm
2024-02-12,sorriso_mt,"Sorriso, MT",-12.5425,-55.7211,0.3098,AppEEARS:SPL3SMP_E.006:Soil_Moisture_Retrieval_Data_PM_soil_moisture_pm
2024-02-15,sorriso_mt,"Sorriso, MT",-12.5425,-55.7211,0.218501,AppEEARS:SPL3SMP_E.006:Soil_Moisture_Retrieval_Data_PM_soil_moisture_pm
2024-02-18,sorriso_mt,"Sorriso, MT",-12.5425,-55.7211,0.316237,AppEEARS:SPL3SMP_E.006:Soil_Moisture_Retrieval_Data_PM_soil_moisture_pm
2024-02-20,sorriso_mt,"Sorriso, MT",-12.5425,-55.7211,0.33528,AppEEARS:SPL3SMP_E.006:Soil_Moisture_Retrieval_Data_PM_soil_moisture_pm
2024-02-23,sorriso_mt,"Sorriso, MT",-12.5425,-55.7211,0.280924,AppEEARS:SPL3SMP_E.006:Soil_Moisture_Retrieval_Data_PM_soil_moisture_pm
2024-02-26,sorriso_mt,"Sorriso, MT",-12.5425,-55.7211,0.212544,AppEEARS:SPL3SMP_E.006:Soil_Moisture_Retrieval_Data_PM_soil_moisture_pm
2024-02-28,sorriso_mt,"Sorriso, MT",-12.5425,-55.7211,0.231056,AppEEARS:SPL3SMP_E.006:Soil_Moisture_Retrieval_Data_PM_soil_moisture_pm
2024-03-02,sorriso_mt,"Sorriso, MT",-12.5425,-55.7211,0.203998,AppEEARS:SPL3SMP_E.006:Soil_Moisture_Retrieval_Data_PM_soil_moisture_pm
2024-03-05,sorriso_mt,"Sorriso, MT",-12.5425,-55.7211,0.293392,AppEEARS:SPL3SMP_E.006:Soil_Moisture_Retrieval_Data_PM_soil_moisture_pm
2024-03-07,sorriso_mt,"Sorriso, MT",-12.5425,-55.7211,0.239655,AppEEARS:SPL3SMP_E.006:Soil_Moisture_Retrieval_Data_PM_soil_moisture_pm
2024-03-10,sorriso_mt,"Sorriso, MT",-12.5425,-55.7211,0.192638,AppEEARS:SPL3SMP_E.006:Soil_Moisture_Retrieval_Data_PM_soil_moisture_pm
2024-03-13,sorriso_mt,"Sorriso, MT",-12.5425,-55.7211,0.242161,AppEEARS:SPL3SMP_E.006:Soil_Moisture_Retrieval_Data_PM_soil_moisture_pm
2024-03-15,sorriso_mt,"Sorriso, MT",-12.5425,-55.7211,0.174283,AppEEARS:SPL3SMP_E.006:Soil_Moisture_Retrieval_Data_PM_soil_moisture_pm
2024-03-18,sorriso_mt,"Sorriso, MT",-12.5425,-55.7211,0.157343,AppEEARS:SPL3SMP_E.006:Soil_Moisture_Retrieval_Data_PM_soil_moisture_pm
2024-03-21,sorriso_mt,"Sorriso, MT",-12.5425,-55.7211,0.216376,AppEEARS:SPL3SMP_E.006:Soil_Moisture_Retrieval_Data_PM_soil_moisture_pm
2024-03-23,sorriso_mt,"Sorriso, MT",-12.5425,-55.7211,0.252545,AppEEARS:SPL3SMP_E.006:Soil_Moisture_Retrieval_Data_PM_soil_moisture_pm
2024-03-26,sorriso_mt,"Sorriso, MT",-12.5425,-55.7211,0.247615,AppEEARS:SPL3SMP_E.006:Soil_Moisture_Retrieval_Data_PM_soil_moisture_pm
2024-03-29,sorriso_mt,"Sorriso, MT",-12.5425,-55.7211,0.214205,AppEEARS:SPL3SMP_E.006:Soil_Moisture_Retrieval_Data_PM_soil_moisture_pm
2024-03-31,sorriso_mt,"Sorriso, MT",-12.5425,-55.7211,0.17019,AppEEARS:SPL3SMP_E.006:Soil_Moisture_Retrieval_Data_PM_soil_moisture_pm
2024-04-03,sorriso_mt,"Sorriso, MT",-12.5425,-55.7211,0.184521,AppEEARS:SPL3SMP_E.006:Soil_Moisture_Retrieval_Data_PM_soil_moisture_pm
2024-04-06,sorriso_mt,"Sorriso, MT",-12.5425,-55.7211,0.168593,AppEEARS:SPL3SMP_E.006:Soil_Moisture_Retrieval_Data_PM_soil_moisture_pm
2024-04-08,sorriso_mt,"Sorriso, MT",-12.5425,-55.7211,0.191481,AppEEARS:SPL3SMP_E.006:Soil_Moisture_Retrieval_Data_PM_soil_moisture_pm
2024-04-11,sorriso_mt,"Sorriso, MT",-12.5425,-55.7211,0.196993,AppEEARS:SPL3SMP_E.006:Soil_Moisture_Retrieval_Data_PM_soil_moisture_pm
2024-04-14,sorriso_mt,"Sorriso, MT",-12.5425,-55.7211,0.207636,AppEEARS:SPL3SMP_E.006:Soil_Moisture_Retrieval_Data_PM_soil_moisture_pm
2024-04-16,sorriso_mt,"Sorriso, MT",-12.5425,-55.7211,0.199298,AppEEARS:SPL3SMP_E.006:Soil_Moisture_Retrieval_Data_PM_soil_moisture_pm
2024-04-19,sorriso_mt,"Sorriso, MT",-12.5425,-55.7211,0.20934,AppEEARS:SPL3SMP_E.006:Soil_Moisture_Retrieval_Data_PM_soil_moisture_pm
2024-04-24,sorriso_mt,"Sorriso, MT",-12.5425,-55.7211,0.194094,AppEEARS:SPL3SMP_E.006:Soil_Moisture_Retrieval_Data_PM_soil_moisture_pm
2024-04-27,sorriso_mt,"Sorriso, MT",-12.5425,-55.7211,0.190552,AppEEARS:SPL3SMP_E.006:Soil_Moisture_Retrieval_Data_PM_soil_moisture_pm
2024-04-30,sorriso_mt,"Sorriso, MT",-12.5425,-55.7211,0.181728,AppEEARS:SPL3SMP_E.006:Soil_Moisture_Retrieval_Data_PM_soil_moisture_pm
2024-05-02,sorriso_mt,"Sorriso, MT",-12.5425,-55.7211,0.157731,AppEEARS:SPL3SMP_E.006:Soil_Moisture_Retrieval_Data_PM_soil_moisture_pm
2024-05-05,sorriso_mt,"Sorriso, MT",-12.5425,-55.7211,0.173419,AppEEARS:SPL3SMP_E.006:Soil_Moisture_Retrieval_Data_PM_soil_moisture_pm
2024-05-08,sorriso_mt,"Sorriso, MT",-12.5425,-55.7211,0.155863,AppEEARS:SPL3SMP_E.006:Soil_Moisture_Retrieval_Data_PM_soil_moisture_pm
2024-05-10,sorriso_mt,"Sorriso, MT",-12.5425,-55.7211,0.144632,AppEEARS:SPL3SMP_E.006:Soil_Moisture_Retrieval_Data_PM_soil_moisture_pm
2024-05-13,sorriso_mt,"Sorriso, MT",-12.5425,-55.7211,0.149539,AppEEARS:SPL3SMP_E.006:Soil_Moisture_Retrieval_Data_PM_soil_moisture_pm
2024-05-16,sorriso_mt,"Sorriso, MT",-12.5425,-55.7211,0.152839,AppEEARS:SPL3SMP_E.006:Soil_Moisture_Retrieval_Data_PM_soil_moisture_pm
2024-05-21,sorriso_mt,"Sorriso, MT",-12.5425,-55.7211,0.15417,AppEEARS:SPL3SMP_E.006:Soil_Moisture_Retrieval_Data_PM_soil_moisture_pm
2024-05-24,sorriso_mt,"Sorriso, MT",-12.5425,-55.7211,0.1693,AppEEARS:SPL3SMP_E.006:Soil_Moisture_Retrieval_Data_PM_soil_moisture_pm
2024-05-26,sorriso_mt,"Sorriso, MT",-12.5425,-55.7211,0.143667,AppEEARS:SPL3SMP_E.006:Soil_Moisture_Retrieval_Data_PM_soil_moisture_pm
2024-05-29,sorriso_mt,"Sorriso, MT",-12.5425,-55.7211,0.162307,AppEEARS:SPL3SMP_E.006:Soil_Moisture_Retrieval_Data_PM_soil_moisture_pm
2024-06-01,sorriso_mt,"Sorriso, MT",-12.5425,-55.7211,0.169269,AppEEARS:SPL3SMP_E.006:Soil_Moisture_Retrieval_Data_PM_soil_moisture_pm
2024-06-03,sorriso_mt,"Sorriso, MT",-12.5425,-55.7211,0.166708,AppEEARS:SPL3SMP_E.006:Soil_Moisture_Retrieval_Data_PM_soil_moisture_pm
2024-06-06,sorriso_mt,"Sorriso, MT",-12.5425,-55.7211,0.175023,AppEEARS:SPL3SMP_E.006:Soil_Moisture_Retrieval_Data_PM_soil_moisture_pm
2024-06-09,sorriso_mt,"Sorriso, MT",-12.5425,-55.7211,0.169679,AppEEARS:SPL3SMP_E.006:Soil_Moisture_Retrieval_Data_PM_soil_moisture_pm
2024-06-11,sorriso_mt,"Sorriso, MT",-12.5425,-55.7211,0.163794,AppEEARS:SPL3SMP_E.006:Soil_Moisture_Retrieval_Data_PM_soil_moisture_pm
2024-06-14,sorriso_mt,"Sorriso, MT",-12.5425,-55.7211,0.17151,AppEEARS:SPL3SMP_E.006:Soil_Moisture_Retrieval_Data_PM_soil_moisture_pm
2024-06-17,sorriso_mt,"Sorriso, MT",-12.5425,-55.7211,0.160359,AppEEARS:SPL3SMP_E.006:Soil_Moisture_Retrieval_Data_PM_soil_moisture_pm
2024-06-19,sorriso_mt,"Sorriso, MT",-12.5425,-55.7211,0.160498,AppEEARS:SPL3SMP_E.006:Soil_Moisture_Retrieval_Data_PM_soil_moisture_pm
2024-06-22,sorriso_mt,"Sorriso, MT",-12.5425,-55.7211,0.149465,AppEEARS:SPL3SMP_E.006:Soil_Moisture_Retrieval_Data_PM_soil_moisture_pm
2024-06-25,sorriso_mt,"Sorriso, MT",-12.5425,-55.7211,0.153275,AppEEARS:SPL3SMP_E.006:Soil_Moisture_Retrieval_Data_PM_soil_moisture_pm
2024-06-27,sorriso_mt,"Sorriso, MT",-12.5425,-55.7211,0.159486,AppEEARS:SPL3SMP_E.006:Soil_Moisture_Retrieval_Data_PM_soil_moisture_pm
2024-07-03,sorriso_mt,"Sorriso, MT",-12.5425,-55.7211,0.157891,AppEEARS:SPL3SMP_E.006:Soil_Moisture_Retrieval_Data_PM_soil_moisture_pm
2024-07-05,sorriso_mt,"Sorriso, MT",-12.5425,-55.7211,0.161246,AppEEARS:SPL3SMP_E.006:Soil_Moisture_Retrieval_Data_PM_soil_moisture_pm
2024-07-08,sorriso_mt,"Sorriso, MT",-12.5425,-55.7211,0.162224,AppEEARS:SPL3SMP_E.006:Soil_Moisture_Retrieval_Data_PM_soil_moisture_pm
2024-07-11,sorriso_mt,"Sorriso, MT",-12.5425,-55.7211,0.160852,AppEEARS:SPL3SMP_E.006:Soil_Moisture_Retrieval_Data_PM_soil_moisture_pm
2024-07-13,sorriso_mt,"Sorriso, MT",-12.5425,-55.7211,0.144989,AppEEARS:SPL3SMP_E.006:Soil_Moisture_Retrieval_Data_PM_soil_moisture_pm
2024-07-16,sorriso_mt,"Sorriso, MT",-12.5425,-55.7211,0.151655,AppEEARS:SPL3SMP_E.006:Soil_Moisture_Retrieval_Data_PM_soil_moisture_pm
2024-07-19,sorriso_mt,"Sorriso, MT",-12.5425,-55.7211,0.159017,AppEEARS:SPL3SMP_E.006:Soil_Moisture_Retrieval_Data_PM_soil_moisture_pm
2024-07-21,sorriso_mt,"Sorriso, MT",-12.5425,-55.7211,0.158331,AppEEARS:SPL3SMP_E.006:Soil_Moisture_Retrieval_Data_PM_soil_moisture_pm
2024-07-24,sorriso_mt,"Sorriso, MT",-12.5425,-55.7211,0.157665,AppEEARS:SPL3SMP_E.006:Soil_Moisture_Retrieval_Data_PM_soil_moisture_pm
2024-07-27,sorriso_mt,"Sorriso, MT",-12.5425,-55.7211,0.161922,AppEEARS:SPL3SMP_E.006:Soil_Moisture_Retrieval_Data_PM_soil_moisture_pm
2024-07-29,sorriso_mt,"Sorriso, MT",-12.5425,-55.7211,0.152158,AppEEARS:SPL3SMP_E.006:Soil_Moisture_Retrieval_Data_PM_soil_moisture_pm
2024-08-01,sorriso_mt,"Sorriso, MT",-12.5425,-55.7211,0.153694,AppEEARS:SPL3SMP_E.006:Soil_Moisture_Retrieval_Data_PM_soil_moisture_pm
2024-08-04,sorriso_mt,"Sorriso, MT",-12.5425,-55.7211,0.148073,AppEEARS:SPL3SMP_E.006:Soil_Moisture_Retrieval_Data_PM_soil_moisture_pm
2024-08-06,sorriso_mt,"Sorriso, MT",-12.5425,-55.7211,0.141953,AppEEARS:SPL3SMP_E.006:Soil_Moisture_Retrieval_Data_PM_soil_moisture_pm
2024-08-09,sorriso_mt,"Sorriso, MT",-12.5425,-55.7211,0.149327,AppEEARS:SPL3SMP_E.006:Soil_Moisture_Retrieval_Data_PM_soil_moisture_pm
2024-08-12,sorriso_mt,"Sorriso, MT",-12.5425,-55.7211,0.131474,AppEEARS:SPL3SMP_E.006:Soil_Moisture_Retrieval_Data_PM_soil_moisture_pm
2024-08-14,sorriso_mt,"Sorriso, MT",-12.5425,-55.7211,0.149685,AppEEARS:SPL3SMP_E.006:Soil_Moisture_Retrieval_Data_PM_soil_moisture_pm
2024-08-17,sorriso_mt,"Sorriso, MT",-12.5425,-55.7211,0.164962,AppEEARS:SPL3SMP_E.006:Soil_Moisture_Retrieval_Data_PM_soil_moisture_pm
2024-08-20,sorriso_mt,"Sorriso, MT",-12.5425,-55.7211,0.161404,AppEEARS:SPL3SMP_E.006:Soil_Moisture_Retrieval_Data_PM_soil_moisture_pm
2024-08-22,sorriso_mt,"Sorriso, MT",-12.5425,-55.7211,0.158292,AppEEARS:SPL3SMP_E.006:Soil_Moisture_Retrieval_Data_PM_soil_moisture_pm
2024-08-28,sorriso_mt,"Sorriso, MT",-12.5425,-55.7211,0.150976,AppEEARS:SPL3SMP_E.006:Soil_Moisture_Retrieval_Data_PM_soil_moisture_pm
2024-08-30,sorriso_mt,"Sorriso, MT",-12.5425,-55.7211,0.149506,AppEEARS:SPL3SMP_E.006:Soil_Moisture_Retrieval_Data_PM_soil_moisture_pm
2024-09-02,sorriso_mt,"Sorriso, MT",-12.5425,-55.7211,0.153096,AppEEARS:SPL3SMP_E.006:Soil_Moisture_Retrieval_Data_PM_soil_moisture_pm
2024-09-05,sorriso_mt,"Sorriso, MT",-12.5425,-55.7211,0.157173,AppEEARS:SPL3SMP_E.006:Soil_Moisture_Retrieval_Data_PM_soil_moisture_pm
2024-09-07,sorriso_mt,"Sorriso, MT",-12.5425,-55.7211,0.128342,AppEEARS:SPL3SMP_E.006:Soil_Moisture_Retrieval_Data_PM_soil_moisture_pm
2024-09-10,sorriso_mt,"Sorriso, MT",-12.5425,-55.7211,0.141418,AppEEARS:SPL3SMP_E.006:Soil_Moisture_Retrieval_Data_PM_soil_moisture_pm
2024-09-13,sorriso_mt,"Sorriso, MT",-12.5425,-55.7211,0.143216,AppEEARS:SPL3SMP_E.006:Soil_Moisture_Retrieval_Data_PM_soil_moisture_pm
2024-09-15,sorriso_mt,"Sorriso, MT",-12.5425,-55.7211,0.145003,AppEEARS:SPL3SMP_E.006:Soil_Moisture_Retrieval_Data_PM_soil_moisture_pm
2024-09-21,sorriso_mt,"Sorriso, MT",-12.5425,-55.7211,0.141386,AppEEARS:SPL3SMP_E.006:Soil_Moisture_Retrieval_Data_PM_soil_moisture_pm
2024-09-26,sorriso_mt,"Sorriso, MT",-12.5425,-55.7211,0.177327,AppEEARS:SPL3SMP_E.006:Soil_Moisture_Retrieval_Data_PM_soil_moisture_pm
2024-09-29,sorriso_mt,"Sorriso, MT",-12.5425,-55.7211,0.182514,AppEEARS:SPL3SMP_E.006:Soil_Moisture_Retrieval_Data_PM_soil_moisture_pm
2024-10-01,sorriso_mt,"Sorriso, MT",-12.5425,-55.7211,0.245983,AppEEARS:SPL3SMP_E.006:Soil_Moisture_Retrieval_Data_PM_soil_moisture_pm
2024-10-04,sorriso_mt,"Sorriso, MT",-12.5425,-55.7211,0.215299,AppEEARS:SPL3SMP_E.006:Soil_Moisture_Retrieval_Data_PM_soil_moisture_pm
2024-10-07,sorriso_mt,"Sorriso, MT",-12.5425,-55.7211,0.253055,AppEEARS:SPL3SMP_E.006:Soil_Moisture_Retrieval_Data_PM_soil_moisture_pm
2024-10-09,sorriso_mt,"Sorriso, MT",-12.5425,-55.7211,0.228403,AppEEARS:SPL3SMP_E.006:Soil_Moisture_Retrieval_Data_PM_soil_moisture_pm
2024-10-12,sorriso_mt,"Sorriso, MT",-12.5425,-55.7211,0.234461,AppEEARS:SPL3SMP_E.006:Soil_Moisture_Retrieval_Data_PM_soil_moisture_pm
2024-10-15,sorriso_mt,"Sorriso, MT",-12.5425,-55.7211,0.273372,AppEEARS:SPL3SMP_E.006:Soil_Moisture_Retrieval_Data_PM_soil_moisture_pm
2024-10-17,sorriso_mt,"Sorriso, MT",-12.5425,-55.7211,0.257212,AppEEARS:SPL3SMP_E.006:Soil_Moisture_Retrieval_Data_PM_soil_moisture_pm
2024-10-20,sorriso_mt,"Sorriso, MT",-12.5425,-55.7211,0.28494,AppEEARS:SPL3SMP_E.006:Soil_Moisture_Retrieval_Data_PM_soil_moisture_pm
2024-10-23,sorriso_mt,"Sorriso, MT",-12.5425,-55.7211,0.276434,AppEEARS:SPL3SMP_E.006:Soil_Moisture_Retrieval_Data_PM_soil_moisture_pm
2024-10-25,sorriso_mt,"Sorriso, MT",-12.5425,-55.7211,0.277025,AppEEARS:SPL3SMP_E.006:Soil_Moisture_Retrieval_Data_PM_soil_moisture_pm
2024-10-28,sorriso_mt,"Sorriso, MT",-12.5425,-55.7211,0.263932,AppEEARS:SPL3SMP_E.006:Soil_Moisture_Retrieval_Data_PM_soil_moisture_pm
2024-10-31,sorriso_mt,"Sorriso, MT",-12.5425,-55.7211,0.302133,AppEEARS:SPL3SMP_E.006:Soil_Moisture_Retrieval_Data_PM_soil_moisture_pm
2024-11-02,sorriso_mt,"Sorriso, MT",-12.5425,-55.7211,0.303693,AppEEARS:SPL3SMP_E.006:Soil_Moisture_Retrieval_Data_PM_soil_moisture_pm
2024-11-05,sorriso_mt,"Sorriso, MT",-12.5425,-55.7211,0.282761,AppEEARS:SPL3SMP_E.006:Soil_Moisture_Retrieval_Data_PM_soil_moisture_pm
2024-11-08,sorriso_mt,"Sorriso, MT",-12.5425,-55.7211,0.252816,AppEEARS:SPL3SMP_E.006:Soil_Moisture_Retrieval_Data_PM_soil_moisture_pm
2024-11-10,sorriso_mt,"Sorriso, MT",-12.5425,-55.7211,0.280881,AppEEARS:SPL3SMP_E.006:Soil_Moisture_Retrieval_Data_PM_soil_moisture_pm
2024-11-13,sorriso_mt,"Sorriso, MT",-12.5425,-55.7211,0.279525,AppEEARS:SPL3SMP_E.006:Soil_Moisture_Retrieval_Data_PM_soil_moisture_pm
2024-11-16,sorriso_mt,"Sorriso, MT",-12.5425,-55.7211,0.290211,AppEEARS:SPL3SMP_E.006:Soil_Moisture_Retrieval_Data_PM_soil_moisture_pm
2024-11-18,sorriso_mt,"Sorriso, MT",-12.5425,-55.7211,0.220049,AppEEARS:SPL3SMP_E.006:Soil_Moisture_Retrieval_Data_PM_soil_moisture_pm
2024-11-24,sorriso_mt,"Sorriso, MT",-12.5425,-55.7211,0.235012,AppEEARS:SPL3SMP_E.006:Soil_Moisture_Retrieval_Data_PM_soil_moisture_pm
2024-11-26,sorriso_mt,"Sorriso, MT",-12.5425,-55.7211,0.241163,AppEEARS:SPL3SMP_E.006:Soil_Moisture_Retrieval_Data_PM_soil_moisture_pm
2024-11-29,sorriso_mt,"Sorriso, MT",-12.5425,-55.7211,0.279981,AppEEARS:SPL3SMP_E.006:Soil_Moisture_Retrieval_Data_PM_soil_moisture_pm
2024-12-02,sorriso_mt,"Sorriso, MT",-12.5425,-55.7211,0.255543,AppEEARS:SPL3SMP_E.006:Soil_Moisture_Retrieval_Data_PM_soil_moisture_pm
2024-12-04,sorriso_mt,"Sorriso, MT",-12.5425,-55.7211,0.22007,AppEEARS:SPL3SMP_E.006:Soil_Moisture_Retrieval_Data_PM_soil_moisture_pm
2024-12-07,sorriso_mt,"Sorriso, MT",-12.5425,-55.7211,0.220457,AppEEARS:SPL3SMP_E.006:Soil_Moisture_Retrieval_Data_PM_soil_moisture_pm
2024-12-10,sorriso_mt,"Sorriso, MT",-12.5425,-55.7211,0.23873,AppEEARS:SPL3SMP_E.006:Soil_Moisture_Retrieval_Data_PM_soil_moisture_pm
2024-12-12,sorriso_mt,"Sorriso, MT",-12.5425,-55.7211,0.187696,AppEEARS:SPL3SMP_E.006:Soil_Moisture_Retrieval_Data_PM_soil_moisture_pm
2024-12-15,sorriso_mt,"Sorriso, MT",-12.5425,-55.7211,0.222151,AppEEARS:SPL3SMP_E.006:Soil_Moisture_Retrieval_Data_PM_soil_moisture_pm
2024-12-18,sorriso_mt,"Sorriso, MT",-12.5425,-55.7211,0.179641,AppEEARS:SPL3SMP_E.006:Soil_Moisture_Retrieval_Data_PM_soil_moisture_pm
2024-12-20,sorriso_mt,"Sorriso, MT",-12.5425,-55.7211,0.178126,AppEEARS:SPL3SMP_E.006:Soil_Moisture_Retrieval_Data_PM_soil_moisture_pm
2024-12-23,sorriso_mt,"Sorriso, MT",-12.5425,-55.7211,0.213359,AppEEARS:SPL3SMP_E.006:Soil_Moisture_Retrieval_Data_PM_soil_moisture_pm
2024-12-26,sorriso_mt,"Sorriso, MT",-12.5425,-55.7211,0.251386,AppEEARS:SPL3SMP_E.006:Soil_Moisture_Retrieval_Data_PM_soil_moisture_pm
2024-12-28,sorriso_mt,"Sorriso, MT",-12.5425,-55.7211,0.235219,AppEEARS:SPL3SMP_E.006:Soil_Moisture_Retrieval_Data_PM_soil_moisture_pm
2024-12-31,sorriso_mt,"Sorriso, MT",-12.5425,-55.7211,0.228702,AppEEARS:SPL3SMP_E.006:Soil_Moisture_Retrieval_Data_PM_soil_moisture_pm
2025-01-03,sorriso_mt,"Sorriso, MT",-12.5425,-55.7211,0.242201,AppEEARS:SPL3SMP_E.006:Soil_Moisture_Retrieval_Data_PM_soil_moisture_pm
2025-01-05,sorriso_mt,"Sorriso, MT",-12.5425,-55.7211,0.282245,AppEEARS:SPL3SMP_E.006:Soil_Moisture_Retrieval_Data_PM_soil_moisture_pm
2025-01-08,sorriso_mt,"Sorriso, MT",-12.5425,-55.7211,0.26734,AppEEARS:SPL3SMP_E.006:Soil_Moisture_Retrieval_Data_PM_soil_moisture_pm
2025-01-11,sorriso_mt,"Sorriso, MT",-12.5425,-55.7211,0.302299,AppEEARS:SPL3SMP_E.006:Soil_Moisture_Retrieval_Data_PM_soil_moisture_pm
2025-01-16,sorriso_mt,"Sorriso, MT",-12.5425,-55.7211,0.269353,AppEEARS:SPL3SMP_E.006:Soil_Moisture_Retrieval_Data_PM_soil_moisture_pm
2025-01-19,sorriso_mt,"Sorriso, MT",-12.5425,-55.7211,0.263757,AppEEARS:SPL3SMP_E.006:Soil_Moisture_Retrieval_Data_PM_soil_moisture_pm
2025-01-21,sorriso_mt,"Sorriso, MT",-12.5425,-55.7211,0.276545,AppEEARS:SPL3SMP_E.006:Soil_Moisture_Retrieval_Data_PM_soil_moisture_pm
2025-01-24,sorriso_mt,"Sorriso, MT",-12.5425,-55.7211,0.272127,AppEEARS:SPL3SMP_E.006:Soil_Moisture_Retrieval_Data_PM_soil_moisture_pm
2025-01-27,sorriso_mt,"Sorriso, MT",-12.5425,-55.7211,0.295748,AppEEARS:SPL3SMP_E.006:Soil_Moisture_Retrieval_Data_PM_soil_moisture_pm
2025-01-29,sorriso_mt,"Sorriso, MT",-12.5425,-55.7211,0.258142,AppEEARS:SPL3SMP_E.006:Soil_Moisture_Retrieval_Data_PM_soil_moisture_pm
2025-02-01,sorriso_mt,"Sorriso, MT",-12.5425,-55.7211,0.300829,AppEEARS:SPL3SMP_E.006:Soil_Moisture_Retrieval_Data_PM_soil_moisture_pm
2025-02-04,sorriso_mt,"Sorriso, MT",-12.5425,-55.7211,0.278324,AppEEARS:SPL3SMP_E.006:Soil_Moisture_Retrieval_Data_PM_soil_moisture_pm
2025-02-06,sorriso_mt,"Sorriso, MT",-12.5425,-55.7211,0.308393,AppEEARS:SPL3SMP_E.006:Soil_Moisture_Retrieval_Data_PM_soil_moisture_pm
2025-02-09,sorriso_mt,"Sorriso, MT",-12.5425,-55.7211,0.281716,AppEEARS:SPL3SMP_E.006:Soil_Moisture_Retrieval_Data_PM_soil_moisture_pm
2025-02-12,sorriso_mt,"Sorriso, MT",-12.5425,-55.7211,0.265556,AppEEARS:SPL3SMP_E.006:Soil_Moisture_Retrieval_Data_PM_soil_moisture_pm
2025-02-14,sorriso_mt,"Sorriso, MT",-12.5425,-55.7211,0.286748,AppEEARS:SPL3SMP_E.006:Soil_Moisture_Retrieval_Data_PM_soil_moisture_pm
2025-02-17,sorriso_mt,"Sorriso, MT",-12.5425,-55.7211,0.285703,AppEEARS:SPL3SMP_E.006:Soil_Moisture_Retrieval_Data_PM_soil_moisture_pm
2025-02-20,sorriso_mt,"Sorriso, MT",-12.5425,-55.7211,0.286431,AppEEARS:SPL3SMP_E.006:Soil_Moisture_Retrieval_Data_PM_soil_moisture_pm
2025-02-22,sorriso_mt,"Sorriso, MT",-12.5425,-55.7211,0.243284,AppEEARS:SPL3SMP_E.006:Soil_Moisture_Retrieval_Data_PM_soil_moisture_pm
2025-02-25,sorriso_mt,"Sorriso, MT",-12.5425,-55.7211,0.302641,AppEEARS:SPL3SMP_E.006:Soil_Moisture_Retrieval_Data_PM_soil_moisture_pm
2025-02-28,sorriso_mt,"Sorriso, MT",-12.5425,-55.7211,0.245842,AppEEARS:SPL3SMP_E.006:Soil_Moisture_Retrieval_Data_PM_soil_moisture_pm
2025-03-02,sorriso_mt,"Sorriso, MT",-12.5425,-55.7211,0.265776,AppEEARS:SPL3SMP_E.006:Soil_Moisture_Retrieval_Data_PM_soil_moisture_pm
2025-03-08,sorriso_mt,"Sorriso, MT",-12.5425,-55.7211,0.285737,AppEEARS:SPL3SMP_E.006:Soil_Moisture_Retrieval_Data_PM_soil_moisture_pm
2025-03-10,sorriso_mt,"Sorriso, MT",-12.5425,-55.7211,0.232415,AppEEARS:SPL3SMP_E.006:Soil_Moisture_Retrieval_Data_PM_soil_moisture_pm
2025-03-13,sorriso_mt,"Sorriso, MT",-12.5425,-55.7211,0.21127,AppEEARS:SPL3SMP_E.006:Soil_Moisture_Retrieval_Data_PM_soil_moisture_pm
2025-03-16,sorriso_mt,"Sorriso, MT",-12.5425,-55.7211,0.271601,AppEEARS:SPL3SMP_E.006:Soil_Moisture_Retrieval_Data_PM_soil_moisture_pm
2025-03-21,sorriso_mt,"Sorriso, MT",-12.5425,-55.7211,0.200101,AppEEARS:SPL3SMP_E.006:Soil_Moisture_Retrieval_Data_PM_soil_moisture_pm
2025-03-24,sorriso_mt,"Sorriso, MT",-12.5425,-55.7211,0.308259,AppEEARS:SPL3SMP_E.006:Soil_Moisture_Retrieval_Data_PM_soil_moisture_pm
2025-03-26,sorriso_mt,"Sorriso, MT",-12.5425,-55.7211,0.202183,AppEEARS:SPL3SMP_E.006:Soil_Moisture_Retrieval_Data_PM_soil_moisture_pm
2025-03-29,sorriso_mt,"Sorriso, MT",-12.5425,-55.7211,0.237476,AppEEARS:SPL3SMP_E.006:Soil_Moisture_Retrieval_Data_PM_soil_moisture_pm
2025-04-01,sorriso_mt,"Sorriso, MT",-12.5425,-55.7211,0.228251,AppEEARS:SPL3SMP_E.006:Soil_Moisture_Retrieval_Data_PM_soil_moisture_pm
2025-04-03,sorriso_mt,"Sorriso, MT",-12.5425,-55.7211,0.195549,AppEEARS:SPL3SMP_E.006:Soil_Moisture_Retrieval_Data_PM_soil_moisture_pm
2025-04-06,sorriso_mt,"Sorriso, MT",-12.5425,-55.7211,0.234763,AppEEARS:SPL3SMP_E.006:Soil_Moisture_Retrieval_Data_PM_soil_moisture_pm
2025-04-09,sorriso_mt,"Sorriso, MT",-12.5425,-55.7211,0.235073,AppEEARS:SPL3SMP_E.006:Soil_Moisture_Retrieval_Data_PM_soil_moisture_pm
2025-04-11,sorriso_mt,"Sorriso, MT",-12.5425,-55.7211,0.194358,AppEEARS:SPL3SMP_E.006:Soil_Moisture_Retrieval_Data_PM_soil_moisture_pm
2025-04-14,sorriso_mt,"Sorriso, MT",-12.5425,-55.7211,0.189308,AppEEARS:SPL3SMP_E.006:Soil_Moisture_Retrieval_Data_PM_soil_moisture_pm
2025-04-17,sorriso_mt,"Sorriso, MT",-12.5425,-55.7211,0.179416,AppEEARS:SPL3SMP_E.006:Soil_Moisture_Retrieval_Data_PM_soil_moisture_pm
2025-04-19,sorriso_mt,"Sorriso, MT",-12.5425,-55.7211,0.209724,AppEEARS:SPL3SMP_E.006:Soil_Moisture_Retrieval_Data_PM_soil_moisture_pm
2025-04-22,sorriso_mt,"Sorriso, MT",-12.5425,-55.7211,0.209537,AppEEARS:SPL3SMP_E.006:Soil_Moisture_Retrieval_Data_PM_soil_moisture_pm
2025-04-25,sorriso_mt,"Sorriso, MT",-12.5425,-55.7211,0.217795,AppEEARS:SPL3SMP_E.006:Soil_Moisture_Retrieval_Data_PM_soil_moisture_pm
2025-04-27,sorriso_mt,"Sorriso, MT",-12.5425,-55.7211,0.233659,AppEEARS:SPL3SMP_E.006:Soil_Moisture_Retrieval_Data_PM_soil_moisture_pm
2025-04-30,sorriso_mt,"Sorriso, MT",-12.5425,-55.7211,0.198541,AppEEARS:SPL3SMP_E.006:Soil_Moisture_Retrieval_Data_PM_soil_moisture_pm
2025-05-03,sorriso_mt,"Sorriso, MT",-12.5425,-55.7211,0.173465,AppEEARS:SPL3SMP_E.006:Soil_Moisture_Retrieval_Data_PM_soil_moisture_pm
2025-05-05,sorriso_mt,"Sorriso, MT",-12.5425,-55.7211,0.175517,AppEEARS:SPL3SMP_E.006:Soil_Moisture_Retrieval_Data_PM_soil_moisture_pm
2025-05-08,sorriso_mt,"Sorriso, MT",-12.5425,-55.7211,0.153007,AppEEARS:SPL3SMP_E.006:Soil_Moisture_Retrieval_Data_PM_soil_moisture_pm
2025-05-13,sorriso_mt,"Sorriso, MT",-12.5425,-55.7211,0.16108,AppEEARS:SPL3SMP_E.006:Soil_Moisture_Retrieval_Data_PM_soil_moisture_pm
2025-05-16,sorriso_mt,"Sorriso, MT",-12.5425,-55.7211,0.157522,AppEEARS:SPL3SMP_E.006:Soil_Moisture_Retrieval_Data_PM_soil_moisture_pm
2025-05-19,sorriso_mt,"Sorriso, MT",-12.5425,-55.7211,0.151236,AppEEARS:SPL3SMP_E.006:Soil_Moisture_Retrieval_Data_PM_soil_moisture_pm
2025-05-21,sorriso_mt,"Sorriso, MT",-12.5425,-55.7211,0.15468,AppEEARS:SPL3SMP_E.006:Soil_Moisture_Retrieval_Data_PM_soil_moisture_pm
2025-05-24,sorriso_mt,"Sorriso, MT",-12.5425,-55.7211,0.148933,AppEEARS:SPL3SMP_E.006:Soil_Moisture_Retrieval_Data_PM_soil_moisture_pm
2025-05-27,sorriso_mt,"Sorriso, MT",-12.5425,-55.7211,0.150559,AppEEARS:SPL3SMP_E.006:Soil_Moisture_Retrieval_Data_PM_soil_moisture_pm
2025-05-29,sorriso_mt,"Sorriso, MT",-12.5425,-55.7211,0.218768,AppEEARS:SPL3SMP_E.006:Soil_Moisture_Retrieval_Data_PM_soil_moisture_pm
2025-06-01,sorriso_mt,"Sorriso, MT",-12.5425,-55.7211,0.162854,AppEEARS:SPL3SMP_E.006:Soil_Moisture_Retrieval_Data_PM_soil_moisture_pm
2025-06-04,sorriso_mt,"Sorriso, MT",-12.5425,-55.7211,0.167402,AppEEARS:SPL3SMP_E.006:Soil_Moisture_Retrieval_Data_PM_soil_moisture_pm
2025-06-06,sorriso_mt,"Sorriso, MT",-12.5425,-55.7211,0.157976,AppEEARS:SPL3SMP_E.006:Soil_Moisture_Retrieval_Data_PM_soil_moisture_pm
2025-06-09,sorriso_mt,"Sorriso, MT",-12.5425,-55.7211,0.166446,AppEEARS:SPL3SMP_E.006:Soil_Moisture_Retrieval_Data_PM_soil_moisture_pm
2025-06-14,sorriso_mt,"Sorriso, MT",-12.5425,-55.7211,0.159757,AppEEARS:SPL3SMP_E.006:Soil_Moisture_Retrieval_Data_PM_soil_moisture_pm
2025-06-17,sorriso_mt,"Sorriso, MT",-12.5425,-55.7211,0.160405,AppEEARS:SPL3SMP_E.006:Soil_Moisture_Retrieval_Data_PM_soil_moisture_pm
2025-06-20,sorriso_mt,"Sorriso, MT",-12.5425,-55.7211,0.18212,AppEEARS:SPL3SMP_E.006:Soil_Moisture_Retrieval_Data_PM_soil_moisture_pm
2025-06-22,sorriso_mt,"Sorriso, MT",-12.5425,-55.7211,0.158333,AppEEARS:SPL3SMP_E.006:Soil_Moisture_Retrieval_Data_PM_soil_moisture_pm
2025-06-25,sorriso_mt,"Sorriso, MT",-12.5425,-55.7211,0.206664,AppEEARS:SPL3SMP_E.006:Soil_Moisture_Retrieval_Data_PM_soil_moisture_pm
2025-06-28,sorriso_mt,"Sorriso, MT",-12.5425,-55.7211,0.188735,AppEEARS:SPL3SMP_E.006:Soil_Moisture_Retrieval_Data_PM_soil_moisture_pm
2025-06-30,sorriso_mt,"Sorriso, MT",-12.5425,-55.7211,0.203078,AppEEARS:SPL3SMP_E.006:Soil_Moisture_Retrieval_Data_PM_soil_moisture_pm
2025-07-03,sorriso_mt,"Sorriso, MT",-12.5425,-55.7211,0.179056,AppEEARS:SPL3SMP_E.006:Soil_Moisture_Retrieval_Data_PM_soil_moisture_pm
2025-07-06,sorriso_mt,"Sorriso, MT",-12.5425,-55.7211,0.196383,AppEEARS:SPL3SMP_E.006:Soil_Moisture_Retrieval_Data_PM_soil_moisture_pm
2025-07-08,sorriso_mt,"Sorriso, MT",-12.5425,-55.7211,0.167417,AppEEARS:SPL3SMP_E.006:Soil_Moisture_Retrieval_Data_PM_soil_moisture_pm
2025-07-11,sorriso_mt,"Sorriso, MT",-12.5425,-55.7211,0.178941,AppEEARS:SPL3SMP_E.006:Soil_Moisture_Retrieval_Data_PM_soil_moisture_pm
2025-07-14,sorriso_mt,"Sorriso, MT",-12.5425,-55.7211,0.177958,AppEEARS:SPL3SMP_E.006:Soil_Moisture_Retrieval_Data_PM_soil_moisture_pm
2025-07-16,sorriso_mt,"Sorriso, MT",-12.5425,-55.7211,0.168623,AppEEARS:SPL3SMP_E.006:Soil_Moisture_Retrieval_Data_PM_soil_moisture_pm
2025-07-19,sorriso_mt,"Sorriso, MT",-12.5425,-55.7211,0.159523,AppEEARS:SPL3SMP_E.006:Soil_Moisture_Retrieval_Data_PM_soil_moisture_pm
2025-07-22,sorriso_mt,"Sorriso, MT",-12.5425,-55.7211,0.176808,AppEEARS:SPL3SMP_E.006:Soil_Moisture_Retrieval_Data_PM_soil_moisture_pm
2025-07-24,sorriso_mt,"Sorriso, MT",-12.5425,-55.7211,0.161479,AppEEARS:SPL3SMP_E.006:Soil_Moisture_Retrieval_Data_PM_soil_moisture_pm
2025-07-27,sorriso_mt,"Sorriso, MT",-12.5425,-55.7211,0.169948,AppEEARS:SPL3SMP_E.006:Soil_Moisture_Retrieval_Data_PM_soil_moisture_pm
2025-07-30,sorriso_mt,"Sorriso, MT",-12.5425,-55.7211,0.149373,AppEEARS:SPL3SMP_E.006:Soil_Moisture_Retrieval_Data_PM_soil_moisture_pm
2025-08-01,sorriso_mt,"Sorriso, MT",-12.5425,-55.7211,0.142422,AppEEARS:SPL3SMP_E.006:Soil_Moisture_Retrieval_Data_PM_soil_moisture_pm
2025-08-04,sorriso_mt,"Sorriso, MT",-12.5425,-55.7211,0.151362,AppEEARS:SPL3SMP_E.006:Soil_Moisture_Retrieval_Data_PM_soil_moisture_pm
2025-08-07,sorriso_mt,"Sorriso, MT",-12.5425,-55.7211,0.155454,AppEEARS:SPL3SMP_E.006:Soil_Moisture_Retrieval_Data_PM_soil_moisture_pm
2025-08-09,sorriso_mt,"Sorriso, MT",-12.5425,-55.7211,0.133621,AppEEARS:SPL3SMP_E.006:Soil_Moisture_Retrieval_Data_PM_soil_moisture_pm
2025-08-12,sorriso_mt,"Sorriso, MT",-12.5425,-55.7211,0.152027,AppEEARS:SPL3SMP_E.006:Soil_Moisture_Retrieval_Data_PM_soil_moisture_pm
2025-08-15,sorriso_mt,"Sorriso, MT",-12.5425,-55.7211,0.144097,AppEEARS:SPL3SMP_E.006:Soil_Moisture_Retrieval_Data_PM_soil_moisture_pm
2025-08-17,sorriso_mt,"Sorriso, MT",-12.5425,-55.7211,0.146884,AppEEARS:SPL3SMP_E.006:Soil_Moisture_Retrieval_Data_PM_soil_moisture_pm
2025-08-20,sorriso_mt,"Sorriso, MT",-12.5425,-55.7211,0.144962,AppEEARS:SPL3SMP_E.006:Soil_Moisture_Retrieval_Data_PM_soil_moisture_pm
2025-08-23,sorriso_mt,"Sorriso, MT",-12.5425,-55.7211,0.138978,AppEEARS:SPL3SMP_E.006:Soil_Moisture_Retrieval_Data_PM_soil_moisture_pm
2025-08-25,sorriso_mt,"Sorriso, MT",-12.5425,-55.7211,0.138021,AppEEARS:SPL3SMP_E.006:Soil_Moisture_Retrieval_Data_PM_soil_moisture_pm
2025-08-28,sorriso_mt,"Sorriso, MT",-12.5425,-55.7211,0.142174,AppEEARS:SPL3SMP_E.006:Soil_Moisture_Retrieval_Data_PM_soil_moisture_pm
2025-08-31,sorriso_mt,"Sorriso, MT",-12.5425,-55.7211,0.14819,AppEEARS:SPL3SMP_E.006:Soil_Moisture_Retrieval_Data_PM_soil_moisture_pm
2025-09-02,sorriso_mt,"Sorriso, MT",-12.5425,-55.7211,0.144672,AppEEARS:SPL3SMP_E.006:Soil_Moisture_Retrieval_Data_PM_soil_moisture_pm
2025-09-05,sorriso_mt,"Sorriso, MT",-12.5425,-55.7211,0.144511,AppEEARS:SPL3SMP_E.006:Soil_Moisture_Retrieval_Data_PM_soil_moisture_pm
2025-09-08,sorriso_mt,"Sorriso, MT",-12.5425,-55.7211,0.156998,AppEEARS:SPL3SMP_E.006:Soil_Moisture_Retrieval_Data_PM_soil_moisture_pm
2025-09-10,sorriso_mt,"Sorriso, MT",-12.5425,-55.7211,0.15232,AppEEARS:SPL3SMP_E.006:Soil_Moisture_Retrieval_Data_PM_soil_moisture_pm
2025-09-13,sorriso_mt,"Sorriso, MT",-12.5425,-55.7211,0.155938,AppEEARS:SPL3SMP_E.006:Soil_Moisture_Retrieval_Data_PM_soil_moisture_pm
2025-09-16,sorriso_mt,"Sorriso, MT",-12.5425,-55.7211,0.266719,AppEEARS:SPL3SMP_E.006:Soil_Moisture_Retrieval_Data_PM_soil_moisture_pm
2025-09-18,sorriso_mt,"Sorriso, MT",-12.5425,-55.7211,0.268971,AppEEARS:SPL3SMP_E.006:Soil_Moisture_Retrieval_Data_PM_soil_moisture_pm
2025-09-21,sorriso_mt,"Sorriso, MT",-12.5425,-55.7211,0.234305,AppEEARS:SPL3SMP_E.006:Soil_Moisture_Retrieval_Data_PM_soil_moisture_pm
2025-09-24,sorriso_mt,"Sorriso, MT",-12.5425,-55.7211,0.219238,AppEEARS:SPL3SMP_E.006:Soil_Moisture_Retrieval_Data_PM_soil_moisture_pm
2025-09-26,sorriso_mt,"Sorriso, MT",-12.5425,-55.7211,0.303878,AppEEARS:SPL3SMP_E.006:Soil_Moisture_Retrieval_Data_PM_soil_moisture_pm
2025-09-29,sorriso_mt,"Sorriso, MT",-12.5425,-55.7211,0.242101,AppEEARS:SPL3SMP_E.006:Soil_Moisture_Retrieval_Data_PM_soil_moisture_pm
2025-10-02,sorriso_mt,"Sorriso, MT",-12.5425,-55.7211,0.217762,AppEEARS:SPL3SMP_E.006:Soil_Moisture_Retrieval_Data_PM_soil_moisture_pm
2025-10-07,sorriso_mt,"Sorriso, MT",-12.5425,-55.7211,0.212247,AppEEARS:SPL3SMP_E.006:Soil_Moisture_Retrieval_Data_PM_soil_moisture_pm
2025-10-10,sorriso_mt,"Sorriso, MT",-12.5425,-55.7211,0.246533,AppEEARS:SPL3SMP_E.006:Soil_Moisture_Retrieval_Data_PM_soil_moisture_pm
2025-10-12,sorriso_mt,"Sorriso, MT",-12.5425,-55.7211,0.203218,AppEEARS:SPL3SMP_E.006:Soil_Moisture_Retrieval_Data_PM_soil_moisture_pm
2025-10-15,sorriso_mt,"Sorriso, MT",-12.5425,-55.7211,0.250046,AppEEARS:SPL3SMP_E.006:Soil_Moisture_Retrieval_Data_PM_soil_moisture_pm
2025-10-18,sorriso_mt,"Sorriso, MT",-12.5425,-55.7211,0.229854,AppEEARS:SPL3SMP_E.006:Soil_Moisture_Retrieval_Data_PM_soil_moisture_pm
2025-10-20,sorriso_mt,"Sorriso, MT",-12.5425,-55.7211,0.247467,AppEEARS:SPL3SMP_E.006:Soil_Moisture_Retrieval_Data_PM_soil_moisture_pm
2025-10-23,sorriso_mt,"Sorriso, MT",-12.5425,-55.7211,0.20829,AppEEARS:SPL3SMP_E.006:Soil_Moisture_Retrieval_Data_PM_soil_moisture_pm
2025-10-26,sorriso_mt,"Sorriso, MT",-12.5425,-55.7211,0.218112,AppEEARS:SPL3SMP_E.006:Soil_Moisture_Retrieval_Data_PM_soil_moisture_pm
2025-10-28,sorriso_mt,"Sorriso, MT",-12.5425,-55.7211,0.216105,AppEEARS:SPL3SMP_E.006:Soil_Moisture_Retrieval_Data_PM_soil_moisture_pm
2025-10-31,sorriso_mt,"Sorriso, MT",-12.5425,-55.7211,0.185245,AppEEARS:SPL3SMP_E.006:Soil_Moisture_Retrieval_Data_PM_soil_moisture_pm
2025-11-03,sorriso_mt,"Sorriso, MT",-12.5425,-55.7211,0.328054,AppEEARS:SPL3SMP_E.006:Soil_Moisture_Retrieval_Data_PM_soil_moisture_pm
2025-11-05,sorriso_mt,"Sorriso, MT",-12.5425,-55.7211,0.201545,AppEEARS:SPL3SMP_E.006:Soil_Moisture_Retrieval_Data_PM_soil_moisture_pm
2025-11-08,sorriso_mt,"Sorriso, MT",-12.5425,-55.7211,0.264935,AppEEARS:SPL3SMP_E.006:Soil_Moisture_Retrieval_Data_PM_soil_moisture_pm
2025-11-11,sorriso_mt,"Sorriso, MT",-12.5425,-55.7211,0.183604,AppEEARS:SPL3SMP_E.006:Soil_Moisture_Retrieval_Data_PM_soil_moisture_pm
2025-11-13,sorriso_mt,"Sorriso, MT",-12.5425,-55.7211,0.215272,AppEEARS:SPL3SMP_E.006:Soil_Moisture_Retrieval_Data_PM_soil_moisture_pm
2025-11-16,sorriso_mt,"Sorriso, MT",-12.5425,-55.7211,0.188714,AppEEARS:SPL3SMP_E.006:Soil_Moisture_Retrieval_Data_PM_soil_moisture_pm
2025-11-21,sorriso_mt,"Sorriso, MT",-12.5425,-55.7211,0.191083,AppEEARS:SPL3SMP_E.006:Soil_Moisture_Retrieval_Data_PM_soil_moisture_pm
2025-11-24,sorriso_mt,"Sorriso, MT",-12.5425,-55.7211,0.166611,AppEEARS:SPL3SMP_E.006:Soil_Moisture_Retrieval_Data_PM_soil_moisture_pm
2025-11-27,sorriso_mt,"Sorriso, MT",-12.5425,-55.7211,0.201894,AppEEARS:SPL3SMP_E.006:Soil_Moisture_Retrieval_Data_PM_soil_moisture_pm
2025-11-29,sorriso_mt,"Sorriso, MT",-12.5425,-55.7211,0.216588,AppEEARS:SPL3SMP_E.006:Soil_Moisture_Retrieval_Data_PM_soil_moisture_pm
2025-12-02,sorriso_mt,"Sorriso, MT",-12.5425,-55.7211,0.180335,AppEEARS:SPL3SMP_E.006:Soil_Moisture_Retrieval_Data_PM_soil_moisture_pm
2025-12-05,sorriso_mt,"Sorriso, MT",-12.5425,-55.7211,0.199103,AppEEARS:SPL3SMP_E.006:Soil_Moisture_Retrieval_Data_PM_soil_moisture_pm
2025-12-07,sorriso_mt,"Sorriso, MT",-12.5425,-55.7211,0.246352,AppEEARS:SPL3SMP_E.006:Soil_Moisture_Retrieval_Data_PM_soil_moisture_pm
2025-12-10,sorriso_mt,"Sorriso, MT",-12.5425,-55.7211,0.248668,AppEEARS:SPL3SMP_E.006:Soil_Moisture_Retrieval_Data_PM_soil_moisture_pm
2025-12-13,sorriso_mt,"Sorriso, MT",-12.5425,-55.7211,0.224016,AppEEARS:SPL3SMP_E.006:Soil_Moisture_Retrieval_Data_PM_soil_moisture_pm
2025-12-15,sorriso_mt,"Sorriso, MT",-12.5425,-55.7211,0.220187,AppEEARS:SPL3SMP_E.006:Soil_Moisture_Retrieval_Data_PM_soil_moisture_pm
2025-12-18,sorriso_mt,"Sorriso, MT",-12.5425,-55.7211,0.219826,AppEEARS:SPL3SMP_E.006:Soil_Moisture_Retrieval_Data_PM_soil_moisture_pm
2025-12-21,sorriso_mt,"Sorriso, MT",-12.5425,-55.7211,0.244221,AppEEARS:SPL3SMP_E.006:Soil_Moisture_Retrieval_Data_PM_soil_moisture_pm
2025-12-23,sorriso_mt,"Sorriso, MT",-12.5425,-55.7211,0.255012,AppEEARS:SPL3SMP_E.006:Soil_Moisture_Retrieval_Data_PM_soil_moisture_pm
2025-12-26,sorriso_mt,"Sorriso, MT",-12.5425,-55.7211,0.277957,AppEEARS:SPL3SMP_E.006:Soil_Moisture_Retrieval_Data_PM_soil_moisture_pm
2025-12-29,sorriso_mt,"Sorriso, MT",-12.5425,-55.7211,0.241435,AppEEARS:SPL3SMP_E.006:Soil_Moisture_Retrieval_Data_PM_soil_moisture_pm
2025-12-31,sorriso_mt,"Sorriso, MT",-12.5425,-55.7211,0.208261,AppEEARS:SPL3SMP_E.006:Soil_Moisture_Retrieval_Data_PM_soil_moisture_pm
2026-01-03,sorriso_mt,"Sorriso, MT",-12.5425,-55.7211,0.238878,AppEEARS:SPL3SMP_E.006:Soil_Moisture_Retrieval_Data_PM_soil_moisture_pm
2026-01-06,sorriso_mt,"Sorriso, MT",-12.5425,-55.7211,0.229915,AppEEARS:SPL3SMP_E.006:Soil_Moisture_Retrieval_Data_PM_soil_moisture_pm
2026-01-08,sorriso_mt,"Sorriso, MT",-12.5425,-55.7211,0.242082,AppEEARS:SPL3SMP_E.006:Soil_Moisture_Retrieval_Data_PM_soil_moisture_pm
2026-01-11,sorriso_mt,"Sorriso, MT",-12.5425,-55.7211,0.248135,AppEEARS:SPL3SMP_E.006:Soil_Moisture_Retrieval_Data_PM_soil_moisture_pm
2026-01-14,sorriso_mt,"Sorriso, MT",-12.5425,-55.7211,0.271206,AppEEARS:SPL3SMP_E.006:Soil_Moisture_Retrieval_Data_PM_soil_moisture_pm
2026-01-16,sorriso_mt,"Sorriso, MT",-12.5425,-55.7211,0.226738,AppEEARS:SPL3SMP_E.006:Soil_Moisture_Retrieval_Data_PM_soil_moisture_pm
2026-01-19,sorriso_mt,"Sorriso, MT",-12.5425,-55.7211,0.286571,AppEEARS:SPL3SMP_E.006:Soil_Moisture_Retrieval_Data_PM_soil_moisture_pm
2026-01-22,sorriso_mt,"Sorriso, MT",-12.5425,-55.7211,0.290661,AppEEARS:SPL3SMP_E.006:Soil_Moisture_Retrieval_Data_PM_soil_moisture_pm
2026-01-24,sorriso_mt,"Sorriso, MT",-12.5425,-55.7211,0.301601,AppEEARS:SPL3SMP_E.006:Soil_Moisture_Retrieval_Data_PM_soil_moisture_pm
2026-01-27,sorriso_mt,"Sorriso, MT",-12.5425,-55.7211,0.303624,AppEEARS:SPL3SMP_E.006:Soil_Moisture_Retrieval_Data_PM_soil_moisture_pm
2026-01-30,sorriso_mt,"Sorriso, MT",-12.5425,-55.7211,0.294971,AppEEARS:SPL3SMP_E.006:Soil_Moisture_Retrieval_Data_PM_soil_moisture_pm
2026-02-01,sorriso_mt,"Sorriso, MT",-12.5425,-55.7211,0.300206,AppEEARS:SPL3SMP_E.006:Soil_Moisture_Retrieval_Data_PM_soil_moisture_pm
2026-02-04,sorriso_mt,"Sorriso, MT",-12.5425,-55.7211,0.304385,AppEEARS:SPL3SMP_E.006:Soil_Moisture_Retrieval_Data_PM_soil_moisture_pm
2026-02-07,sorriso_mt,"Sorriso, MT",-12.5425,-55.7211,0.297353,AppEEARS:SPL3SMP_E.006:Soil_Moisture_Retrieval_Data_PM_soil_moisture_pm
2026-02-09,sorriso_mt,"Sorriso, MT",-12.5425,-55.7211,0.305417,AppEEARS:SPL3SMP_E.006:Soil_Moisture_Retrieval_Data_PM_soil_moisture_pm
2026-02-12,sorriso_mt,"Sorriso, MT",-12.5425,-55.7211,0.320966,AppEEARS:SPL3SMP_E.006:Soil_Moisture_Retrieval_Data_PM_soil_moisture_pm
2026-02-15,sorriso_mt,"Sorriso, MT",-12.5425,-55.7211,0.2633,AppEEARS:SPL3SMP_E.006:Soil_Moisture_Retrieval_Data_PM_soil_moisture_pm
2026-02-17,sorriso_mt,"Sorriso, MT",-12.5425,-55.7211,0.239159,AppEEARS:SPL3SMP_E.006:Soil_Moisture_Retrieval_Data_PM_soil_moisture_pm
2026-02-20,sorriso_mt,"Sorriso, MT",-12.5425,-55.7211,0.313855,AppEEARS:SPL3SMP_E.006:Soil_Moisture_Retrieval_Data_PM_soil_moisture_pm
2026-02-23,sorriso_mt,"Sorriso, MT",-12.5425,-55.7211,0.296672,AppEEARS:SPL3SMP_E.006:Soil_Moisture_Retrieval_Data_PM_soil_moisture_pm
2026-02-25,sorriso_mt,"Sorriso, MT",-12.5425,-55.7211,0.237215,AppEEARS:SPL3SMP_E.006:Soil_Moisture_Retrieval_Data_PM_soil_moisture_pm
2026-02-28,sorriso_mt,"Sorriso, MT",-12.5425,-55.7211,0.256136,AppEEARS:SPL3SMP_E.006:Soil_Moisture_Retrieval_Data_PM_soil_moisture_pm
2026-03-03,sorriso_mt,"Sorriso, MT",-12.5425,-55.7211,0.264374,AppEEARS:SPL3SMP_E.006:Soil_Moisture_Retrieval_Data_PM_soil_moisture_pm
2026-03-05,sorriso_mt,"Sorriso, MT",-12.5425,-55.7211,0.22775,AppEEARS:SPL3SMP_E.006:Soil_Moisture_Retrieval_Data_PM_soil_moisture_pm
2026-03-08,sorriso_mt,"Sorriso, MT",-12.5425,-55.7211,0.229222,AppEEARS:SPL3SMP_E.006:Soil_Moisture_Retrieval_Data_PM_soil_moisture_pm
2026-03-11,sorriso_mt,"Sorriso, MT",-12.5425,-55.7211,0.219655,AppEEARS:SPL3SMP_E.006:Soil_Moisture_Retrieval_Data_PM_soil_moisture_pm
2026-03-13,sorriso_mt,"Sorriso, MT",-12.5425,-55.7211,0.182966,AppEEARS:SPL3SMP_E.006:Soil_Moisture_Retrieval_Data_PM_soil_moisture_pm
2026-03-16,sorriso_mt,"Sorriso, MT",-12.5425,-55.7211,0.265675,AppEEARS:SPL3SMP_E.006:Soil_Moisture_Retrieval_Data_PM_soil_moisture_pm
2026-03-19,sorriso_mt,"Sorriso, MT",-12.5425,-55.7211,0.229302,AppEEARS:SPL3SMP_E.006:Soil_Moisture_Retrieval_Data_PM_soil_moisture_pm
2026-03-21,sorriso_mt,"Sorriso, MT",-12.5425,-55.7211,0.223348,AppEEARS:SPL3SMP_E.006:Soil_Moisture_Retrieval_Data_PM_soil_moisture_pm
2026-03-24,sorriso_mt,"Sorriso, MT",-12.5425,-55.7211,0.19258,AppEEARS:SPL3SMP_E.006:Soil_Moisture_Retrieval_Data_PM_soil_moisture_pm
2026-03-27,sorriso_mt,"Sorriso, MT",-12.5425,-55.7211,0.215044,AppEEARS:SPL3SMP_E.006:Soil_Moisture_Retrieval_Data_PM_soil_moisture_pm
2026-03-29,sorriso_mt,"Sorriso, MT",-12.5425,-55.7211,0.196444,AppEEARS:SPL3SMP_E.006:Soil_Moisture_Retrieval_Data_PM_soil_moisture_pm
2026-04-01,sorriso_mt,"Sorriso, MT",-12.5425,-55.7211,0.232281,AppEEARS:SPL3SMP_E.006:Soil_Moisture_Retrieval_Data_PM_soil_moisture_pm
2026-04-04,sorriso_mt,"Sorriso, MT",-12.5425,-55.7211,0.222624,AppEEARS:SPL3SMP_E.006:Soil_Moisture_Retrieval_Data_PM_soil_moisture_pm
2026-04-06,sorriso_mt,"Sorriso, MT",-12.5425,-55.7211,0.219056,AppEEARS:SPL3SMP_E.006:Soil_Moisture_Retrieval_Data_PM_soil_moisture_pm
